source_file,segment_id,category,matched_text,start,end,context,isolated_normalized
danhgia_tts.txt,danhgia_tts-001,currency_per_unit,USD/gallon,1279,1289,"giá diesel trung bình tại Mỹ đạt khoảng 6,23 USD/gallon, và có ảnh hưởng đến chi phí nhiên liệu và l",<en>u s d</en> trên <en>gallon</en>.
danhgia_tts.txt,danhgia_tts-001,currency,"6,23 USD",1274,1282," với giá diesel trung bình tại Mỹ đạt khoảng 6,23 USD/gallon, và có ảnh hưởng đến chi phí nhiên li",sáu phẩy hai ba <en>u s d</en>.
danhgia_tts.txt,danhgia_tts-001,slash_expression,USD/gallon,1279,1289,"giá diesel trung bình tại Mỹ đạt khoảng 6,23 USD/gallon, và có ảnh hưởng đến chi phí nhiên liệu và l",<en>u s d</en> trên <en>gallon</en>.
danhgia_tts.txt,danhgia_tts-001,hyphen_expression,Nga-Ukraine,328,339,g giá diesel toàn cầu chủ yếu do chiến tranh Nga-Ukraine chứ không phải do Iran. Trump trước đó đã kê,nga ukraine.
danhgia_tts.txt,danhgia_tts-001,decimal,"6,23",1274,1278," với giá diesel trung bình tại Mỹ đạt khoảng 6,23 USD/gallon, và có ảnh hưởng đến chi phí nhiê",sáu phẩy hai ba.
danhgia_tts.txt,danhgia_tts-001,acronym,USD,1279,1282,"giá diesel trung bình tại Mỹ đạt khoảng 6,23 USD/gallon, và có ảnh hưởng đến chi phí nhiên li",<en>u s d</en>.
danhgia_tts.txt,danhgia_tts-001,english_or_foreign_word,Hoa,11,14,Tổng thống Hoa Kỳ Donald Trump ngày 14 tháng 9 đăng trên Tr,hoa.
danhgia_tts.txt,danhgia_tts-001,english_or_foreign_word,Donald,18,24,Tổng thống Hoa Kỳ Donald Trump ngày 14 tháng 9 đăng trên Truth Social,donald.
danhgia_tts.txt,danhgia_tts-001,english_or_foreign_word,Trump,25,30,Tổng thống Hoa Kỳ Donald Trump ngày 14 tháng 9 đăng trên Truth Social rằng ,trump.
danhgia_tts.txt,danhgia_tts-001,english_or_foreign_word,Truth,57,62,oa Kỳ Donald Trump ngày 14 tháng 9 đăng trên Truth Social rằng Ukraine và Nga đã đồng ý không t,truth.
danhgia_tts.txt,danhgia_tts-001,english_or_foreign_word,Social,63,69,Donald Trump ngày 14 tháng 9 đăng trên Truth Social rằng Ukraine và Nga đã đồng ý không tấn công,social.
danhgia_tts.txt,danhgia_tts-001,english_or_foreign_word,Ukraine,75,82, ngày 14 tháng 9 đăng trên Truth Social rằng Ukraine và Nga đã đồng ý không tấn công các mục tiêu,ukraine.
danhgia_tts.txt,danhgia_tts-001,english_or_foreign_word,Nga,86,89,áng 9 đăng trên Truth Social rằng Ukraine và Nga đã đồng ý không tấn công các mục tiêu năng l,nga.
danhgia_tts.txt,danhgia_tts-001,english_or_foreign_word,nhau,143,147,ý không tấn công các mục tiêu năng lượng của nhau. Ông viết rằng Ukraine đã đồng ý không tấn c,nhau.
danhgia_tts.txt,danhgia_tts-001,english_or_foreign_word,Ukraine,163,170, mục tiêu năng lượng của nhau. Ông viết rằng Ukraine đã đồng ý không tấn công các mục tiêu năng l,ukraine.
danhgia_tts.txt,danhgia_tts-001,english_or_foreign_word,Nga,224,227,"ý không tấn công các mục tiêu năng lượng của Nga và Nga cũng đã đồng ý làm như vậy, và cho rằ",nga.
danhgia_tts.txt,danhgia_tts-001,english_or_foreign_word,Nga,231,234," tấn công các mục tiêu năng lượng của Nga và Nga cũng đã đồng ý làm như vậy, và cho rằng việc",nga.
danhgia_tts.txt,danhgia_tts-001,english_or_foreign_word,cho,266,269,"ủa Nga và Nga cũng đã đồng ý làm như vậy, và cho rằng việc tăng giá diesel toàn cầu chủ yếu d",cho.
danhgia_tts.txt,danhgia_tts-001,english_or_foreign_word,diesel,289,295,"ồng ý làm như vậy, và cho rằng việc tăng giá diesel toàn cầu chủ yếu do chiến tranh Nga-Ukraine ",diesel.
danhgia_tts.txt,danhgia_tts-001,english_or_foreign_word,tranh,322,327,ệc tăng giá diesel toàn cầu chủ yếu do chiến tranh Nga-Ukraine chứ không phải do Iran. Trump tr,tranh.
danhgia_tts.txt,danhgia_tts-001,english_or_foreign_word,Nga,328,331,g giá diesel toàn cầu chủ yếu do chiến tranh Nga-Ukraine chứ không phải do Iran. Trump trước ,nga.
danhgia_tts.txt,danhgia_tts-001,english_or_foreign_word,Ukraine,332,339,á diesel toàn cầu chủ yếu do chiến tranh Nga-Ukraine chứ không phải do Iran. Trump trước đó đã kê,ukraine.
danhgia_tts.txt,danhgia_tts-001,english_or_foreign_word,Iran,358,362,do chiến tranh Nga-Ukraine chứ không phải do Iran. Trump trước đó đã kêu gọi Tổng thống Ukrain,iran.
danhgia_tts.txt,danhgia_tts-001,english_or_foreign_word,Trump,364,369,ến tranh Nga-Ukraine chứ không phải do Iran. Trump trước đó đã kêu gọi Tổng thống Ukraine Volod,trump.
danhgia_tts.txt,danhgia_tts-001,english_or_foreign_word,Ukraine,401,408,o Iran. Trump trước đó đã kêu gọi Tổng thống Ukraine Volodymyr Zelenskyy ngừng các cuộc tấn công ,ukraine.
danhgia_tts.txt,danhgia_tts-001,english_or_foreign_word,Volodymyr,409,418,Trump trước đó đã kêu gọi Tổng thống Ukraine Volodymyr Zelenskyy ngừng các cuộc tấn công vào các nh,volodymyr.
danhgia_tts.txt,danhgia_tts-001,english_or_foreign_word,Zelenskyy,419,428,c đó đã kêu gọi Tổng thống Ukraine Volodymyr Zelenskyy ngừng các cuộc tấn công vào các nhà máy lọc ,zelenskyy.
danhgia_tts.txt,danhgia_tts-001,english_or_foreign_word,diesel,477,483,ng các cuộc tấn công vào các nhà máy lọc dầu diesel của Nga vì cho rằng điều này gây thiếu hụt n,diesel.
danhgia_tts.txt,danhgia_tts-001,english_or_foreign_word,Nga,488,491, tấn công vào các nhà máy lọc dầu diesel của Nga vì cho rằng điều này gây thiếu hụt nhiên liệ,nga.
danhgia_tts.txt,danhgia_tts-001,english_or_foreign_word,cho,495,498,ng vào các nhà máy lọc dầu diesel của Nga vì cho rằng điều này gây thiếu hụt nhiên liệu toàn ,cho.
danhgia_tts.txt,danhgia_tts-001,english_or_foreign_word,Ukraine,559,566,"ây thiếu hụt nhiên liệu toàn cầu. Tổng thống Ukraine Volodymyr Zelenskyy nói ông ""không thuyết ph",ukraine.
danhgia_tts.txt,danhgia_tts-001,english_or_foreign_word,Volodymyr,567,576," hụt nhiên liệu toàn cầu. Tổng thống Ukraine Volodymyr Zelenskyy nói ông ""không thuyết phục"" rằng N",volodymyr.
danhgia_tts.txt,danhgia_tts-001,english_or_foreign_word,Zelenskyy,577,586," liệu toàn cầu. Tổng thống Ukraine Volodymyr Zelenskyy nói ông ""không thuyết phục"" rằng Nga sẽ tuân",zelenskyy.
danhgia_tts.txt,danhgia_tts-001,english_or_foreign_word,Nga,620,623,"r Zelenskyy nói ông ""không thuyết phục"" rằng Nga sẽ tuân thủ thỏa thuận và cho biết Kyiv sẵn ",nga.
danhgia_tts.txt,danhgia_tts-001,english_or_foreign_word,cho,650,653,"yết phục"" rằng Nga sẽ tuân thủ thỏa thuận và cho biết Kyiv sẵn sàng tạm dừng các cuộc tấn côn",cho.
danhgia_tts.txt,danhgia_tts-001,english_or_foreign_word,Kyiv,659,663, rằng Nga sẽ tuân thủ thỏa thuận và cho biết Kyiv sẵn sàng tạm dừng các cuộc tấn công vào cơ s,kyiv.
danhgia_tts.txt,danhgia_tts-001,english_or_foreign_word,Nga,733,736,ộc tấn công vào cơ sở hạ tầng năng lượng của Nga nếu các đối tác đảm bảo Nga cũng làm như vậy,nga.
danhgia_tts.txt,danhgia_tts-001,english_or_foreign_word,Nga,761,764,g năng lượng của Nga nếu các đối tác đảm bảo Nga cũng làm như vậy. Phát ngôn viên Điện Kremli,nga.
danhgia_tts.txt,danhgia_tts-001,english_or_foreign_word,Kremlin,803,810,ảo Nga cũng làm như vậy. Phát ngôn viên Điện Kremlin Dmitry Peskov của Nga hoan nghênh lời kêu gọ,kremlin.
danhgia_tts.txt,danhgia_tts-001,english_or_foreign_word,Dmitry,811,817,ũng làm như vậy. Phát ngôn viên Điện Kremlin Dmitry Peskov của Nga hoan nghênh lời kêu gọi của ô,dmitry.
danhgia_tts.txt,danhgia_tts-001,english_or_foreign_word,Peskov,818,824, như vậy. Phát ngôn viên Điện Kremlin Dmitry Peskov của Nga hoan nghênh lời kêu gọi của ông Trum,peskov.
danhgia_tts.txt,danhgia_tts-001,english_or_foreign_word,Nga,829,832,hát ngôn viên Điện Kremlin Dmitry Peskov của Nga hoan nghênh lời kêu gọi của ông Trump nhưng ,nga.
danhgia_tts.txt,danhgia_tts-001,english_or_foreign_word,hoan,833,837,ngôn viên Điện Kremlin Dmitry Peskov của Nga hoan nghênh lời kêu gọi của ông Trump nhưng không,hoan.
danhgia_tts.txt,danhgia_tts-001,english_or_foreign_word,Trump,865,870,skov của Nga hoan nghênh lời kêu gọi của ông Trump nhưng không khẳng định Nga sẽ ngừng tấn công,trump.
danhgia_tts.txt,danhgia_tts-001,english_or_foreign_word,Nga,894,897,kêu gọi của ông Trump nhưng không khẳng định Nga sẽ ngừng tấn công cơ sở hạ tầng năng lượng c,nga.
danhgia_tts.txt,danhgia_tts-001,english_or_foreign_word,Ukraine,945,952, ngừng tấn công cơ sở hạ tầng năng lượng của Ukraine. Đặc phái viên Hoa Kỳ Jared Kushner và Steve,ukraine.
danhgia_tts.txt,danhgia_tts-001,english_or_foreign_word,Hoa,968,971,ạ tầng năng lượng của Ukraine. Đặc phái viên Hoa Kỳ Jared Kushner và Steve Witkoff đã thăm Mo,hoa.
danhgia_tts.txt,danhgia_tts-001,english_or_foreign_word,Jared,975,980,năng lượng của Ukraine. Đặc phái viên Hoa Kỳ Jared Kushner và Steve Witkoff đã thăm Moscow và K,jared.
danhgia_tts.txt,danhgia_tts-001,english_or_foreign_word,Kushner,981,988,ượng của Ukraine. Đặc phái viên Hoa Kỳ Jared Kushner và Steve Witkoff đã thăm Moscow và Kyiv để t,kushner.
danhgia_tts.txt,danhgia_tts-001,english_or_foreign_word,Steve,992,997,raine. Đặc phái viên Hoa Kỳ Jared Kushner và Steve Witkoff đã thăm Moscow và Kyiv để tìm kiếm c,steve.
danhgia_tts.txt,danhgia_tts-001,english_or_foreign_word,Witkoff,998,1005, Đặc phái viên Hoa Kỳ Jared Kushner và Steve Witkoff đã thăm Moscow và Kyiv để tìm kiếm các thỏa ,witkoff.
danhgia_tts.txt,danhgia_tts-001,english_or_foreign_word,Moscow,1014,1020,"oa Kỳ Jared Kushner và Steve Witkoff đã thăm Moscow và Kyiv để tìm kiếm các thỏa thuận hạn chế, ",moscow.
danhgia_tts.txt,danhgia_tts-001,english_or_foreign_word,Kyiv,1024,1028,"d Kushner và Steve Witkoff đã thăm Moscow và Kyiv để tìm kiếm các thỏa thuận hạn chế, trong kh",kyiv.
danhgia_tts.txt,danhgia_tts-001,english_or_foreign_word,trong,1065,1070," và Kyiv để tìm kiếm các thỏa thuận hạn chế, trong khi các lệnh ngừng bắn do Mỹ làm trung gian ",trong.
danhgia_tts.txt,danhgia_tts-001,english_or_foreign_word,khi,1071,1074,"iv để tìm kiếm các thỏa thuận hạn chế, trong khi các lệnh ngừng bắn do Mỹ làm trung gian trướ",khi.
danhgia_tts.txt,danhgia_tts-001,english_or_foreign_word,trung,1104,1109," chế, trong khi các lệnh ngừng bắn do Mỹ làm trung gian trước đó thường nhanh chóng sụp đổ. Bài",trung.
danhgia_tts.txt,danhgia_tts-001,english_or_foreign_word,gian,1110,1114,trong khi các lệnh ngừng bắn do Mỹ làm trung gian trước đó thường nhanh chóng sụp đổ. Bài đăng,gian.
danhgia_tts.txt,danhgia_tts-001,english_or_foreign_word,nhanh,1131,1136,ừng bắn do Mỹ làm trung gian trước đó thường nhanh chóng sụp đổ. Bài đăng của ông Trump được đư,nhanh.
danhgia_tts.txt,danhgia_tts-001,english_or_foreign_word,Trump,1168,1173, thường nhanh chóng sụp đổ. Bài đăng của ông Trump được đưa ra trong bối cảnh giá dầu và diesel,trump.
danhgia_tts.txt,danhgia_tts-001,english_or_foreign_word,trong,1186,1191,"g sụp đổ. Bài đăng của ông Trump được đưa ra trong bối cảnh giá dầu và diesel tăng mạnh, với gi",trong.
danhgia_tts.txt,danhgia_tts-001,english_or_foreign_word,diesel,1212,1218," Trump được đưa ra trong bối cảnh giá dầu và diesel tăng mạnh, với giá diesel trung bình tại Mỹ ",diesel.
danhgia_tts.txt,danhgia_tts-001,english_or_foreign_word,diesel,1238,1244,"ối cảnh giá dầu và diesel tăng mạnh, với giá diesel trung bình tại Mỹ đạt khoảng 6,23 USD/gallon",diesel.
danhgia_tts.txt,danhgia_tts-001,english_or_foreign_word,trung,1245,1250," giá dầu và diesel tăng mạnh, với giá diesel trung bình tại Mỹ đạt khoảng 6,23 USD/gallon, và c",trung.
danhgia_tts.txt,danhgia_tts-001,english_or_foreign_word,USD,1279,1282,"giá diesel trung bình tại Mỹ đạt khoảng 6,23 USD/gallon, và có ảnh hưởng đến chi phí nhiên li",<en>u s d</en>.
danhgia_tts.txt,danhgia_tts-001,english_or_foreign_word,gallon,1283,1289,"diesel trung bình tại Mỹ đạt khoảng 6,23 USD/gallon, và có ảnh hưởng đến chi phí nhiên liệu và l",gallon.
danhgia_tts.txt,danhgia_tts-001,english_or_foreign_word,chi,1311,1314," khoảng 6,23 USD/gallon, và có ảnh hưởng đến chi phí nhiên liệu và lạm phát trước các cuộc bầ",chi.
danhgia_tts.txt,danhgia_tts-001,number,14,36,38,Tổng thống Hoa Kỳ Donald Trump ngày 14 tháng 9 đăng trên Truth Social rằng Ukraine ,mười bốn.
danhgia_tts.txt,danhgia_tts-001,number,9,45,46,Tổng thống Hoa Kỳ Donald Trump ngày 14 tháng 9 đăng trên Truth Social rằng Ukraine và Nga đ,chín.
danhgia_tts.txt,danhgia_tts-001,number,"6,23",1274,1278," với giá diesel trung bình tại Mỹ đạt khoảng 6,23 USD/gallon, và có ảnh hưởng đến chi phí nhiê",sáu phẩy hai ba.
danhgia_tts.txt,danhgia_tts-002,time_range,18-19,1185,1190,à sẽ có cuộc đàm phán tại hội nghị APEC ngày 18-19 tháng 11 ở Thâm Quyến.,mười tám đến mười chín.
danhgia_tts.txt,danhgia_tts-002,hyphen_expression,18-19,1185,1190,à sẽ có cuộc đàm phán tại hội nghị APEC ngày 18-19 tháng 11 ở Thâm Quyến.,mười tám đến mười chín.
danhgia_tts.txt,danhgia_tts-002,acronym,BRICS,319,324,dimir Putin bên lề hội nghị thượng đỉnh Nhóm BRICS đang diễn ra tại New Delhi. Phát ngôn viên Đ,brics.
danhgia_tts.txt,danhgia_tts-002,acronym,NATO,854,858,n và Zaporizhzhia và từ bỏ kế hoạch gia nhập NATO. Bài viết ghi nhận cuộc thảo luận giữa Putin,nato.
danhgia_tts.txt,danhgia_tts-002,acronym,BRICS,954,959,di ngày 11 tháng 9 tại Diễn đàn Doanh nghiệp BRICS về tình hình Biển Đen và cho biết không có c,brics.
danhgia_tts.txt,danhgia_tts-002,acronym,APEC,1175,1179,u trường và sẽ có cuộc đàm phán tại hội nghị APEC ngày 18-19 tháng 11 ở Thâm Quyến.,apec.
danhgia_tts.txt,danhgia_tts-002,english_or_foreign_word,New,20,23,"Ngày 13 tháng 9 tại New Delhi, Thủ tướng Ấn Độ Narendra Modi và Chủ ",new.
danhgia_tts.txt,danhgia_tts-002,english_or_foreign_word,Delhi,24,29,"Ngày 13 tháng 9 tại New Delhi, Thủ tướng Ấn Độ Narendra Modi và Chủ tịch T",delhi.
danhgia_tts.txt,danhgia_tts-002,english_or_foreign_word,Narendra,47,55,"ày 13 tháng 9 tại New Delhi, Thủ tướng Ấn Độ Narendra Modi và Chủ tịch Trung Quốc Tập Cận Bình đã ",narendra.
danhgia_tts.txt,danhgia_tts-002,english_or_foreign_word,Modi,56,60,"ng 9 tại New Delhi, Thủ tướng Ấn Độ Narendra Modi và Chủ tịch Trung Quốc Tập Cận Bình đã chủ đ",modi.
danhgia_tts.txt,danhgia_tts-002,english_or_foreign_word,Trung,73,78,"i, Thủ tướng Ấn Độ Narendra Modi và Chủ tịch Trung Quốc Tập Cận Bình đã chủ động đề nghị cung c",trung.
danhgia_tts.txt,danhgia_tts-002,english_or_foreign_word,cung,117,121, Trung Quốc Tập Cận Bình đã chủ động đề nghị cung cấp dịch vụ thiện chí để hỗ trợ tìm kiếm giả,cung.
danhgia_tts.txt,danhgia_tts-002,english_or_foreign_word,cho,173,176,ch vụ thiện chí để hỗ trợ tìm kiếm giải pháp cho xung đột Ukraine. Các đề nghị được nêu trong,cho.
danhgia_tts.txt,danhgia_tts-002,english_or_foreign_word,xung,177,181,ụ thiện chí để hỗ trợ tìm kiếm giải pháp cho xung đột Ukraine. Các đề nghị được nêu trong các ,xung.
danhgia_tts.txt,danhgia_tts-002,english_or_foreign_word,Ukraine,186,193,hí để hỗ trợ tìm kiếm giải pháp cho xung đột Ukraine. Các đề nghị được nêu trong các cuộc trao đổ,ukraine.
danhgia_tts.txt,danhgia_tts-002,english_or_foreign_word,trong,216,221,p cho xung đột Ukraine. Các đề nghị được nêu trong các cuộc trao đổi song phương với Tổng thống,trong.
danhgia_tts.txt,danhgia_tts-002,english_or_foreign_word,trao,231,235,Ukraine. Các đề nghị được nêu trong các cuộc trao đổi song phương với Tổng thống Nga Vladimir ,trao.
danhgia_tts.txt,danhgia_tts-002,english_or_foreign_word,song,240,244,Các đề nghị được nêu trong các cuộc trao đổi song phương với Tổng thống Nga Vladimir Putin bên,song.
danhgia_tts.txt,danhgia_tts-002,english_or_foreign_word,Nga,267,270,các cuộc trao đổi song phương với Tổng thống Nga Vladimir Putin bên lề hội nghị thượng đỉnh N,nga.
danhgia_tts.txt,danhgia_tts-002,english_or_foreign_word,Vladimir,271,279,cuộc trao đổi song phương với Tổng thống Nga Vladimir Putin bên lề hội nghị thượng đỉnh Nhóm BRICS,vladimir.
danhgia_tts.txt,danhgia_tts-002,english_or_foreign_word,Putin,280,285, đổi song phương với Tổng thống Nga Vladimir Putin bên lề hội nghị thượng đỉnh Nhóm BRICS đang ,putin.
danhgia_tts.txt,danhgia_tts-002,english_or_foreign_word,BRICS,319,324,dimir Putin bên lề hội nghị thượng đỉnh Nhóm BRICS đang diễn ra tại New Delhi. Phát ngôn viên Đ,brics.
danhgia_tts.txt,danhgia_tts-002,english_or_foreign_word,New,342,345,"nghị thượng đỉnh Nhóm BRICS đang diễn ra tại New Delhi. Phát ngôn viên Điện Kremlin của Nga, ",new.
danhgia_tts.txt,danhgia_tts-002,english_or_foreign_word,Delhi,346,351," thượng đỉnh Nhóm BRICS đang diễn ra tại New Delhi. Phát ngôn viên Điện Kremlin của Nga, Dmitry",delhi.
danhgia_tts.txt,danhgia_tts-002,english_or_foreign_word,Kremlin,373,380,"g diễn ra tại New Delhi. Phát ngôn viên Điện Kremlin của Nga, Dmitry Peskov, cho biết Putin hoan ",kremlin.
danhgia_tts.txt,danhgia_tts-002,english_or_foreign_word,Nga,385,388,"i New Delhi. Phát ngôn viên Điện Kremlin của Nga, Dmitry Peskov, cho biết Putin hoan nghênh s",nga.
danhgia_tts.txt,danhgia_tts-002,english_or_foreign_word,Dmitry,390,396," Delhi. Phát ngôn viên Điện Kremlin của Nga, Dmitry Peskov, cho biết Putin hoan nghênh sự sẵn sà",dmitry.
danhgia_tts.txt,danhgia_tts-002,english_or_foreign_word,Peskov,397,403," Phát ngôn viên Điện Kremlin của Nga, Dmitry Peskov, cho biết Putin hoan nghênh sự sẵn sàng của ",peskov.
danhgia_tts.txt,danhgia_tts-002,english_or_foreign_word,cho,405,408,"ôn viên Điện Kremlin của Nga, Dmitry Peskov, cho biết Putin hoan nghênh sự sẵn sàng của hai n",cho.
danhgia_tts.txt,danhgia_tts-002,english_or_foreign_word,Putin,414,419,"iện Kremlin của Nga, Dmitry Peskov, cho biết Putin hoan nghênh sự sẵn sàng của hai nhà lãnh đạo",putin.
danhgia_tts.txt,danhgia_tts-002,english_or_foreign_word,hoan,420,424,"emlin của Nga, Dmitry Peskov, cho biết Putin hoan nghênh sự sẵn sàng của hai nhà lãnh đạo và đ",hoan.
danhgia_tts.txt,danhgia_tts-002,english_or_foreign_word,hai,448,451,", cho biết Putin hoan nghênh sự sẵn sàng của hai nhà lãnh đạo và đã trình bày chi tiết tình h",hai.
danhgia_tts.txt,danhgia_tts-002,english_or_foreign_word,chi,481,484,ẵn sàng của hai nhà lãnh đạo và đã trình bày chi tiết tình hình. Trợ lý tổng thống Nga Yuri U,chi.
danhgia_tts.txt,danhgia_tts-002,english_or_foreign_word,Nga,519,522,nh bày chi tiết tình hình. Trợ lý tổng thống Nga Yuri Ushakov nói chủ đề này là một trong nhữ,nga.
danhgia_tts.txt,danhgia_tts-002,english_or_foreign_word,Yuri,523,527,ày chi tiết tình hình. Trợ lý tổng thống Nga Yuri Ushakov nói chủ đề này là một trong những nộ,yuri.
danhgia_tts.txt,danhgia_tts-002,english_or_foreign_word,Ushakov,528,535,i tiết tình hình. Trợ lý tổng thống Nga Yuri Ushakov nói chủ đề này là một trong những nội dung c,ushakov.
danhgia_tts.txt,danhgia_tts-002,english_or_foreign_word,trong,558,563,thống Nga Yuri Ushakov nói chủ đề này là một trong những nội dung chính trong các cuộc gặp song,trong.
danhgia_tts.txt,danhgia_tts-002,english_or_foreign_word,dung,574,578,shakov nói chủ đề này là một trong những nội dung chính trong các cuộc gặp song phương của Put,dung.
danhgia_tts.txt,danhgia_tts-002,english_or_foreign_word,trong,585,590,chủ đề này là một trong những nội dung chính trong các cuộc gặp song phương của Putin tại hội n,trong.
danhgia_tts.txt,danhgia_tts-002,english_or_foreign_word,song,604,608,rong những nội dung chính trong các cuộc gặp song phương của Putin tại hội nghị. Bài báo cũng ,song.
danhgia_tts.txt,danhgia_tts-002,english_or_foreign_word,Putin,620,625,ung chính trong các cuộc gặp song phương của Putin tại hội nghị. Bài báo cũng nhắc lại rằng tro,putin.
danhgia_tts.txt,danhgia_tts-002,english_or_foreign_word,trong,667,672,tin tại hội nghị. Bài báo cũng nhắc lại rằng trong năm 2024 Putin đã nêu các điều kiện để chấm ,trong.
danhgia_tts.txt,danhgia_tts-002,english_or_foreign_word,Putin,682,687,"ị. Bài báo cũng nhắc lại rằng trong năm 2024 Putin đã nêu các điều kiện để chấm dứt xung đột, b",putin.
danhgia_tts.txt,danhgia_tts-002,english_or_foreign_word,xung,721,725," 2024 Putin đã nêu các điều kiện để chấm dứt xung đột, bao gồm yêu cầu Ukraine rút quân khỏi c",xung.
danhgia_tts.txt,danhgia_tts-002,english_or_foreign_word,bao,731,734,"n đã nêu các điều kiện để chấm dứt xung đột, bao gồm yêu cầu Ukraine rút quân khỏi các khu vự",bao.
danhgia_tts.txt,danhgia_tts-002,english_or_foreign_word,Ukraine,747,754,"u kiện để chấm dứt xung đột, bao gồm yêu cầu Ukraine rút quân khỏi các khu vực như Donetsk, Luhan",ukraine.
danhgia_tts.txt,danhgia_tts-002,english_or_foreign_word,khu,773,776,"t, bao gồm yêu cầu Ukraine rút quân khỏi các khu vực như Donetsk, Luhansk, Kherson và Zaporiz",khu.
danhgia_tts.txt,danhgia_tts-002,english_or_foreign_word,Donetsk,785,792,"êu cầu Ukraine rút quân khỏi các khu vực như Donetsk, Luhansk, Kherson và Zaporizhzhia và từ bỏ k",donetsk.
danhgia_tts.txt,danhgia_tts-002,english_or_foreign_word,Luhansk,794,801,"raine rút quân khỏi các khu vực như Donetsk, Luhansk, Kherson và Zaporizhzhia và từ bỏ kế hoạch g",luhansk.
danhgia_tts.txt,danhgia_tts-002,english_or_foreign_word,Kherson,803,810," quân khỏi các khu vực như Donetsk, Luhansk, Kherson và Zaporizhzhia và từ bỏ kế hoạch gia nhập N",kherson.
danhgia_tts.txt,danhgia_tts-002,english_or_foreign_word,Zaporizhzhia,814,826,"các khu vực như Donetsk, Luhansk, Kherson và Zaporizhzhia và từ bỏ kế hoạch gia nhập NATO. Bài viết gh",zaporizhzhia.
danhgia_tts.txt,danhgia_tts-002,english_or_foreign_word,gia,845,848,"k, Kherson và Zaporizhzhia và từ bỏ kế hoạch gia nhập NATO. Bài viết ghi nhận cuộc thảo luận ",gia.
danhgia_tts.txt,danhgia_tts-002,english_or_foreign_word,NATO,854,858,n và Zaporizhzhia và từ bỏ kế hoạch gia nhập NATO. Bài viết ghi nhận cuộc thảo luận giữa Putin,nato.
danhgia_tts.txt,danhgia_tts-002,english_or_foreign_word,ghi,869,872,ia và từ bỏ kế hoạch gia nhập NATO. Bài viết ghi nhận cuộc thảo luận giữa Putin và Modi ngày ,ghi.
danhgia_tts.txt,danhgia_tts-002,english_or_foreign_word,Putin,898,903, NATO. Bài viết ghi nhận cuộc thảo luận giữa Putin và Modi ngày 11 tháng 9 tại Diễn đàn Doanh n,putin.
danhgia_tts.txt,danhgia_tts-002,english_or_foreign_word,Modi,907,911,i viết ghi nhận cuộc thảo luận giữa Putin và Modi ngày 11 tháng 9 tại Diễn đàn Doanh nghiệp BR,modi.
danhgia_tts.txt,danhgia_tts-002,english_or_foreign_word,Doanh,941,946,a Putin và Modi ngày 11 tháng 9 tại Diễn đàn Doanh nghiệp BRICS về tình hình Biển Đen và cho bi,doanh.
danhgia_tts.txt,danhgia_tts-002,english_or_foreign_word,BRICS,954,959,di ngày 11 tháng 9 tại Diễn đàn Doanh nghiệp BRICS về tình hình Biển Đen và cho biết không có c,brics.
danhgia_tts.txt,danhgia_tts-002,english_or_foreign_word,cho,985,988, Doanh nghiệp BRICS về tình hình Biển Đen và cho biết không có cuộc gặp riêng giữa Putin và T,cho.
danhgia_tts.txt,danhgia_tts-002,english_or_foreign_word,Putin,1023,1028,Đen và cho biết không có cuộc gặp riêng giữa Putin và Tập Cận Bình tại hội nghị ở New Delhi. Bà,putin.
danhgia_tts.txt,danhgia_tts-002,english_or_foreign_word,New,1060,1063,ng giữa Putin và Tập Cận Bình tại hội nghị ở New Delhi. Bài báo cũng nêu rằng hai lãnh đạo có,new.
danhgia_tts.txt,danhgia_tts-002,english_or_foreign_word,Delhi,1064,1069,iữa Putin và Tập Cận Bình tại hội nghị ở New Delhi. Bài báo cũng nêu rằng hai lãnh đạo có thể t,delhi.
danhgia_tts.txt,danhgia_tts-002,english_or_foreign_word,hai,1093,1096, hội nghị ở New Delhi. Bài báo cũng nêu rằng hai lãnh đạo có thể trao đổi trong hậu trường và,hai.
danhgia_tts.txt,danhgia_tts-002,english_or_foreign_word,trao,1113,1117,i. Bài báo cũng nêu rằng hai lãnh đạo có thể trao đổi trong hậu trường và sẽ có cuộc đàm phán ,trao.
danhgia_tts.txt,danhgia_tts-002,english_or_foreign_word,trong,1122,1127,o cũng nêu rằng hai lãnh đạo có thể trao đổi trong hậu trường và sẽ có cuộc đàm phán tại hội ng,trong.
danhgia_tts.txt,danhgia_tts-002,english_or_foreign_word,APEC,1175,1179,u trường và sẽ có cuộc đàm phán tại hội nghị APEC ngày 18-19 tháng 11 ở Thâm Quyến.,apec.
danhgia_tts.txt,danhgia_tts-002,number,13,5,7,"Ngày 13 tháng 9 tại New Delhi, Thủ tướng Ấn Độ Naren",mười ba.
danhgia_tts.txt,danhgia_tts-002,number,9,14,15,"Ngày 13 tháng 9 tại New Delhi, Thủ tướng Ấn Độ Narendra Modi",chín.
danhgia_tts.txt,danhgia_tts-002,number,2024,677,681,i nghị. Bài báo cũng nhắc lại rằng trong năm 2024 Putin đã nêu các điều kiện để chấm dứt xung ,hai nghìn không trăm hai mươi bốn.
danhgia_tts.txt,danhgia_tts-002,number,11,917,919, nhận cuộc thảo luận giữa Putin và Modi ngày 11 tháng 9 tại Diễn đàn Doanh nghiệp BRICS về t,mười một.
danhgia_tts.txt,danhgia_tts-002,number,9,926,927,c thảo luận giữa Putin và Modi ngày 11 tháng 9 tại Diễn đàn Doanh nghiệp BRICS về tình hình,chín.
danhgia_tts.txt,danhgia_tts-002,number,18,1185,1187,à sẽ có cuộc đàm phán tại hội nghị APEC ngày 18-19 tháng 11 ở Thâm Quyến.,mười tám.
danhgia_tts.txt,danhgia_tts-002,number,19,1188,1190,ẽ có cuộc đàm phán tại hội nghị APEC ngày 18-19 tháng 11 ở Thâm Quyến.,mười chín.
danhgia_tts.txt,danhgia_tts-002,number,11,1197,1199, đàm phán tại hội nghị APEC ngày 18-19 tháng 11 ở Thâm Quyến.,mười một.
danhgia_tts.txt,danhgia_tts-003,time_range,14-15,5,10,"Ngày 14-15 tháng 9, lực lượng Houthi do Iran hậu thuẫn ",mười bốn đến mười lăm.
danhgia_tts.txt,danhgia_tts-003,measurement,1.200 km,538,546,"g trên không làm gián đoạn đường ống dầu dài 1.200 km, khiến giá dầu tăng và các cuộc đàm phán về ",một nghìn hai trăm ki lô mét.
danhgia_tts.txt,danhgia_tts-003,hyphen_expression,14-15,5,10,"Ngày 14-15 tháng 9, lực lượng Houthi do Iran hậu thuẫn ",mười bốn đến mười lăm.
danhgia_tts.txt,danhgia_tts-003,hyphen_expression,Xê-út,110,115,đã phát động đợt tấn công mới nhằm vào Ả Rập Xê-út và củng cố vị trí dọc bờ biển phía tây Yemen,xê út.
danhgia_tts.txt,danhgia_tts-003,hyphen_expression,Xê-út,286,291,"ứ không quân Khamis Mushait ở miền nam Ả Rập Xê-út, khiến 13 dân thường bị thương và kích hoạt ",xê út.
danhgia_tts.txt,danhgia_tts-003,hyphen_expression,Xê-út,465,470,im đã gây áp lực lên xuất khẩu dầu của Ả Rập Xê-út sau khi một vụ tấn công trên không làm gián ,xê út.
danhgia_tts.txt,danhgia_tts-003,hyphen_expression,Xê-út,833,838," tiếp ngoài hỗ trợ tình báo, trong khi Ả Rập Xê-út và Yemen tăng cường oanh kích. Iran tuyên bố",xê út.
danhgia_tts.txt,danhgia_tts-003,decimal,1.200,538,543,"g trên không làm gián đoạn đường ống dầu dài 1.200 km, khiến giá dầu tăng và các cuộc đàm phán ",một nghìn hai trăm.
danhgia_tts.txt,danhgia_tts-003,decimal,82.000,1047,1053,u vực. Tổ chức Di cư Quốc tế ước tính khoảng 82.000 người Yemen đã rời bỏ vùng chiến sự kể từ đầ,tám mươi hai nghìn.
danhgia_tts.txt,danhgia_tts-003,english_or_foreign_word,Houthi,30,36,"Ngày 14-15 tháng 9, lực lượng Houthi do Iran hậu thuẫn của Yemen đã phát động đợt",houthi.
danhgia_tts.txt,danhgia_tts-003,english_or_foreign_word,Iran,40,44,"Ngày 14-15 tháng 9, lực lượng Houthi do Iran hậu thuẫn của Yemen đã phát động đợt tấn côn",iran.
danhgia_tts.txt,danhgia_tts-003,english_or_foreign_word,Yemen,59,64,"ng 9, lực lượng Houthi do Iran hậu thuẫn của Yemen đã phát động đợt tấn công mới nhằm vào Ả Rập",yemen.
danhgia_tts.txt,danhgia_tts-003,english_or_foreign_word,Yemen,155,160,Xê-út và củng cố vị trí dọc bờ biển phía tây Yemen. Houthi cho biết đã phóng hàng chục tên lửa ,yemen.
danhgia_tts.txt,danhgia_tts-003,english_or_foreign_word,Houthi,162,168,à củng cố vị trí dọc bờ biển phía tây Yemen. Houthi cho biết đã phóng hàng chục tên lửa và máy b,houthi.
danhgia_tts.txt,danhgia_tts-003,english_or_foreign_word,cho,169,172,cố vị trí dọc bờ biển phía tây Yemen. Houthi cho biết đã phóng hàng chục tên lửa và máy bay k,cho.
danhgia_tts.txt,danhgia_tts-003,english_or_foreign_word,bay,212,215,i cho biết đã phóng hàng chục tên lửa và máy bay không người lái vào căn cứ không quân Khamis,bay.
danhgia_tts.txt,danhgia_tts-003,english_or_foreign_word,Khamis,254,260,"áy bay không người lái vào căn cứ không quân Khamis Mushait ở miền nam Ả Rập Xê-út, khiến 13 dân",khamis.
danhgia_tts.txt,danhgia_tts-003,english_or_foreign_word,Mushait,261,268,"không người lái vào căn cứ không quân Khamis Mushait ở miền nam Ả Rập Xê-út, khiến 13 dân thường ",mushait.
danhgia_tts.txt,danhgia_tts-003,english_or_foreign_word,nam,276,279," vào căn cứ không quân Khamis Mushait ở miền nam Ả Rập Xê-út, khiến 13 dân thường bị thương v",nam.
danhgia_tts.txt,danhgia_tts-003,english_or_foreign_word,nam,375,378, hoạt báo động khẩn cấp ở bốn thành phố phía nam. Các cuộc tiến công và việc chiếm đảo Perim ,nam.
danhgia_tts.txt,danhgia_tts-003,english_or_foreign_word,Perim,417,422,ía nam. Các cuộc tiến công và việc chiếm đảo Perim đã gây áp lực lên xuất khẩu dầu của Ả Rập Xê,perim.
danhgia_tts.txt,danhgia_tts-003,english_or_foreign_word,sau,471,474,gây áp lực lên xuất khẩu dầu của Ả Rập Xê-út sau khi một vụ tấn công trên không làm gián đoạn,sau.
danhgia_tts.txt,danhgia_tts-003,english_or_foreign_word,khi,475,478,áp lực lên xuất khẩu dầu của Ả Rập Xê-út sau khi một vụ tấn công trên không làm gián đoạn đườ,khi.
danhgia_tts.txt,danhgia_tts-003,english_or_foreign_word,Hormuz,599,605,giá dầu tăng và các cuộc đàm phán về Eo biển Hormuz bị hoãn. Oman hoãn cuộc họp dự kiến với Iran,hormuz.
danhgia_tts.txt,danhgia_tts-003,english_or_foreign_word,Oman,615,619,các cuộc đàm phán về Eo biển Hormuz bị hoãn. Oman hoãn cuộc họp dự kiến với Iran và các nước v,oman.
danhgia_tts.txt,danhgia_tts-003,english_or_foreign_word,Iran,646,650,rmuz bị hoãn. Oman hoãn cuộc họp dự kiến với Iran và các nước vùng Vịnh nhằm thảo luận về Eo b,iran.
danhgia_tts.txt,danhgia_tts-003,english_or_foreign_word,Hormuz,699,705,các nước vùng Vịnh nhằm thảo luận về Eo biển Hormuz. Tổng thống Hoa Kỳ Donald Trump cho biết Was,hormuz.
danhgia_tts.txt,danhgia_tts-003,english_or_foreign_word,Hoa,718,721,nhằm thảo luận về Eo biển Hormuz. Tổng thống Hoa Kỳ Donald Trump cho biết Washington từ chối ,hoa.
danhgia_tts.txt,danhgia_tts-003,english_or_foreign_word,Donald,725,731,ảo luận về Eo biển Hormuz. Tổng thống Hoa Kỳ Donald Trump cho biết Washington từ chối can thiệp ,donald.
danhgia_tts.txt,danhgia_tts-003,english_or_foreign_word,Trump,732,737, về Eo biển Hormuz. Tổng thống Hoa Kỳ Donald Trump cho biết Washington từ chối can thiệp quân s,trump.
danhgia_tts.txt,danhgia_tts-003,english_or_foreign_word,cho,738,741, biển Hormuz. Tổng thống Hoa Kỳ Donald Trump cho biết Washington từ chối can thiệp quân sự tr,cho.
danhgia_tts.txt,danhgia_tts-003,english_or_foreign_word,Washington,747,757,muz. Tổng thống Hoa Kỳ Donald Trump cho biết Washington từ chối can thiệp quân sự trực tiếp ngoài hỗ,washington.
danhgia_tts.txt,danhgia_tts-003,english_or_foreign_word,can,766,769, Kỳ Donald Trump cho biết Washington từ chối can thiệp quân sự trực tiếp ngoài hỗ trợ tình bá,can.
danhgia_tts.txt,danhgia_tts-003,english_or_foreign_word,trong,817,822,"iệp quân sự trực tiếp ngoài hỗ trợ tình báo, trong khi Ả Rập Xê-út và Yemen tăng cường oanh kíc",trong.
danhgia_tts.txt,danhgia_tts-003,english_or_foreign_word,khi,823,826,"ân sự trực tiếp ngoài hỗ trợ tình báo, trong khi Ả Rập Xê-út và Yemen tăng cường oanh kích. I",khi.
danhgia_tts.txt,danhgia_tts-003,english_or_foreign_word,Yemen,842,847,"ài hỗ trợ tình báo, trong khi Ả Rập Xê-út và Yemen tăng cường oanh kích. Iran tuyên bố đóng Eo ",yemen.
danhgia_tts.txt,danhgia_tts-003,english_or_foreign_word,oanh,859,863,"o, trong khi Ả Rập Xê-út và Yemen tăng cường oanh kích. Iran tuyên bố đóng Eo biển Hormuz và c",oanh.
danhgia_tts.txt,danhgia_tts-003,english_or_foreign_word,Iran,870,874,i Ả Rập Xê-út và Yemen tăng cường oanh kích. Iran tuyên bố đóng Eo biển Hormuz và các báo cáo ,iran.
danhgia_tts.txt,danhgia_tts-003,english_or_foreign_word,Hormuz,897,903, cường oanh kích. Iran tuyên bố đóng Eo biển Hormuz và các báo cáo mâu thuẫn về tàu chở dầu El G,hormuz.
danhgia_tts.txt,danhgia_tts-003,english_or_foreign_word,Gaia,947,951,z và các báo cáo mâu thuẫn về tàu chở dầu El Gaia cùng gián đoạn đường ống đã làm gia tăng bất,gaia.
danhgia_tts.txt,danhgia_tts-003,english_or_foreign_word,gia,984,987, dầu El Gaia cùng gián đoạn đường ống đã làm gia tăng bất ổn khu vực. Tổ chức Di cư Quốc tế ư,gia.
danhgia_tts.txt,danhgia_tts-003,english_or_foreign_word,khu,1000,1003,g gián đoạn đường ống đã làm gia tăng bất ổn khu vực. Tổ chức Di cư Quốc tế ước tính khoảng 8,khu.
danhgia_tts.txt,danhgia_tts-003,english_or_foreign_word,Yemen,1060,1065,c Di cư Quốc tế ước tính khoảng 82.000 người Yemen đã rời bỏ vùng chiến sự kể từ đầu tháng.,yemen.
danhgia_tts.txt,danhgia_tts-003,number,14,5,7,"Ngày 14-15 tháng 9, lực lượng Houthi do Iran hậu thu",mười bốn.
danhgia_tts.txt,danhgia_tts-003,number,15,8,10,"Ngày 14-15 tháng 9, lực lượng Houthi do Iran hậu thuẫn ",mười lăm.
danhgia_tts.txt,danhgia_tts-003,number,9,17,18,"Ngày 14-15 tháng 9, lực lượng Houthi do Iran hậu thuẫn của Yeme",chín.
danhgia_tts.txt,danhgia_tts-003,number,13,299,301,"Khamis Mushait ở miền nam Ả Rập Xê-út, khiến 13 dân thường bị thương và kích hoạt báo động k",mười ba.
danhgia_tts.txt,danhgia_tts-003,number,1.200,538,543,"g trên không làm gián đoạn đường ống dầu dài 1.200 km, khiến giá dầu tăng và các cuộc đàm phán ",một nghìn hai trăm.
danhgia_tts.txt,danhgia_tts-003,number,82.000,1047,1053,u vực. Tổ chức Di cư Quốc tế ước tính khoảng 82.000 người Yemen đã rời bỏ vùng chiến sự kể từ đầ,tám mươi hai nghìn.
danhgia_tts.txt,danhgia_tts-004,hyphen_expression,Jae-myung,99,108,"điều trần xác nhận nội các do Tổng thống Lee Jae-myung đề cử, bắt đầu từ thứ Hai. Phiên đầu tiên là",jae myung.
danhgia_tts.txt,danhgia_tts-004,hyphen_expression,Sung-soo,196,204,"là cho ứng viên Thẩm phán Tòa án Tối cao Kim Sung-soo, người phải đối mặt cáo buộc trốn thuế và bấ",sung soo.
danhgia_tts.txt,danhgia_tts-004,hyphen_expression,Seung-won,443,452,"ồm thứ Ba cho ứng viên Bộ trưởng Tư pháp Kim Seung-won, Phó Thủ tướng kiêm Bộ trưởng Tài chính Lee ",seung won.
danhgia_tts.txt,danhgia_tts-004,hyphen_expression,Hyoung-il,497,506,", Phó Thủ tướng kiêm Bộ trưởng Tài chính Lee Hyoung-il và Bộ trưởng Doanh nghiệp Nhỏ và Vừa Lee So-",hyoung il.
danhgia_tts.txt,danhgia_tts-004,hyphen_expression,So-young,548,556,-il và Bộ trưởng Doanh nghiệp Nhỏ và Vừa Lee So-young; thứ Tư cho Bộ trưởng Quốc phòng Kang Shin-c,so young.
danhgia_tts.txt,danhgia_tts-004,hyphen_expression,Shin-chul,595,604,"-young; thứ Tư cho Bộ trưởng Quốc phòng Kang Shin-chul và Bộ trưởng Đất đai, Hạ tầng và Giao thông ",shin chul.
danhgia_tts.txt,danhgia_tts-004,hyphen_expression,Jee-sun,654,661,"ộ trưởng Đất đai, Hạ tầng và Giao thông Hong Jee-sun; và thứ Năm cho ứng viên thanh tra độc lập C",jee sun.
danhgia_tts.txt,danhgia_tts-004,hyphen_expression,Kil-su,710,716," thứ Năm cho ứng viên thanh tra độc lập Choi Kil-su. Trước đó, ứng viên Bộ trưởng Bình đẳng giới",kil su.
danhgia_tts.txt,danhgia_tts-004,hyphen_expression,Hye-in,767,773,"c đó, ứng viên Bộ trưởng Bình đẳng giới Yong Hye-in đã từ chức vào Chủ nhật, cho biết đảng cầm q",hye in.
danhgia_tts.txt,danhgia_tts-004,hyphen_expression,Seung-won,1017,1026,ánh giá năng lực và khẳng định sẽ bảo vệ Kim Seung-won. Đảng Nhân dân Quyền lực kêu gọi Kim Seung-w,seung won.
danhgia_tts.txt,danhgia_tts-004,hyphen_expression,Seung-won,1064,1073,ung-won. Đảng Nhân dân Quyền lực kêu gọi Kim Seung-won từ chức và yêu cầu Tổng thống Lee Jae-myung ,seung won.
danhgia_tts.txt,danhgia_tts-004,hyphen_expression,Jae-myung,1108,1117," Seung-won từ chức và yêu cầu Tổng thống Lee Jae-myung xin lỗi và rút đề cử, cáo buộc chính quyền đ",jae myung.
danhgia_tts.txt,danhgia_tts-004,hyphen_expression,Jae-myung,1278,1287,ống sau khi ông rời nhiệm sở. Tổng thống Lee Jae-myung đang đối mặt áp lực khi các ứng viên gặp khó,jae myung.
danhgia_tts.txt,danhgia_tts-004,english_or_foreign_word,Lee,95,98,"iên điều trần xác nhận nội các do Tổng thống Lee Jae-myung đề cử, bắt đầu từ thứ Hai. Phiên đ",lee.
danhgia_tts.txt,danhgia_tts-004,english_or_foreign_word,Jae,99,102,"điều trần xác nhận nội các do Tổng thống Lee Jae-myung đề cử, bắt đầu từ thứ Hai. Phiên đầu t",jae.
danhgia_tts.txt,danhgia_tts-004,english_or_foreign_word,myung,103,108," trần xác nhận nội các do Tổng thống Lee Jae-myung đề cử, bắt đầu từ thứ Hai. Phiên đầu tiên là",myung.
danhgia_tts.txt,danhgia_tts-004,english_or_foreign_word,Hai,131,134,"ng thống Lee Jae-myung đề cử, bắt đầu từ thứ Hai. Phiên đầu tiên là cho ứng viên Thẩm phán Tò",hai.
danhgia_tts.txt,danhgia_tts-004,english_or_foreign_word,cho,154,157,"đề cử, bắt đầu từ thứ Hai. Phiên đầu tiên là cho ứng viên Thẩm phán Tòa án Tối cao Kim Sung-s",cho.
danhgia_tts.txt,danhgia_tts-004,english_or_foreign_word,cao,188,191,"ầu tiên là cho ứng viên Thẩm phán Tòa án Tối cao Kim Sung-soo, người phải đối mặt cáo buộc tr",cao.
danhgia_tts.txt,danhgia_tts-004,english_or_foreign_word,Kim,192,195,"iên là cho ứng viên Thẩm phán Tòa án Tối cao Kim Sung-soo, người phải đối mặt cáo buộc trốn t",kim.
danhgia_tts.txt,danhgia_tts-004,english_or_foreign_word,Sung,196,200,"là cho ứng viên Thẩm phán Tòa án Tối cao Kim Sung-soo, người phải đối mặt cáo buộc trốn thuế v",sung.
danhgia_tts.txt,danhgia_tts-004,english_or_foreign_word,soo,201,204,"o ứng viên Thẩm phán Tòa án Tối cao Kim Sung-soo, người phải đối mặt cáo buộc trốn thuế và bấ",soo.
danhgia_tts.txt,danhgia_tts-004,english_or_foreign_word,trong,258,263,hải đối mặt cáo buộc trốn thuế và bất thường trong giao dịch bất động sản liên quan đến hợp đồn,trong.
danhgia_tts.txt,danhgia_tts-004,english_or_foreign_word,giao,264,268,i mặt cáo buộc trốn thuế và bất thường trong giao dịch bất động sản liên quan đến hợp đồng jeo,giao.
danhgia_tts.txt,danhgia_tts-004,english_or_foreign_word,quan,292,296,bất thường trong giao dịch bất động sản liên quan đến hợp đồng jeonse; ông xin lỗi và cho biết,quan.
danhgia_tts.txt,danhgia_tts-004,english_or_foreign_word,jeonse,310,316,iao dịch bất động sản liên quan đến hợp đồng jeonse; ông xin lỗi và cho biết đã bắt đầu nộp thuế,jeonse.
danhgia_tts.txt,danhgia_tts-004,english_or_foreign_word,xin,322,325, động sản liên quan đến hợp đồng jeonse; ông xin lỗi và cho biết đã bắt đầu nộp thuế quà tặng,xin.
danhgia_tts.txt,danhgia_tts-004,english_or_foreign_word,cho,333,336,iên quan đến hợp đồng jeonse; ông xin lỗi và cho biết đã bắt đầu nộp thuế quà tặng chậm. Các ,cho.
danhgia_tts.txt,danhgia_tts-004,english_or_foreign_word,theo,392,396,t đầu nộp thuế quà tặng chậm. Các phiên tiếp theo gồm thứ Ba cho ứng viên Bộ trưởng Tư pháp Ki,theo.
danhgia_tts.txt,danhgia_tts-004,english_or_foreign_word,cho,408,411,"uà tặng chậm. Các phiên tiếp theo gồm thứ Ba cho ứng viên Bộ trưởng Tư pháp Kim Seung-won, Ph",cho.
danhgia_tts.txt,danhgia_tts-004,english_or_foreign_word,Kim,439,442,"eo gồm thứ Ba cho ứng viên Bộ trưởng Tư pháp Kim Seung-won, Phó Thủ tướng kiêm Bộ trưởng Tài ",kim.
danhgia_tts.txt,danhgia_tts-004,english_or_foreign_word,Seung,443,448,"ồm thứ Ba cho ứng viên Bộ trưởng Tư pháp Kim Seung-won, Phó Thủ tướng kiêm Bộ trưởng Tài chính ",seung.
danhgia_tts.txt,danhgia_tts-004,english_or_foreign_word,won,449,452," Ba cho ứng viên Bộ trưởng Tư pháp Kim Seung-won, Phó Thủ tướng kiêm Bộ trưởng Tài chính Lee ",won.
danhgia_tts.txt,danhgia_tts-004,english_or_foreign_word,Lee,493,496,"-won, Phó Thủ tướng kiêm Bộ trưởng Tài chính Lee Hyoung-il và Bộ trưởng Doanh nghiệp Nhỏ và V",lee.
danhgia_tts.txt,danhgia_tts-004,english_or_foreign_word,Hyoung,497,503,", Phó Thủ tướng kiêm Bộ trưởng Tài chính Lee Hyoung-il và Bộ trưởng Doanh nghiệp Nhỏ và Vừa Lee ",hyoung.
danhgia_tts.txt,danhgia_tts-004,english_or_foreign_word,Doanh,520,525, trưởng Tài chính Lee Hyoung-il và Bộ trưởng Doanh nghiệp Nhỏ và Vừa Lee So-young; thứ Tư cho B,doanh.
danhgia_tts.txt,danhgia_tts-004,english_or_foreign_word,Lee,544,547,oung-il và Bộ trưởng Doanh nghiệp Nhỏ và Vừa Lee So-young; thứ Tư cho Bộ trưởng Quốc phòng Ka,lee.
danhgia_tts.txt,danhgia_tts-004,english_or_foreign_word,young,551,556, và Bộ trưởng Doanh nghiệp Nhỏ và Vừa Lee So-young; thứ Tư cho Bộ trưởng Quốc phòng Kang Shin-c,young.
danhgia_tts.txt,danhgia_tts-004,english_or_foreign_word,cho,565,568,Doanh nghiệp Nhỏ và Vừa Lee So-young; thứ Tư cho Bộ trưởng Quốc phòng Kang Shin-chul và Bộ tr,cho.
danhgia_tts.txt,danhgia_tts-004,english_or_foreign_word,Kang,590,594,"ee So-young; thứ Tư cho Bộ trưởng Quốc phòng Kang Shin-chul và Bộ trưởng Đất đai, Hạ tầng và G",kang.
danhgia_tts.txt,danhgia_tts-004,english_or_foreign_word,Shin,595,599,"-young; thứ Tư cho Bộ trưởng Quốc phòng Kang Shin-chul và Bộ trưởng Đất đai, Hạ tầng và Giao t",shin.
danhgia_tts.txt,danhgia_tts-004,english_or_foreign_word,chul,600,604,"g; thứ Tư cho Bộ trưởng Quốc phòng Kang Shin-chul và Bộ trưởng Đất đai, Hạ tầng và Giao thông ",chul.
danhgia_tts.txt,danhgia_tts-004,english_or_foreign_word,Giao,638,642,"g Shin-chul và Bộ trưởng Đất đai, Hạ tầng và Giao thông Hong Jee-sun; và thứ Năm cho ứng viên ",giao.
danhgia_tts.txt,danhgia_tts-004,english_or_foreign_word,Hong,649,653," và Bộ trưởng Đất đai, Hạ tầng và Giao thông Hong Jee-sun; và thứ Năm cho ứng viên thanh tra đ",hong.
danhgia_tts.txt,danhgia_tts-004,english_or_foreign_word,Jee,654,657,"ộ trưởng Đất đai, Hạ tầng và Giao thông Hong Jee-sun; và thứ Năm cho ứng viên thanh tra độc l",jee.
danhgia_tts.txt,danhgia_tts-004,english_or_foreign_word,sun,658,661,"ưởng Đất đai, Hạ tầng và Giao thông Hong Jee-sun; và thứ Năm cho ứng viên thanh tra độc lập C",sun.
danhgia_tts.txt,danhgia_tts-004,english_or_foreign_word,cho,674,677, tầng và Giao thông Hong Jee-sun; và thứ Năm cho ứng viên thanh tra độc lập Choi Kil-su. Trướ,cho.
danhgia_tts.txt,danhgia_tts-004,english_or_foreign_word,thanh,687,692," thông Hong Jee-sun; và thứ Năm cho ứng viên thanh tra độc lập Choi Kil-su. Trước đó, ứng viên ",thanh.
danhgia_tts.txt,danhgia_tts-004,english_or_foreign_word,tra,693,696," Hong Jee-sun; và thứ Năm cho ứng viên thanh tra độc lập Choi Kil-su. Trước đó, ứng viên Bộ t",tra.
danhgia_tts.txt,danhgia_tts-004,english_or_foreign_word,Choi,705,709,"n; và thứ Năm cho ứng viên thanh tra độc lập Choi Kil-su. Trước đó, ứng viên Bộ trưởng Bình đẳ",choi.
danhgia_tts.txt,danhgia_tts-004,english_or_foreign_word,Kil,710,713," thứ Năm cho ứng viên thanh tra độc lập Choi Kil-su. Trước đó, ứng viên Bộ trưởng Bình đẳng g",kil.
danhgia_tts.txt,danhgia_tts-004,english_or_foreign_word,Yong,762,766," Trước đó, ứng viên Bộ trưởng Bình đẳng giới Yong Hye-in đã từ chức vào Chủ nhật, cho biết đản",yong.
danhgia_tts.txt,danhgia_tts-004,english_or_foreign_word,Hye,767,770,"c đó, ứng viên Bộ trưởng Bình đẳng giới Yong Hye-in đã từ chức vào Chủ nhật, cho biết đảng cầ",hye.
danhgia_tts.txt,danhgia_tts-004,english_or_foreign_word,cho,799,802,"ng giới Yong Hye-in đã từ chức vào Chủ nhật, cho biết đảng cầm quyền đã yêu cầu bà ""ra quyết ",cho.
danhgia_tts.txt,danhgia_tts-004,english_or_foreign_word,trung,936,941,Đảng cầm quyền Dân chủ chỉ trích đối lập tập trung vào cáo buộc gây sốc thay vì đánh giá năng l,trung.
danhgia_tts.txt,danhgia_tts-004,english_or_foreign_word,thay,963,967,trích đối lập tập trung vào cáo buộc gây sốc thay vì đánh giá năng lực và khẳng định sẽ bảo vệ,thay.
danhgia_tts.txt,danhgia_tts-004,english_or_foreign_word,Kim,1013,1016,vì đánh giá năng lực và khẳng định sẽ bảo vệ Kim Seung-won. Đảng Nhân dân Quyền lực kêu gọi K,kim.
danhgia_tts.txt,danhgia_tts-004,english_or_foreign_word,Seung,1017,1022,ánh giá năng lực và khẳng định sẽ bảo vệ Kim Seung-won. Đảng Nhân dân Quyền lực kêu gọi Kim Seu,seung.
danhgia_tts.txt,danhgia_tts-004,english_or_foreign_word,won,1023,1026,á năng lực và khẳng định sẽ bảo vệ Kim Seung-won. Đảng Nhân dân Quyền lực kêu gọi Kim Seung-w,won.
danhgia_tts.txt,danhgia_tts-004,english_or_foreign_word,Kim,1060,1063,m Seung-won. Đảng Nhân dân Quyền lực kêu gọi Kim Seung-won từ chức và yêu cầu Tổng thống Lee ,kim.
danhgia_tts.txt,danhgia_tts-004,english_or_foreign_word,Seung,1064,1069,ung-won. Đảng Nhân dân Quyền lực kêu gọi Kim Seung-won từ chức và yêu cầu Tổng thống Lee Jae-my,seung.
danhgia_tts.txt,danhgia_tts-004,english_or_foreign_word,won,1070,1073,n. Đảng Nhân dân Quyền lực kêu gọi Kim Seung-won từ chức và yêu cầu Tổng thống Lee Jae-myung ,won.
danhgia_tts.txt,danhgia_tts-004,english_or_foreign_word,Lee,1104,1107," Kim Seung-won từ chức và yêu cầu Tổng thống Lee Jae-myung xin lỗi và rút đề cử, cáo buộc chí",lee.
danhgia_tts.txt,danhgia_tts-004,english_or_foreign_word,Jae,1108,1111," Seung-won từ chức và yêu cầu Tổng thống Lee Jae-myung xin lỗi và rút đề cử, cáo buộc chính q",jae.
danhgia_tts.txt,danhgia_tts-004,english_or_foreign_word,myung,1112,1117,"ng-won từ chức và yêu cầu Tổng thống Lee Jae-myung xin lỗi và rút đề cử, cáo buộc chính quyền đ",myung.
danhgia_tts.txt,danhgia_tts-004,english_or_foreign_word,xin,1118,1121," từ chức và yêu cầu Tổng thống Lee Jae-myung xin lỗi và rút đề cử, cáo buộc chính quyền đang ",xin.
danhgia_tts.txt,danhgia_tts-004,english_or_foreign_word,sau,1237,1240, xóa các cáo buộc hình sự đối với tổng thống sau khi ông rời nhiệm sở. Tổng thống Lee Jae-myu,sau.
danhgia_tts.txt,danhgia_tts-004,english_or_foreign_word,khi,1241,1244, các cáo buộc hình sự đối với tổng thống sau khi ông rời nhiệm sở. Tổng thống Lee Jae-myung đ,khi.
danhgia_tts.txt,danhgia_tts-004,english_or_foreign_word,Lee,1274,1277,g thống sau khi ông rời nhiệm sở. Tổng thống Lee Jae-myung đang đối mặt áp lực khi các ứng vi,lee.
danhgia_tts.txt,danhgia_tts-004,english_or_foreign_word,Jae,1278,1281,ống sau khi ông rời nhiệm sở. Tổng thống Lee Jae-myung đang đối mặt áp lực khi các ứng viên g,jae.
danhgia_tts.txt,danhgia_tts-004,english_or_foreign_word,myung,1282,1287,sau khi ông rời nhiệm sở. Tổng thống Lee Jae-myung đang đối mặt áp lực khi các ứng viên gặp khó,myung.
danhgia_tts.txt,danhgia_tts-004,english_or_foreign_word,khi,1308,1311,Tổng thống Lee Jae-myung đang đối mặt áp lực khi các ứng viên gặp khó khăn trong quá trình xá,khi.
danhgia_tts.txt,danhgia_tts-004,english_or_foreign_word,trong,1338,1343,đối mặt áp lực khi các ứng viên gặp khó khăn trong quá trình xác nhận.,trong.
danhgia_tts.txt,danhgia_tts-005,english_or_foreign_word,Kinh,24,28,"Ngày 14 tháng 9 tại Bắc Kinh, Văn phòng Thông tin Quốc vụ viện tổ chức họ",kinh.
danhgia_tts.txt,danhgia_tts-005,english_or_foreign_word,tin,46,49,"gày 14 tháng 9 tại Bắc Kinh, Văn phòng Thông tin Quốc vụ viện tổ chức họp báo chính sách để g",tin.
danhgia_tts.txt,danhgia_tts-005,english_or_foreign_word,trong,128,133,h sách để giới thiệu công tác xử lý khó khăn trong thu hồi công nợ của doanh nghiệp vừa và nhỏ.,trong.
danhgia_tts.txt,danhgia_tts-005,english_or_foreign_word,thu,134,137, để giới thiệu công tác xử lý khó khăn trong thu hồi công nợ của doanh nghiệp vừa và nhỏ. Ngư,thu.
danhgia_tts.txt,danhgia_tts-005,english_or_foreign_word,doanh,154,159,tác xử lý khó khăn trong thu hồi công nợ của doanh nghiệp vừa và nhỏ. Người phụ trách Cục Quản ,doanh.
danhgia_tts.txt,danhgia_tts-005,english_or_foreign_word,ban,238,241,h Cục Quản lý Tài chính và Vận hành thuộc Ủy ban Quản lý và Giám sát Tài sản Nhà nước của Quố,ban.
danhgia_tts.txt,danhgia_tts-005,english_or_foreign_word,Trung,296,301,"à Giám sát Tài sản Nhà nước của Quốc vụ viện Trung Quốc, Bối Nhân Toàn, cho biết các doanh nghi",trung.
danhgia_tts.txt,danhgia_tts-005,english_or_foreign_word,cho,323,326," của Quốc vụ viện Trung Quốc, Bối Nhân Toàn, cho biết các doanh nghiệp trung ương sẽ tích cực",cho.
danhgia_tts.txt,danhgia_tts-005,english_or_foreign_word,doanh,336,341,"viện Trung Quốc, Bối Nhân Toàn, cho biết các doanh nghiệp trung ương sẽ tích cực huy động vốn đ",doanh.
danhgia_tts.txt,danhgia_tts-005,english_or_foreign_word,trung,349,354,"ốc, Bối Nhân Toàn, cho biết các doanh nghiệp trung ương sẽ tích cực huy động vốn để đảm bảo tha",trung.
danhgia_tts.txt,danhgia_tts-005,english_or_foreign_word,huy,372,375,biết các doanh nghiệp trung ương sẽ tích cực huy động vốn để đảm bảo thanh toán kịp thời cho ,huy.
danhgia_tts.txt,danhgia_tts-005,english_or_foreign_word,thanh,396,401,ung ương sẽ tích cực huy động vốn để đảm bảo thanh toán kịp thời cho doanh nghiệp vừa và nhỏ. Ô,thanh.
danhgia_tts.txt,danhgia_tts-005,english_or_foreign_word,cho,416,419, huy động vốn để đảm bảo thanh toán kịp thời cho doanh nghiệp vừa và nhỏ. Ông Bối Nhân Toàn n,cho.
danhgia_tts.txt,danhgia_tts-005,english_or_foreign_word,doanh,420,425, động vốn để đảm bảo thanh toán kịp thời cho doanh nghiệp vừa và nhỏ. Ông Bối Nhân Toàn nhấn mạ,doanh.
danhgia_tts.txt,danhgia_tts-005,english_or_foreign_word,thanh,486,491,"hỏ. Ông Bối Nhân Toàn nhấn mạnh việc ưu tiên thanh toán bằng tiền mặt, duy trì tỷ lệ thanh toán",thanh.
danhgia_tts.txt,danhgia_tts-005,english_or_foreign_word,duy,512,515," mạnh việc ưu tiên thanh toán bằng tiền mặt, duy trì tỷ lệ thanh toán tiền mặt hợp lý, nghiêm",duy.
danhgia_tts.txt,danhgia_tts-005,english_or_foreign_word,thanh,526,531,"tiên thanh toán bằng tiền mặt, duy trì tỷ lệ thanh toán tiền mặt hợp lý, nghiêm ngặt quản lý ch",thanh.
danhgia_tts.txt,danhgia_tts-005,english_or_foreign_word,ban,668,671,"6 tháng. Thông báo do Văn phòng Quốc vụ viện ban hành đề ra 10 biện pháp, yêu cầu quy định kỳ",ban.
danhgia_tts.txt,danhgia_tts-005,english_or_foreign_word,quy,705,708,"vụ viện ban hành đề ra 10 biện pháp, yêu cầu quy định kỳ hạn thanh toán hợp lý, giới hạn kỳ h",quy.
danhgia_tts.txt,danhgia_tts-005,english_or_foreign_word,thanh,721,726," đề ra 10 biện pháp, yêu cầu quy định kỳ hạn thanh toán hợp lý, giới hạn kỳ hạn thanh toán cho ",thanh.
danhgia_tts.txt,danhgia_tts-005,english_or_foreign_word,thanh,756,761,"nh kỳ hạn thanh toán hợp lý, giới hạn kỳ hạn thanh toán cho doanh nghiệp vừa và nhỏ ở mức 60 ng",thanh.
danhgia_tts.txt,danhgia_tts-005,english_or_foreign_word,cho,767,770,"hanh toán hợp lý, giới hạn kỳ hạn thanh toán cho doanh nghiệp vừa và nhỏ ở mức 60 ngày và kêu",cho.
danhgia_tts.txt,danhgia_tts-005,english_or_foreign_word,doanh,771,776," toán hợp lý, giới hạn kỳ hạn thanh toán cho doanh nghiệp vừa và nhỏ ở mức 60 ngày và kêu gọi d",doanh.
danhgia_tts.txt,danhgia_tts-005,english_or_foreign_word,doanh,820,825,h nghiệp vừa và nhỏ ở mức 60 ngày và kêu gọi doanh nghiệp dẫn đầu thực hiện cam kết thanh toán ,doanh.
danhgia_tts.txt,danhgia_tts-005,english_or_foreign_word,cam,851,854,ày và kêu gọi doanh nghiệp dẫn đầu thực hiện cam kết thanh toán trong 60 ngày. Phó bộ trưởng ,cam.
danhgia_tts.txt,danhgia_tts-005,english_or_foreign_word,thanh,859,864,u gọi doanh nghiệp dẫn đầu thực hiện cam kết thanh toán trong 60 ngày. Phó bộ trưởng Bộ Công ng,thanh.
danhgia_tts.txt,danhgia_tts-005,english_or_foreign_word,trong,870,875, nghiệp dẫn đầu thực hiện cam kết thanh toán trong 60 ngày. Phó bộ trưởng Bộ Công nghiệp và Côn,trong.
danhgia_tts.txt,danhgia_tts-005,english_or_foreign_word,tin,933,936," bộ trưởng Bộ Công nghiệp và Công nghệ Thông tin Trung Quốc, Ke Jixin, nêu ra biện pháp hoàn ",tin.
danhgia_tts.txt,danhgia_tts-005,english_or_foreign_word,Trung,937,942,"trưởng Bộ Công nghiệp và Công nghệ Thông tin Trung Quốc, Ke Jixin, nêu ra biện pháp hoàn thiện ",trung.
danhgia_tts.txt,danhgia_tts-005,english_or_foreign_word,Jixin,952,957,"nghiệp và Công nghệ Thông tin Trung Quốc, Ke Jixin, nêu ra biện pháp hoàn thiện quy tắc thanh t",jixin.
danhgia_tts.txt,danhgia_tts-005,english_or_foreign_word,quy,987,990," Quốc, Ke Jixin, nêu ra biện pháp hoàn thiện quy tắc thanh toán ngành, yêu cầu phân ngành xác",quy.
danhgia_tts.txt,danhgia_tts-005,english_or_foreign_word,thanh,995,1000,"e Jixin, nêu ra biện pháp hoàn thiện quy tắc thanh toán ngành, yêu cầu phân ngành xác định kỳ h",thanh.
danhgia_tts.txt,danhgia_tts-005,english_or_foreign_word,thanh,1048,1053,"án ngành, yêu cầu phân ngành xác định kỳ hạn thanh toán hợp lý và ban hành quy định thanh toán ",thanh.
danhgia_tts.txt,danhgia_tts-005,english_or_foreign_word,ban,1069,1072,n ngành xác định kỳ hạn thanh toán hợp lý và ban hành quy định thanh toán phù hợp với thực tế,ban.
danhgia_tts.txt,danhgia_tts-005,english_or_foreign_word,quy,1078,1081,ác định kỳ hạn thanh toán hợp lý và ban hành quy định thanh toán phù hợp với thực tế ngành. Ô,quy.
danhgia_tts.txt,danhgia_tts-005,english_or_foreign_word,thanh,1087,1092,ỳ hạn thanh toán hợp lý và ban hành quy định thanh toán phù hợp với thực tế ngành. Ông Ke Jixin,thanh.
danhgia_tts.txt,danhgia_tts-005,english_or_foreign_word,Jixin,1132,1137,"thanh toán phù hợp với thực tế ngành. Ông Ke Jixin cũng đề xuất làm rõ ""bốn yếu tố then chốt củ",jixin.
danhgia_tts.txt,danhgia_tts-005,english_or_foreign_word,then,1170,1174,"Ông Ke Jixin cũng đề xuất làm rõ ""bốn yếu tố then chốt của việc thanh toán"" và phát động sáng ",then.
danhgia_tts.txt,danhgia_tts-005,english_or_foreign_word,thanh,1189,1194,"ề xuất làm rõ ""bốn yếu tố then chốt của việc thanh toán"" và phát động sáng kiến các doanh nghiệ",thanh.
danhgia_tts.txt,danhgia_tts-005,english_or_foreign_word,doanh,1228,1233," việc thanh toán"" và phát động sáng kiến các doanh nghiệp lớn thanh toán kịp thời, đồng thời ch",doanh.
danhgia_tts.txt,danhgia_tts-005,english_or_foreign_word,thanh,1245,1250," và phát động sáng kiến các doanh nghiệp lớn thanh toán kịp thời, đồng thời cho biết theo khảo ",thanh.
danhgia_tts.txt,danhgia_tts-005,english_or_foreign_word,cho,1276,1279,"nh nghiệp lớn thanh toán kịp thời, đồng thời cho biết theo khảo sát ngành kỳ hạn thanh toán t",cho.
danhgia_tts.txt,danhgia_tts-005,english_or_foreign_word,theo,1285,1289," lớn thanh toán kịp thời, đồng thời cho biết theo khảo sát ngành kỳ hạn thanh toán trung bình ",theo.
danhgia_tts.txt,danhgia_tts-005,english_or_foreign_word,thanh,1312,1317,ồng thời cho biết theo khảo sát ngành kỳ hạn thanh toán trung bình của các doanh nghiệp ô tô tr,thanh.
danhgia_tts.txt,danhgia_tts-005,english_or_foreign_word,trung,1323,1328,o biết theo khảo sát ngành kỳ hạn thanh toán trung bình của các doanh nghiệp ô tô trọng điểm đã,trung.
danhgia_tts.txt,danhgia_tts-005,english_or_foreign_word,doanh,1342,1347,t ngành kỳ hạn thanh toán trung bình của các doanh nghiệp ô tô trọng điểm đã được cải thiện và ,doanh.
danhgia_tts.txt,danhgia_tts-005,english_or_foreign_word,thanh,1398,1403,p ô tô trọng điểm đã được cải thiện và tỷ lệ thanh toán bằng chứng từ điện tử giảm rõ rệt. Bộ C,thanh.
danhgia_tts.txt,danhgia_tts-005,english_or_foreign_word,tin,1478,1481,ảm rõ rệt. Bộ Công nghiệp và Công nghệ Thông tin cùng Tổng cục Quản lý Thị trường đã ban hành,tin.
danhgia_tts.txt,danhgia_tts-005,english_or_foreign_word,ban,1518,1521,hông tin cùng Tổng cục Quản lý Thị trường đã ban hành thông báo về việc thúc đẩy doanh nghiệp,ban.
danhgia_tts.txt,danhgia_tts-005,english_or_foreign_word,doanh,1554,1559,rường đã ban hành thông báo về việc thúc đẩy doanh nghiệp ô tô quy phạm thanh toán cho nhà cung,doanh.
danhgia_tts.txt,danhgia_tts-005,english_or_foreign_word,quy,1572,1575,"thông báo về việc thúc đẩy doanh nghiệp ô tô quy phạm thanh toán cho nhà cung cấp, làm rõ yêu",quy.
danhgia_tts.txt,danhgia_tts-005,english_or_foreign_word,thanh,1581,1586," về việc thúc đẩy doanh nghiệp ô tô quy phạm thanh toán cho nhà cung cấp, làm rõ yêu cầu về thờ",thanh.
danhgia_tts.txt,danhgia_tts-005,english_or_foreign_word,cho,1592,1595,"úc đẩy doanh nghiệp ô tô quy phạm thanh toán cho nhà cung cấp, làm rõ yêu cầu về thời điểm bắ",cho.
danhgia_tts.txt,danhgia_tts-005,english_or_foreign_word,cung,1600,1604,"oanh nghiệp ô tô quy phạm thanh toán cho nhà cung cấp, làm rõ yêu cầu về thời điểm bắt đầu kỳ ",cung.
danhgia_tts.txt,danhgia_tts-005,english_or_foreign_word,thu,1661,1664," yêu cầu về thời điểm bắt đầu kỳ hạn, nghiệm thu và thanh toán, thiết lập cơ chế giám sát, ki",thu.
danhgia_tts.txt,danhgia_tts-005,english_or_foreign_word,thanh,1668,1673,"u về thời điểm bắt đầu kỳ hạn, nghiệm thu và thanh toán, thiết lập cơ chế giám sát, kiểm tra đị",thanh.
danhgia_tts.txt,danhgia_tts-005,english_or_foreign_word,tra,1712,1715," thanh toán, thiết lập cơ chế giám sát, kiểm tra định kỳ và sẽ tăng cường giám sát liên ngành",tra.
danhgia_tts.txt,danhgia_tts-005,english_or_foreign_word,doanh,1772,1777,"sẽ tăng cường giám sát liên ngành để yêu cầu doanh nghiệp có quy mô nợ phải trả lớn, cố ý kéo d",doanh.
danhgia_tts.txt,danhgia_tts-005,english_or_foreign_word,quy,1788,1791,"ám sát liên ngành để yêu cầu doanh nghiệp có quy mô nợ phải trả lớn, cố ý kéo dài kỳ hạn hoặc",quy.
danhgia_tts.txt,danhgia_tts-005,number,14,5,7,"Ngày 14 tháng 9 tại Bắc Kinh, Văn phòng Thông tin Qu",mười bốn.
danhgia_tts.txt,danhgia_tts-005,number,9,14,15,"Ngày 14 tháng 9 tại Bắc Kinh, Văn phòng Thông tin Quốc vụ vi",chín.
danhgia_tts.txt,danhgia_tts-005,number,6,623,624,g từ và cấm mở chứng từ mới có thời hạn trên 6 tháng. Thông báo do Văn phòng Quốc vụ viện b,sáu.
danhgia_tts.txt,danhgia_tts-005,number,10,683,685,"báo do Văn phòng Quốc vụ viện ban hành đề ra 10 biện pháp, yêu cầu quy định kỳ hạn thanh toá",mười.
danhgia_tts.txt,danhgia_tts-005,number,60,801,803,thanh toán cho doanh nghiệp vừa và nhỏ ở mức 60 ngày và kêu gọi doanh nghiệp dẫn đầu thực hi,sáu mươi.
danhgia_tts.txt,danhgia_tts-005,number,60,876,878,p dẫn đầu thực hiện cam kết thanh toán trong 60 ngày. Phó bộ trưởng Bộ Công nghiệp và Công n,sáu mươi.
danhgia_tts.txt,danhgia_tts-006,percentage,100%,564,568,"ng Joe Biden của Hoa Kỳ, cho phép người nhận 100% hỗ trợ từ chính phủ không bị coi là public c",một trăm phần trăm.
danhgia_tts.txt,danhgia_tts-006,english_or_foreign_word,Zohran,11,17,Thị trưởng Zohran Mamdani và Tổng chưởng lý bang Tish James củ,zohran.
danhgia_tts.txt,danhgia_tts-006,english_or_foreign_word,Mamdani,18,25,Thị trưởng Zohran Mamdani và Tổng chưởng lý bang Tish James của Hoa Kỳ,mamdani.
danhgia_tts.txt,danhgia_tts-006,english_or_foreign_word,bang,44,48,Thị trưởng Zohran Mamdani và Tổng chưởng lý bang Tish James của Hoa Kỳ cùng 21 tổng chưởng lý,bang.
danhgia_tts.txt,danhgia_tts-006,english_or_foreign_word,Tish,49,53,trưởng Zohran Mamdani và Tổng chưởng lý bang Tish James của Hoa Kỳ cùng 21 tổng chưởng lý bang,tish.
danhgia_tts.txt,danhgia_tts-006,english_or_foreign_word,James,54,59,g Zohran Mamdani và Tổng chưởng lý bang Tish James của Hoa Kỳ cùng 21 tổng chưởng lý bang khác ,james.
danhgia_tts.txt,danhgia_tts-006,english_or_foreign_word,Hoa,64,67,amdani và Tổng chưởng lý bang Tish James của Hoa Kỳ cùng 21 tổng chưởng lý bang khác đang kiệ,hoa.
danhgia_tts.txt,danhgia_tts-006,english_or_foreign_word,bang,94,98,Tish James của Hoa Kỳ cùng 21 tổng chưởng lý bang khác đang kiện chính quyền Tổng thống Donald,bang.
danhgia_tts.txt,danhgia_tts-006,english_or_foreign_word,Donald,137,143,ý bang khác đang kiện chính quyền Tổng thống Donald J. Trump của Hoa Kỳ về việc siết chặt quy đị,donald.
danhgia_tts.txt,danhgia_tts-006,english_or_foreign_word,Trump,147,152,"c đang kiện chính quyền Tổng thống Donald J. Trump của Hoa Kỳ về việc siết chặt quy định ""publi",trump.
danhgia_tts.txt,danhgia_tts-006,english_or_foreign_word,Hoa,157,160,"n chính quyền Tổng thống Donald J. Trump của Hoa Kỳ về việc siết chặt quy định ""public charge",hoa.
danhgia_tts.txt,danhgia_tts-006,english_or_foreign_word,quy,182,185,"Donald J. Trump của Hoa Kỳ về việc siết chặt quy định ""public charge"". Bài báo cho rằng quy đ",quy.
danhgia_tts.txt,danhgia_tts-006,english_or_foreign_word,public,192,198,"Trump của Hoa Kỳ về việc siết chặt quy định ""public charge"". Bài báo cho rằng quy định này yêu c",public.
danhgia_tts.txt,danhgia_tts-006,english_or_foreign_word,charge,199,205,"ủa Hoa Kỳ về việc siết chặt quy định ""public charge"". Bài báo cho rằng quy định này yêu cầu ngườ",charge.
danhgia_tts.txt,danhgia_tts-006,english_or_foreign_word,cho,216,219," siết chặt quy định ""public charge"". Bài báo cho rằng quy định này yêu cầu người nhập cư mới ",cho.
danhgia_tts.txt,danhgia_tts-006,english_or_foreign_word,quy,225,228,"t quy định ""public charge"". Bài báo cho rằng quy định này yêu cầu người nhập cư mới không đượ",quy.
danhgia_tts.txt,danhgia_tts-006,english_or_foreign_word,Ellis,339,344,"chủ yếu"" vào chính phủ, và trích dẫn lịch sử Ellis Island những năm 1880 để phản bác việc chính",ellis.
danhgia_tts.txt,danhgia_tts-006,english_or_foreign_word,Island,345,351,"u"" vào chính phủ, và trích dẫn lịch sử Ellis Island những năm 1880 để phản bác việc chính quyền ",island.
danhgia_tts.txt,danhgia_tts-006,english_or_foreign_word,Trump,396,401, những năm 1880 để phản bác việc chính quyền Trump thay đổi truyền thống đó. Tác giả cáo buộc c,trump.
danhgia_tts.txt,danhgia_tts-006,english_or_foreign_word,thay,402,406, năm 1880 để phản bác việc chính quyền Trump thay đổi truyền thống đó. Tác giả cáo buộc các nh,thay.
danhgia_tts.txt,danhgia_tts-006,english_or_foreign_word,dependency,489,499," các nhà lãnh đạo Dân chủ đã định nghĩa lại ""dependency"" dưới thời Tổng thống Joe Biden của Hoa Kỳ, ",dependency.
danhgia_tts.txt,danhgia_tts-006,english_or_foreign_word,Joe,522,525," nghĩa lại ""dependency"" dưới thời Tổng thống Joe Biden của Hoa Kỳ, cho phép người nhận 100% h",joe.
danhgia_tts.txt,danhgia_tts-006,english_or_foreign_word,Biden,526,531,"ĩa lại ""dependency"" dưới thời Tổng thống Joe Biden của Hoa Kỳ, cho phép người nhận 100% hỗ trợ ",biden.
danhgia_tts.txt,danhgia_tts-006,english_or_foreign_word,Hoa,536,539,"pendency"" dưới thời Tổng thống Joe Biden của Hoa Kỳ, cho phép người nhận 100% hỗ trợ từ chính",hoa.
danhgia_tts.txt,danhgia_tts-006,english_or_foreign_word,cho,544,547,""" dưới thời Tổng thống Joe Biden của Hoa Kỳ, cho phép người nhận 100% hỗ trợ từ chính phủ khô",cho.
danhgia_tts.txt,danhgia_tts-006,english_or_foreign_word,coi,598,601,người nhận 100% hỗ trợ từ chính phủ không bị coi là public charge. Bài viết kết luận rằng việ,coi.
danhgia_tts.txt,danhgia_tts-006,english_or_foreign_word,public,605,611,hận 100% hỗ trợ từ chính phủ không bị coi là public charge. Bài viết kết luận rằng việc cho phép,public.
danhgia_tts.txt,danhgia_tts-006,english_or_foreign_word,charge,612,618,% hỗ trợ từ chính phủ không bị coi là public charge. Bài viết kết luận rằng việc cho phép nhập c,charge.
danhgia_tts.txt,danhgia_tts-006,english_or_foreign_word,cho,648,651,à public charge. Bài viết kết luận rằng việc cho phép nhập cư để tiếp cận các chương trình ph,cho.
danhgia_tts.txt,danhgia_tts-006,english_or_foreign_word,sai,706,709, cư để tiếp cận các chương trình phúc lợi là sai trái và phản ánh tư tưởng cực đoan.,sai.
danhgia_tts.txt,danhgia_tts-006,number,21,76,78,ng chưởng lý bang Tish James của Hoa Kỳ cùng 21 tổng chưởng lý bang khác đang kiện chính quy,hai mươi mốt.
danhgia_tts.txt,danhgia_tts-006,number,1880,362,366, và trích dẫn lịch sử Ellis Island những năm 1880 để phản bác việc chính quyền Trump thay đổi ,một nghìn tám trăm tám mươi.
danhgia_tts.txt,danhgia_tts-006,number,100,564,567,"ng Joe Biden của Hoa Kỳ, cho phép người nhận 100% hỗ trợ từ chính phủ không bị coi là public ",một trăm.
danhgia_tts.txt,danhgia_tts-007,slash_expression,9/2024,753,759,Trung Quốc đã đưa vào khung an toàn AI tháng 9/2024 kịch bản mất kiểm soát và mở rộng khung này ,tháng chín năm hai nghìn không trăm hai mươi bốn.
danhgia_tts.txt,danhgia_tts-007,slash_expression,9/2025,810,816,"bản mất kiểm soát và mở rộng khung này tháng 9/2025, đồng thời áp dụng nguyên tắc ""ứng dụng đáng",tháng chín năm hai nghìn không trăm hai mươi lăm.
danhgia_tts.txt,danhgia_tts-007,hyphen_expression,GPT-5,355,360,tiên tiến của Mỹ như Mythos của Anthropic và GPT-5.5-Cyber của OpenAI có thể đe dọa cơ sở hạ tầ,<en>g p t</en> năm.
danhgia_tts.txt,danhgia_tts-007,hyphen_expression,5-Cyber,361,368,iến của Mỹ như Mythos của Anthropic và GPT-5.5-Cyber của OpenAI có thể đe dọa cơ sở hạ tầng thông,năm cyber.
danhgia_tts.txt,danhgia_tts-007,decimal,5.5,359,362, tiến của Mỹ như Mythos của Anthropic và GPT-5.5-Cyber của OpenAI có thể đe dọa cơ sở hạ tầng,năm chấm năm.
danhgia_tts.txt,danhgia_tts-007,acronym,AI,66,68,i Anthropic của Mỹ cảnh báo rằng các mô hình AI ngày càng mạnh có thể thoát khỏi kiểm soát c,ai.
danhgia_tts.txt,danhgia_tts-007,acronym,GPT,355,358,tiên tiến của Mỹ như Mythos của Anthropic và GPT-5.5-Cyber của OpenAI có thể đe dọa cơ sở hạ ,gpt.
danhgia_tts.txt,danhgia_tts-007,acronym,AI,474,476,của Trung Quốc và kêu gọi tăng cường an ninh AI. Ông Trần Nhất Tân cũng cảnh báo về rủi ro a,ai.
danhgia_tts.txt,danhgia_tts-007,acronym,AI,585,587," rỉ dữ liệu, tấn công mạng, deepfake và việc AI có thể được lợi dụng để tiến hành chiến tran",ai.
danhgia_tts.txt,danhgia_tts-007,acronym,AI,744,746,ian mạng Trung Quốc đã đưa vào khung an toàn AI tháng 9/2024 kịch bản mất kiểm soát và mở rộ,ai.
danhgia_tts.txt,danhgia_tts-007,acronym,AI,1030,1032,"n thiệp và phục hồi hành vi sai của tác nhân AI, cho phép đánh giá an toàn độc lập và kiểm t",ai.
danhgia_tts.txt,danhgia_tts-007,acronym,AI,1152,1154,hủ tịch Trung Quốc Tập Cận Bình tại Hội nghị AI Thế giới ở Thượng Hải tháng 7 nhấn mạnh AI p,ai.
danhgia_tts.txt,danhgia_tts-007,acronym,AI,1195,1197,ị AI Thế giới ở Thượng Hải tháng 7 nhấn mạnh AI phải luôn nằm dưới kiểm soát của con người. ,ai.
danhgia_tts.txt,danhgia_tts-007,acronym,AI,1304,1306,"chuyên gia Trung Quốc kêu gọi thận trọng với AI quân sự, thúc đẩy mô hình trọng lượng mở để ",ai.
danhgia_tts.txt,danhgia_tts-007,english_or_foreign_word,Anthropic,23,32,Các nhà nghiên cứu tại Anthropic của Mỹ cảnh báo rằng các mô hình AI ngày càn,anthropic.
danhgia_tts.txt,danhgia_tts-007,english_or_foreign_word,con,116,119,"ày càng mạnh có thể thoát khỏi kiểm soát của con người và thậm chí dẫn tới tuyệt chủng, cảnh ",con.
danhgia_tts.txt,danhgia_tts-007,english_or_foreign_word,thu,175,178,"hậm chí dẫn tới tuyệt chủng, cảnh báo này đã thu hút sự chú ý ở Trung Quốc. Bộ trưởng An ninh",thu.
danhgia_tts.txt,danhgia_tts-007,english_or_foreign_word,Trung,194,199,"ệt chủng, cảnh báo này đã thu hút sự chú ý ở Trung Quốc. Bộ trưởng An ninh Nhà nước Trung Quốc ",trung.
danhgia_tts.txt,danhgia_tts-007,english_or_foreign_word,ninh,219,223, thu hút sự chú ý ở Trung Quốc. Bộ trưởng An ninh Nhà nước Trung Quốc Trần Nhất Tân viết trên ,ninh.
danhgia_tts.txt,danhgia_tts-007,english_or_foreign_word,Trung,233,238,ú ý ở Trung Quốc. Bộ trưởng An ninh Nhà nước Trung Quốc Trần Nhất Tân viết trên tạp chí China C,trung.
danhgia_tts.txt,danhgia_tts-007,english_or_foreign_word,China,276,281,c Trung Quốc Trần Nhất Tân viết trên tạp chí China Cyberspace rằng các mô hình tiên tiến của Mỹ,china.
danhgia_tts.txt,danhgia_tts-007,english_or_foreign_word,Cyberspace,282,292,g Quốc Trần Nhất Tân viết trên tạp chí China Cyberspace rằng các mô hình tiên tiến của Mỹ như Mythos,cyberspace.
danhgia_tts.txt,danhgia_tts-007,english_or_foreign_word,Mythos,331,337,rspace rằng các mô hình tiên tiến của Mỹ như Mythos của Anthropic và GPT-5.5-Cyber của OpenAI có,mythos.
danhgia_tts.txt,danhgia_tts-007,english_or_foreign_word,Anthropic,342,351, các mô hình tiên tiến của Mỹ như Mythos của Anthropic và GPT-5.5-Cyber của OpenAI có thể đe dọa cơ,anthropic.
danhgia_tts.txt,danhgia_tts-007,english_or_foreign_word,GPT,355,358,tiên tiến của Mỹ như Mythos của Anthropic và GPT-5.5-Cyber của OpenAI có thể đe dọa cơ sở hạ ,gpt.
danhgia_tts.txt,danhgia_tts-007,english_or_foreign_word,Cyber,363,368,n của Mỹ như Mythos của Anthropic và GPT-5.5-Cyber của OpenAI có thể đe dọa cơ sở hạ tầng thông,cyber.
danhgia_tts.txt,danhgia_tts-007,english_or_foreign_word,OpenAI,373,379,hư Mythos của Anthropic và GPT-5.5-Cyber của OpenAI có thể đe dọa cơ sở hạ tầng thông tin quan t,open <en>a i</en>.
danhgia_tts.txt,danhgia_tts-007,english_or_foreign_word,tin,414,417,của OpenAI có thể đe dọa cơ sở hạ tầng thông tin quan trọng của Trung Quốc và kêu gọi tăng cư,tin.
danhgia_tts.txt,danhgia_tts-007,english_or_foreign_word,quan,418,422,OpenAI có thể đe dọa cơ sở hạ tầng thông tin quan trọng của Trung Quốc và kêu gọi tăng cường a,quan.
danhgia_tts.txt,danhgia_tts-007,english_or_foreign_word,Trung,433,438,e dọa cơ sở hạ tầng thông tin quan trọng của Trung Quốc và kêu gọi tăng cường an ninh AI. Ông T,trung.
danhgia_tts.txt,danhgia_tts-007,english_or_foreign_word,ninh,469,473,rọng của Trung Quốc và kêu gọi tăng cường an ninh AI. Ông Trần Nhất Tân cũng cảnh báo về rủi r,ninh.
danhgia_tts.txt,danhgia_tts-007,english_or_foreign_word,ninh,523,527,"Ông Trần Nhất Tân cũng cảnh báo về rủi ro an ninh tư tưởng, rò rỉ dữ liệu, tấn công mạng, deep",ninh.
danhgia_tts.txt,danhgia_tts-007,english_or_foreign_word,deepfake,568,576,"ninh tư tưởng, rò rỉ dữ liệu, tấn công mạng, deepfake và việc AI có thể được lợi dụng để tiến hành",deepfake.
danhgia_tts.txt,danhgia_tts-007,english_or_foreign_word,tranh,628,633,c AI có thể được lợi dụng để tiến hành chiến tranh nhận thức và thu thập thông tin nhạy cảm. Cơ,tranh.
danhgia_tts.txt,danhgia_tts-007,english_or_foreign_word,thu,647,650,i dụng để tiến hành chiến tranh nhận thức và thu thập thông tin nhạy cảm. Cơ quan Quản lý Khô,thu.
danhgia_tts.txt,danhgia_tts-007,english_or_foreign_word,tin,662,665,hành chiến tranh nhận thức và thu thập thông tin nhạy cảm. Cơ quan Quản lý Không gian mạng Tr,tin.
danhgia_tts.txt,danhgia_tts-007,english_or_foreign_word,quan,679,683,nhận thức và thu thập thông tin nhạy cảm. Cơ quan Quản lý Không gian mạng Trung Quốc đã đưa và,quan.
danhgia_tts.txt,danhgia_tts-007,english_or_foreign_word,gian,698,702,ập thông tin nhạy cảm. Cơ quan Quản lý Không gian mạng Trung Quốc đã đưa vào khung an toàn AI ,gian.
danhgia_tts.txt,danhgia_tts-007,english_or_foreign_word,Trung,708,713,in nhạy cảm. Cơ quan Quản lý Không gian mạng Trung Quốc đã đưa vào khung an toàn AI tháng 9/202,trung.
danhgia_tts.txt,danhgia_tts-007,english_or_foreign_word,khung,730,735,uản lý Không gian mạng Trung Quốc đã đưa vào khung an toàn AI tháng 9/2024 kịch bản mất kiểm so,khung.
danhgia_tts.txt,danhgia_tts-007,english_or_foreign_word,khung,794,799,"áng 9/2024 kịch bản mất kiểm soát và mở rộng khung này tháng 9/2025, đồng thời áp dụng nguyên t",khung.
danhgia_tts.txt,danhgia_tts-007,english_or_foreign_word,tin,862,865," đồng thời áp dụng nguyên tắc ""ứng dụng đáng tin cậy, ngăn mất kiểm soát"". Trung Quốc ban hàn",tin.
danhgia_tts.txt,danhgia_tts-007,english_or_foreign_word,Trung,892,897,"""ứng dụng đáng tin cậy, ngăn mất kiểm soát"". Trung Quốc ban hành hướng dẫn tháng 5 yêu cầu nhà ",trung.
danhgia_tts.txt,danhgia_tts-007,english_or_foreign_word,ban,903,906,"áng tin cậy, ngăn mất kiểm soát"". Trung Quốc ban hành hướng dẫn tháng 5 yêu cầu nhà phát triể",ban.
danhgia_tts.txt,danhgia_tts-007,english_or_foreign_word,can,983,986,"nhà phát triển cải thiện khả năng phát hiện, can thiệp và phục hồi hành vi sai của tác nhân A",can.
danhgia_tts.txt,danhgia_tts-007,english_or_foreign_word,sai,1013,1016,"ăng phát hiện, can thiệp và phục hồi hành vi sai của tác nhân AI, cho phép đánh giá an toàn đ",sai.
danhgia_tts.txt,danhgia_tts-007,english_or_foreign_word,cho,1034,1037,"iệp và phục hồi hành vi sai của tác nhân AI, cho phép đánh giá an toàn độc lập và kiểm toán m",cho.
danhgia_tts.txt,danhgia_tts-007,english_or_foreign_word,Trung,1115,1120," kiểm toán mô hình mở. Tổng bí thư, Chủ tịch Trung Quốc Tập Cận Bình tại Hội nghị AI Thế giới ở",trung.
danhgia_tts.txt,danhgia_tts-007,english_or_foreign_word,con,1231,1234,hấn mạnh AI phải luôn nằm dưới kiểm soát của con người. Các quan chức và chuyên gia Trung Quố,con.
danhgia_tts.txt,danhgia_tts-007,english_or_foreign_word,quan,1246,1250,i luôn nằm dưới kiểm soát của con người. Các quan chức và chuyên gia Trung Quốc kêu gọi thận t,quan.
danhgia_tts.txt,danhgia_tts-007,english_or_foreign_word,gia,1266,1269, soát của con người. Các quan chức và chuyên gia Trung Quốc kêu gọi thận trọng với AI quân sự,gia.
danhgia_tts.txt,danhgia_tts-007,english_or_foreign_word,Trung,1270,1275,"t của con người. Các quan chức và chuyên gia Trung Quốc kêu gọi thận trọng với AI quân sự, thúc",trung.
danhgia_tts.txt,danhgia_tts-007,english_or_foreign_word,tra,1356,1359," sự, thúc đẩy mô hình trọng lượng mở để kiểm tra an ninh nhưng cũng cảnh báo rủi ro khi các m",tra.
danhgia_tts.txt,danhgia_tts-007,english_or_foreign_word,ninh,1363,1367,úc đẩy mô hình trọng lượng mở để kiểm tra an ninh nhưng cũng cảnh báo rủi ro khi các mô hình n,ninh.
danhgia_tts.txt,danhgia_tts-007,english_or_foreign_word,khi,1395,1398, kiểm tra an ninh nhưng cũng cảnh báo rủi ro khi các mô hình này có thể bị sửa đổi và phân ph,khi.
danhgia_tts.txt,danhgia_tts-007,number,5.5,359,362, tiến của Mỹ như Mythos của Anthropic và GPT-5.5-Cyber của OpenAI có thể đe dọa cơ sở hạ tầng,năm chấm năm.
danhgia_tts.txt,danhgia_tts-007,number,9,753,754,Trung Quốc đã đưa vào khung an toàn AI tháng 9/2024 kịch bản mất kiểm soát và mở rộng khung,chín.
danhgia_tts.txt,danhgia_tts-007,number,2024,755,759,ung Quốc đã đưa vào khung an toàn AI tháng 9/2024 kịch bản mất kiểm soát và mở rộng khung này ,hai nghìn không trăm hai mươi bốn.
danhgia_tts.txt,danhgia_tts-007,number,9,810,811,"bản mất kiểm soát và mở rộng khung này tháng 9/2025, đồng thời áp dụng nguyên tắc ""ứng dụng",chín.
danhgia_tts.txt,danhgia_tts-007,number,2025,812,816,"n mất kiểm soát và mở rộng khung này tháng 9/2025, đồng thời áp dụng nguyên tắc ""ứng dụng đáng",hai nghìn không trăm hai mươi lăm.
danhgia_tts.txt,danhgia_tts-007,number,5,928,929,"m soát"". Trung Quốc ban hành hướng dẫn tháng 5 yêu cầu nhà phát triển cải thiện khả năng ph",năm.
danhgia_tts.txt,danhgia_tts-007,number,7,1183,1184, tại Hội nghị AI Thế giới ở Thượng Hải tháng 7 nhấn mạnh AI phải luôn nằm dưới kiểm soát củ,bảy.
danhgia_tts.txt,danhgia_tts-008,english_or_foreign_word,cao,11,14,Tòa án Tối cao Hoa Kỳ hôm thứ Hai bác yêu cầu của Tổng thốn,cao.
danhgia_tts.txt,danhgia_tts-008,english_or_foreign_word,Hoa,15,18,Tòa án Tối cao Hoa Kỳ hôm thứ Hai bác yêu cầu của Tổng thống Do,hoa.
danhgia_tts.txt,danhgia_tts-008,english_or_foreign_word,Hai,30,33,Tòa án Tối cao Hoa Kỳ hôm thứ Hai bác yêu cầu của Tổng thống Donald J. Trump n,hai.
danhgia_tts.txt,danhgia_tts-008,english_or_foreign_word,Donald,61,67,oa Kỳ hôm thứ Hai bác yêu cầu của Tổng thống Donald J. Trump nhằm hạn chế phiếu bầu qua thư trướ,donald.
danhgia_tts.txt,danhgia_tts-008,english_or_foreign_word,Trump,71,76,thứ Hai bác yêu cầu của Tổng thống Donald J. Trump nhằm hạn chế phiếu bầu qua thư trước cuộc bầ,trump.
danhgia_tts.txt,danhgia_tts-008,english_or_foreign_word,qua,100,103,thống Donald J. Trump nhằm hạn chế phiếu bầu qua thư trước cuộc bầu cử giữa nhiệm kỳ tháng 11,qua.
danhgia_tts.txt,danhgia_tts-008,english_or_foreign_word,cho,161,164,ộc bầu cử giữa nhiệm kỳ tháng 11. Phán quyết cho phép các bang tiếp tục gửi phiếu bầu qua thư,cho.
danhgia_tts.txt,danhgia_tts-008,english_or_foreign_word,bang,174,178,a nhiệm kỳ tháng 11. Phán quyết cho phép các bang tiếp tục gửi phiếu bầu qua thư theo quy trìn,bang.
danhgia_tts.txt,danhgia_tts-008,english_or_foreign_word,qua,202,205,"yết cho phép các bang tiếp tục gửi phiếu bầu qua thư theo quy trình cũ, trong khi chính quyền",qua.
danhgia_tts.txt,danhgia_tts-008,english_or_foreign_word,theo,210,214,"phép các bang tiếp tục gửi phiếu bầu qua thư theo quy trình cũ, trong khi chính quyền Trump yê",theo.
danhgia_tts.txt,danhgia_tts-008,english_or_foreign_word,quy,215,218,"các bang tiếp tục gửi phiếu bầu qua thư theo quy trình cũ, trong khi chính quyền Trump yêu cầ",quy.
danhgia_tts.txt,danhgia_tts-008,english_or_foreign_word,trong,229,234,"tục gửi phiếu bầu qua thư theo quy trình cũ, trong khi chính quyền Trump yêu cầu các bang dùng ",trong.
danhgia_tts.txt,danhgia_tts-008,english_or_foreign_word,khi,235,238,"i phiếu bầu qua thư theo quy trình cũ, trong khi chính quyền Trump yêu cầu các bang dùng phon",khi.
danhgia_tts.txt,danhgia_tts-008,english_or_foreign_word,Trump,251,256,"thư theo quy trình cũ, trong khi chính quyền Trump yêu cầu các bang dùng phong bì thống nhất và",trump.
danhgia_tts.txt,danhgia_tts-008,english_or_foreign_word,bang,269,273," cũ, trong khi chính quyền Trump yêu cầu các bang dùng phong bì thống nhất và nộp danh sách cử",bang.
danhgia_tts.txt,danhgia_tts-008,english_or_foreign_word,phong,279,284, khi chính quyền Trump yêu cầu các bang dùng phong bì thống nhất và nộp danh sách cử tri lên cổ,phong.
danhgia_tts.txt,danhgia_tts-008,english_or_foreign_word,danh,306,310,cầu các bang dùng phong bì thống nhất và nộp danh sách cử tri lên cổng trực tuyến để Dịch vụ B,danh.
danhgia_tts.txt,danhgia_tts-008,english_or_foreign_word,tri,319,322,dùng phong bì thống nhất và nộp danh sách cử tri lên cổng trực tuyến để Dịch vụ Bưu chính có ,tri.
danhgia_tts.txt,danhgia_tts-008,english_or_foreign_word,giao,379,383,ực tuyến để Dịch vụ Bưu chính có thể từ chối giao phiếu nếu không tuân thủ. Thẩm phán Samuel A,giao.
danhgia_tts.txt,danhgia_tts-008,english_or_foreign_word,Samuel,420,426,"hối giao phiếu nếu không tuân thủ. Thẩm phán Samuel A. Alito, Jr. và Clarence Thomas phản đối, c",samuel.
danhgia_tts.txt,danhgia_tts-008,english_or_foreign_word,Alito,430,435,"hiếu nếu không tuân thủ. Thẩm phán Samuel A. Alito, Jr. và Clarence Thomas phản đối, còn Thẩm p",alito.
danhgia_tts.txt,danhgia_tts-008,english_or_foreign_word,Clarence,444,452," tuân thủ. Thẩm phán Samuel A. Alito, Jr. và Clarence Thomas phản đối, còn Thẩm phán Brett M. Kava",clarence.
danhgia_tts.txt,danhgia_tts-008,english_or_foreign_word,Thomas,453,459,". Thẩm phán Samuel A. Alito, Jr. và Clarence Thomas phản đối, còn Thẩm phán Brett M. Kavanaugh đ",thomas.
danhgia_tts.txt,danhgia_tts-008,english_or_foreign_word,Brett,484,489,". và Clarence Thomas phản đối, còn Thẩm phán Brett M. Kavanaugh đồng ý không áp dụng hạn chế ch",brett.
danhgia_tts.txt,danhgia_tts-008,english_or_foreign_word,Kavanaugh,493,502,"ence Thomas phản đối, còn Thẩm phán Brett M. Kavanaugh đồng ý không áp dụng hạn chế cho cuộc bầu cử",kavanaugh.
danhgia_tts.txt,danhgia_tts-008,english_or_foreign_word,cho,532,535,tt M. Kavanaugh đồng ý không áp dụng hạn chế cho cuộc bầu cử giữa nhiệm kỳ nhưng để ngỏ khả n,cho.
danhgia_tts.txt,danhgia_tts-008,english_or_foreign_word,sau,603,606, kỳ nhưng để ngỏ khả năng ủng hộ chính quyền sau này. Các quan chức bang thuộc đảng Dân chủ v,sau.
danhgia_tts.txt,danhgia_tts-008,english_or_foreign_word,quan,616,620,ngỏ khả năng ủng hộ chính quyền sau này. Các quan chức bang thuộc đảng Dân chủ và nhóm bảo vệ ,quan.
danhgia_tts.txt,danhgia_tts-008,english_or_foreign_word,bang,626,630,ng ủng hộ chính quyền sau này. Các quan chức bang thuộc đảng Dân chủ và nhóm bảo vệ quyền bầu ,bang.
danhgia_tts.txt,danhgia_tts-008,english_or_foreign_word,cho,687,690,"Dân chủ và nhóm bảo vệ quyền bầu cử đã kiện, cho rằng tổng thống không có thẩm quyền và việc ",cho.
danhgia_tts.txt,danhgia_tts-008,english_or_foreign_word,thay,735,739, rằng tổng thống không có thẩm quyền và việc thay đổi hệ thống trong vài tuần trước bầu cử là ,thay.
danhgia_tts.txt,danhgia_tts-008,english_or_foreign_word,trong,753,758,hông có thẩm quyền và việc thay đổi hệ thống trong vài tuần trước bầu cử là không khả thi. Một ,trong.
danhgia_tts.txt,danhgia_tts-008,english_or_foreign_word,thi,794,797,ống trong vài tuần trước bầu cử là không khả thi. Một báo cáo của người tố giác cảnh báo hệ t,thi.
danhgia_tts.txt,danhgia_tts-008,english_or_foreign_word,trong,963,968,"phiếu không được gửi. Nhiều tòa án cấp dưới, trong đó có Thẩm phán Liên bang Indira Talwani tại",trong.
danhgia_tts.txt,danhgia_tts-008,english_or_foreign_word,bang,990,994," tòa án cấp dưới, trong đó có Thẩm phán Liên bang Indira Talwani tại Boston và Thẩm phán Carl ",bang.
danhgia_tts.txt,danhgia_tts-008,english_or_foreign_word,Indira,995,1001,"án cấp dưới, trong đó có Thẩm phán Liên bang Indira Talwani tại Boston và Thẩm phán Carl Nichols",indira.
danhgia_tts.txt,danhgia_tts-008,english_or_foreign_word,Talwani,1002,1009,"dưới, trong đó có Thẩm phán Liên bang Indira Talwani tại Boston và Thẩm phán Carl Nichols tại Was",talwani.
danhgia_tts.txt,danhgia_tts-008,english_or_foreign_word,Boston,1014,1020,"đó có Thẩm phán Liên bang Indira Talwani tại Boston và Thẩm phán Carl Nichols tại Washington, D.",boston.
danhgia_tts.txt,danhgia_tts-008,english_or_foreign_word,Carl,1034,1038," bang Indira Talwani tại Boston và Thẩm phán Carl Nichols tại Washington, D.C., đã ra lệnh tạm",carl.
danhgia_tts.txt,danhgia_tts-008,english_or_foreign_word,Nichols,1039,1046," Indira Talwani tại Boston và Thẩm phán Carl Nichols tại Washington, D.C., đã ra lệnh tạm đình ch",nichols.
danhgia_tts.txt,danhgia_tts-008,english_or_foreign_word,Washington,1051,1061,"ani tại Boston và Thẩm phán Carl Nichols tại Washington, D.C., đã ra lệnh tạm đình chỉ các yêu cầu n",washington.
danhgia_tts.txt,danhgia_tts-008,english_or_foreign_word,bang,1117,1121,"ra lệnh tạm đình chỉ các yêu cầu này. Một số bang như Alabama, North Carolina và Wisconsin đã ",bang.
danhgia_tts.txt,danhgia_tts-008,english_or_foreign_word,Alabama,1126,1133,"ạm đình chỉ các yêu cầu này. Một số bang như Alabama, North Carolina và Wisconsin đã bắt đầu gửi ",alabama.
danhgia_tts.txt,danhgia_tts-008,english_or_foreign_word,North,1135,1140,"hỉ các yêu cầu này. Một số bang như Alabama, North Carolina và Wisconsin đã bắt đầu gửi phiếu q",north.
danhgia_tts.txt,danhgia_tts-008,english_or_foreign_word,Carolina,1141,1149," yêu cầu này. Một số bang như Alabama, North Carolina và Wisconsin đã bắt đầu gửi phiếu qua thư tr",carolina.
danhgia_tts.txt,danhgia_tts-008,english_or_foreign_word,Wisconsin,1153,1162,". Một số bang như Alabama, North Carolina và Wisconsin đã bắt đầu gửi phiếu qua thư trong khi kế ho",wisconsin.
danhgia_tts.txt,danhgia_tts-008,english_or_foreign_word,qua,1184,1187,h Carolina và Wisconsin đã bắt đầu gửi phiếu qua thư trong khi kế hoạch chưa có hiệu lực.,qua.
danhgia_tts.txt,danhgia_tts-008,english_or_foreign_word,trong,1192,1197,na và Wisconsin đã bắt đầu gửi phiếu qua thư trong khi kế hoạch chưa có hiệu lực.,trong.
danhgia_tts.txt,danhgia_tts-008,english_or_foreign_word,khi,1198,1201,Wisconsin đã bắt đầu gửi phiếu qua thư trong khi kế hoạch chưa có hiệu lực.,khi.
danhgia_tts.txt,danhgia_tts-008,number,11,146,148,ua thư trước cuộc bầu cử giữa nhiệm kỳ tháng 11. Phán quyết cho phép các bang tiếp tục gửi p,mười một.
danhgia_tts.txt,danhgia_tts-009,hyphen_expression,Saxony-Anhalt,892,905,AfD) sau khi đảng này giành thắng lợi ở bang Saxony-Anhalt ngày 21 tháng 9. Ông khẳng định sẽ giữ quyền,saxony anhalt.
danhgia_tts.txt,danhgia_tts-009,english_or_foreign_word,Friedrich,14,23,"Thủ tướng Đức Friedrich Merz hôm 14 tháng 9 tại Rovaniemi, Phần Lan,",friedrich.
danhgia_tts.txt,danhgia_tts-009,english_or_foreign_word,Merz,24,28,"Thủ tướng Đức Friedrich Merz hôm 14 tháng 9 tại Rovaniemi, Phần Lan, tuyê",merz.
danhgia_tts.txt,danhgia_tts-009,english_or_foreign_word,Rovaniemi,48,57," tướng Đức Friedrich Merz hôm 14 tháng 9 tại Rovaniemi, Phần Lan, tuyên bố chính phủ ông sẽ tiếp tụ",rovaniemi.
danhgia_tts.txt,danhgia_tts-009,english_or_foreign_word,Lan,64,67,"rich Merz hôm 14 tháng 9 tại Rovaniemi, Phần Lan, tuyên bố chính phủ ông sẽ tiếp tục làm mọi ",lan.
danhgia_tts.txt,danhgia_tts-009,english_or_foreign_word,Ukraine,134,141,ng sẽ tiếp tục làm mọi việc có thể để hỗ trợ Ukraine trong cuộc chiến chống lại cuộc xâm lược. Ôn,ukraine.
danhgia_tts.txt,danhgia_tts-009,english_or_foreign_word,trong,142,147,ếp tục làm mọi việc có thể để hỗ trợ Ukraine trong cuộc chiến chống lại cuộc xâm lược. Ông cảnh,trong.
danhgia_tts.txt,danhgia_tts-009,english_or_foreign_word,duy,282,285,ặc tháng quyết định và nhấn mạnh châu Âu cần duy trì hỗ trợ cho Kyiv cho đến khi kết thúc chi,duy.
danhgia_tts.txt,danhgia_tts-009,english_or_foreign_word,cho,297,300,định và nhấn mạnh châu Âu cần duy trì hỗ trợ cho Kyiv cho đến khi kết thúc chiến tranh. Merz ,cho.
danhgia_tts.txt,danhgia_tts-009,english_or_foreign_word,Kyiv,301,305, và nhấn mạnh châu Âu cần duy trì hỗ trợ cho Kyiv cho đến khi kết thúc chiến tranh. Merz cho b,kyiv.
danhgia_tts.txt,danhgia_tts-009,english_or_foreign_word,cho,306,309,hấn mạnh châu Âu cần duy trì hỗ trợ cho Kyiv cho đến khi kết thúc chiến tranh. Merz cho biết ,cho.
danhgia_tts.txt,danhgia_tts-009,english_or_foreign_word,khi,314,317, châu Âu cần duy trì hỗ trợ cho Kyiv cho đến khi kết thúc chiến tranh. Merz cho biết Đức sẽ t,khi.
danhgia_tts.txt,danhgia_tts-009,english_or_foreign_word,tranh,333,338,ì hỗ trợ cho Kyiv cho đến khi kết thúc chiến tranh. Merz cho biết Đức sẽ tăng cường bảo vệ lãnh,tranh.
danhgia_tts.txt,danhgia_tts-009,english_or_foreign_word,Merz,340,344,ợ cho Kyiv cho đến khi kết thúc chiến tranh. Merz cho biết Đức sẽ tăng cường bảo vệ lãnh thổ v,merz.
danhgia_tts.txt,danhgia_tts-009,english_or_foreign_word,cho,345,348, Kyiv cho đến khi kết thúc chiến tranh. Merz cho biết Đức sẽ tăng cường bảo vệ lãnh thổ và cơ,cho.
danhgia_tts.txt,danhgia_tts-009,english_or_foreign_word,quan,405,409, tăng cường bảo vệ lãnh thổ và cơ sở hạ tầng quan trọng trước các cuộc tấn công hỗn hợp và dự ,quan.
danhgia_tts.txt,danhgia_tts-009,english_or_foreign_word,thay,459,463,g trước các cuộc tấn công hỗn hợp và dự kiến thay đổi luật pháp điều chỉnh hoạt động của các c,thay.
danhgia_tts.txt,danhgia_tts-009,english_or_foreign_word,quan,510,514,ổi luật pháp điều chỉnh hoạt động của các cơ quan an ninh. Ông cũng kêu gọi thành lập hạm đội ,quan.
danhgia_tts.txt,danhgia_tts-009,english_or_foreign_word,ninh,518,522,pháp điều chỉnh hoạt động của các cơ quan an ninh. Ông cũng kêu gọi thành lập hạm đội tàu phá ,ninh.
danhgia_tts.txt,danhgia_tts-009,english_or_foreign_word,chung,572,577," cũng kêu gọi thành lập hạm đội tàu phá băng chung cho các nước phía bắc và cho biết Đức, là nh",chung.
danhgia_tts.txt,danhgia_tts-009,english_or_foreign_word,cho,578,581,"kêu gọi thành lập hạm đội tàu phá băng chung cho các nước phía bắc và cho biết Đức, là nhà tà",cho.
danhgia_tts.txt,danhgia_tts-009,english_or_foreign_word,cho,603,606," tàu phá băng chung cho các nước phía bắc và cho biết Đức, là nhà tài trợ lớn nhất cho Ukrain",cho.
danhgia_tts.txt,danhgia_tts-009,english_or_foreign_word,cho,641,644,"bắc và cho biết Đức, là nhà tài trợ lớn nhất cho Ukraine, đang chuẩn bị tài trợ mới, trong đó",cho.
danhgia_tts.txt,danhgia_tts-009,english_or_foreign_word,Ukraine,645,652,"và cho biết Đức, là nhà tài trợ lớn nhất cho Ukraine, đang chuẩn bị tài trợ mới, trong đó có 60 t",ukraine.
danhgia_tts.txt,danhgia_tts-009,english_or_foreign_word,trong,681,686,"nhất cho Ukraine, đang chuẩn bị tài trợ mới, trong đó có 60 triệu euro cho nhu cầu nhân đạo. Me",trong.
danhgia_tts.txt,danhgia_tts-009,english_or_foreign_word,euro,702,706,"g chuẩn bị tài trợ mới, trong đó có 60 triệu euro cho nhu cầu nhân đạo. Merz thừa nhận chỉ trí",euro.
danhgia_tts.txt,danhgia_tts-009,english_or_foreign_word,cho,707,710,"ẩn bị tài trợ mới, trong đó có 60 triệu euro cho nhu cầu nhân đạo. Merz thừa nhận chỉ trích v",cho.
danhgia_tts.txt,danhgia_tts-009,english_or_foreign_word,nhu,711,714,"ị tài trợ mới, trong đó có 60 triệu euro cho nhu cầu nhân đạo. Merz thừa nhận chỉ trích về vi",nhu.
danhgia_tts.txt,danhgia_tts-009,english_or_foreign_word,Merz,729,733,ng đó có 60 triệu euro cho nhu cầu nhân đạo. Merz thừa nhận chỉ trích về việc tài trợ cho Kyiv,merz.
danhgia_tts.txt,danhgia_tts-009,english_or_foreign_word,cho,770,773,ạo. Merz thừa nhận chỉ trích về việc tài trợ cho Kyiv đang ảnh hưởng tới cử tri của đảng cực ,cho.
danhgia_tts.txt,danhgia_tts-009,english_or_foreign_word,Kyiv,774,778,Merz thừa nhận chỉ trích về việc tài trợ cho Kyiv đang ảnh hưởng tới cử tri của đảng cực hữu A,kyiv.
danhgia_tts.txt,danhgia_tts-009,english_or_foreign_word,tri,801,804, việc tài trợ cho Kyiv đang ảnh hưởng tới cử tri của đảng cực hữu Alternative for Germany (Af,tri.
danhgia_tts.txt,danhgia_tts-009,english_or_foreign_word,Alternative,822,833,v đang ảnh hưởng tới cử tri của đảng cực hữu Alternative for Germany (AfD) sau khi đảng này giành thắ,alternative.
danhgia_tts.txt,danhgia_tts-009,english_or_foreign_word,for,834,837,ưởng tới cử tri của đảng cực hữu Alternative for Germany (AfD) sau khi đảng này giành thắng l,for.
danhgia_tts.txt,danhgia_tts-009,english_or_foreign_word,Germany,838,845, tới cử tri của đảng cực hữu Alternative for Germany (AfD) sau khi đảng này giành thắng lợi ở ban,germany.
danhgia_tts.txt,danhgia_tts-009,english_or_foreign_word,AfD,847,850,ri của đảng cực hữu Alternative for Germany (AfD) sau khi đảng này giành thắng lợi ở bang Sax,a ép đê.
danhgia_tts.txt,danhgia_tts-009,english_or_foreign_word,sau,852,855,a đảng cực hữu Alternative for Germany (AfD) sau khi đảng này giành thắng lợi ở bang Saxony-A,sau.
danhgia_tts.txt,danhgia_tts-009,english_or_foreign_word,khi,856,859,ng cực hữu Alternative for Germany (AfD) sau khi đảng này giành thắng lợi ở bang Saxony-Anhal,khi.
danhgia_tts.txt,danhgia_tts-009,english_or_foreign_word,bang,887,891,any (AfD) sau khi đảng này giành thắng lợi ở bang Saxony-Anhalt ngày 21 tháng 9. Ông khẳng địn,bang.
danhgia_tts.txt,danhgia_tts-009,english_or_foreign_word,Saxony,892,898,AfD) sau khi đảng này giành thắng lợi ở bang Saxony-Anhalt ngày 21 tháng 9. Ông khẳng định sẽ gi,saxony.
danhgia_tts.txt,danhgia_tts-009,english_or_foreign_word,Anhalt,899,905,u khi đảng này giành thắng lợi ở bang Saxony-Anhalt ngày 21 tháng 9. Ông khẳng định sẽ giữ quyền,anhalt.
danhgia_tts.txt,danhgia_tts-009,english_or_foreign_word,nguy,979,983,ịnh sẽ giữ quyền lực và không lùi bước trước nguy cơ hậu quả không lường trước nếu Nga thành c,nguy.
danhgia_tts.txt,danhgia_tts-009,english_or_foreign_word,Nga,1017,1020, trước nguy cơ hậu quả không lường trước nếu Nga thành công. Thủ tướng Latvia Andris Kulsberg,nga.
danhgia_tts.txt,danhgia_tts-009,english_or_foreign_word,Latvia,1043,1049,ng lường trước nếu Nga thành công. Thủ tướng Latvia Andris Kulsbergs cho rằng nhờ Ukraine mà phầ,latvia.
danhgia_tts.txt,danhgia_tts-009,english_or_foreign_word,Andris,1050,1056,g trước nếu Nga thành công. Thủ tướng Latvia Andris Kulsbergs cho rằng nhờ Ukraine mà phần còn l,andris.
danhgia_tts.txt,danhgia_tts-009,english_or_foreign_word,Kulsbergs,1057,1066, nếu Nga thành công. Thủ tướng Latvia Andris Kulsbergs cho rằng nhờ Ukraine mà phần còn lại của châ,kulsbergs.
danhgia_tts.txt,danhgia_tts-009,english_or_foreign_word,cho,1067,1070,hành công. Thủ tướng Latvia Andris Kulsbergs cho rằng nhờ Ukraine mà phần còn lại của châu Âu,cho.
danhgia_tts.txt,danhgia_tts-009,english_or_foreign_word,Ukraine,1080,1087,ủ tướng Latvia Andris Kulsbergs cho rằng nhờ Ukraine mà phần còn lại của châu Âu có thời gian chu,ukraine.
danhgia_tts.txt,danhgia_tts-009,english_or_foreign_word,gian,1124,1128, Ukraine mà phần còn lại của châu Âu có thời gian chuẩn bị nhưng thời gian đó đang bị sử dụng ,gian.
danhgia_tts.txt,danhgia_tts-009,english_or_foreign_word,gian,1149,1153,"của châu Âu có thời gian chuẩn bị nhưng thời gian đó đang bị sử dụng sai cách, và Thủ tướng Ba",gian.
danhgia_tts.txt,danhgia_tts-009,english_or_foreign_word,sai,1173,1176," chuẩn bị nhưng thời gian đó đang bị sử dụng sai cách, và Thủ tướng Ba Lan Donald Tusk cảnh b",sai.
danhgia_tts.txt,danhgia_tts-009,english_or_foreign_word,Lan,1199,1202,"đó đang bị sử dụng sai cách, và Thủ tướng Ba Lan Donald Tusk cảnh báo những tuần và tháng tới",lan.
danhgia_tts.txt,danhgia_tts-009,english_or_foreign_word,Donald,1203,1209,"ang bị sử dụng sai cách, và Thủ tướng Ba Lan Donald Tusk cảnh báo những tuần và tháng tới sẽ là ",donald.
danhgia_tts.txt,danhgia_tts-009,english_or_foreign_word,Tusk,1210,1214,"sử dụng sai cách, và Thủ tướng Ba Lan Donald Tusk cảnh báo những tuần và tháng tới sẽ là giai ",tusk.
danhgia_tts.txt,danhgia_tts-009,english_or_foreign_word,giai,1254,1258, Tusk cảnh báo những tuần và tháng tới sẽ là giai đoạn hành động rất tích cực của Nga và không,giai.
danhgia_tts.txt,danhgia_tts-009,english_or_foreign_word,Nga,1291,1294,i sẽ là giai đoạn hành động rất tích cực của Nga và không thể loại trừ các cuộc tấn công nghi,nga.
danhgia_tts.txt,danhgia_tts-009,english_or_foreign_word,Lan,1369,1372,c tấn công nghiêm trọng hơn trên lãnh thổ Ba Lan.,lan.
danhgia_tts.txt,danhgia_tts-009,number,14,33,35,"Thủ tướng Đức Friedrich Merz hôm 14 tháng 9 tại Rovaniemi, Phần Lan, tuyên bố ch",mười bốn.
danhgia_tts.txt,danhgia_tts-009,number,9,42,43,"Thủ tướng Đức Friedrich Merz hôm 14 tháng 9 tại Rovaniemi, Phần Lan, tuyên bố chính phủ ",chín.
danhgia_tts.txt,danhgia_tts-009,number,60,693,695,"aine, đang chuẩn bị tài trợ mới, trong đó có 60 triệu euro cho nhu cầu nhân đạo. Merz thừa n",sáu mươi.
danhgia_tts.txt,danhgia_tts-009,number,21,911,913,ày giành thắng lợi ở bang Saxony-Anhalt ngày 21 tháng 9. Ông khẳng định sẽ giữ quyền lực và ,hai mươi mốt.
danhgia_tts.txt,danhgia_tts-009,number,9,920,921,thắng lợi ở bang Saxony-Anhalt ngày 21 tháng 9. Ông khẳng định sẽ giữ quyền lực và không lù,chín.
danhgia_tts.txt,danhgia_tts-010,date_range,6/8/1976-6/8,261,273,kỷ niệm 50 năm thiết lập quan hệ ngoại giao (6/8/1976-6/8 /2026) và quan hệ đã được nâng cấp lên Đối t,ngày sáu tháng tám năm một nghìn chín trăm bảy mươi sáu sáu trên tám.
danhgia_tts.txt,danhgia_tts-010,date,16/9/2026,110,119,"hăm cấp Nhà nước tới Việt Nam từ ngày 14 đến 16/9/2026 theo lời mời của Tổng Bí thư, Chủ tịch nước ",ngày mười sáu tháng chín năm hai nghìn không trăm hai mươi sáu.
danhgia_tts.txt,danhgia_tts-010,date,6/8/1976,261,269,kỷ niệm 50 năm thiết lập quan hệ ngoại giao (6/8/1976-6/8 /2026) và quan hệ đã được nâng cấp lên Đ,ngày sáu tháng tám năm một nghìn chín trăm bảy mươi sáu.
danhgia_tts.txt,danhgia_tts-010,date,6/8,270,273,0 năm thiết lập quan hệ ngoại giao (6/8/1976-6/8 /2026) và quan hệ đã được nâng cấp lên Đối t,sáu trên tám.
danhgia_tts.txt,danhgia_tts-010,slash_expression,16/9,110,114,"hăm cấp Nhà nước tới Việt Nam từ ngày 14 đến 16/9/2026 theo lời mời của Tổng Bí thư, Chủ tịch ",mười sáu trên chín.
danhgia_tts.txt,danhgia_tts-010,slash_expression,6/8,261,264,kỷ niệm 50 năm thiết lập quan hệ ngoại giao (6/8/1976-6/8 /2026) và quan hệ đã được nâng cấp ,sáu trên tám.
danhgia_tts.txt,danhgia_tts-010,slash_expression,6/8,270,273,0 năm thiết lập quan hệ ngoại giao (6/8/1976-6/8 /2026) và quan hệ đã được nâng cấp lên Đối t,sáu trên tám.
danhgia_tts.txt,danhgia_tts-010,slash_expression,5/2025,352,358,"p lên Đối tác Chiến lược Toàn diện vào tháng 5/2025. Trong ba ngày, hai vị sẽ đặt vòng hoa tại Đ",tháng năm hai nghìn không trăm hai mươi lăm.
danhgia_tts.txt,danhgia_tts-010,hyphen_expression,1976-6,265,271,iệm 50 năm thiết lập quan hệ ngoại giao (6/8/1976-6/8 /2026) và quan hệ đã được nâng cấp lên Đối,một nghìn chín trăm bảy mươi sáu sáu.
danhgia_tts.txt,danhgia_tts-010,hyphen_expression,phòng-an,1336,1344,"c trên các lĩnh vực chính trị, kinh tế, quốc phòng-an ninh, du lịch, lao động và giáo dục, trong đ",phòng an.
danhgia_tts.txt,danhgia_tts-010,hyphen_expression,2026-2031,1699,1708,"an hệ Đối tác chiến lược toàn diện giai đoạn 2026-2031, các cơ chế như Ủy ban hỗn hợp Thương mại và",hai nghìn không trăm hai mươi sáu đến hai nghìn không trăm ba mươi mốt.
danhgia_tts.txt,danhgia_tts-010,decimal,"22,1",1545,1549," kim ngạch thương mại hai chiều năm 2025 đạt 22,1 tỷ USD. Các hoạt động hợp tác khác được đề c",hai mươi hai phẩy một.
danhgia_tts.txt,danhgia_tts-010,acronym,ASEAN,1492,1497,i tác thương mại lớn nhất của Việt Nam trong ASEAN và kim ngạch thương mại hai chiều năm 2025 đ,asean.
danhgia_tts.txt,danhgia_tts-010,acronym,USD,1553,1556,"ch thương mại hai chiều năm 2025 đạt 22,1 tỷ USD. Các hoạt động hợp tác khác được đề cập gồm ",<en>u s d</en>.
danhgia_tts.txt,danhgia_tts-010,english_or_foreign_word,vua,4,7,Nhà vua Vương quốc Thái Lan Maha Vajiralongkorn và H,vua.
danhgia_tts.txt,danhgia_tts-010,english_or_foreign_word,Lan,24,27,Nhà vua Vương quốc Thái Lan Maha Vajiralongkorn và Hoàng hậu sẽ thăm cấp,lan.
danhgia_tts.txt,danhgia_tts-010,english_or_foreign_word,Maha,28,32,Nhà vua Vương quốc Thái Lan Maha Vajiralongkorn và Hoàng hậu sẽ thăm cấp Nhà ,maha.
danhgia_tts.txt,danhgia_tts-010,english_or_foreign_word,Vajiralongkorn,33,47,Nhà vua Vương quốc Thái Lan Maha Vajiralongkorn và Hoàng hậu sẽ thăm cấp Nhà nước tới Việt N,vajiralongkorn.
danhgia_tts.txt,danhgia_tts-010,english_or_foreign_word,Nam,91,94,n và Hoàng hậu sẽ thăm cấp Nhà nước tới Việt Nam từ ngày 14 đến 16/9/2026 theo lời mời của Tổ,nam.
danhgia_tts.txt,danhgia_tts-010,english_or_foreign_word,theo,120,124,"à nước tới Việt Nam từ ngày 14 đến 16/9/2026 theo lời mời của Tổng Bí thư, Chủ tịch nước Tô Lâ",theo.
danhgia_tts.txt,danhgia_tts-010,english_or_foreign_word,trong,192,197,"ư, Chủ tịch nước Tô Lâm. Chuyến thăm diễn ra trong bối cảnh hai nước kỷ niệm 50 năm thiết lập q",trong.
danhgia_tts.txt,danhgia_tts-010,english_or_foreign_word,hai,207,210,c Tô Lâm. Chuyến thăm diễn ra trong bối cảnh hai nước kỷ niệm 50 năm thiết lập quan hệ ngoại ,hai.
danhgia_tts.txt,danhgia_tts-010,english_or_foreign_word,quan,241,245,g bối cảnh hai nước kỷ niệm 50 năm thiết lập quan hệ ngoại giao (6/8/1976-6/8 /2026) và quan h,quan.
danhgia_tts.txt,danhgia_tts-010,english_or_foreign_word,giao,255,259, nước kỷ niệm 50 năm thiết lập quan hệ ngoại giao (6/8/1976-6/8 /2026) và quan hệ đã được nâng,giao.
danhgia_tts.txt,danhgia_tts-010,english_or_foreign_word,quan,284,288,p quan hệ ngoại giao (6/8/1976-6/8 /2026) và quan hệ đã được nâng cấp lên Đối tác Chiến lược T,quan.
danhgia_tts.txt,danhgia_tts-010,english_or_foreign_word,Trong,360,365,"i tác Chiến lược Toàn diện vào tháng 5/2025. Trong ba ngày, hai vị sẽ đặt vòng hoa tại Đài tưởn",trong.
danhgia_tts.txt,danhgia_tts-010,english_or_foreign_word,hai,375,378,"c Toàn diện vào tháng 5/2025. Trong ba ngày, hai vị sẽ đặt vòng hoa tại Đài tưởng niệm liệt s",hai.
danhgia_tts.txt,danhgia_tts-010,english_or_foreign_word,hoa,394,397,"ng 5/2025. Trong ba ngày, hai vị sẽ đặt vòng hoa tại Đài tưởng niệm liệt sĩ Bắc Sơn và Lăng C",hoa.
danhgia_tts.txt,danhgia_tts-010,english_or_foreign_word,Minh,457,461,"niệm liệt sĩ Bắc Sơn và Lăng Chủ tịch Hồ Chí Minh, tham dự lễ đón chính thức, gặp Tô Lâm, tiếp",minh.
danhgia_tts.txt,danhgia_tts-010,english_or_foreign_word,tham,463,467,"iệt sĩ Bắc Sơn và Lăng Chủ tịch Hồ Chí Minh, tham dự lễ đón chính thức, gặp Tô Lâm, tiếp kiến ",tham.
danhgia_tts.txt,danhgia_tts-010,english_or_foreign_word,Minh,525,529,"ính thức, gặp Tô Lâm, tiếp kiến Thủ tướng Lê Minh Hưng và Chủ tịch Quốc hội Trần Thanh Mẫn, dự",minh.
danhgia_tts.txt,danhgia_tts-010,english_or_foreign_word,Thanh,561,566,"tướng Lê Minh Hưng và Chủ tịch Quốc hội Trần Thanh Mẫn, dự tiệc chiêu đãi tại Phủ Toàn quyền và",thanh.
danhgia_tts.txt,danhgia_tts-010,english_or_foreign_word,Trung,673,678,"m văn hóa như chùa Ngọc Sơn, chùa Quán Sứ và Trung tâm Văn hóa Thái tại Đại học Hà Nội. Đoàn th",trung.
danhgia_tts.txt,danhgia_tts-010,english_or_foreign_word,Anutin,766,772,"tháp tùng gồm Thủ tướng, Bộ trưởng tháp tùng Anutin Charnvirakul của Thái Lan, Đại sứ Thái Lan t",anutin.
danhgia_tts.txt,danhgia_tts-010,english_or_foreign_word,Charnvirakul,773,785,"ng gồm Thủ tướng, Bộ trưởng tháp tùng Anutin Charnvirakul của Thái Lan, Đại sứ Thái Lan tại Việt Nam U",charnvirakul.
danhgia_tts.txt,danhgia_tts-010,english_or_foreign_word,Lan,795,798,"rưởng tháp tùng Anutin Charnvirakul của Thái Lan, Đại sứ Thái Lan tại Việt Nam Urawadee Sriph",lan.
danhgia_tts.txt,danhgia_tts-010,english_or_foreign_word,Lan,812,815,"nutin Charnvirakul của Thái Lan, Đại sứ Thái Lan tại Việt Nam Urawadee Sriphiromya, Tổng Thư ",lan.
danhgia_tts.txt,danhgia_tts-010,english_or_foreign_word,Nam,825,828,"rakul của Thái Lan, Đại sứ Thái Lan tại Việt Nam Urawadee Sriphiromya, Tổng Thư ký Văn phòng ",nam.
danhgia_tts.txt,danhgia_tts-010,english_or_foreign_word,Urawadee,829,837,"l của Thái Lan, Đại sứ Thái Lan tại Việt Nam Urawadee Sriphiromya, Tổng Thư ký Văn phòng Hoàng gia",urawadee.
danhgia_tts.txt,danhgia_tts-010,english_or_foreign_word,Sriphiromya,838,849,"i Lan, Đại sứ Thái Lan tại Việt Nam Urawadee Sriphiromya, Tổng Thư ký Văn phòng Hoàng gia, Thư ký của",sriphiromya.
danhgia_tts.txt,danhgia_tts-010,english_or_foreign_word,gia,879,882,"dee Sriphiromya, Tổng Thư ký Văn phòng Hoàng gia, Thư ký của Nhà vua, Tướng Không quân Satitp",gia.
danhgia_tts.txt,danhgia_tts-010,english_or_foreign_word,vua,899,902,"g Thư ký Văn phòng Hoàng gia, Thư ký của Nhà vua, Tướng Không quân Satitpong Sukvimol, Phó Tổ",vua.
danhgia_tts.txt,danhgia_tts-010,english_or_foreign_word,Satitpong,921,930,"ng gia, Thư ký của Nhà vua, Tướng Không quân Satitpong Sukvimol, Phó Tổng Thư ký Hoàng gia, Trung t",satitpong.
danhgia_tts.txt,danhgia_tts-010,english_or_foreign_word,Sukvimol,931,939,"ư ký của Nhà vua, Tướng Không quân Satitpong Sukvimol, Phó Tổng Thư ký Hoàng gia, Trung tá Somchai",sukvimol.
danhgia_tts.txt,danhgia_tts-010,english_or_foreign_word,gia,963,966,"ân Satitpong Sukvimol, Phó Tổng Thư ký Hoàng gia, Trung tá Somchai Kanjanamanee cùng các sĩ q",gia.
danhgia_tts.txt,danhgia_tts-010,english_or_foreign_word,Trung,968,973,"titpong Sukvimol, Phó Tổng Thư ký Hoàng gia, Trung tá Somchai Kanjanamanee cùng các sĩ quan tuỳ",trung.
danhgia_tts.txt,danhgia_tts-010,english_or_foreign_word,Somchai,977,984,"ukvimol, Phó Tổng Thư ký Hoàng gia, Trung tá Somchai Kanjanamanee cùng các sĩ quan tuỳ tùng. Chuy",somchai.
danhgia_tts.txt,danhgia_tts-010,english_or_foreign_word,Kanjanamanee,985,997," Phó Tổng Thư ký Hoàng gia, Trung tá Somchai Kanjanamanee cùng các sĩ quan tuỳ tùng. Chuyến thăm được ",kanjanamanee.
danhgia_tts.txt,danhgia_tts-010,english_or_foreign_word,quan,1010,1014,"a, Trung tá Somchai Kanjanamanee cùng các sĩ quan tuỳ tùng. Chuyến thăm được đánh giá là dấu m",quan.
danhgia_tts.txt,danhgia_tts-010,english_or_foreign_word,Lan,1104,1107,"ốc lịch sử, lần đầu tiên một quốc vương Thái Lan thăm chính thức Việt Nam kể từ khi hai nước ",lan.
danhgia_tts.txt,danhgia_tts-010,english_or_foreign_word,Nam,1129,1132,một quốc vương Thái Lan thăm chính thức Việt Nam kể từ khi hai nước thiết lập quan hệ ngoại g,nam.
danhgia_tts.txt,danhgia_tts-010,english_or_foreign_word,khi,1139,1142,ương Thái Lan thăm chính thức Việt Nam kể từ khi hai nước thiết lập quan hệ ngoại giao năm 19,khi.
danhgia_tts.txt,danhgia_tts-010,english_or_foreign_word,hai,1143,1146," Thái Lan thăm chính thức Việt Nam kể từ khi hai nước thiết lập quan hệ ngoại giao năm 1976, ",hai.
danhgia_tts.txt,danhgia_tts-010,english_or_foreign_word,quan,1162,1166,"h thức Việt Nam kể từ khi hai nước thiết lập quan hệ ngoại giao năm 1976, và dự kiến mở ra chư",quan.
danhgia_tts.txt,danhgia_tts-010,english_or_foreign_word,giao,1176,1180,"m kể từ khi hai nước thiết lập quan hệ ngoại giao năm 1976, và dự kiến mở ra chương mới cho 50",giao.
danhgia_tts.txt,danhgia_tts-010,english_or_foreign_word,cho,1219,1222,"i giao năm 1976, và dự kiến mở ra chương mới cho 50 năm tiếp theo của quan hệ song phương. Ha",cho.
danhgia_tts.txt,danhgia_tts-010,english_or_foreign_word,theo,1235,1239, và dự kiến mở ra chương mới cho 50 năm tiếp theo của quan hệ song phương. Hai bên sẽ thúc đẩy,theo.
danhgia_tts.txt,danhgia_tts-010,english_or_foreign_word,quan,1244,1248,ến mở ra chương mới cho 50 năm tiếp theo của quan hệ song phương. Hai bên sẽ thúc đẩy hợp tác ,quan.
danhgia_tts.txt,danhgia_tts-010,english_or_foreign_word,song,1252,1256, chương mới cho 50 năm tiếp theo của quan hệ song phương. Hai bên sẽ thúc đẩy hợp tác trên các,song.
danhgia_tts.txt,danhgia_tts-010,english_or_foreign_word,Hai,1265,1268,ho 50 năm tiếp theo của quan hệ song phương. Hai bên sẽ thúc đẩy hợp tác trên các lĩnh vực ch,hai.
danhgia_tts.txt,danhgia_tts-010,english_or_foreign_word,kinh,1322,1326,"húc đẩy hợp tác trên các lĩnh vực chính trị, kinh tế, quốc phòng-an ninh, du lịch, lao động và",kinh.
danhgia_tts.txt,danhgia_tts-010,english_or_foreign_word,ninh,1345,1349,"c lĩnh vực chính trị, kinh tế, quốc phòng-an ninh, du lịch, lao động và giáo dục, trong đó hợp",ninh.
danhgia_tts.txt,danhgia_tts-010,english_or_foreign_word,lao,1360,1363,"h trị, kinh tế, quốc phòng-an ninh, du lịch, lao động và giáo dục, trong đó hợp tác kinh tế đ",lao.
danhgia_tts.txt,danhgia_tts-010,english_or_foreign_word,trong,1382,1387,"hòng-an ninh, du lịch, lao động và giáo dục, trong đó hợp tác kinh tế được nêu là điểm sáng với",trong.
danhgia_tts.txt,danhgia_tts-010,english_or_foreign_word,kinh,1399,1403,"lịch, lao động và giáo dục, trong đó hợp tác kinh tế được nêu là điểm sáng với Thái Lan là đối",kinh.
danhgia_tts.txt,danhgia_tts-010,english_or_foreign_word,Lan,1438,1441,p tác kinh tế được nêu là điểm sáng với Thái Lan là đối tác thương mại lớn nhất của Việt Nam ,lan.
danhgia_tts.txt,danhgia_tts-010,english_or_foreign_word,Nam,1482,1485, Lan là đối tác thương mại lớn nhất của Việt Nam trong ASEAN và kim ngạch thương mại hai chiề,nam.
danhgia_tts.txt,danhgia_tts-010,english_or_foreign_word,trong,1486,1491, là đối tác thương mại lớn nhất của Việt Nam trong ASEAN và kim ngạch thương mại hai chiều năm ,trong.
danhgia_tts.txt,danhgia_tts-010,english_or_foreign_word,ASEAN,1492,1497,i tác thương mại lớn nhất của Việt Nam trong ASEAN và kim ngạch thương mại hai chiều năm 2025 đ,asean.
danhgia_tts.txt,danhgia_tts-010,english_or_foreign_word,kim,1501,1504,"ơng mại lớn nhất của Việt Nam trong ASEAN và kim ngạch thương mại hai chiều năm 2025 đạt 22,1",kim.
danhgia_tts.txt,danhgia_tts-010,english_or_foreign_word,hai,1522,1525,"Việt Nam trong ASEAN và kim ngạch thương mại hai chiều năm 2025 đạt 22,1 tỷ USD. Các hoạt độn",hai.
danhgia_tts.txt,danhgia_tts-010,english_or_foreign_word,USD,1553,1556,"ch thương mại hai chiều năm 2025 đạt 22,1 tỷ USD. Các hoạt động hợp tác khác được đề cập gồm ",<en>u s d</en>.
danhgia_tts.txt,danhgia_tts-010,english_or_foreign_word,kinh,1609,1613,"ạt động hợp tác khác được đề cập gồm kết nối kinh tế, chương trình hành động triển khai quan h",kinh.
danhgia_tts.txt,danhgia_tts-010,english_or_foreign_word,khai,1647,1651,"ết nối kinh tế, chương trình hành động triển khai quan hệ Đối tác chiến lược toàn diện giai đo",khai.
danhgia_tts.txt,danhgia_tts-010,english_or_foreign_word,quan,1652,1656,"i kinh tế, chương trình hành động triển khai quan hệ Đối tác chiến lược toàn diện giai đoạn 20",quan.
danhgia_tts.txt,danhgia_tts-010,english_or_foreign_word,giai,1689,1693,"ển khai quan hệ Đối tác chiến lược toàn diện giai đoạn 2026-2031, các cơ chế như Ủy ban hỗn hợ",giai.
danhgia_tts.txt,danhgia_tts-010,english_or_foreign_word,ban,1728,1731," diện giai đoạn 2026-2031, các cơ chế như Ủy ban hỗn hợp Thương mại và Diễn đàn Năng lượng, c",ban.
danhgia_tts.txt,danhgia_tts-010,english_or_foreign_word,giao,1790,1794,"g mại và Diễn đàn Năng lượng, cùng các dự án giao lưu văn hóa và hỗ trợ bảo tồn di tích liên q",giao.
danhgia_tts.txt,danhgia_tts-010,english_or_foreign_word,quan,1838,1842,o lưu văn hóa và hỗ trợ bảo tồn di tích liên quan đến Chủ tịch Hồ Chí Minh và phố Việt Nam tại,quan.
danhgia_tts.txt,danhgia_tts-010,english_or_foreign_word,Minh,1863,1867,ảo tồn di tích liên quan đến Chủ tịch Hồ Chí Minh và phố Việt Nam tại tỉnh Udon Thani.,minh.
danhgia_tts.txt,danhgia_tts-010,english_or_foreign_word,Nam,1880,1883,ên quan đến Chủ tịch Hồ Chí Minh và phố Việt Nam tại tỉnh Udon Thani.,nam.
danhgia_tts.txt,danhgia_tts-010,english_or_foreign_word,Udon,1893,1897,hủ tịch Hồ Chí Minh và phố Việt Nam tại tỉnh Udon Thani.,udon.
danhgia_tts.txt,danhgia_tts-010,english_or_foreign_word,Thani,1898,1903,ch Hồ Chí Minh và phố Việt Nam tại tỉnh Udon Thani.,thani.
danhgia_tts.txt,danhgia_tts-010,number,14,103,105,"ậu sẽ thăm cấp Nhà nước tới Việt Nam từ ngày 14 đến 16/9/2026 theo lời mời của Tổng Bí thư, ",mười bốn.
danhgia_tts.txt,danhgia_tts-010,number,16,110,112,"hăm cấp Nhà nước tới Việt Nam từ ngày 14 đến 16/9/2026 theo lời mời của Tổng Bí thư, Chủ tịc",mười sáu.
danhgia_tts.txt,danhgia_tts-010,number,9,113,114," cấp Nhà nước tới Việt Nam từ ngày 14 đến 16/9/2026 theo lời mời của Tổng Bí thư, Chủ tịch ",chín.
danhgia_tts.txt,danhgia_tts-010,number,2026,115,119,"ấp Nhà nước tới Việt Nam từ ngày 14 đến 16/9/2026 theo lời mời của Tổng Bí thư, Chủ tịch nước ",hai nghìn không trăm hai mươi sáu.
danhgia_tts.txt,danhgia_tts-010,number,50,224,226,thăm diễn ra trong bối cảnh hai nước kỷ niệm 50 năm thiết lập quan hệ ngoại giao (6/8/1976-6,năm mươi.
danhgia_tts.txt,danhgia_tts-010,number,6,261,262,kỷ niệm 50 năm thiết lập quan hệ ngoại giao (6/8/1976-6/8 /2026) và quan hệ đã được nâng cấ,sáu.
danhgia_tts.txt,danhgia_tts-010,number,8,263,264, niệm 50 năm thiết lập quan hệ ngoại giao (6/8/1976-6/8 /2026) và quan hệ đã được nâng cấp ,tám.
danhgia_tts.txt,danhgia_tts-010,number,1976,265,269,iệm 50 năm thiết lập quan hệ ngoại giao (6/8/1976-6/8 /2026) và quan hệ đã được nâng cấp lên Đ,một nghìn chín trăm bảy mươi sáu.
danhgia_tts.txt,danhgia_tts-010,number,6,270,271,0 năm thiết lập quan hệ ngoại giao (6/8/1976-6/8 /2026) và quan hệ đã được nâng cấp lên Đối,sáu.
danhgia_tts.txt,danhgia_tts-010,number,8,272,273,năm thiết lập quan hệ ngoại giao (6/8/1976-6/8 /2026) và quan hệ đã được nâng cấp lên Đối t,tám.
danhgia_tts.txt,danhgia_tts-010,number,2026,275,279, thiết lập quan hệ ngoại giao (6/8/1976-6/8 /2026) và quan hệ đã được nâng cấp lên Đối tác Chi,hai nghìn không trăm hai mươi sáu.
danhgia_tts.txt,danhgia_tts-010,number,5,352,353,"p lên Đối tác Chiến lược Toàn diện vào tháng 5/2025. Trong ba ngày, hai vị sẽ đặt vòng hoa ",năm.
danhgia_tts.txt,danhgia_tts-010,number,2025,354,358,"lên Đối tác Chiến lược Toàn diện vào tháng 5/2025. Trong ba ngày, hai vị sẽ đặt vòng hoa tại Đ",hai nghìn không trăm hai mươi lăm.
danhgia_tts.txt,danhgia_tts-010,number,1976,1185,1189,"hi hai nước thiết lập quan hệ ngoại giao năm 1976, và dự kiến mở ra chương mới cho 50 năm tiếp",một nghìn chín trăm bảy mươi sáu.
danhgia_tts.txt,danhgia_tts-010,number,50,1223,1225,"ao năm 1976, và dự kiến mở ra chương mới cho 50 năm tiếp theo của quan hệ song phương. Hai b",năm mươi.
danhgia_tts.txt,danhgia_tts-010,number,2025,1536,1540," ASEAN và kim ngạch thương mại hai chiều năm 2025 đạt 22,1 tỷ USD. Các hoạt động hợp tác khác ",hai nghìn không trăm hai mươi lăm.
danhgia_tts.txt,danhgia_tts-010,number,"22,1",1545,1549," kim ngạch thương mại hai chiều năm 2025 đạt 22,1 tỷ USD. Các hoạt động hợp tác khác được đề c",hai mươi hai phẩy một.
danhgia_tts.txt,danhgia_tts-010,number,2026,1699,1703,"an hệ Đối tác chiến lược toàn diện giai đoạn 2026-2031, các cơ chế như Ủy ban hỗn hợp Thương m",hai nghìn không trăm hai mươi sáu.
danhgia_tts.txt,danhgia_tts-010,number,2031,1704,1708," Đối tác chiến lược toàn diện giai đoạn 2026-2031, các cơ chế như Ủy ban hỗn hợp Thương mại và",hai nghìn không trăm ba mươi mốt.
danhgia_tts.txt,danhgia_tts-011,currency,"$4,47",1327,1332,"ng toàn cầu và giá xăng ở Mỹ tăng lên khoảng $4,47/gallon.",bốn phẩy bốn bảy <en>u s d</en>.
danhgia_tts.txt,danhgia_tts-011,slash_expression,47/gallon,1330,1339,"toàn cầu và giá xăng ở Mỹ tăng lên khoảng $4,47/gallon.",bốn mươi bảy trên gallon.
danhgia_tts.txt,danhgia_tts-011,hyphen_expression,D-Va,26,30,Thượng nghị sĩ Tim Kaine (D-Va.) hôm thứ Tư kêu gọi chính quyền Trump nhanh,đê va.
danhgia_tts.txt,danhgia_tts-011,hyphen_expression,R-Iowa,801,807,"ngay lập tức. Đại diện Hoa Kỳ Ashley Hinson (R-Iowa), ứng cử viên Thượng viện, kêu gọi tạm dừng ",rờ iowa.
danhgia_tts.txt,danhgia_tts-011,hyphen_expression,D-N,977,980,phe thiểu số Hạ viện Hoa Kỳ Hakeem Jeffries (D-N.Y.) chỉ trích các nghị sĩ Cộng hòa đang kêu ,đê nờ.
danhgia_tts.txt,danhgia_tts-011,decimal,"4,47",1328,1332,"g toàn cầu và giá xăng ở Mỹ tăng lên khoảng $4,47/gallon.",bốn phẩy bốn bảy.
danhgia_tts.txt,danhgia_tts-011,english_or_foreign_word,Tim,15,18,Thượng nghị sĩ Tim Kaine (D-Va.) hôm thứ Tư kêu gọi chính quyền,tim.
danhgia_tts.txt,danhgia_tts-011,english_or_foreign_word,Kaine,19,24,Thượng nghị sĩ Tim Kaine (D-Va.) hôm thứ Tư kêu gọi chính quyền Trump,kaine.
danhgia_tts.txt,danhgia_tts-011,english_or_foreign_word,Trump,64,69,Kaine (D-Va.) hôm thứ Tư kêu gọi chính quyền Trump nhanh chóng chấm dứt các hoạt động quân sự c,trump.
danhgia_tts.txt,danhgia_tts-011,english_or_foreign_word,nhanh,70,75,(D-Va.) hôm thứ Tư kêu gọi chính quyền Trump nhanh chóng chấm dứt các hoạt động quân sự của Mỹ ,nhanh.
danhgia_tts.txt,danhgia_tts-011,english_or_foreign_word,Iran,126,130," chấm dứt các hoạt động quân sự của Mỹ chống Iran, gọi cuộc xung đột là ""ba lần bất hợp pháp"" ",iran.
danhgia_tts.txt,danhgia_tts-011,english_or_foreign_word,xung,141,145,"oạt động quân sự của Mỹ chống Iran, gọi cuộc xung đột là ""ba lần bất hợp pháp"" sau khi Hạ viện",xung.
danhgia_tts.txt,danhgia_tts-011,english_or_foreign_word,sau,175,178,", gọi cuộc xung đột là ""ba lần bất hợp pháp"" sau khi Hạ viện thông qua ba nghị quyết về quyền",sau.
danhgia_tts.txt,danhgia_tts-011,english_or_foreign_word,khi,179,182,"i cuộc xung đột là ""ba lần bất hợp pháp"" sau khi Hạ viện thông qua ba nghị quyết về quyền chi",khi.
danhgia_tts.txt,danhgia_tts-011,english_or_foreign_word,qua,197,200," ""ba lần bất hợp pháp"" sau khi Hạ viện thông qua ba nghị quyết về quyền chiến tranh. Ông cho ",qua.
danhgia_tts.txt,danhgia_tts-011,english_or_foreign_word,tranh,230,235, viện thông qua ba nghị quyết về quyền chiến tranh. Ông cho biết Thượng viện đã thông qua một n,tranh.
danhgia_tts.txt,danhgia_tts-011,english_or_foreign_word,cho,241,244, qua ba nghị quyết về quyền chiến tranh. Ông cho biết Thượng viện đã thông qua một nghị quyết,cho.
danhgia_tts.txt,danhgia_tts-011,english_or_foreign_word,qua,271,274,iến tranh. Ông cho biết Thượng viện đã thông qua một nghị quyết do ông đề xuất hồi tháng Sáu ,qua.
danhgia_tts.txt,danhgia_tts-011,english_or_foreign_word,qua,340,343,"g đề xuất hồi tháng Sáu và có khả năng thông qua một nghị quyết khác sớm, trong khi bốn thượn",qua.
danhgia_tts.txt,danhgia_tts-011,english_or_foreign_word,trong,369,374," khả năng thông qua một nghị quyết khác sớm, trong khi bốn thượng nghị sĩ Cộng hòa đã bỏ phiếu ",trong.
danhgia_tts.txt,danhgia_tts-011,english_or_foreign_word,khi,375,378,"ăng thông qua một nghị quyết khác sớm, trong khi bốn thượng nghị sĩ Cộng hòa đã bỏ phiếu ủng ",khi.
danhgia_tts.txt,danhgia_tts-011,english_or_foreign_word,Kaine,447,452, hòa đã bỏ phiếu ủng hộ nghị quyết đầu tiên. Kaine thừa nhận chính quyền Trump kháng cự áp lực ,kaine.
danhgia_tts.txt,danhgia_tts-011,english_or_foreign_word,Trump,475,480, quyết đầu tiên. Kaine thừa nhận chính quyền Trump kháng cự áp lực công chúng và nói rằng ông k,trump.
danhgia_tts.txt,danhgia_tts-011,english_or_foreign_word,tranh,567,572,g không nghĩ tổng thống sẽ tự chấm dứt chiến tranh. Chủ tịch Hạ viện Hoa Kỳ Mike Johnson kêu gọ,tranh.
danhgia_tts.txt,danhgia_tts-011,english_or_foreign_word,Hoa,591,594,"sẽ tự chấm dứt chiến tranh. Chủ tịch Hạ viện Hoa Kỳ Mike Johnson kêu gọi ""một giải pháp"" cho ",hoa.
danhgia_tts.txt,danhgia_tts-011,english_or_foreign_word,Mike,598,602,"hấm dứt chiến tranh. Chủ tịch Hạ viện Hoa Kỳ Mike Johnson kêu gọi ""một giải pháp"" cho cuộc chi",mike.
danhgia_tts.txt,danhgia_tts-011,english_or_foreign_word,Johnson,603,610,"ứt chiến tranh. Chủ tịch Hạ viện Hoa Kỳ Mike Johnson kêu gọi ""một giải pháp"" cho cuộc chiến ở Ira",johnson.
danhgia_tts.txt,danhgia_tts-011,english_or_foreign_word,cho,635,638," Hoa Kỳ Mike Johnson kêu gọi ""một giải pháp"" cho cuộc chiến ở Iran, cho rằng chiến dịch Epic ",cho.
danhgia_tts.txt,danhgia_tts-011,english_or_foreign_word,Iran,652,656,"son kêu gọi ""một giải pháp"" cho cuộc chiến ở Iran, cho rằng chiến dịch Epic Fury đã thành công",iran.
danhgia_tts.txt,danhgia_tts-011,english_or_foreign_word,cho,658,661,"u gọi ""một giải pháp"" cho cuộc chiến ở Iran, cho rằng chiến dịch Epic Fury đã thành công nhưn",cho.
danhgia_tts.txt,danhgia_tts-011,english_or_foreign_word,Epic,678,682,""" cho cuộc chiến ở Iran, cho rằng chiến dịch Epic Fury đã thành công nhưng cần kết thúc xung đ",epic.
danhgia_tts.txt,danhgia_tts-011,english_or_foreign_word,Fury,683,687," cuộc chiến ở Iran, cho rằng chiến dịch Epic Fury đã thành công nhưng cần kết thúc xung đột và",fury.
danhgia_tts.txt,danhgia_tts-011,english_or_foreign_word,xung,721,725,h Epic Fury đã thành công nhưng cần kết thúc xung đột và không yêu cầu chấm dứt ngay lập tức. ,xung.
danhgia_tts.txt,danhgia_tts-011,english_or_foreign_word,ngay,756,760, kết thúc xung đột và không yêu cầu chấm dứt ngay lập tức. Đại diện Hoa Kỳ Ashley Hinson (R-Io,ngay.
danhgia_tts.txt,danhgia_tts-011,english_or_foreign_word,Hoa,779,782,"hông yêu cầu chấm dứt ngay lập tức. Đại diện Hoa Kỳ Ashley Hinson (R-Iowa), ứng cử viên Thượn",hoa.
danhgia_tts.txt,danhgia_tts-011,english_or_foreign_word,Ashley,786,792,"u cầu chấm dứt ngay lập tức. Đại diện Hoa Kỳ Ashley Hinson (R-Iowa), ứng cử viên Thượng viện, kê",ashley.
danhgia_tts.txt,danhgia_tts-011,english_or_foreign_word,Hinson,793,799,"hấm dứt ngay lập tức. Đại diện Hoa Kỳ Ashley Hinson (R-Iowa), ứng cử viên Thượng viện, kêu gọi t",hinson.
danhgia_tts.txt,danhgia_tts-011,english_or_foreign_word,Iowa,803,807,"ay lập tức. Đại diện Hoa Kỳ Ashley Hinson (R-Iowa), ứng cử viên Thượng viện, kêu gọi tạm dừng ",iowa.
danhgia_tts.txt,danhgia_tts-011,english_or_foreign_word,bang,867,871,"Thượng viện, kêu gọi tạm dừng thuế xăng liên bang và ngừng xuất khẩu dầu diesel để hạ giá tiêu",bang.
danhgia_tts.txt,danhgia_tts-011,english_or_foreign_word,diesel,895,901,g thuế xăng liên bang và ngừng xuất khẩu dầu diesel để hạ giá tiêu dùng. Lãnh đạo phe thiểu số H,diesel.
danhgia_tts.txt,danhgia_tts-011,english_or_foreign_word,phe,932,935,hẩu dầu diesel để hạ giá tiêu dùng. Lãnh đạo phe thiểu số Hạ viện Hoa Kỳ Hakeem Jeffries (D-N,phe.
danhgia_tts.txt,danhgia_tts-011,english_or_foreign_word,Hoa,953,956,giá tiêu dùng. Lãnh đạo phe thiểu số Hạ viện Hoa Kỳ Hakeem Jeffries (D-N.Y.) chỉ trích các ng,hoa.
danhgia_tts.txt,danhgia_tts-011,english_or_foreign_word,Hakeem,960,966,u dùng. Lãnh đạo phe thiểu số Hạ viện Hoa Kỳ Hakeem Jeffries (D-N.Y.) chỉ trích các nghị sĩ Cộng,hakeem.
danhgia_tts.txt,danhgia_tts-011,english_or_foreign_word,Jeffries,967,975, Lãnh đạo phe thiểu số Hạ viện Hoa Kỳ Hakeem Jeffries (D-N.Y.) chỉ trích các nghị sĩ Cộng hòa đang,jeffries.
danhgia_tts.txt,danhgia_tts-011,english_or_foreign_word,tranh,1044,1049,"nghị sĩ Cộng hòa đang kêu gọi kết thúc chiến tranh vì áp lực trước cuộc bầu cử giữa kỳ, trong k",tranh.
danhgia_tts.txt,danhgia_tts-011,english_or_foreign_word,trong,1087,1092,"n tranh vì áp lực trước cuộc bầu cử giữa kỳ, trong khi Đảng Dân chủ nhấn mạnh mối liên hệ giữa ",trong.
danhgia_tts.txt,danhgia_tts-011,english_or_foreign_word,khi,1093,1096,"h vì áp lực trước cuộc bầu cử giữa kỳ, trong khi Đảng Dân chủ nhấn mạnh mối liên hệ giữa xung",khi.
danhgia_tts.txt,danhgia_tts-011,english_or_foreign_word,xung,1137,1141, khi Đảng Dân chủ nhấn mạnh mối liên hệ giữa xung đột và tăng giá nhiên liệu. Bài báo cũng nêu,xung.
danhgia_tts.txt,danhgia_tts-011,english_or_foreign_word,vong,1211,1215,"ệu. Bài báo cũng nêu các chỉ trích về thương vong của binh sĩ Mỹ, việc đóng cửa Eo biển Hormuz",vong.
danhgia_tts.txt,danhgia_tts-011,english_or_foreign_word,binh,1220,1224,"áo cũng nêu các chỉ trích về thương vong của binh sĩ Mỹ, việc đóng cửa Eo biển Hormuz làm tăng",binh.
danhgia_tts.txt,danhgia_tts-011,english_or_foreign_word,Hormuz,1254,1260,"g vong của binh sĩ Mỹ, việc đóng cửa Eo biển Hormuz làm tăng giá năng lượng toàn cầu và giá xăng",hormuz.
danhgia_tts.txt,danhgia_tts-011,english_or_foreign_word,gallon,1333,1339,"n cầu và giá xăng ở Mỹ tăng lên khoảng $4,47/gallon.",gallon.
danhgia_tts.txt,danhgia_tts-011,number,"4,47",1328,1332,"g toàn cầu và giá xăng ở Mỹ tăng lên khoảng $4,47/gallon.",bốn phẩy bốn bảy.
danhgia_tts.txt,danhgia_tts-012,date,23/9/2026,56,65,ung Quốc Tập Cận Bình đã tới Washington ngày 23/9/2026 để bắt đầu chuyến thăm nhà nước ba ngày. Tổn,ngày hai mươi ba tháng chín năm hai nghìn không trăm hai mươi sáu.
danhgia_tts.txt,danhgia_tts-012,date,24/9,435,439,"ay và bữa tối nhà nước tại Nhà Trắng vào tối 24/9. Chương trình còn gồm buổi trà riêng, tham q",hai mươi bốn trên chín.
danhgia_tts.txt,danhgia_tts-012,date,10/11,728,733,"ng chiến thương mại 11 tháng sẽ hết hạn ngày 10/11, và có thể đạt một số thỏa thuận hẹp hơn về ",mười trên mười một.
danhgia_tts.txt,danhgia_tts-012,slash_expression,23/9,56,60,ung Quốc Tập Cận Bình đã tới Washington ngày 23/9/2026 để bắt đầu chuyến thăm nhà nước ba ngày,hai mươi ba trên chín.
danhgia_tts.txt,danhgia_tts-012,slash_expression,24/9,435,439,"ay và bữa tối nhà nước tại Nhà Trắng vào tối 24/9. Chương trình còn gồm buổi trà riêng, tham q",hai mươi bốn trên chín.
danhgia_tts.txt,danhgia_tts-012,slash_expression,10/11,728,733,"ng chiến thương mại 11 tháng sẽ hết hạn ngày 10/11, và có thể đạt một số thỏa thuận hẹp hơn về ",mười trên mười một.
danhgia_tts.txt,danhgia_tts-012,english_or_foreign_word,Trung,9,14,Chủ tịch Trung Quốc Tập Cận Bình đã tới Washington ngày 23/,trung.
danhgia_tts.txt,danhgia_tts-012,english_or_foreign_word,Washington,40,50,Chủ tịch Trung Quốc Tập Cận Bình đã tới Washington ngày 23/9/2026 để bắt đầu chuyến thăm nhà nư,washington.
danhgia_tts.txt,danhgia_tts-012,english_or_foreign_word,Hoa,118,121,đầu chuyến thăm nhà nước ba ngày. Tổng thống Hoa Kỳ Donald Trump cùng phu nhân Melania Trump ,hoa.
danhgia_tts.txt,danhgia_tts-012,english_or_foreign_word,Donald,125,131,yến thăm nhà nước ba ngày. Tổng thống Hoa Kỳ Donald Trump cùng phu nhân Melania Trump đã ra sân ,donald.
danhgia_tts.txt,danhgia_tts-012,english_or_foreign_word,Trump,132,137,m nhà nước ba ngày. Tổng thống Hoa Kỳ Donald Trump cùng phu nhân Melania Trump đã ra sân bay Jo,trump.
danhgia_tts.txt,danhgia_tts-012,english_or_foreign_word,phu,143,146,ba ngày. Tổng thống Hoa Kỳ Donald Trump cùng phu nhân Melania Trump đã ra sân bay Joint Base ,phu.
danhgia_tts.txt,danhgia_tts-012,english_or_foreign_word,Melania,152,159,Tổng thống Hoa Kỳ Donald Trump cùng phu nhân Melania Trump đã ra sân bay Joint Base Andrews để đó,melania.
danhgia_tts.txt,danhgia_tts-012,english_or_foreign_word,Trump,160,165,ng Hoa Kỳ Donald Trump cùng phu nhân Melania Trump đã ra sân bay Joint Base Andrews để đón ông ,trump.
danhgia_tts.txt,danhgia_tts-012,english_or_foreign_word,bay,176,179," Trump cùng phu nhân Melania Trump đã ra sân bay Joint Base Andrews để đón ông Tập, một nghi ",bay.
danhgia_tts.txt,danhgia_tts-012,english_or_foreign_word,Joint,180,185,"mp cùng phu nhân Melania Trump đã ra sân bay Joint Base Andrews để đón ông Tập, một nghi thức h",joint.
danhgia_tts.txt,danhgia_tts-012,english_or_foreign_word,Base,186,190,"g phu nhân Melania Trump đã ra sân bay Joint Base Andrews để đón ông Tập, một nghi thức hiếm k",base.
danhgia_tts.txt,danhgia_tts-012,english_or_foreign_word,Andrews,191,198," nhân Melania Trump đã ra sân bay Joint Base Andrews để đón ông Tập, một nghi thức hiếm khi được ",andrews.
danhgia_tts.txt,danhgia_tts-012,english_or_foreign_word,nghi,219,223,"n bay Joint Base Andrews để đón ông Tập, một nghi thức hiếm khi được tổ chức. Đệ nhất phu nhân",nghi.
danhgia_tts.txt,danhgia_tts-012,english_or_foreign_word,khi,234,237,"e Andrews để đón ông Tập, một nghi thức hiếm khi được tổ chức. Đệ nhất phu nhân Hoa Kỳ Melani",khi.
danhgia_tts.txt,danhgia_tts-012,english_or_foreign_word,phu,260,263,một nghi thức hiếm khi được tổ chức. Đệ nhất phu nhân Hoa Kỳ Melania Trump và phu nhân Trung ,phu.
danhgia_tts.txt,danhgia_tts-012,english_or_foreign_word,Hoa,269,272,thức hiếm khi được tổ chức. Đệ nhất phu nhân Hoa Kỳ Melania Trump và phu nhân Trung Quốc Bành,hoa.
danhgia_tts.txt,danhgia_tts-012,english_or_foreign_word,Melania,276,283,ếm khi được tổ chức. Đệ nhất phu nhân Hoa Kỳ Melania Trump và phu nhân Trung Quốc Bành Lệ Viện th,melania.
danhgia_tts.txt,danhgia_tts-012,english_or_foreign_word,Trump,284,289,ược tổ chức. Đệ nhất phu nhân Hoa Kỳ Melania Trump và phu nhân Trung Quốc Bành Lệ Viện tham gia,trump.
danhgia_tts.txt,danhgia_tts-012,english_or_foreign_word,phu,293,296,ức. Đệ nhất phu nhân Hoa Kỳ Melania Trump và phu nhân Trung Quốc Bành Lệ Viện tham gia nghi l,phu.
danhgia_tts.txt,danhgia_tts-012,english_or_foreign_word,Trung,302,307,"ất phu nhân Hoa Kỳ Melania Trump và phu nhân Trung Quốc Bành Lệ Viện tham gia nghi lễ đón tiếp,",trung.
danhgia_tts.txt,danhgia_tts-012,english_or_foreign_word,tham,326,330,"ia Trump và phu nhân Trung Quốc Bành Lệ Viện tham gia nghi lễ đón tiếp, bao gồm duyệt binh, mà",tham.
danhgia_tts.txt,danhgia_tts-012,english_or_foreign_word,gia,331,334,"ump và phu nhân Trung Quốc Bành Lệ Viện tham gia nghi lễ đón tiếp, bao gồm duyệt binh, màn ba",gia.
danhgia_tts.txt,danhgia_tts-012,english_or_foreign_word,nghi,335,339,"và phu nhân Trung Quốc Bành Lệ Viện tham gia nghi lễ đón tiếp, bao gồm duyệt binh, màn bay của",nghi.
danhgia_tts.txt,danhgia_tts-012,english_or_foreign_word,bao,353,356,"Quốc Bành Lệ Viện tham gia nghi lễ đón tiếp, bao gồm duyệt binh, màn bay của máy bay và bữa t",bao.
danhgia_tts.txt,danhgia_tts-012,english_or_foreign_word,binh,367,371,"iện tham gia nghi lễ đón tiếp, bao gồm duyệt binh, màn bay của máy bay và bữa tối nhà nước tại",binh.
danhgia_tts.txt,danhgia_tts-012,english_or_foreign_word,bay,377,380,"ia nghi lễ đón tiếp, bao gồm duyệt binh, màn bay của máy bay và bữa tối nhà nước tại Nhà Trắn",bay.
danhgia_tts.txt,danhgia_tts-012,english_or_foreign_word,bay,389,392,"ón tiếp, bao gồm duyệt binh, màn bay của máy bay và bữa tối nhà nước tại Nhà Trắng vào tối 24",bay.
danhgia_tts.txt,danhgia_tts-012,english_or_foreign_word,tham,478,482,"i 24/9. Chương trình còn gồm buổi trà riêng, tham quan National Archives và các cuộc họp song ",tham.
danhgia_tts.txt,danhgia_tts-012,english_or_foreign_word,quan,483,487,"9. Chương trình còn gồm buổi trà riêng, tham quan National Archives và các cuộc họp song phươn",quan.
danhgia_tts.txt,danhgia_tts-012,english_or_foreign_word,National,488,496,"ương trình còn gồm buổi trà riêng, tham quan National Archives và các cuộc họp song phương nhằm th",national.
danhgia_tts.txt,danhgia_tts-012,english_or_foreign_word,Archives,497,505,"h còn gồm buổi trà riêng, tham quan National Archives và các cuộc họp song phương nhằm thảo luận t",archives.
danhgia_tts.txt,danhgia_tts-012,english_or_foreign_word,song,522,526," tham quan National Archives và các cuộc họp song phương nhằm thảo luận thương mại, trí tuệ nh",song.
danhgia_tts.txt,danhgia_tts-012,english_or_foreign_word,Loan,590,594,"uận thương mại, trí tuệ nhân tạo, vấn đề Đài Loan và Iran. Chuyến thăm diễn ra trong bối cảnh ",loan.
danhgia_tts.txt,danhgia_tts-012,english_or_foreign_word,Iran,598,602,"ng mại, trí tuệ nhân tạo, vấn đề Đài Loan và Iran. Chuyến thăm diễn ra trong bối cảnh căng thẳ",iran.
danhgia_tts.txt,danhgia_tts-012,english_or_foreign_word,trong,624,629,"vấn đề Đài Loan và Iran. Chuyến thăm diễn ra trong bối cảnh căng thẳng về thương mại, khi thỏa ",trong.
danhgia_tts.txt,danhgia_tts-012,english_or_foreign_word,khi,665,668," ra trong bối cảnh căng thẳng về thương mại, khi thỏa thuận ngừng chiến thương mại 11 tháng s",khi.
danhgia_tts.txt,danhgia_tts-012,english_or_foreign_word,quan,783,787,"có thể đạt một số thỏa thuận hẹp hơn về thuế quan ngành, chống buôn bán ma túy và mở rộng liên",quan.
danhgia_tts.txt,danhgia_tts-012,english_or_foreign_word,quan,853,857,"n ma túy và mở rộng liên lạc quân sự. Một số quan chức và nghị sĩ, trong đó có Thượng nghị sĩ ",quan.
danhgia_tts.txt,danhgia_tts-012,english_or_foreign_word,trong,875,880,"ên lạc quân sự. Một số quan chức và nghị sĩ, trong đó có Thượng nghị sĩ Roger Wicker, chỉ trích",trong.
danhgia_tts.txt,danhgia_tts-012,english_or_foreign_word,Roger,902,907," chức và nghị sĩ, trong đó có Thượng nghị sĩ Roger Wicker, chỉ trích việc đón tiếp quá mức, tro",roger.
danhgia_tts.txt,danhgia_tts-012,english_or_foreign_word,Wicker,908,914,"và nghị sĩ, trong đó có Thượng nghị sĩ Roger Wicker, chỉ trích việc đón tiếp quá mức, trong khi ",wicker.
danhgia_tts.txt,danhgia_tts-012,english_or_foreign_word,trong,949,954,"ger Wicker, chỉ trích việc đón tiếp quá mức, trong khi Ngoại trưởng Hoa Kỳ Marco Rubio khẳng đị",trong.
danhgia_tts.txt,danhgia_tts-012,english_or_foreign_word,khi,955,958,"cker, chỉ trích việc đón tiếp quá mức, trong khi Ngoại trưởng Hoa Kỳ Marco Rubio khẳng định h",khi.
danhgia_tts.txt,danhgia_tts-012,english_or_foreign_word,Hoa,972,975,"iệc đón tiếp quá mức, trong khi Ngoại trưởng Hoa Kỳ Marco Rubio khẳng định hai nước cần tương",hoa.
danhgia_tts.txt,danhgia_tts-012,english_or_foreign_word,Marco,979,984," tiếp quá mức, trong khi Ngoại trưởng Hoa Kỳ Marco Rubio khẳng định hai nước cần tương tác ở cấ",marco.
danhgia_tts.txt,danhgia_tts-012,english_or_foreign_word,Rubio,985,990,"quá mức, trong khi Ngoại trưởng Hoa Kỳ Marco Rubio khẳng định hai nước cần tương tác ở cấp cao.",rubio.
danhgia_tts.txt,danhgia_tts-012,english_or_foreign_word,hai,1002,1005,i Ngoại trưởng Hoa Kỳ Marco Rubio khẳng định hai nước cần tương tác ở cấp cao. Các lãnh đạo c,hai.
danhgia_tts.txt,danhgia_tts-012,english_or_foreign_word,cao,1031,1034,"ubio khẳng định hai nước cần tương tác ở cấp cao. Các lãnh đạo công nghệ như Jensen Huang, Sa",cao.
danhgia_tts.txt,danhgia_tts-012,english_or_foreign_word,Jensen,1063,1069,"ng tác ở cấp cao. Các lãnh đạo công nghệ như Jensen Huang, Sam Altman và Elon Musk được cho là s",jensen.
danhgia_tts.txt,danhgia_tts-012,english_or_foreign_word,Huang,1070,1075,"ở cấp cao. Các lãnh đạo công nghệ như Jensen Huang, Sam Altman và Elon Musk được cho là sẽ tham",huang.
danhgia_tts.txt,danhgia_tts-012,english_or_foreign_word,Sam,1077,1080,"ao. Các lãnh đạo công nghệ như Jensen Huang, Sam Altman và Elon Musk được cho là sẽ tham dự b",sam.
danhgia_tts.txt,danhgia_tts-012,english_or_foreign_word,Altman,1081,1087,"Các lãnh đạo công nghệ như Jensen Huang, Sam Altman và Elon Musk được cho là sẽ tham dự bữa tối ",altman.
danhgia_tts.txt,danhgia_tts-012,english_or_foreign_word,Elon,1091,1095,"ạo công nghệ như Jensen Huang, Sam Altman và Elon Musk được cho là sẽ tham dự bữa tối nhà nước",elon.
danhgia_tts.txt,danhgia_tts-012,english_or_foreign_word,Musk,1096,1100,"ng nghệ như Jensen Huang, Sam Altman và Elon Musk được cho là sẽ tham dự bữa tối nhà nước.",musk.
danhgia_tts.txt,danhgia_tts-012,english_or_foreign_word,cho,1106,1109,"ư Jensen Huang, Sam Altman và Elon Musk được cho là sẽ tham dự bữa tối nhà nước.",cho.
danhgia_tts.txt,danhgia_tts-012,english_or_foreign_word,tham,1116,1120,"uang, Sam Altman và Elon Musk được cho là sẽ tham dự bữa tối nhà nước.",tham.
danhgia_tts.txt,danhgia_tts-012,number,23,56,58,ung Quốc Tập Cận Bình đã tới Washington ngày 23/9/2026 để bắt đầu chuyến thăm nhà nước ba ng,hai mươi ba.
danhgia_tts.txt,danhgia_tts-012,number,9,59,60, Quốc Tập Cận Bình đã tới Washington ngày 23/9/2026 để bắt đầu chuyến thăm nhà nước ba ngày,chín.
danhgia_tts.txt,danhgia_tts-012,number,2026,61,65,uốc Tập Cận Bình đã tới Washington ngày 23/9/2026 để bắt đầu chuyến thăm nhà nước ba ngày. Tổn,hai nghìn không trăm hai mươi sáu.
danhgia_tts.txt,danhgia_tts-012,number,24,435,437,"ay và bữa tối nhà nước tại Nhà Trắng vào tối 24/9. Chương trình còn gồm buổi trà riêng, tham",hai mươi bốn.
danhgia_tts.txt,danhgia_tts-012,number,9,438,439,"và bữa tối nhà nước tại Nhà Trắng vào tối 24/9. Chương trình còn gồm buổi trà riêng, tham q",chín.
danhgia_tts.txt,danhgia_tts-012,number,11,703,705,"g mại, khi thỏa thuận ngừng chiến thương mại 11 tháng sẽ hết hạn ngày 10/11, và có thể đạt m",mười một.
danhgia_tts.txt,danhgia_tts-012,number,10,728,730,"ng chiến thương mại 11 tháng sẽ hết hạn ngày 10/11, và có thể đạt một số thỏa thuận hẹp hơn ",mười.
danhgia_tts.txt,danhgia_tts-012,number,11,731,733,"chiến thương mại 11 tháng sẽ hết hạn ngày 10/11, và có thể đạt một số thỏa thuận hẹp hơn về ",mười một.
danhgia_tts.txt,danhgia_tts-013,acronym,USD,610,613, hai bên thảo luận việc tái cấu trúc hàng tỷ USD nợ công của Venezuela. Bà cảm ơn Tổng thống ,<en>u s d</en>.
danhgia_tts.txt,danhgia_tts-013,english_or_foreign_word,Venezuela,20,29,Tổng thống lâm thời Venezuela Delcy Rodriguez phát biểu trước Đại hội đồng,venezuela.
danhgia_tts.txt,danhgia_tts-013,english_or_foreign_word,Delcy,30,35,Tổng thống lâm thời Venezuela Delcy Rodriguez phát biểu trước Đại hội đồng Liên ,delcy.
danhgia_tts.txt,danhgia_tts-013,english_or_foreign_word,Rodriguez,36,45,Tổng thống lâm thời Venezuela Delcy Rodriguez phát biểu trước Đại hội đồng Liên Hợp Quốc t,rodriguez.
danhgia_tts.txt,danhgia_tts-013,english_or_foreign_word,New,93,96,át biểu trước Đại hội đồng Liên Hợp Quốc tại New York ngày 23 tháng 9 rằng Venezuela sẽ tổ ch,new.
danhgia_tts.txt,danhgia_tts-013,english_or_foreign_word,York,97,101,iểu trước Đại hội đồng Liên Hợp Quốc tại New York ngày 23 tháng 9 rằng Venezuela sẽ tổ chức bầ,york.
danhgia_tts.txt,danhgia_tts-013,english_or_foreign_word,Venezuela,123,132,n Hợp Quốc tại New York ngày 23 tháng 9 rằng Venezuela sẽ tổ chức bầu cử như một phần của quá trình,venezuela.
danhgia_tts.txt,danhgia_tts-013,english_or_foreign_word,cho,240,243,"dân chủ toàn diện"". Bà không nêu ngày cụ thể cho cuộc bầu cử và cho biết chính phủ đã khởi độ",cho.
danhgia_tts.txt,danhgia_tts-013,english_or_foreign_word,cho,259,262, Bà không nêu ngày cụ thể cho cuộc bầu cử và cho biết chính phủ đã khởi động đối thoại với cá,cho.
danhgia_tts.txt,danhgia_tts-013,english_or_foreign_word,cam,362,365,g đối lập để đảm bảo điều kiện bình đẳng. Bà cam kết các cơ quan quốc gia sẽ được chuẩn bị để,cam.
danhgia_tts.txt,danhgia_tts-013,english_or_foreign_word,quan,377,381,m bảo điều kiện bình đẳng. Bà cam kết các cơ quan quốc gia sẽ được chuẩn bị để bảo đảm một quá,quan.
danhgia_tts.txt,danhgia_tts-013,english_or_foreign_word,gia,387,390, kiện bình đẳng. Bà cam kết các cơ quan quốc gia sẽ được chuẩn bị để bảo đảm một quá trình ba,gia.
danhgia_tts.txt,danhgia_tts-013,english_or_foreign_word,bao,433,436,ia sẽ được chuẩn bị để bảo đảm một quá trình bao trùm và minh bạch khi thời điểm đến. Rodrigu,bao.
danhgia_tts.txt,danhgia_tts-013,english_or_foreign_word,minh,445,449,huẩn bị để bảo đảm một quá trình bao trùm và minh bạch khi thời điểm đến. Rodriguez đã gặp Tổn,minh.
danhgia_tts.txt,danhgia_tts-013,english_or_foreign_word,khi,455,458, bảo đảm một quá trình bao trùm và minh bạch khi thời điểm đến. Rodriguez đã gặp Tổng thống H,khi.
danhgia_tts.txt,danhgia_tts-013,english_or_foreign_word,Rodriguez,474,483,ình bao trùm và minh bạch khi thời điểm đến. Rodriguez đã gặp Tổng thống Hoa Kỳ Donald J. Trump bên,rodriguez.
danhgia_tts.txt,danhgia_tts-013,english_or_foreign_word,Hoa,502,505,i thời điểm đến. Rodriguez đã gặp Tổng thống Hoa Kỳ Donald J. Trump bên lề Đại hội đồng vào n,hoa.
danhgia_tts.txt,danhgia_tts-013,english_or_foreign_word,Donald,509,515,điểm đến. Rodriguez đã gặp Tổng thống Hoa Kỳ Donald J. Trump bên lề Đại hội đồng vào ngày 22 thá,donald.
danhgia_tts.txt,danhgia_tts-013,english_or_foreign_word,Trump,519,524,Rodriguez đã gặp Tổng thống Hoa Kỳ Donald J. Trump bên lề Đại hội đồng vào ngày 22 tháng 9; hai,trump.
danhgia_tts.txt,danhgia_tts-013,english_or_foreign_word,hai,566,569,ump bên lề Đại hội đồng vào ngày 22 tháng 9; hai bên thảo luận việc tái cấu trúc hàng tỷ USD ,hai.
danhgia_tts.txt,danhgia_tts-013,english_or_foreign_word,USD,610,613, hai bên thảo luận việc tái cấu trúc hàng tỷ USD nợ công của Venezuela. Bà cảm ơn Tổng thống ,<en>u s d</en>.
danhgia_tts.txt,danhgia_tts-013,english_or_foreign_word,Venezuela,626,635,ận việc tái cấu trúc hàng tỷ USD nợ công của Venezuela. Bà cảm ơn Tổng thống Trump vì thiện chí tái,venezuela.
danhgia_tts.txt,danhgia_tts-013,english_or_foreign_word,Trump,658,663, nợ công của Venezuela. Bà cảm ơn Tổng thống Trump vì thiện chí tái khởi động quan hệ và nói Ve,trump.
danhgia_tts.txt,danhgia_tts-013,english_or_foreign_word,quan,691,695," Tổng thống Trump vì thiện chí tái khởi động quan hệ và nói Venezuela đang ""tái sinh"" sau nhữn",quan.
danhgia_tts.txt,danhgia_tts-013,english_or_foreign_word,Venezuela,706,715,"mp vì thiện chí tái khởi động quan hệ và nói Venezuela đang ""tái sinh"" sau những tổn thất trong năm",venezuela.
danhgia_tts.txt,danhgia_tts-013,english_or_foreign_word,sinh,726,730,"khởi động quan hệ và nói Venezuela đang ""tái sinh"" sau những tổn thất trong năm nay. Bà lên nắ",sinh.
danhgia_tts.txt,danhgia_tts-013,english_or_foreign_word,sau,732,735,"ộng quan hệ và nói Venezuela đang ""tái sinh"" sau những tổn thất trong năm nay. Bà lên nắm quy",sau.
danhgia_tts.txt,danhgia_tts-013,english_or_foreign_word,trong,751,756,"Venezuela đang ""tái sinh"" sau những tổn thất trong năm nay. Bà lên nắm quyền sau một cuộc đột k",trong.
danhgia_tts.txt,danhgia_tts-013,english_or_foreign_word,nay,761,764,"đang ""tái sinh"" sau những tổn thất trong năm nay. Bà lên nắm quyền sau một cuộc đột kích của ",nay.
danhgia_tts.txt,danhgia_tts-013,english_or_foreign_word,sau,783,786,ững tổn thất trong năm nay. Bà lên nắm quyền sau một cuộc đột kích của quân đội Hoa Kỳ vào th,sau.
danhgia_tts.txt,danhgia_tts-013,english_or_foreign_word,Hoa,818,821,nắm quyền sau một cuộc đột kích của quân đội Hoa Kỳ vào tháng 1 đã bắt giữ Tổng thống Venezue,hoa.
danhgia_tts.txt,danhgia_tts-013,english_or_foreign_word,Venezuela,859,868,đội Hoa Kỳ vào tháng 1 đã bắt giữ Tổng thống Venezuela Nicolás Maduro và đưa ông sang Hoa Kỳ; Madur,venezuela.
danhgia_tts.txt,danhgia_tts-013,english_or_foreign_word,Maduro,877,883,ng 1 đã bắt giữ Tổng thống Venezuela Nicolás Maduro và đưa ông sang Hoa Kỳ; Maduro hiện bị giam ,maduro.
danhgia_tts.txt,danhgia_tts-013,english_or_foreign_word,sang,895,899,ng thống Venezuela Nicolás Maduro và đưa ông sang Hoa Kỳ; Maduro hiện bị giam gần trụ sở Liên ,sang.
danhgia_tts.txt,danhgia_tts-013,english_or_foreign_word,Hoa,900,903,ống Venezuela Nicolás Maduro và đưa ông sang Hoa Kỳ; Maduro hiện bị giam gần trụ sở Liên Hợp ,hoa.
danhgia_tts.txt,danhgia_tts-013,english_or_foreign_word,Maduro,908,914,zuela Nicolás Maduro và đưa ông sang Hoa Kỳ; Maduro hiện bị giam gần trụ sở Liên Hợp Quốc chờ xé,maduro.
danhgia_tts.txt,danhgia_tts-013,english_or_foreign_word,giam,923,927,aduro và đưa ông sang Hoa Kỳ; Maduro hiện bị giam gần trụ sở Liên Hợp Quốc chờ xét xử. Bài phá,giam.
danhgia_tts.txt,danhgia_tts-013,english_or_foreign_word,tranh,995,1000,ốc chờ xét xử. Bài phát biểu của bà cũng gây tranh cãi khi có các cuộc biểu tình phản đối ở Car,tranh.
danhgia_tts.txt,danhgia_tts-013,english_or_foreign_word,khi,1005,1008, xử. Bài phát biểu của bà cũng gây tranh cãi khi có các cuộc biểu tình phản đối ở Caracas và ,khi.
danhgia_tts.txt,danhgia_tts-013,english_or_foreign_word,Caracas,1042,1049,anh cãi khi có các cuộc biểu tình phản đối ở Caracas và New York.,caracas.
danhgia_tts.txt,danhgia_tts-013,english_or_foreign_word,New,1053,1056, có các cuộc biểu tình phản đối ở Caracas và New York.,new.
danhgia_tts.txt,danhgia_tts-013,english_or_foreign_word,York,1057,1061,các cuộc biểu tình phản đối ở Caracas và New York.,york.
danhgia_tts.txt,danhgia_tts-013,number,23,107,109,Đại hội đồng Liên Hợp Quốc tại New York ngày 23 tháng 9 rằng Venezuela sẽ tổ chức bầu cử như,hai mươi ba.
danhgia_tts.txt,danhgia_tts-013,number,9,116,117,ồng Liên Hợp Quốc tại New York ngày 23 tháng 9 rằng Venezuela sẽ tổ chức bầu cử như một phầ,chín.
danhgia_tts.txt,danhgia_tts-013,number,22,554,556,Donald J. Trump bên lề Đại hội đồng vào ngày 22 tháng 9; hai bên thảo luận việc tái cấu trúc,hai mươi hai.
danhgia_tts.txt,danhgia_tts-013,number,9,563,564, Trump bên lề Đại hội đồng vào ngày 22 tháng 9; hai bên thảo luận việc tái cấu trúc hàng tỷ,chín.
danhgia_tts.txt,danhgia_tts-013,number,1,835,836, cuộc đột kích của quân đội Hoa Kỳ vào tháng 1 đã bắt giữ Tổng thống Venezuela Nicolás Madu,một.
danhgia_tts.txt,danhgia_tts-014,hyphen_expression,2027-2031,933,942,riển khai Khung hợp tác chiến lược giai đoạn 2027-2031 và tăng cường hợp tác ASEAN-Liên Hợp Quốc. H,hai nghìn không trăm hai mươi bảy đến hai nghìn không trăm ba mươi mốt.
danhgia_tts.txt,danhgia_tts-014,hyphen_expression,ASEAN-Liên,965,975,ợc giai đoạn 2027-2031 và tăng cường hợp tác ASEAN-Liên Hợp Quốc. Hai bên cũng cùng ủng hộ vai trò t,<en>asean</en> liên.
danhgia_tts.txt,danhgia_tts-014,decimal,"1,3",824,827,"giá trị ước tính 3 triệu USD và đóng góp gần 1,3 triệu USD cho ngân sách gìn giữ hòa bình. Ha",một phẩy ba.
danhgia_tts.txt,danhgia_tts-014,acronym,JETP,423,427,mạnh mẽ vào chuyển đổi năng lượng công bằng (JETP) và thúc đẩy các công nghệ mới nổi như trí t,jetp.
danhgia_tts.txt,danhgia_tts-014,acronym,USD,804,807,"rong 10 năm tới với giá trị ước tính 3 triệu USD và đóng góp gần 1,3 triệu USD cho ngân sách ",<en>u s d</en>.
danhgia_tts.txt,danhgia_tts-014,acronym,USD,834,837,"c tính 3 triệu USD và đóng góp gần 1,3 triệu USD cho ngân sách gìn giữ hòa bình. Hai bên nhất",<en>u s d</en>.
danhgia_tts.txt,danhgia_tts-014,acronym,ASEAN,965,970,ợc giai đoạn 2027-2031 và tăng cường hợp tác ASEAN-Liên Hợp Quốc. Hai bên cũng cùng ủng hộ vai ,asean.
danhgia_tts.txt,danhgia_tts-014,acronym,ASEAN,1033,1038,"i bên cũng cùng ủng hộ vai trò trung tâm của ASEAN và bảo đảm an ninh, an toàn, tự do hàng hải ",asean.
danhgia_tts.txt,danhgia_tts-014,english_or_foreign_word,Nam,43,46,"Tổng Bí thư, Chủ tịch nước Tô Lâm của Việt Nam đã gặp Tổng Thư ký Liên Hợp Quốc António Gut",nam.
danhgia_tts.txt,danhgia_tts-014,english_or_foreign_word,Guterres,88,96,"Nam đã gặp Tổng Thư ký Liên Hợp Quốc António Guterres tại trụ sở Liên Hợp Quốc ở New York, Mỹ, ngà",guterres.
danhgia_tts.txt,danhgia_tts-014,english_or_foreign_word,New,124,127," António Guterres tại trụ sở Liên Hợp Quốc ở New York, Mỹ, ngày 23 tháng 9 trong khuôn khổ tu",new.
danhgia_tts.txt,danhgia_tts-014,english_or_foreign_word,York,128,132,"ónio Guterres tại trụ sở Liên Hợp Quốc ở New York, Mỹ, ngày 23 tháng 9 trong khuôn khổ tuần cấ",york.
danhgia_tts.txt,danhgia_tts-014,english_or_foreign_word,trong,154,159,"iên Hợp Quốc ở New York, Mỹ, ngày 23 tháng 9 trong khuôn khổ tuần cấp cao của kỳ họp thứ 81 Đại",trong.
danhgia_tts.txt,danhgia_tts-014,english_or_foreign_word,cao,179,182,"Mỹ, ngày 23 tháng 9 trong khuôn khổ tuần cấp cao của kỳ họp thứ 81 Đại hội đồng Liên Hợp Quốc",cao.
danhgia_tts.txt,danhgia_tts-014,english_or_foreign_word,Guterres,255,263,"ồng Liên Hợp Quốc. Tại cuộc gặp, Tổng Thư ký Guterres bày tỏ ngưỡng mộ trước thành tựu phát triển ",guterres.
danhgia_tts.txt,danhgia_tts-014,english_or_foreign_word,Nam,317,320,gưỡng mộ trước thành tựu phát triển của Việt Nam sau 40 năm Đổi mới và kêu gọi Việt Nam tiếp ,nam.
danhgia_tts.txt,danhgia_tts-014,english_or_foreign_word,sau,321,324,g mộ trước thành tựu phát triển của Việt Nam sau 40 năm Đổi mới và kêu gọi Việt Nam tiếp tục ,sau.
danhgia_tts.txt,danhgia_tts-014,english_or_foreign_word,Nam,356,359, Việt Nam sau 40 năm Đổi mới và kêu gọi Việt Nam tiếp tục tham gia mạnh mẽ vào chuyển đổi năn,nam.
danhgia_tts.txt,danhgia_tts-014,english_or_foreign_word,tham,369,373, 40 năm Đổi mới và kêu gọi Việt Nam tiếp tục tham gia mạnh mẽ vào chuyển đổi năng lượng công b,tham.
danhgia_tts.txt,danhgia_tts-014,english_or_foreign_word,gia,374,377,ăm Đổi mới và kêu gọi Việt Nam tiếp tục tham gia mạnh mẽ vào chuyển đổi năng lượng công bằng ,gia.
danhgia_tts.txt,danhgia_tts-014,english_or_foreign_word,JETP,423,427,mạnh mẽ vào chuyển đổi năng lượng công bằng (JETP) và thúc đẩy các công nghệ mới nổi như trí t,jetp.
danhgia_tts.txt,danhgia_tts-014,english_or_foreign_word,cam,608,611,"ại độc lập, tự chủ, đa phương hóa và nêu các cam kết cụ thể của Việt Nam với Liên Hợp Quốc. V",cam.
danhgia_tts.txt,danhgia_tts-014,english_or_foreign_word,Nam,632,635,hương hóa và nêu các cam kết cụ thể của Việt Nam với Liên Hợp Quốc. Việt Nam cam kết tiếp tục,nam.
danhgia_tts.txt,danhgia_tts-014,english_or_foreign_word,Nam,660,663," cụ thể của Việt Nam với Liên Hợp Quốc. Việt Nam cam kết tiếp tục tham gia gìn giữ hòa bình, ",nam.
danhgia_tts.txt,danhgia_tts-014,english_or_foreign_word,cam,664,667,"thể của Việt Nam với Liên Hợp Quốc. Việt Nam cam kết tiếp tục tham gia gìn giữ hòa bình, cho ",cam.
danhgia_tts.txt,danhgia_tts-014,english_or_foreign_word,tham,681,685,"với Liên Hợp Quốc. Việt Nam cam kết tiếp tục tham gia gìn giữ hòa bình, cho thuê trụ sở Liên H",tham.
danhgia_tts.txt,danhgia_tts-014,english_or_foreign_word,gia,686,689,"iên Hợp Quốc. Việt Nam cam kết tiếp tục tham gia gìn giữ hòa bình, cho thuê trụ sở Liên Hợp Q",gia.
danhgia_tts.txt,danhgia_tts-014,english_or_foreign_word,cho,708,711," cam kết tiếp tục tham gia gìn giữ hòa bình, cho thuê trụ sở Liên Hợp Quốc tại Hà Nội miễn ph",cho.
danhgia_tts.txt,danhgia_tts-014,english_or_foreign_word,trong,758,763,huê trụ sở Liên Hợp Quốc tại Hà Nội miễn phí trong 10 năm tới với giá trị ước tính 3 triệu USD ,trong.
danhgia_tts.txt,danhgia_tts-014,english_or_foreign_word,USD,804,807,"rong 10 năm tới với giá trị ước tính 3 triệu USD và đóng góp gần 1,3 triệu USD cho ngân sách ",<en>u s d</en>.
danhgia_tts.txt,danhgia_tts-014,english_or_foreign_word,USD,834,837,"c tính 3 triệu USD và đóng góp gần 1,3 triệu USD cho ngân sách gìn giữ hòa bình. Hai bên nhất",<en>u s d</en>.
danhgia_tts.txt,danhgia_tts-014,english_or_foreign_word,cho,838,841,"nh 3 triệu USD và đóng góp gần 1,3 triệu USD cho ngân sách gìn giữ hòa bình. Hai bên nhất trí",cho.
danhgia_tts.txt,danhgia_tts-014,english_or_foreign_word,Hai,870,873,",3 triệu USD cho ngân sách gìn giữ hòa bình. Hai bên nhất trí triển khai Khung hợp tác chiến ",hai.
danhgia_tts.txt,danhgia_tts-014,english_or_foreign_word,khai,893,897,ách gìn giữ hòa bình. Hai bên nhất trí triển khai Khung hợp tác chiến lược giai đoạn 2027-2031,khai.
danhgia_tts.txt,danhgia_tts-014,english_or_foreign_word,Khung,898,903,ìn giữ hòa bình. Hai bên nhất trí triển khai Khung hợp tác chiến lược giai đoạn 2027-2031 và tă,khung.
danhgia_tts.txt,danhgia_tts-014,english_or_foreign_word,giai,923,927,nhất trí triển khai Khung hợp tác chiến lược giai đoạn 2027-2031 và tăng cường hợp tác ASEAN-L,giai.
danhgia_tts.txt,danhgia_tts-014,english_or_foreign_word,ASEAN,965,970,ợc giai đoạn 2027-2031 và tăng cường hợp tác ASEAN-Liên Hợp Quốc. Hai bên cũng cùng ủng hộ vai ,asean.
danhgia_tts.txt,danhgia_tts-014,english_or_foreign_word,Hai,986,989,1 và tăng cường hợp tác ASEAN-Liên Hợp Quốc. Hai bên cũng cùng ủng hộ vai trò trung tâm của A,hai.
danhgia_tts.txt,danhgia_tts-014,english_or_foreign_word,vai,1011,1014,"SEAN-Liên Hợp Quốc. Hai bên cũng cùng ủng hộ vai trò trung tâm của ASEAN và bảo đảm an ninh, ",vai.
danhgia_tts.txt,danhgia_tts-014,english_or_foreign_word,trung,1019,1024,"n Hợp Quốc. Hai bên cũng cùng ủng hộ vai trò trung tâm của ASEAN và bảo đảm an ninh, an toàn, t",trung.
danhgia_tts.txt,danhgia_tts-014,english_or_foreign_word,ASEAN,1033,1038,"i bên cũng cùng ủng hộ vai trò trung tâm của ASEAN và bảo đảm an ninh, an toàn, tự do hàng hải ",asean.
danhgia_tts.txt,danhgia_tts-014,english_or_foreign_word,ninh,1053,1057,"hộ vai trò trung tâm của ASEAN và bảo đảm an ninh, an toàn, tự do hàng hải theo Công ước Liên ",ninh.
danhgia_tts.txt,danhgia_tts-014,english_or_foreign_word,theo,1083,1087," và bảo đảm an ninh, an toàn, tự do hàng hải theo Công ước Liên Hợp Quốc về Luật Biển 1982.",theo.
danhgia_tts.txt,danhgia_tts-014,number,23,143,145,"ại trụ sở Liên Hợp Quốc ở New York, Mỹ, ngày 23 tháng 9 trong khuôn khổ tuần cấp cao của kỳ ",hai mươi ba.
danhgia_tts.txt,danhgia_tts-014,number,9,152,153," Liên Hợp Quốc ở New York, Mỹ, ngày 23 tháng 9 trong khuôn khổ tuần cấp cao của kỳ họp thứ ",chín.
danhgia_tts.txt,danhgia_tts-014,number,81,198,200," trong khuôn khổ tuần cấp cao của kỳ họp thứ 81 Đại hội đồng Liên Hợp Quốc. Tại cuộc gặp, Tổ",tám mươi mốt.
danhgia_tts.txt,danhgia_tts-014,number,40,325,327, trước thành tựu phát triển của Việt Nam sau 40 năm Đổi mới và kêu gọi Việt Nam tiếp tục tha,bốn mươi.
danhgia_tts.txt,danhgia_tts-014,number,10,764,766,ụ sở Liên Hợp Quốc tại Hà Nội miễn phí trong 10 năm tới với giá trị ước tính 3 triệu USD và ,mười.
danhgia_tts.txt,danhgia_tts-014,number,3,796,797,"ễn phí trong 10 năm tới với giá trị ước tính 3 triệu USD và đóng góp gần 1,3 triệu USD cho ",ba.
danhgia_tts.txt,danhgia_tts-014,number,"1,3",824,827,"giá trị ước tính 3 triệu USD và đóng góp gần 1,3 triệu USD cho ngân sách gìn giữ hòa bình. Ha",một phẩy ba.
danhgia_tts.txt,danhgia_tts-014,number,2027,933,937,riển khai Khung hợp tác chiến lược giai đoạn 2027-2031 và tăng cường hợp tác ASEAN-Liên Hợp Qu,hai nghìn không trăm hai mươi bảy.
danhgia_tts.txt,danhgia_tts-014,number,2031,938,942,khai Khung hợp tác chiến lược giai đoạn 2027-2031 và tăng cường hợp tác ASEAN-Liên Hợp Quốc. H,hai nghìn không trăm ba mươi mốt.
danhgia_tts.txt,danhgia_tts-014,number,1982,1124,1128,hải theo Công ước Liên Hợp Quốc về Luật Biển 1982.,một nghìn chín trăm tám mươi hai.
danhgia_tts.txt,danhgia_tts-015,acronym,USD,675,678,khả năng giảm thuế quan đối với khoảng 30 tỷ USD hàng hóa không nhạy cảm. Ông cũng nêu Trung ,<en>u s d</en>.
danhgia_tts.txt,danhgia_tts-015,acronym,USD,819,822,g nhưng chậm tiến độ trong cam kết mua 17 tỷ USD hàng nông sản khác và việc giao đất hiếm bị ,<en>u s d</en>.
danhgia_tts.txt,danhgia_tts-015,english_or_foreign_word,Hoa,20,23,Bộ trưởng Tài chính Hoa Kỳ Scott Bessent cho biết Hoa Kỳ và Trung Qu,hoa.
danhgia_tts.txt,danhgia_tts-015,english_or_foreign_word,Scott,27,32,Bộ trưởng Tài chính Hoa Kỳ Scott Bessent cho biết Hoa Kỳ và Trung Quốc đã đồn,scott.
danhgia_tts.txt,danhgia_tts-015,english_or_foreign_word,Bessent,33,40,Bộ trưởng Tài chính Hoa Kỳ Scott Bessent cho biết Hoa Kỳ và Trung Quốc đã đồng ý gia ,bessent.
danhgia_tts.txt,danhgia_tts-015,english_or_foreign_word,cho,41,44,Bộ trưởng Tài chính Hoa Kỳ Scott Bessent cho biết Hoa Kỳ và Trung Quốc đã đồng ý gia hạn ,cho.
danhgia_tts.txt,danhgia_tts-015,english_or_foreign_word,Hoa,50,53,ưởng Tài chính Hoa Kỳ Scott Bessent cho biết Hoa Kỳ và Trung Quốc đã đồng ý gia hạn lệnh ngừn,hoa.
danhgia_tts.txt,danhgia_tts-015,english_or_foreign_word,Trung,60,65,hính Hoa Kỳ Scott Bessent cho biết Hoa Kỳ và Trung Quốc đã đồng ý gia hạn lệnh ngừng chiến thươ,trung.
danhgia_tts.txt,danhgia_tts-015,english_or_foreign_word,gia,81,84,sent cho biết Hoa Kỳ và Trung Quốc đã đồng ý gia hạn lệnh ngừng chiến thương mại thêm hai thá,gia.
danhgia_tts.txt,danhgia_tts-015,english_or_foreign_word,hai,122,125,"g ý gia hạn lệnh ngừng chiến thương mại thêm hai tháng, kéo dài đến ngày 10 tháng 1 năm 2027.",hai.
danhgia_tts.txt,danhgia_tts-015,english_or_foreign_word,sau,193,196,y 10 tháng 1 năm 2027. Thông báo được đưa ra sau các cuộc đàm phán giữa Bessent và Phó thủ tư,sau.
danhgia_tts.txt,danhgia_tts-015,english_or_foreign_word,Bessent,220,227,g báo được đưa ra sau các cuộc đàm phán giữa Bessent và Phó thủ tướng Trung Quốc Hà Lập Phong tại,bessent.
danhgia_tts.txt,danhgia_tts-015,english_or_foreign_word,Trung,245,250, cuộc đàm phán giữa Bessent và Phó thủ tướng Trung Quốc Hà Lập Phong tại New York ngày 20 tháng,trung.
danhgia_tts.txt,danhgia_tts-015,english_or_foreign_word,Phong,263,268,a Bessent và Phó thủ tướng Trung Quốc Hà Lập Phong tại New York ngày 20 tháng 9 và tại Washingt,phong.
danhgia_tts.txt,danhgia_tts-015,english_or_foreign_word,New,273,276,và Phó thủ tướng Trung Quốc Hà Lập Phong tại New York ngày 20 tháng 9 và tại Washington ngày ,new.
danhgia_tts.txt,danhgia_tts-015,english_or_foreign_word,York,277,281,hó thủ tướng Trung Quốc Hà Lập Phong tại New York ngày 20 tháng 9 và tại Washington ngày 23 th,york.
danhgia_tts.txt,danhgia_tts-015,english_or_foreign_word,Washington,305,315,ập Phong tại New York ngày 20 tháng 9 và tại Washington ngày 23 tháng 9. Quyết định được công bố nga,washington.
danhgia_tts.txt,danhgia_tts-015,english_or_foreign_word,ngay,357,361,ton ngày 23 tháng 9. Quyết định được công bố ngay trước chuyến thăm của Chủ tịch Trung Quốc Tậ,ngay.
danhgia_tts.txt,danhgia_tts-015,english_or_foreign_word,Trung,393,398, công bố ngay trước chuyến thăm của Chủ tịch Trung Quốc Tập Cận Bình tới Hoa Kỳ ngày 24 tháng 9,trung.
danhgia_tts.txt,danhgia_tts-015,english_or_foreign_word,Hoa,421,424,hăm của Chủ tịch Trung Quốc Tập Cận Bình tới Hoa Kỳ ngày 24 tháng 9 để tham dự hội nghị thượn,hoa.
danhgia_tts.txt,danhgia_tts-015,english_or_foreign_word,tham,447,451,c Tập Cận Bình tới Hoa Kỳ ngày 24 tháng 9 để tham dự hội nghị thượng đỉnh với Tổng thống Hoa K,tham.
danhgia_tts.txt,danhgia_tts-015,english_or_foreign_word,Hoa,491,494, tham dự hội nghị thượng đỉnh với Tổng thống Hoa Kỳ Donald Trump. Bessent nói việc gia hạn nh,hoa.
danhgia_tts.txt,danhgia_tts-015,english_or_foreign_word,Donald,498,504,ự hội nghị thượng đỉnh với Tổng thống Hoa Kỳ Donald Trump. Bessent nói việc gia hạn nhằm có thêm,donald.
danhgia_tts.txt,danhgia_tts-015,english_or_foreign_word,Trump,505,510,ghị thượng đỉnh với Tổng thống Hoa Kỳ Donald Trump. Bessent nói việc gia hạn nhằm có thêm thời ,trump.
danhgia_tts.txt,danhgia_tts-015,english_or_foreign_word,Bessent,512,519,ợng đỉnh với Tổng thống Hoa Kỳ Donald Trump. Bessent nói việc gia hạn nhằm có thêm thời gian để đ,bessent.
danhgia_tts.txt,danhgia_tts-015,english_or_foreign_word,gia,529,532, thống Hoa Kỳ Donald Trump. Bessent nói việc gia hạn nhằm có thêm thời gian để đàm phán một t,gia.
danhgia_tts.txt,danhgia_tts-015,english_or_foreign_word,gian,555,559,. Bessent nói việc gia hạn nhằm có thêm thời gian để đàm phán một thỏa thuận thương mại lớn hơ,gian.
danhgia_tts.txt,danhgia_tts-015,english_or_foreign_word,hai,609,612,àm phán một thỏa thuận thương mại lớn hơn và hai bên đã thảo luận khả năng giảm thuế quan đối,hai.
danhgia_tts.txt,danhgia_tts-015,english_or_foreign_word,quan,649,653,n và hai bên đã thảo luận khả năng giảm thuế quan đối với khoảng 30 tỷ USD hàng hóa không nhạy,quan.
danhgia_tts.txt,danhgia_tts-015,english_or_foreign_word,USD,675,678,khả năng giảm thuế quan đối với khoảng 30 tỷ USD hàng hóa không nhạy cảm. Ông cũng nêu Trung ,<en>u s d</en>.
danhgia_tts.txt,danhgia_tts-015,english_or_foreign_word,Trung,717,722,tỷ USD hàng hóa không nhạy cảm. Ông cũng nêu Trung Quốc đang đáp ứng cam kết mua 25 triệu tấn đ,trung.
danhgia_tts.txt,danhgia_tts-015,english_or_foreign_word,cam,741,744,ạy cảm. Ông cũng nêu Trung Quốc đang đáp ứng cam kết mua 25 triệu tấn đậu tương nhưng chậm ti,cam.
danhgia_tts.txt,danhgia_tts-015,english_or_foreign_word,mua,749,752,Ông cũng nêu Trung Quốc đang đáp ứng cam kết mua 25 triệu tấn đậu tương nhưng chậm tiến độ tr,mua.
danhgia_tts.txt,danhgia_tts-015,english_or_foreign_word,trong,795,800,ua 25 triệu tấn đậu tương nhưng chậm tiến độ trong cam kết mua 17 tỷ USD hàng nông sản khác và ,trong.
danhgia_tts.txt,danhgia_tts-015,english_or_foreign_word,cam,801,804,triệu tấn đậu tương nhưng chậm tiến độ trong cam kết mua 17 tỷ USD hàng nông sản khác và việc,cam.
danhgia_tts.txt,danhgia_tts-015,english_or_foreign_word,mua,809,812,n đậu tương nhưng chậm tiến độ trong cam kết mua 17 tỷ USD hàng nông sản khác và việc giao đấ,mua.
danhgia_tts.txt,danhgia_tts-015,english_or_foreign_word,USD,819,822,g nhưng chậm tiến độ trong cam kết mua 17 tỷ USD hàng nông sản khác và việc giao đất hiếm bị ,<en>u s d</en>.
danhgia_tts.txt,danhgia_tts-015,english_or_foreign_word,giao,850,854,kết mua 17 tỷ USD hàng nông sản khác và việc giao đất hiếm bị trì hoãn. Hai bên đã nhất trí th,giao.
danhgia_tts.txt,danhgia_tts-015,english_or_foreign_word,Hai,877,880, sản khác và việc giao đất hiếm bị trì hoãn. Hai bên đã nhất trí thiết lập đường dây nóng để ,hai.
danhgia_tts.txt,danhgia_tts-015,english_or_foreign_word,quan,950,954,p đường dây nóng để thông báo các sự cố liên quan an toàn trí tuệ nhân tạo. Một số bản tin gọi,quan.
danhgia_tts.txt,danhgia_tts-015,english_or_foreign_word,tin,992,995,"ên quan an toàn trí tuệ nhân tạo. Một số bản tin gọi thỏa thuận tạm ngừng này là ""Hiệp định B",tin.
danhgia_tts.txt,danhgia_tts-015,english_or_foreign_word,Busan,1039,1044,"n gọi thỏa thuận tạm ngừng này là ""Hiệp định Busan"" và cho biết quyết định nhằm duy trì khung h",busan.
danhgia_tts.txt,danhgia_tts-015,english_or_foreign_word,cho,1049,1052," thuận tạm ngừng này là ""Hiệp định Busan"" và cho biết quyết định nhằm duy trì khung hiện tại ",cho.
danhgia_tts.txt,danhgia_tts-015,english_or_foreign_word,duy,1074,1077,"Hiệp định Busan"" và cho biết quyết định nhằm duy trì khung hiện tại trong chuyến thăm của Tập",duy.
danhgia_tts.txt,danhgia_tts-015,english_or_foreign_word,khung,1082,1087,"h Busan"" và cho biết quyết định nhằm duy trì khung hiện tại trong chuyến thăm của Tập Cận Bình ",khung.
danhgia_tts.txt,danhgia_tts-015,english_or_foreign_word,trong,1097,1102, biết quyết định nhằm duy trì khung hiện tại trong chuyến thăm của Tập Cận Bình và đầu năm 2027,trong.
danhgia_tts.txt,danhgia_tts-015,number,10,150,152," thương mại thêm hai tháng, kéo dài đến ngày 10 tháng 1 năm 2027. Thông báo được đưa ra sau ",mười.
danhgia_tts.txt,danhgia_tts-015,number,1,159,160,"ại thêm hai tháng, kéo dài đến ngày 10 tháng 1 năm 2027. Thông báo được đưa ra sau các cuộc",một.
danhgia_tts.txt,danhgia_tts-015,number,2027,165,169,"m hai tháng, kéo dài đến ngày 10 tháng 1 năm 2027. Thông báo được đưa ra sau các cuộc đàm phán",hai nghìn không trăm hai mươi bảy.
danhgia_tts.txt,danhgia_tts-015,number,20,287,289,ng Trung Quốc Hà Lập Phong tại New York ngày 20 tháng 9 và tại Washington ngày 23 tháng 9. Q,hai mươi.
danhgia_tts.txt,danhgia_tts-015,number,9,296,297,Quốc Hà Lập Phong tại New York ngày 20 tháng 9 và tại Washington ngày 23 tháng 9. Quyết địn,chín.
danhgia_tts.txt,danhgia_tts-015,number,23,321,323, York ngày 20 tháng 9 và tại Washington ngày 23 tháng 9. Quyết định được công bố ngay trước ,hai mươi ba.
danhgia_tts.txt,danhgia_tts-015,number,9,330,331,y 20 tháng 9 và tại Washington ngày 23 tháng 9. Quyết định được công bố ngay trước chuyến t,chín.
danhgia_tts.txt,danhgia_tts-015,number,24,433,435,tịch Trung Quốc Tập Cận Bình tới Hoa Kỳ ngày 24 tháng 9 để tham dự hội nghị thượng đỉnh với ,hai mươi bốn.
danhgia_tts.txt,danhgia_tts-015,number,9,442,443,g Quốc Tập Cận Bình tới Hoa Kỳ ngày 24 tháng 9 để tham dự hội nghị thượng đỉnh với Tổng thố,chín.
danhgia_tts.txt,danhgia_tts-015,number,30,669,671, luận khả năng giảm thuế quan đối với khoảng 30 tỷ USD hàng hóa không nhạy cảm. Ông cũng nêu,ba mươi.
danhgia_tts.txt,danhgia_tts-015,number,25,753,755,cũng nêu Trung Quốc đang đáp ứng cam kết mua 25 triệu tấn đậu tương nhưng chậm tiến độ trong,hai mươi lăm.
danhgia_tts.txt,danhgia_tts-015,number,17,813,815,u tương nhưng chậm tiến độ trong cam kết mua 17 tỷ USD hàng nông sản khác và việc giao đất h,mười bảy.
danhgia_tts.txt,danhgia_tts-015,number,2027,1143,1147,rong chuyến thăm của Tập Cận Bình và đầu năm 2027.,hai nghìn không trăm hai mươi bảy.
danhgia_tts.txt,danhgia_tts-016,measurement,3.000 km,1076,1084,ắm vào hai cơ sở ngưng tụ khí ở vùng cực hơn 3.000 km từ biên giới. Bài phát biểu được đưa ra tron,ba nghìn ki lô mét.
danhgia_tts.txt,danhgia_tts-016,decimal,248.000,897,904,u rằng trong tám tháng qua Nga đã mất khoảng 248.000 binh sĩ và chiếm hơn 1.000 km² lãnh thổ Ukra,hai trăm bốn mươi tám nghìn.
danhgia_tts.txt,danhgia_tts-016,decimal,1.000,926,931,"a đã mất khoảng 248.000 binh sĩ và chiếm hơn 1.000 km² lãnh thổ Ukraine, và cho biết Ukraine vừ",một nghìn.
danhgia_tts.txt,danhgia_tts-016,decimal,3.000,1076,1081,ắm vào hai cơ sở ngưng tụ khí ở vùng cực hơn 3.000 km từ biên giới. Bài phát biểu được đưa ra t,ba nghìn.
danhgia_tts.txt,danhgia_tts-016,english_or_foreign_word,New,58,61," 9 năm 2026 tại Đại hội đồng Liên Hợp Quốc ở New York, Tổng thống Ukraine Volodymyr Zelenskyy",new.
danhgia_tts.txt,danhgia_tts-016,english_or_foreign_word,York,62,66,"ăm 2026 tại Đại hội đồng Liên Hợp Quốc ở New York, Tổng thống Ukraine Volodymyr Zelenskyy kêu ",york.
danhgia_tts.txt,danhgia_tts-016,english_or_foreign_word,Ukraine,79,86,"ội đồng Liên Hợp Quốc ở New York, Tổng thống Ukraine Volodymyr Zelenskyy kêu gọi các nhà lãnh đạo",ukraine.
danhgia_tts.txt,danhgia_tts-016,english_or_foreign_word,Volodymyr,87,96,"Liên Hợp Quốc ở New York, Tổng thống Ukraine Volodymyr Zelenskyy kêu gọi các nhà lãnh đạo thế giới ",volodymyr.
danhgia_tts.txt,danhgia_tts-016,english_or_foreign_word,Zelenskyy,97,106,"uốc ở New York, Tổng thống Ukraine Volodymyr Zelenskyy kêu gọi các nhà lãnh đạo thế giới tiếp tục s",zelenskyy.
danhgia_tts.txt,danhgia_tts-016,english_or_foreign_word,kinh,185,189, tiếp tục siết chặt các biện pháp trừng phạt kinh tế nhằm vào Nga và ngăn chặn nguồn thu tài t,kinh.
danhgia_tts.txt,danhgia_tts-016,english_or_foreign_word,Nga,202,205,ặt các biện pháp trừng phạt kinh tế nhằm vào Nga và ngăn chặn nguồn thu tài trợ cho chiến tra,nga.
danhgia_tts.txt,danhgia_tts-016,english_or_foreign_word,thu,225,228,phạt kinh tế nhằm vào Nga và ngăn chặn nguồn thu tài trợ cho chiến tranh. Ông gọi Tổng thống ,thu.
danhgia_tts.txt,danhgia_tts-016,english_or_foreign_word,cho,237,240, nhằm vào Nga và ngăn chặn nguồn thu tài trợ cho chiến tranh. Ông gọi Tổng thống Nga Vladimir,cho.
danhgia_tts.txt,danhgia_tts-016,english_or_foreign_word,tranh,247,252,"Nga và ngăn chặn nguồn thu tài trợ cho chiến tranh. Ông gọi Tổng thống Nga Vladimir Putin là ""b",tranh.
danhgia_tts.txt,danhgia_tts-016,english_or_foreign_word,Nga,273,276," tài trợ cho chiến tranh. Ông gọi Tổng thống Nga Vladimir Putin là ""bệnh nhân số không"" và cá",nga.
danhgia_tts.txt,danhgia_tts-016,english_or_foreign_word,Vladimir,277,285," trợ cho chiến tranh. Ông gọi Tổng thống Nga Vladimir Putin là ""bệnh nhân số không"" và cáo buộc Mo",vladimir.
danhgia_tts.txt,danhgia_tts-016,english_or_foreign_word,Putin,286,291,"chiến tranh. Ông gọi Tổng thống Nga Vladimir Putin là ""bệnh nhân số không"" và cáo buộc Moscow s",putin.
danhgia_tts.txt,danhgia_tts-016,english_or_foreign_word,Moscow,328,334,"ir Putin là ""bệnh nhân số không"" và cáo buộc Moscow sử dụng công dân của 47 nước làm binh sĩ thứ",moscow.
danhgia_tts.txt,danhgia_tts-016,english_or_foreign_word,binh,368,372,"buộc Moscow sử dụng công dân của 47 nước làm binh sĩ thứ ba, nêu ví dụ về công dân từ Ghana, N",binh.
danhgia_tts.txt,danhgia_tts-016,english_or_foreign_word,Ghana,409,414,"làm binh sĩ thứ ba, nêu ví dụ về công dân từ Ghana, Nepal và Ấn Độ. Zelenskyy cho biết hai binh",ghana.
danhgia_tts.txt,danhgia_tts-016,english_or_foreign_word,Nepal,416,421,"h sĩ thứ ba, nêu ví dụ về công dân từ Ghana, Nepal và Ấn Độ. Zelenskyy cho biết hai binh sĩ Tri",nepal.
danhgia_tts.txt,danhgia_tts-016,english_or_foreign_word,Zelenskyy,432,441," ví dụ về công dân từ Ghana, Nepal và Ấn Độ. Zelenskyy cho biết hai binh sĩ Triều Tiên đã bị bắt và",zelenskyy.
danhgia_tts.txt,danhgia_tts-016,english_or_foreign_word,cho,442,445,"công dân từ Ghana, Nepal và Ấn Độ. Zelenskyy cho biết hai binh sĩ Triều Tiên đã bị bắt và đượ",cho.
danhgia_tts.txt,danhgia_tts-016,english_or_foreign_word,hai,451,454,"từ Ghana, Nepal và Ấn Độ. Zelenskyy cho biết hai binh sĩ Triều Tiên đã bị bắt và được chuyển ",hai.
danhgia_tts.txt,danhgia_tts-016,english_or_foreign_word,binh,455,459,"hana, Nepal và Ấn Độ. Zelenskyy cho biết hai binh sĩ Triều Tiên đã bị bắt và được chuyển sang ",binh.
danhgia_tts.txt,danhgia_tts-016,english_or_foreign_word,sang,499,503," binh sĩ Triều Tiên đã bị bắt và được chuyển sang Hàn Quốc, đồng thời cảnh báo về quan hệ quốc",sang.
danhgia_tts.txt,danhgia_tts-016,english_or_foreign_word,quan,536,540," chuyển sang Hàn Quốc, đồng thời cảnh báo về quan hệ quốc phòng ngày càng tăng giữa Nga và Tri",quan.
danhgia_tts.txt,danhgia_tts-016,english_or_foreign_word,Nga,575,578,áo về quan hệ quốc phòng ngày càng tăng giữa Nga và Triều Tiên. Ông công bố các thỏa thuận cô,nga.
danhgia_tts.txt,danhgia_tts-016,english_or_foreign_word,bay,635,638,"ên. Ông công bố các thỏa thuận công nghệ máy bay không người lái với Phần Lan, thỏa thuận an ",bay.
danhgia_tts.txt,danhgia_tts-016,english_or_foreign_word,Lan,664,667,"n công nghệ máy bay không người lái với Phần Lan, thỏa thuận an ninh với Australia và đang ch",lan.
danhgia_tts.txt,danhgia_tts-016,english_or_foreign_word,ninh,683,687," không người lái với Phần Lan, thỏa thuận an ninh với Australia và đang chuẩn bị với Canada, đ",ninh.
danhgia_tts.txt,danhgia_tts-016,english_or_foreign_word,Australia,692,701,"ười lái với Phần Lan, thỏa thuận an ninh với Australia và đang chuẩn bị với Canada, đồng thời cảnh ",australia.
danhgia_tts.txt,danhgia_tts-016,english_or_foreign_word,Canada,723,729,"n an ninh với Australia và đang chuẩn bị với Canada, đồng thời cảnh báo lực lượng Ukraine có thể",canada.
danhgia_tts.txt,danhgia_tts-016,english_or_foreign_word,Ukraine,760,767," bị với Canada, đồng thời cảnh báo lực lượng Ukraine có thể nhắm vào cơ sở năng lượng và sưởi ấm ",ukraine.
danhgia_tts.txt,danhgia_tts-016,english_or_foreign_word,Nga,816,819,thể nhắm vào cơ sở năng lượng và sưởi ấm của Nga trong mùa đông này. Zelenskyy nêu rằng trong,nga.
danhgia_tts.txt,danhgia_tts-016,english_or_foreign_word,trong,820,825,nhắm vào cơ sở năng lượng và sưởi ấm của Nga trong mùa đông này. Zelenskyy nêu rằng trong tám t,trong.
danhgia_tts.txt,danhgia_tts-016,english_or_foreign_word,Zelenskyy,840,849,lượng và sưởi ấm của Nga trong mùa đông này. Zelenskyy nêu rằng trong tám tháng qua Nga đã mất khoả,zelenskyy.
danhgia_tts.txt,danhgia_tts-016,english_or_foreign_word,trong,859,864,a Nga trong mùa đông này. Zelenskyy nêu rằng trong tám tháng qua Nga đã mất khoảng 248.000 binh,trong.
danhgia_tts.txt,danhgia_tts-016,english_or_foreign_word,qua,875,878,đông này. Zelenskyy nêu rằng trong tám tháng qua Nga đã mất khoảng 248.000 binh sĩ và chiếm h,qua.
danhgia_tts.txt,danhgia_tts-016,english_or_foreign_word,Nga,879,882, này. Zelenskyy nêu rằng trong tám tháng qua Nga đã mất khoảng 248.000 binh sĩ và chiếm hơn 1,nga.
danhgia_tts.txt,danhgia_tts-016,english_or_foreign_word,binh,905,909,"rong tám tháng qua Nga đã mất khoảng 248.000 binh sĩ và chiếm hơn 1.000 km² lãnh thổ Ukraine, ",binh.
danhgia_tts.txt,danhgia_tts-016,english_or_foreign_word,Ukraine,945,952,".000 binh sĩ và chiếm hơn 1.000 km² lãnh thổ Ukraine, và cho biết Ukraine vừa thực hiện cuộc tấn ",ukraine.
danhgia_tts.txt,danhgia_tts-016,english_or_foreign_word,cho,957,960," và chiếm hơn 1.000 km² lãnh thổ Ukraine, và cho biết Ukraine vừa thực hiện cuộc tấn công sâu",cho.
danhgia_tts.txt,danhgia_tts-016,english_or_foreign_word,Ukraine,966,973," hơn 1.000 km² lãnh thổ Ukraine, và cho biết Ukraine vừa thực hiện cuộc tấn công sâu nhất vào lãn",ukraine.
danhgia_tts.txt,danhgia_tts-016,english_or_foreign_word,Nga,1024,1027,"hực hiện cuộc tấn công sâu nhất vào lãnh thổ Nga, nhắm vào hai cơ sở ngưng tụ khí ở vùng cực ",nga.
danhgia_tts.txt,danhgia_tts-016,english_or_foreign_word,hai,1038,1041,"tấn công sâu nhất vào lãnh thổ Nga, nhắm vào hai cơ sở ngưng tụ khí ở vùng cực hơn 3.000 km t",hai.
danhgia_tts.txt,danhgia_tts-016,english_or_foreign_word,trong,1125,1130,0 km từ biên giới. Bài phát biểu được đưa ra trong bối cảnh các cuộc không kích của Nga gây thư,trong.
danhgia_tts.txt,danhgia_tts-016,english_or_foreign_word,Nga,1164,1167,ưa ra trong bối cảnh các cuộc không kích của Nga gây thương vong ở Ukraine và Ngoại trưởng Ng,nga.
danhgia_tts.txt,danhgia_tts-016,english_or_foreign_word,vong,1179,1183, cảnh các cuộc không kích của Nga gây thương vong ở Ukraine và Ngoại trưởng Nga Sergey Lavrov ,vong.
danhgia_tts.txt,danhgia_tts-016,english_or_foreign_word,Ukraine,1186,1193,ác cuộc không kích của Nga gây thương vong ở Ukraine và Ngoại trưởng Nga Sergey Lavrov nói với Hộ,ukraine.
danhgia_tts.txt,danhgia_tts-016,english_or_foreign_word,Nga,1210,1213,ga gây thương vong ở Ukraine và Ngoại trưởng Nga Sergey Lavrov nói với Hội đồng Bảo an rằng M,nga.
danhgia_tts.txt,danhgia_tts-016,english_or_foreign_word,Sergey,1214,1220,ây thương vong ở Ukraine và Ngoại trưởng Nga Sergey Lavrov nói với Hội đồng Bảo an rằng Moscow s,sergey.
danhgia_tts.txt,danhgia_tts-016,english_or_foreign_word,Lavrov,1221,1227,ng vong ở Ukraine và Ngoại trưởng Nga Sergey Lavrov nói với Hội đồng Bảo an rằng Moscow sẵn sàng,lavrov.
danhgia_tts.txt,danhgia_tts-016,english_or_foreign_word,Moscow,1257,1263,a Sergey Lavrov nói với Hội đồng Bảo an rằng Moscow sẵn sàng đàm phán nhưng sẽ không tạm dừng ch,moscow.
danhgia_tts.txt,danhgia_tts-016,english_or_foreign_word,tranh,1312,1317, sàng đàm phán nhưng sẽ không tạm dừng chiến tranh. Một số bản tin cũng đề cập tới các biện phá,tranh.
danhgia_tts.txt,danhgia_tts-016,english_or_foreign_word,tin,1330,1333,ng sẽ không tạm dừng chiến tranh. Một số bản tin cũng đề cập tới các biện pháp trừng phạt của,tin.
danhgia_tts.txt,danhgia_tts-016,english_or_foreign_word,Hoa,1379,1382,cũng đề cập tới các biện pháp trừng phạt của Hoa Kỳ do Tổng thống Donald Trump ký và thông ti,hoa.
danhgia_tts.txt,danhgia_tts-016,english_or_foreign_word,Donald,1400,1406,iện pháp trừng phạt của Hoa Kỳ do Tổng thống Donald Trump ký và thông tin về khả năng đàm phán n,donald.
danhgia_tts.txt,danhgia_tts-016,english_or_foreign_word,Trump,1407,1412,p trừng phạt của Hoa Kỳ do Tổng thống Donald Trump ký và thông tin về khả năng đàm phán ngừng b,trump.
danhgia_tts.txt,danhgia_tts-016,english_or_foreign_word,tin,1425,1428,oa Kỳ do Tổng thống Donald Trump ký và thông tin về khả năng đàm phán ngừng bắn hạn chế từ ph,tin.
danhgia_tts.txt,danhgia_tts-016,english_or_foreign_word,Nga,1476,1479, khả năng đàm phán ngừng bắn hạn chế từ phía Nga và Mỹ.,nga.
danhgia_tts.txt,danhgia_tts-016,number,23,5,7,Ngày 23 tháng 9 năm 2026 tại Đại hội đồng Liên Hợp Q,hai mươi ba.
danhgia_tts.txt,danhgia_tts-016,number,9,14,15,Ngày 23 tháng 9 năm 2026 tại Đại hội đồng Liên Hợp Quốc ở Ne,chín.
danhgia_tts.txt,danhgia_tts-016,number,2026,20,24,"Ngày 23 tháng 9 năm 2026 tại Đại hội đồng Liên Hợp Quốc ở New York, T",hai nghìn không trăm hai mươi sáu.
danhgia_tts.txt,danhgia_tts-016,number,47,356,358,"ông"" và cáo buộc Moscow sử dụng công dân của 47 nước làm binh sĩ thứ ba, nêu ví dụ về công d",bốn mươi bảy.
danhgia_tts.txt,danhgia_tts-016,number,248.000,897,904,u rằng trong tám tháng qua Nga đã mất khoảng 248.000 binh sĩ và chiếm hơn 1.000 km² lãnh thổ Ukra,hai trăm bốn mươi tám nghìn.
danhgia_tts.txt,danhgia_tts-016,number,1.000,926,931,"a đã mất khoảng 248.000 binh sĩ và chiếm hơn 1.000 km² lãnh thổ Ukraine, và cho biết Ukraine vừ",một nghìn.
danhgia_tts.txt,danhgia_tts-016,number,3.000,1076,1081,ắm vào hai cơ sở ngưng tụ khí ở vùng cực hơn 3.000 km từ biên giới. Bài phát biểu được đưa ra t,ba nghìn.
danhgia_tts.txt,danhgia_tts-017,english_or_foreign_word,Takaichi,19,27,Thủ tướng Nhật Bản Takaichi Sanae đã hội đàm với Tổng thống Ukraine Volo,takaichi.
danhgia_tts.txt,danhgia_tts-017,english_or_foreign_word,Sanae,28,33,Thủ tướng Nhật Bản Takaichi Sanae đã hội đàm với Tổng thống Ukraine Volodymyr ,sanae.
danhgia_tts.txt,danhgia_tts-017,english_or_foreign_word,Ukraine,60,67,Bản Takaichi Sanae đã hội đàm với Tổng thống Ukraine Volodymyr Zelenskyy tại trụ sở Liên Hợp Quốc,ukraine.
danhgia_tts.txt,danhgia_tts-017,english_or_foreign_word,Volodymyr,68,77,ichi Sanae đã hội đàm với Tổng thống Ukraine Volodymyr Zelenskyy tại trụ sở Liên Hợp Quốc ở New Yor,volodymyr.
danhgia_tts.txt,danhgia_tts-017,english_or_foreign_word,Zelenskyy,78,87, đã hội đàm với Tổng thống Ukraine Volodymyr Zelenskyy tại trụ sở Liên Hợp Quốc ở New York vào ngày,zelenskyy.
danhgia_tts.txt,danhgia_tts-017,english_or_foreign_word,New,115,118,lodymyr Zelenskyy tại trụ sở Liên Hợp Quốc ở New York vào ngày 22 (giờ Nhật Bản 23). Bà Takai,new.
danhgia_tts.txt,danhgia_tts-017,english_or_foreign_word,York,119,123,myr Zelenskyy tại trụ sở Liên Hợp Quốc ở New York vào ngày 22 (giờ Nhật Bản 23). Bà Takaichi n,york.
danhgia_tts.txt,danhgia_tts-017,english_or_foreign_word,Takaichi,158,166,ở New York vào ngày 22 (giờ Nhật Bản 23). Bà Takaichi nhấn mạnh rằng các nước cần đoàn kết để hỗ t,takaichi.
danhgia_tts.txt,danhgia_tts-017,english_or_foreign_word,Ukraine,214,221,ấn mạnh rằng các nước cần đoàn kết để hỗ trợ Ukraine và tiếp tục áp dụng các biện pháp trừng phạt,ukraine.
danhgia_tts.txt,danhgia_tts-017,english_or_foreign_word,Nga,275,278,tục áp dụng các biện pháp trừng phạt đối với Nga vì hành vi xâm lược. Bà cho rằng việc đoàn k,nga.
danhgia_tts.txt,danhgia_tts-017,english_or_foreign_word,cho,303,306,ừng phạt đối với Nga vì hành vi xâm lược. Bà cho rằng việc đoàn kết quốc tế là quan trọng để ,cho.
danhgia_tts.txt,danhgia_tts-017,english_or_foreign_word,quan,337,341,m lược. Bà cho rằng việc đoàn kết quốc tế là quan trọng để sớm đạt được một nền hòa bình công ,quan.
danhgia_tts.txt,danhgia_tts-017,english_or_foreign_word,Takaichi,407,415,c một nền hòa bình công bằng và bền vững. Bà Takaichi cam kết Nhật Bản sẽ làm việc với cộng đồng q,takaichi.
danhgia_tts.txt,danhgia_tts-017,english_or_foreign_word,cam,416,419, hòa bình công bằng và bền vững. Bà Takaichi cam kết Nhật Bản sẽ làm việc với cộng đồng quốc ,cam.
danhgia_tts.txt,danhgia_tts-017,english_or_foreign_word,Ukraine,477,484, sẽ làm việc với cộng đồng quốc tế để hỗ trợ Ukraine và duy trì các biện pháp trừng phạt. Bài báo,ukraine.
danhgia_tts.txt,danhgia_tts-017,english_or_foreign_word,duy,488,491,c với cộng đồng quốc tế để hỗ trợ Ukraine và duy trì các biện pháp trừng phạt. Bài báo nêu rằ,duy.
danhgia_tts.txt,danhgia_tts-017,english_or_foreign_word,khi,542,545,"ác biện pháp trừng phạt. Bài báo nêu rằng từ khi Nga xâm lược toàn diện năm 2022, Nhật Bản đã",khi.
danhgia_tts.txt,danhgia_tts-017,english_or_foreign_word,Nga,546,549,"iện pháp trừng phạt. Bài báo nêu rằng từ khi Nga xâm lược toàn diện năm 2022, Nhật Bản đã hỗ ",nga.
danhgia_tts.txt,danhgia_tts-017,english_or_foreign_word,Ukraine,598,605," lược toàn diện năm 2022, Nhật Bản đã hỗ trợ Ukraine nhưng do hạn chế pháp lý về xuất khẩu vũ khí",ukraine.
danhgia_tts.txt,danhgia_tts-017,english_or_foreign_word,cung,659,663, hạn chế pháp lý về xuất khẩu vũ khí nên chỉ cung cấp hàng không sát thương như xe tải và áo g,cung.
danhgia_tts.txt,danhgia_tts-017,english_or_foreign_word,cung,723,727," sát thương như xe tải và áo giáp, đồng thời cung cấp máy phát điện và dẫn dắt kế hoạch tái th",cung.
danhgia_tts.txt,danhgia_tts-017,english_or_foreign_word,Zelenskyy,802,811,kế hoạch tái thiết cơ sở hạ tầng. Tổng thống Zelenskyy bày tỏ cảm ơn và gợi ý hợp tác thêm trong ph,zelenskyy.
danhgia_tts.txt,danhgia_tts-017,english_or_foreign_word,trong,848,853,elenskyy bày tỏ cảm ơn và gợi ý hợp tác thêm trong phát triển drone và cung cấp trang bị phòng ,trong.
danhgia_tts.txt,danhgia_tts-017,english_or_foreign_word,drone,865,870,"ảm ơn và gợi ý hợp tác thêm trong phát triển drone và cung cấp trang bị phòng không, nhưng khôn",drone.
danhgia_tts.txt,danhgia_tts-017,english_or_foreign_word,cung,874,878,"gợi ý hợp tác thêm trong phát triển drone và cung cấp trang bị phòng không, nhưng không công k",cung.
danhgia_tts.txt,danhgia_tts-017,english_or_foreign_word,trang,883,888," tác thêm trong phát triển drone và cung cấp trang bị phòng không, nhưng không công khai yêu cầ",trang.
danhgia_tts.txt,danhgia_tts-017,english_or_foreign_word,khai,922,926,"g cấp trang bị phòng không, nhưng không công khai yêu cầu thêm viện trợ trước cuộc gặp. Bài bá",khai.
danhgia_tts.txt,danhgia_tts-017,english_or_foreign_word,Takaichi,1000,1008,cuộc gặp. Bài báo cũng có ảnh chụp Thủ tướng Takaichi ký tài liệu tại trụ sở Liên Hợp Quốc.,takaichi.
danhgia_tts.txt,danhgia_tts-017,number,22,133,135,tại trụ sở Liên Hợp Quốc ở New York vào ngày 22 (giờ Nhật Bản 23). Bà Takaichi nhấn mạnh rằn,hai mươi hai.
danhgia_tts.txt,danhgia_tts-017,number,23,150,152,ợp Quốc ở New York vào ngày 22 (giờ Nhật Bản 23). Bà Takaichi nhấn mạnh rằng các nước cần đo,hai mươi ba.
danhgia_tts.txt,danhgia_tts-017,number,2022,573,577,"o nêu rằng từ khi Nga xâm lược toàn diện năm 2022, Nhật Bản đã hỗ trợ Ukraine nhưng do hạn chế",hai nghìn không trăm hai mươi hai.
danhgia_tts_02.txt,danhgia_tts_02-001,acronym,AI,621,623,"í tuệ nhân tạo, với Tập nhấn mạnh phát triển AI phải luôn nằm dưới sự kiểm soát của con ngườ",ai.
danhgia_tts_02.txt,danhgia_tts_02-001,acronym,APEC,1009,1013," Hai bên xác nhận sẽ hỗ trợ lẫn nhau tổ chức APEC 2026 và G20, và sau cuộc gặp có các hoạt độn",apec.
danhgia_tts_02.txt,danhgia_tts_02-001,english_or_foreign_word,Trung,35,40,"Ngày 24 tháng 9 năm 2026, Chủ tịch Trung Quốc Tập Cận Bình và Tổng thống Hoa Kỳ Donal",trung.
danhgia_tts_02.txt,danhgia_tts_02-001,english_or_foreign_word,Hoa,73,76,ủ tịch Trung Quốc Tập Cận Bình và Tổng thống Hoa Kỳ Donald J. Trump đã hội đàm tại Nhà Trắng ,hoa.
danhgia_tts_02.txt,danhgia_tts_02-001,english_or_foreign_word,Donald,80,86,Trung Quốc Tập Cận Bình và Tổng thống Hoa Kỳ Donald J. Trump đã hội đàm tại Nhà Trắng ở Washingt,donald.
danhgia_tts_02.txt,danhgia_tts_02-001,english_or_foreign_word,Trump,90,95, Tập Cận Bình và Tổng thống Hoa Kỳ Donald J. Trump đã hội đàm tại Nhà Trắng ở Washington. Tập C,trump.
danhgia_tts_02.txt,danhgia_tts_02-001,english_or_foreign_word,Washington,123,133,ỳ Donald J. Trump đã hội đàm tại Nhà Trắng ở Washington. Tập Cận Bình nhấn mạnh việc duy trì một qua,washington.
danhgia_tts_02.txt,danhgia_tts_02-001,english_or_foreign_word,duy,163,166,ng ở Washington. Tập Cận Bình nhấn mạnh việc duy trì một quan hệ chiến lược ổn định mang tính,duy.
danhgia_tts_02.txt,danhgia_tts_02-001,english_or_foreign_word,quan,175,179,"ton. Tập Cận Bình nhấn mạnh việc duy trì một quan hệ chiến lược ổn định mang tính xây dựng, kê",quan.
danhgia_tts_02.txt,danhgia_tts_02-001,english_or_foreign_word,mang,202,206," việc duy trì một quan hệ chiến lược ổn định mang tính xây dựng, kêu gọi chuyển tầm nhìn thành",mang.
danhgia_tts_02.txt,danhgia_tts_02-001,english_or_foreign_word,tranh,296,301," hành động và thúc đẩy hợp tác chủ đạo, cạnh tranh có độ và bất đồng có thể kiểm soát. Ông kêu ",tranh.
danhgia_tts_02.txt,danhgia_tts_02-001,english_or_foreign_word,Hoa,350,353,"độ và bất đồng có thể kiểm soát. Ông kêu gọi Hoa Kỳ phản đối ""Đài Loan độc lập"" và xử lý vấn ",hoa.
danhgia_tts_02.txt,danhgia_tts_02-001,english_or_foreign_word,Loan,371,375," kiểm soát. Ông kêu gọi Hoa Kỳ phản đối ""Đài Loan độc lập"" và xử lý vấn đề Đài Loan một cách t",loan.
danhgia_tts_02.txt,danhgia_tts_02-001,english_or_foreign_word,Loan,405,409,"n đối ""Đài Loan độc lập"" và xử lý vấn đề Đài Loan một cách thận trọng, đồng thời nhắc lại lập ",loan.
danhgia_tts_02.txt,danhgia_tts_02-001,english_or_foreign_word,gia,484,487,i nhắc lại lập trường bảo vệ thống nhất quốc gia và toàn vẹn lãnh thổ. Hai nhà lãnh đạo thảo ,gia.
danhgia_tts_02.txt,danhgia_tts_02-001,english_or_foreign_word,Hai,510,513,vệ thống nhất quốc gia và toàn vẹn lãnh thổ. Hai nhà lãnh đạo thảo luận về quản lý và hợp tác,hai.
danhgia_tts_02.txt,danhgia_tts_02-001,english_or_foreign_word,trong,559,564,"nhà lãnh đạo thảo luận về quản lý và hợp tác trong lĩnh vực trí tuệ nhân tạo, với Tập nhấn mạnh",trong.
danhgia_tts_02.txt,danhgia_tts_02-001,english_or_foreign_word,con,660,663,triển AI phải luôn nằm dưới sự kiểm soát của con người và kêu gọi đối thoại để quản lý rủi ro,con.
danhgia_tts_02.txt,danhgia_tts_02-001,english_or_foreign_word,trao,718,722,"kêu gọi đối thoại để quản lý rủi ro. Họ cũng trao đổi về thương mại, trong đó có việc gia hạn ",trao.
danhgia_tts_02.txt,danhgia_tts_02-001,english_or_foreign_word,trong,742,747,"n lý rủi ro. Họ cũng trao đổi về thương mại, trong đó có việc gia hạn tạm ngừng chiến tranh thư",trong.
danhgia_tts_02.txt,danhgia_tts_02-001,english_or_foreign_word,gia,759,762,"ũng trao đổi về thương mại, trong đó có việc gia hạn tạm ngừng chiến tranh thương mại và các ",gia.
danhgia_tts_02.txt,danhgia_tts_02-001,english_or_foreign_word,tranh,783,788,"ại, trong đó có việc gia hạn tạm ngừng chiến tranh thương mại và các biện pháp liên quan như ho",tranh.
danhgia_tts_02.txt,danhgia_tts_02-001,english_or_foreign_word,quan,822,826,chiến tranh thương mại và các biện pháp liên quan như hoãn lệnh cấm xuất khẩu đất hiếm đến ngà,quan.
danhgia_tts_02.txt,danhgia_tts_02-001,english_or_foreign_word,Trung,910,915,"ến ngày 10 tháng 1 năm 2027, và thảo luận về Trung Đông, khủng hoảng Ukraine và bán đảo Triều T",trung.
danhgia_tts_02.txt,danhgia_tts_02-001,english_or_foreign_word,Ukraine,934,941,"027, và thảo luận về Trung Đông, khủng hoảng Ukraine và bán đảo Triều Tiên. Hai bên xác nhận sẽ h",ukraine.
danhgia_tts_02.txt,danhgia_tts_02-001,english_or_foreign_word,Hai,965,968,", khủng hoảng Ukraine và bán đảo Triều Tiên. Hai bên xác nhận sẽ hỗ trợ lẫn nhau tổ chức APEC",hai.
danhgia_tts_02.txt,danhgia_tts_02-001,english_or_foreign_word,nhau,996,1000,"o Triều Tiên. Hai bên xác nhận sẽ hỗ trợ lẫn nhau tổ chức APEC 2026 và G20, và sau cuộc gặp có",nhau.
danhgia_tts_02.txt,danhgia_tts_02-001,english_or_foreign_word,APEC,1009,1013," Hai bên xác nhận sẽ hỗ trợ lẫn nhau tổ chức APEC 2026 và G20, và sau cuộc gặp có các hoạt độn",apec.
danhgia_tts_02.txt,danhgia_tts_02-001,english_or_foreign_word,sau,1030,1033,"hỗ trợ lẫn nhau tổ chức APEC 2026 và G20, và sau cuộc gặp có các hoạt động như bữa tối nhà nư",sau.
danhgia_tts_02.txt,danhgia_tts_02-001,english_or_foreign_word,tham,1084,1088,gặp có các hoạt động như bữa tối nhà nước và tham quan trực thăng Marine One. Các quan chức cấ,tham.
danhgia_tts_02.txt,danhgia_tts_02-001,english_or_foreign_word,quan,1089,1093,ó các hoạt động như bữa tối nhà nước và tham quan trực thăng Marine One. Các quan chức cấp cao,quan.
danhgia_tts_02.txt,danhgia_tts_02-001,english_or_foreign_word,Marine,1105,1111,như bữa tối nhà nước và tham quan trực thăng Marine One. Các quan chức cấp cao tham dự gồm Thái ,marine.
danhgia_tts_02.txt,danhgia_tts_02-001,english_or_foreign_word,One,1112,1115," tối nhà nước và tham quan trực thăng Marine One. Các quan chức cấp cao tham dự gồm Thái Kỳ, ",one.
danhgia_tts_02.txt,danhgia_tts_02-001,english_or_foreign_word,quan,1121,1125,"nước và tham quan trực thăng Marine One. Các quan chức cấp cao tham dự gồm Thái Kỳ, Vương Nghị",quan.
danhgia_tts_02.txt,danhgia_tts_02-001,english_or_foreign_word,cao,1135,1138,"uan trực thăng Marine One. Các quan chức cấp cao tham dự gồm Thái Kỳ, Vương Nghị, Hà Lập Phon",cao.
danhgia_tts_02.txt,danhgia_tts_02-001,english_or_foreign_word,tham,1139,1143,"trực thăng Marine One. Các quan chức cấp cao tham dự gồm Thái Kỳ, Vương Nghị, Hà Lập Phong của",tham.
danhgia_tts_02.txt,danhgia_tts_02-001,english_or_foreign_word,Phong,1179,1184," cao tham dự gồm Thái Kỳ, Vương Nghị, Hà Lập Phong của Trung Quốc và các quan chức Mỹ như Phó t",phong.
danhgia_tts_02.txt,danhgia_tts_02-001,english_or_foreign_word,Trung,1189,1194,"dự gồm Thái Kỳ, Vương Nghị, Hà Lập Phong của Trung Quốc và các quan chức Mỹ như Phó tổng thống ",trung.
danhgia_tts_02.txt,danhgia_tts_02-001,english_or_foreign_word,quan,1207,1211,"ơng Nghị, Hà Lập Phong của Trung Quốc và các quan chức Mỹ như Phó tổng thống Vance và Ngoại tr",quan.
danhgia_tts_02.txt,danhgia_tts_02-001,english_or_foreign_word,Vance,1239,1244, Quốc và các quan chức Mỹ như Phó tổng thống Vance và Ngoại trưởng Rubio.,vance.
danhgia_tts_02.txt,danhgia_tts_02-001,english_or_foreign_word,Rubio,1261,1266, Mỹ như Phó tổng thống Vance và Ngoại trưởng Rubio.,rubio.
danhgia_tts_02.txt,danhgia_tts_02-001,number,24,5,7,"Ngày 24 tháng 9 năm 2026, Chủ tịch Trung Quốc Tập Cậ",hai mươi bốn.
danhgia_tts_02.txt,danhgia_tts_02-001,number,9,14,15,"Ngày 24 tháng 9 năm 2026, Chủ tịch Trung Quốc Tập Cận Bình v",chín.
danhgia_tts_02.txt,danhgia_tts_02-001,number,2026,20,24,"Ngày 24 tháng 9 năm 2026, Chủ tịch Trung Quốc Tập Cận Bình và Tổng th",hai nghìn không trăm hai mươi sáu.
danhgia_tts_02.txt,danhgia_tts_02-001,number,10,873,875,"hư hoãn lệnh cấm xuất khẩu đất hiếm đến ngày 10 tháng 1 năm 2027, và thảo luận về Trung Đông",mười.
danhgia_tts_02.txt,danhgia_tts_02-001,number,1,882,883,"ệnh cấm xuất khẩu đất hiếm đến ngày 10 tháng 1 năm 2027, và thảo luận về Trung Đông, khủng ",một.
danhgia_tts_02.txt,danhgia_tts_02-001,number,2027,888,892,"m xuất khẩu đất hiếm đến ngày 10 tháng 1 năm 2027, và thảo luận về Trung Đông, khủng hoảng Ukr",hai nghìn không trăm hai mươi bảy.
danhgia_tts_02.txt,danhgia_tts_02-001,number,2026,1014,1018,"bên xác nhận sẽ hỗ trợ lẫn nhau tổ chức APEC 2026 và G20, và sau cuộc gặp có các hoạt động như",hai nghìn không trăm hai mươi sáu.
danhgia_tts_02.txt,danhgia_tts_02-002,acronym,ICC,1211,1214,"y ô liu cùng các gia đình Palestine từ Gaza. ICC, đặt tại The Hague, đã ra lệnh bắt đối với N",icc.
danhgia_tts_02.txt,danhgia_tts_02-002,english_or_foreign_word,Israel,10,16,Thủ tướng Israel Benjamin Netanyahu trong bài phát biểu hôm t,israel.
danhgia_tts_02.txt,danhgia_tts_02-002,english_or_foreign_word,Benjamin,17,25,Thủ tướng Israel Benjamin Netanyahu trong bài phát biểu hôm thứ Năm tạ,benjamin.
danhgia_tts_02.txt,danhgia_tts_02-002,english_or_foreign_word,Netanyahu,26,35,Thủ tướng Israel Benjamin Netanyahu trong bài phát biểu hôm thứ Năm tại Đại hội ,netanyahu.
danhgia_tts_02.txt,danhgia_tts_02-002,english_or_foreign_word,trong,36,41,Thủ tướng Israel Benjamin Netanyahu trong bài phát biểu hôm thứ Năm tại Đại hội đồng L,trong.
danhgia_tts_02.txt,danhgia_tts_02-002,english_or_foreign_word,New,123,126,"i đồng Liên Hợp Quốc đã công kích Thị trưởng New York Zohran Mamdani, cáo buộc ông Mamdani là",new.
danhgia_tts_02.txt,danhgia_tts_02-002,english_or_foreign_word,York,127,131,"ng Liên Hợp Quốc đã công kích Thị trưởng New York Zohran Mamdani, cáo buộc ông Mamdani làm ngu",york.
danhgia_tts_02.txt,danhgia_tts_02-002,english_or_foreign_word,Zohran,132,138,"ên Hợp Quốc đã công kích Thị trưởng New York Zohran Mamdani, cáo buộc ông Mamdani làm nguy hiểm ",zohran.
danhgia_tts_02.txt,danhgia_tts_02-002,english_or_foreign_word,Mamdani,139,146,"Quốc đã công kích Thị trưởng New York Zohran Mamdani, cáo buộc ông Mamdani làm nguy hiểm cho cư d",mamdani.
danhgia_tts_02.txt,danhgia_tts_02-002,english_or_foreign_word,Mamdani,161,168,"trưởng New York Zohran Mamdani, cáo buộc ông Mamdani làm nguy hiểm cho cư dân Do Thái ở New York ",mamdani.
danhgia_tts_02.txt,danhgia_tts_02-002,english_or_foreign_word,nguy,173,177,"ork Zohran Mamdani, cáo buộc ông Mamdani làm nguy hiểm cho cư dân Do Thái ở New York bằng việc",nguy.
danhgia_tts_02.txt,danhgia_tts_02-002,english_or_foreign_word,cho,183,186," Mamdani, cáo buộc ông Mamdani làm nguy hiểm cho cư dân Do Thái ở New York bằng việc chỉ tríc",cho.
danhgia_tts_02.txt,danhgia_tts_02-002,english_or_foreign_word,New,204,207,g Mamdani làm nguy hiểm cho cư dân Do Thái ở New York bằng việc chỉ trích các hành động quân ,new.
danhgia_tts_02.txt,danhgia_tts_02-002,english_or_foreign_word,York,208,212,mdani làm nguy hiểm cho cư dân Do Thái ở New York bằng việc chỉ trích các hành động quân sự củ,york.
danhgia_tts_02.txt,danhgia_tts_02-002,english_or_foreign_word,Israel,259,265,"ằng việc chỉ trích các hành động quân sự của Israel ở Gaza. Ông Netanyahu gọi Mamdani là ""thị tr",israel.
danhgia_tts_02.txt,danhgia_tts_02-002,english_or_foreign_word,Gaza,268,272,"chỉ trích các hành động quân sự của Israel ở Gaza. Ông Netanyahu gọi Mamdani là ""thị trưởng bà",gaza.
danhgia_tts_02.txt,danhgia_tts_02-002,english_or_foreign_word,Netanyahu,278,287,"các hành động quân sự của Israel ở Gaza. Ông Netanyahu gọi Mamdani là ""thị trưởng bài Do Thái"" và c",netanyahu.
danhgia_tts_02.txt,danhgia_tts_02-002,english_or_foreign_word,Mamdani,292,299,"quân sự của Israel ở Gaza. Ông Netanyahu gọi Mamdani là ""thị trưởng bài Do Thái"" và cáo buộc ông ",mamdani.
danhgia_tts_02.txt,danhgia_tts_02-002,english_or_foreign_word,lan,344,347," là ""thị trưởng bài Do Thái"" và cáo buộc ông lan truyền những lời dối trá về Israel, đồng thờ",lan.
danhgia_tts_02.txt,danhgia_tts_02-002,english_or_foreign_word,Israel,376,382,"cáo buộc ông lan truyền những lời dối trá về Israel, đồng thời khẳng định Israel không gây ra di",israel.
danhgia_tts_02.txt,danhgia_tts_02-002,english_or_foreign_word,Israel,405,411," lời dối trá về Israel, đồng thời khẳng định Israel không gây ra diệt chủng mà đã ngăn chặn diệt",israel.
danhgia_tts_02.txt,danhgia_tts_02-002,english_or_foreign_word,Mamdani,464,471,"ây ra diệt chủng mà đã ngăn chặn diệt chủng. Mamdani, thị trưởng đầu tiên là người Hồi giáo của N",mamdani.
danhgia_tts_02.txt,danhgia_tts_02-002,english_or_foreign_word,New,515,518,"i, thị trưởng đầu tiên là người Hồi giáo của New York, từng gọi Netanyahu là ""tội phạm chiến ",new.
danhgia_tts_02.txt,danhgia_tts_02-002,english_or_foreign_word,York,519,523,"hị trưởng đầu tiên là người Hồi giáo của New York, từng gọi Netanyahu là ""tội phạm chiến tranh",york.
danhgia_tts_02.txt,danhgia_tts_02-002,english_or_foreign_word,Netanyahu,534,543,"iên là người Hồi giáo của New York, từng gọi Netanyahu là ""tội phạm chiến tranh"" và ""kiến trúc sư c",netanyahu.
danhgia_tts_02.txt,danhgia_tts_02-002,english_or_foreign_word,tranh,563,568," York, từng gọi Netanyahu là ""tội phạm chiến tranh"" và ""kiến trúc sư của một cuộc diệt chủng ki",tranh.
danhgia_tts_02.txt,danhgia_tts_02-002,english_or_foreign_word,kinh,611,615,"nh"" và ""kiến trúc sư của một cuộc diệt chủng kinh hoàng"" nhưng khẳng định chỉ trích Israel khô",kinh.
danhgia_tts_02.txt,danhgia_tts_02-002,english_or_foreign_word,Israel,650,656,"chủng kinh hoàng"" nhưng khẳng định chỉ trích Israel không phải là bài Do Thái. Mamdani từng tuyê",israel.
danhgia_tts_02.txt,danhgia_tts_02-002,english_or_foreign_word,Mamdani,684,691, chỉ trích Israel không phải là bài Do Thái. Mamdani từng tuyên bố sẽ ra lệnh bắt giữ Netanyahu t,mamdani.
danhgia_tts_02.txt,danhgia_tts_02-002,english_or_foreign_word,Netanyahu,725,734,ái. Mamdani từng tuyên bố sẽ ra lệnh bắt giữ Netanyahu theo lệnh của Tòa án Hình sự Quốc tế nhưng s,netanyahu.
danhgia_tts_02.txt,danhgia_tts_02-002,english_or_foreign_word,theo,735,739,i từng tuyên bố sẽ ra lệnh bắt giữ Netanyahu theo lệnh của Tòa án Hình sự Quốc tế nhưng sau đó,theo.
danhgia_tts_02.txt,danhgia_tts_02-002,english_or_foreign_word,sau,778,781,u theo lệnh của Tòa án Hình sự Quốc tế nhưng sau đó thừa nhận chính quyền New York không có t,sau.
danhgia_tts_02.txt,danhgia_tts_02-002,english_or_foreign_word,New,807,810,ự Quốc tế nhưng sau đó thừa nhận chính quyền New York không có thẩm quyền pháp lý để thi hành,new.
danhgia_tts_02.txt,danhgia_tts_02-002,english_or_foreign_word,York,811,815,ốc tế nhưng sau đó thừa nhận chính quyền New York không có thẩm quyền pháp lý để thi hành. Trư,york.
danhgia_tts_02.txt,danhgia_tts_02-002,english_or_foreign_word,thi,847,850,"uyền New York không có thẩm quyền pháp lý để thi hành. Trước bài phát biểu, phái đoàn Palesti",thi.
danhgia_tts_02.txt,danhgia_tts_02-002,english_or_foreign_word,Palestine,888,897," để thi hành. Trước bài phát biểu, phái đoàn Palestine kêu gọi rút lui tập thể và nhiều đại biểu đã",palestine.
danhgia_tts_02.txt,danhgia_tts_02-002,english_or_foreign_word,lui,910,913,"i phát biểu, phái đoàn Palestine kêu gọi rút lui tập thể và nhiều đại biểu đã rời hội trường;",lui.
danhgia_tts_02.txt,danhgia_tts_02-002,english_or_foreign_word,Israel,969,975, nhiều đại biểu đã rời hội trường; chính phủ Israel cũng chi trả cho hàng trăm biển quảng cáo ủn,israel.
danhgia_tts_02.txt,danhgia_tts_02-002,english_or_foreign_word,chi,981,984,iểu đã rời hội trường; chính phủ Israel cũng chi trả cho hàng trăm biển quảng cáo ủng hộ Isra,chi.
danhgia_tts_02.txt,danhgia_tts_02-002,english_or_foreign_word,cho,989,992,ời hội trường; chính phủ Israel cũng chi trả cho hàng trăm biển quảng cáo ủng hộ Israel tại M,cho.
danhgia_tts_02.txt,danhgia_tts_02-002,english_or_foreign_word,Israel,1025,1031, chi trả cho hàng trăm biển quảng cáo ủng hộ Israel tại Manhattan. Mamdani đã gặp Tổng thống Hoa,israel.
danhgia_tts_02.txt,danhgia_tts_02-002,english_or_foreign_word,Manhattan,1036,1045,o hàng trăm biển quảng cáo ủng hộ Israel tại Manhattan. Mamdani đã gặp Tổng thống Hoa Kỳ Donald Tru,manhattan.
danhgia_tts_02.txt,danhgia_tts_02-002,english_or_foreign_word,Mamdani,1047,1054, biển quảng cáo ủng hộ Israel tại Manhattan. Mamdani đã gặp Tổng thống Hoa Kỳ Donald Trump tại Ne,mamdani.
danhgia_tts_02.txt,danhgia_tts_02-002,english_or_foreign_word,Hoa,1073,1076,"ael tại Manhattan. Mamdani đã gặp Tổng thống Hoa Kỳ Donald Trump tại New York, và trong một v",hoa.
danhgia_tts_02.txt,danhgia_tts_02-002,english_or_foreign_word,Donald,1080,1086," Manhattan. Mamdani đã gặp Tổng thống Hoa Kỳ Donald Trump tại New York, và trong một video ông đ",donald.
danhgia_tts_02.txt,danhgia_tts_02-002,english_or_foreign_word,Trump,1087,1092,"tan. Mamdani đã gặp Tổng thống Hoa Kỳ Donald Trump tại New York, và trong một video ông đăng tạ",trump.
danhgia_tts_02.txt,danhgia_tts_02-002,english_or_foreign_word,New,1097,1100,"ni đã gặp Tổng thống Hoa Kỳ Donald Trump tại New York, và trong một video ông đăng tại Gracie",new.
danhgia_tts_02.txt,danhgia_tts_02-002,english_or_foreign_word,York,1101,1105,"ã gặp Tổng thống Hoa Kỳ Donald Trump tại New York, và trong một video ông đăng tại Gracie Mans",york.
danhgia_tts_02.txt,danhgia_tts_02-002,english_or_foreign_word,trong,1110,1115,"g thống Hoa Kỳ Donald Trump tại New York, và trong một video ông đăng tại Gracie Mansion ông tr",trong.
danhgia_tts_02.txt,danhgia_tts_02-002,english_or_foreign_word,video,1120,1125,"a Kỳ Donald Trump tại New York, và trong một video ông đăng tại Gracie Mansion ông trồng cây ô ",video.
danhgia_tts_02.txt,danhgia_tts_02-002,english_or_foreign_word,Gracie,1139,1145,"ại New York, và trong một video ông đăng tại Gracie Mansion ông trồng cây ô liu cùng các gia đìn",gracie.
danhgia_tts_02.txt,danhgia_tts_02-002,english_or_foreign_word,Mansion,1146,1153,"York, và trong một video ông đăng tại Gracie Mansion ông trồng cây ô liu cùng các gia đình Palest",mansion.
danhgia_tts_02.txt,danhgia_tts_02-002,english_or_foreign_word,liu,1170,1173," ông đăng tại Gracie Mansion ông trồng cây ô liu cùng các gia đình Palestine từ Gaza. ICC, đặ",liu.
danhgia_tts_02.txt,danhgia_tts_02-002,english_or_foreign_word,gia,1183,1186," Gracie Mansion ông trồng cây ô liu cùng các gia đình Palestine từ Gaza. ICC, đặt tại The Hag",gia.
danhgia_tts_02.txt,danhgia_tts_02-002,english_or_foreign_word,Palestine,1192,1201,"ansion ông trồng cây ô liu cùng các gia đình Palestine từ Gaza. ICC, đặt tại The Hague, đã ra lệnh ",palestine.
danhgia_tts_02.txt,danhgia_tts_02-002,english_or_foreign_word,Gaza,1205,1209,"ồng cây ô liu cùng các gia đình Palestine từ Gaza. ICC, đặt tại The Hague, đã ra lệnh bắt đối ",gaza.
danhgia_tts_02.txt,danhgia_tts_02-002,english_or_foreign_word,ICC,1211,1214,"y ô liu cùng các gia đình Palestine từ Gaza. ICC, đặt tại The Hague, đã ra lệnh bắt đối với N",icc.
danhgia_tts_02.txt,danhgia_tts_02-002,english_or_foreign_word,The,1224,1227,"các gia đình Palestine từ Gaza. ICC, đặt tại The Hague, đã ra lệnh bắt đối với Netanyahu và c",the.
danhgia_tts_02.txt,danhgia_tts_02-002,english_or_foreign_word,Hague,1228,1233,"gia đình Palestine từ Gaza. ICC, đặt tại The Hague, đã ra lệnh bắt đối với Netanyahu và cựu Bộ ",hague.
danhgia_tts_02.txt,danhgia_tts_02-002,english_or_foreign_word,Netanyahu,1258,1267,"C, đặt tại The Hague, đã ra lệnh bắt đối với Netanyahu và cựu Bộ trưởng Quốc phòng Israel Yoav Gall",netanyahu.
danhgia_tts_02.txt,danhgia_tts_02-002,english_or_foreign_word,Israel,1296,1302,ối với Netanyahu và cựu Bộ trưởng Quốc phòng Israel Yoav Gallant vào tháng 11 năm 2024.,israel.
danhgia_tts_02.txt,danhgia_tts_02-002,english_or_foreign_word,Yoav,1303,1307,Netanyahu và cựu Bộ trưởng Quốc phòng Israel Yoav Gallant vào tháng 11 năm 2024.,yoav.
danhgia_tts_02.txt,danhgia_tts_02-002,english_or_foreign_word,Gallant,1308,1315,yahu và cựu Bộ trưởng Quốc phòng Israel Yoav Gallant vào tháng 11 năm 2024.,gallant.
danhgia_tts_02.txt,danhgia_tts_02-002,number,11,1326,1328,ởng Quốc phòng Israel Yoav Gallant vào tháng 11 năm 2024.,mười một.
danhgia_tts_02.txt,danhgia_tts_02-002,number,2024,1333,1337,c phòng Israel Yoav Gallant vào tháng 11 năm 2024.,hai nghìn không trăm hai mươi bốn.
danhgia_tts_02.txt,danhgia_tts_02-003,date,23/9,58,62,"n Quốc Lee Jae-myung đã đến Mexico City ngày 23/9 để thực hiện chuyến thăm chính thức, trong đ",hai mươi ba trên chín.
danhgia_tts_02.txt,danhgia_tts_02-003,slash_expression,23/9,58,62,"n Quốc Lee Jae-myung đã đến Mexico City ngày 23/9 để thực hiện chuyến thăm chính thức, trong đ",hai mươi ba trên chín.
danhgia_tts_02.txt,danhgia_tts_02-003,hyphen_expression,Jae-myung,24,33,Tổng thống Hàn Quốc Lee Jae-myung đã đến Mexico City ngày 23/9 để thực hiện ch,jae myung.
danhgia_tts_02.txt,danhgia_tts_02-003,english_or_foreign_word,Lee,20,23,Tổng thống Hàn Quốc Lee Jae-myung đã đến Mexico City ngày 23/9 để th,lee.
danhgia_tts_02.txt,danhgia_tts_02-003,english_or_foreign_word,Jae,24,27,Tổng thống Hàn Quốc Lee Jae-myung đã đến Mexico City ngày 23/9 để thực h,jae.
danhgia_tts_02.txt,danhgia_tts_02-003,english_or_foreign_word,myung,28,33,Tổng thống Hàn Quốc Lee Jae-myung đã đến Mexico City ngày 23/9 để thực hiện ch,myung.
danhgia_tts_02.txt,danhgia_tts_02-003,english_or_foreign_word,Mexico,41,47,Tổng thống Hàn Quốc Lee Jae-myung đã đến Mexico City ngày 23/9 để thực hiện chuyến thăm chín,mexico.
danhgia_tts_02.txt,danhgia_tts_02-003,english_or_foreign_word,City,48,52,g thống Hàn Quốc Lee Jae-myung đã đến Mexico City ngày 23/9 để thực hiện chuyến thăm chính thứ,city.
danhgia_tts_02.txt,danhgia_tts_02-003,english_or_foreign_word,trong,100,105,"ày 23/9 để thực hiện chuyến thăm chính thức, trong đó có cuộc hội đàm cấp cao với Tổng thống Me",trong.
danhgia_tts_02.txt,danhgia_tts_02-003,english_or_foreign_word,cao,129,132,"hăm chính thức, trong đó có cuộc hội đàm cấp cao với Tổng thống Mexico Claudia Sheinbaum. Hai",cao.
danhgia_tts_02.txt,danhgia_tts_02-003,english_or_foreign_word,Mexico,148,154,ng đó có cuộc hội đàm cấp cao với Tổng thống Mexico Claudia Sheinbaum. Hai nhà lãnh đạo dự kiến ,mexico.
danhgia_tts_02.txt,danhgia_tts_02-003,english_or_foreign_word,Claudia,155,162,ó cuộc hội đàm cấp cao với Tổng thống Mexico Claudia Sheinbaum. Hai nhà lãnh đạo dự kiến tổ chức ,claudia.
danhgia_tts_02.txt,danhgia_tts_02-003,english_or_foreign_word,Sheinbaum,163,172,"ội đàm cấp cao với Tổng thống Mexico Claudia Sheinbaum. Hai nhà lãnh đạo dự kiến tổ chức hội đàm, b",sheinbaum.
danhgia_tts_02.txt,danhgia_tts_02-003,english_or_foreign_word,Hai,174,177,"cao với Tổng thống Mexico Claudia Sheinbaum. Hai nhà lãnh đạo dự kiến tổ chức hội đàm, bữa tr",hai.
danhgia_tts_02.txt,danhgia_tts_02-003,english_or_foreign_word,chung,236,241,"dự kiến tổ chức hội đàm, bữa trưa và họp báo chung vào thứ Năm nhằm tăng cường hợp tác về thươn",chung.
danhgia_tts_02.txt,danhgia_tts_02-003,english_or_foreign_word,cung,309,313,"cường hợp tác về thương mại, đầu tư và chuỗi cung ứng. Trong hội đàm họ sẽ thảo luận mở rộng t",cung.
danhgia_tts_02.txt,danhgia_tts_02-003,english_or_foreign_word,Trong,319,324,"tác về thương mại, đầu tư và chuỗi cung ứng. Trong hội đàm họ sẽ thảo luận mở rộng thương mại v",trong.
danhgia_tts_02.txt,danhgia_tts_02-003,english_or_foreign_word,song,378,382,"họ sẽ thảo luận mở rộng thương mại và đầu tư song phương, củng cố hỗ trợ thể chế cho doanh ngh",song.
danhgia_tts_02.txt,danhgia_tts_02-003,english_or_foreign_word,cho,414,417,"à đầu tư song phương, củng cố hỗ trợ thể chế cho doanh nghiệp Hàn Quốc tại Mexico và tìm kiếm",cho.
danhgia_tts_02.txt,danhgia_tts_02-003,english_or_foreign_word,doanh,418,423,"u tư song phương, củng cố hỗ trợ thể chế cho doanh nghiệp Hàn Quốc tại Mexico và tìm kiếm hợp t",doanh.
danhgia_tts_02.txt,danhgia_tts_02-003,english_or_foreign_word,Mexico,444,450,hỗ trợ thể chế cho doanh nghiệp Hàn Quốc tại Mexico và tìm kiếm hợp tác trong năng lượng cùng ch,mexico.
danhgia_tts_02.txt,danhgia_tts_02-003,english_or_foreign_word,trong,471,476,hiệp Hàn Quốc tại Mexico và tìm kiếm hợp tác trong năng lượng cùng chuỗi cung ứng khoáng sản ch,trong.
danhgia_tts_02.txt,danhgia_tts_02-003,english_or_foreign_word,cung,499,503,tìm kiếm hợp tác trong năng lượng cùng chuỗi cung ứng khoáng sản chiến lược. Lee cũng dự kiến ,cung.
danhgia_tts_02.txt,danhgia_tts_02-003,english_or_foreign_word,Lee,531,534,g cùng chuỗi cung ứng khoáng sản chiến lược. Lee cũng dự kiến gặp gỡ cộng đồng người Hàn tại ,lee.
danhgia_tts_02.txt,danhgia_tts_02-003,english_or_foreign_word,Mexico,579,585, cũng dự kiến gặp gỡ cộng đồng người Hàn tại Mexico và tham dự diễn đàn doanh nghiệp trong chuyế,mexico.
danhgia_tts_02.txt,danhgia_tts_02-003,english_or_foreign_word,tham,589,593,iến gặp gỡ cộng đồng người Hàn tại Mexico và tham dự diễn đàn doanh nghiệp trong chuyến thăm b,tham.
danhgia_tts_02.txt,danhgia_tts_02-003,english_or_foreign_word,doanh,606,611,ồng người Hàn tại Mexico và tham dự diễn đàn doanh nghiệp trong chuyến thăm ba ngày. Chuyến thă,doanh.
danhgia_tts_02.txt,danhgia_tts_02-003,english_or_foreign_word,trong,619,624, tại Mexico và tham dự diễn đàn doanh nghiệp trong chuyến thăm ba ngày. Chuyến thăm này đánh dấ,trong.
danhgia_tts_02.txt,danhgia_tts_02-003,english_or_foreign_word,Mexico,735,741,hức đầu tiên của một tổng thống Hàn Quốc tới Mexico sau 16 năm. Các hoạt động dự kiến diễn ra tạ,mexico.
danhgia_tts_02.txt,danhgia_tts_02-003,english_or_foreign_word,sau,742,745, tiên của một tổng thống Hàn Quốc tới Mexico sau 16 năm. Các hoạt động dự kiến diễn ra tại Me,sau.
danhgia_tts_02.txt,danhgia_tts_02-003,english_or_foreign_word,Mexico,788,794,au 16 năm. Các hoạt động dự kiến diễn ra tại Mexico City.,mexico.
danhgia_tts_02.txt,danhgia_tts_02-003,english_or_foreign_word,City,795,799,ăm. Các hoạt động dự kiến diễn ra tại Mexico City.,city.
danhgia_tts_02.txt,danhgia_tts_02-003,number,23,58,60,"n Quốc Lee Jae-myung đã đến Mexico City ngày 23/9 để thực hiện chuyến thăm chính thức, trong",hai mươi ba.
danhgia_tts_02.txt,danhgia_tts_02-003,number,9,61,62,"uốc Lee Jae-myung đã đến Mexico City ngày 23/9 để thực hiện chuyến thăm chính thức, trong đ",chín.
danhgia_tts_02.txt,danhgia_tts_02-003,number,16,746,748,n của một tổng thống Hàn Quốc tới Mexico sau 16 năm. Các hoạt động dự kiến diễn ra tại Mexic,mười sáu.
danhgia_tts_02.txt,danhgia_tts_02-004,percentage,30%,124,127,và niqab trong trường học và áp đặt giới hạn 30% học sinh không có khả năng tiếng Ý đủ tốt tr,ba mươi phần trăm.
danhgia_tts_02.txt,danhgia_tts_02-004,percentage,30%,218,221,"ng mỗi lớp. Theo dự thảo nghị định, giới hạn 30% sẽ áp dụng từ năm học 2027-28 và dựa trên nă",ba mươi phần trăm.
danhgia_tts_02.txt,danhgia_tts_02-004,percentage,30%,696,699, Valditara cho biết có 34.000 lớp học mà hơn 30% học sinh là người nước ngoài nhưng phần lớn ,ba mươi phần trăm.
danhgia_tts_02.txt,danhgia_tts_02-004,currency,1.000 eur,610,619,tiếng Ý miễn phí; vi phạm có thể bị phạt tới 1.000 euro. Bộ trưởng Giáo dục Ý Giuseppe Valditara ch,một nghìn <en>euro</en>.
danhgia_tts_02.txt,danhgia_tts_02-004,hyphen_expression,2027-28,244,251,"ghị định, giới hạn 30% sẽ áp dụng từ năm học 2027-28 và dựa trên năng lực ngôn ngữ chứ không phải",hai nghìn không trăm hai mươi bảy hai mươi tám.
danhgia_tts_02.txt,danhgia_tts_02-004,decimal,1.000,610,615,tiếng Ý miễn phí; vi phạm có thể bị phạt tới 1.000 euro. Bộ trưởng Giáo dục Ý Giuseppe Valditar,một nghìn.
danhgia_tts_02.txt,danhgia_tts_02-004,decimal,34.000,674,680,ng Giáo dục Ý Giuseppe Valditara cho biết có 34.000 lớp học mà hơn 30% học sinh là người nước ng,ba mươi bốn nghìn.
danhgia_tts_02.txt,danhgia_tts_02-004,english_or_foreign_word,Giorgia,12,19,Thủ tướng Ý Giorgia Meloni hôm 24 tháng 9 tại Rome ban hành sắc ,giorgia.
danhgia_tts_02.txt,danhgia_tts_02-004,english_or_foreign_word,Meloni,20,26,Thủ tướng Ý Giorgia Meloni hôm 24 tháng 9 tại Rome ban hành sắc lệnh cấ,meloni.
danhgia_tts_02.txt,danhgia_tts_02-004,english_or_foreign_word,Rome,46,50,hủ tướng Ý Giorgia Meloni hôm 24 tháng 9 tại Rome ban hành sắc lệnh cấm burqa và niqab trong t,rome.
danhgia_tts_02.txt,danhgia_tts_02-004,english_or_foreign_word,ban,51,54,ớng Ý Giorgia Meloni hôm 24 tháng 9 tại Rome ban hành sắc lệnh cấm burqa và niqab trong trườn,ban.
danhgia_tts_02.txt,danhgia_tts_02-004,english_or_foreign_word,burqa,73,78,ôm 24 tháng 9 tại Rome ban hành sắc lệnh cấm burqa và niqab trong trường học và áp đặt giới hạn,burqa.
danhgia_tts_02.txt,danhgia_tts_02-004,english_or_foreign_word,niqab,82,87,ng 9 tại Rome ban hành sắc lệnh cấm burqa và niqab trong trường học và áp đặt giới hạn 30% học ,niqab.
danhgia_tts_02.txt,danhgia_tts_02-004,english_or_foreign_word,trong,88,93,ại Rome ban hành sắc lệnh cấm burqa và niqab trong trường học và áp đặt giới hạn 30% học sinh k,trong.
danhgia_tts_02.txt,danhgia_tts_02-004,english_or_foreign_word,sinh,132,136, trong trường học và áp đặt giới hạn 30% học sinh không có khả năng tiếng Ý đủ tốt trong mỗi l,sinh.
danhgia_tts_02.txt,danhgia_tts_02-004,english_or_foreign_word,trong,170,175,"0% học sinh không có khả năng tiếng Ý đủ tốt trong mỗi lớp. Theo dự thảo nghị định, giới hạn 30",trong.
danhgia_tts_02.txt,danhgia_tts_02-004,english_or_foreign_word,Theo,185,189,"ng có khả năng tiếng Ý đủ tốt trong mỗi lớp. Theo dự thảo nghị định, giới hạn 30% sẽ áp dụng t",theo.
danhgia_tts_02.txt,danhgia_tts_02-004,english_or_foreign_word,cho,341,344," quốc tịch, với một số phiên bản nêu áp dụng cho học sinh không phải công dân Ý, không sinh r",cho.
danhgia_tts_02.txt,danhgia_tts_02-004,english_or_foreign_word,sinh,349,353,"ch, với một số phiên bản nêu áp dụng cho học sinh không phải công dân Ý, không sinh ra ở Ý hoặ",sinh.
danhgia_tts_02.txt,danhgia_tts_02-004,english_or_foreign_word,sinh,383,387,"ng cho học sinh không phải công dân Ý, không sinh ra ở Ý hoặc đã học nhà trẻ ít hơn hai năm. S",sinh.
danhgia_tts_02.txt,danhgia_tts_02-004,english_or_foreign_word,hai,422,425,không sinh ra ở Ý hoặc đã học nhà trẻ ít hơn hai năm. Sắc lệnh yêu cầu dịch vụ xã hội can thi,hai.
danhgia_tts_02.txt,danhgia_tts_02-004,english_or_foreign_word,can,463,466,hơn hai năm. Sắc lệnh yêu cầu dịch vụ xã hội can thiệp nếu trẻ gặp khó khăn nghiêm trọng tron,can.
danhgia_tts_02.txt,danhgia_tts_02-004,english_or_foreign_word,trong,507,512, can thiệp nếu trẻ gặp khó khăn nghiêm trọng trong hòa nhập và bắt buộc phụ huynh tham gia các ,trong.
danhgia_tts_02.txt,danhgia_tts_02-004,english_or_foreign_word,huynh,538,543, nghiêm trọng trong hòa nhập và bắt buộc phụ huynh tham gia các lớp học tiếng Ý miễn phí; vi ph,huynh.
danhgia_tts_02.txt,danhgia_tts_02-004,english_or_foreign_word,tham,544,548,m trọng trong hòa nhập và bắt buộc phụ huynh tham gia các lớp học tiếng Ý miễn phí; vi phạm có,tham.
danhgia_tts_02.txt,danhgia_tts_02-004,english_or_foreign_word,gia,549,552,ng trong hòa nhập và bắt buộc phụ huynh tham gia các lớp học tiếng Ý miễn phí; vi phạm có thể,gia.
danhgia_tts_02.txt,danhgia_tts_02-004,english_or_foreign_word,euro,616,620,Ý miễn phí; vi phạm có thể bị phạt tới 1.000 euro. Bộ trưởng Giáo dục Ý Giuseppe Valditara cho,euro.
danhgia_tts_02.txt,danhgia_tts_02-004,english_or_foreign_word,Giuseppe,643,651,bị phạt tới 1.000 euro. Bộ trưởng Giáo dục Ý Giuseppe Valditara cho biết có 34.000 lớp học mà hơn ,giuseppe.
danhgia_tts_02.txt,danhgia_tts_02-004,english_or_foreign_word,Valditara,652,661,ới 1.000 euro. Bộ trưởng Giáo dục Ý Giuseppe Valditara cho biết có 34.000 lớp học mà hơn 30% học si,valditara.
danhgia_tts_02.txt,danhgia_tts_02-004,english_or_foreign_word,cho,662,665,uro. Bộ trưởng Giáo dục Ý Giuseppe Valditara cho biết có 34.000 lớp học mà hơn 30% học sinh l,cho.
danhgia_tts_02.txt,danhgia_tts_02-004,english_or_foreign_word,sinh,704,708,ra cho biết có 34.000 lớp học mà hơn 30% học sinh là người nước ngoài nhưng phần lớn sẽ không ,sinh.
danhgia_tts_02.txt,danhgia_tts_02-004,english_or_foreign_word,Sergio,823,829,chủ yếu nhắm vào người mới đến. Tổng thống Ý Sergio Mattarella cảnh báo thận trọng về rào cản đố,sergio.
danhgia_tts_02.txt,danhgia_tts_02-004,english_or_foreign_word,Mattarella,830,840, nhắm vào người mới đến. Tổng thống Ý Sergio Mattarella cảnh báo thận trọng về rào cản đối với giáo ,mattarella.
danhgia_tts_02.txt,danhgia_tts_02-004,english_or_foreign_word,trong,890,895," báo thận trọng về rào cản đối với giáo dục, trong khi các hiệu trưởng và công đoàn lo ngại việ",trong.
danhgia_tts_02.txt,danhgia_tts_02-004,english_or_foreign_word,khi,896,899,"hận trọng về rào cản đối với giáo dục, trong khi các hiệu trưởng và công đoàn lo ngại việc th",khi.
danhgia_tts_02.txt,danhgia_tts_02-004,english_or_foreign_word,thi,947,950,c hiệu trưởng và công đoàn lo ngại việc thực thi khó khăn ở khu vực có đông dân nhập cư. Tổ c,thi.
danhgia_tts_02.txt,danhgia_tts_02-004,english_or_foreign_word,khu,962,965,à công đoàn lo ngại việc thực thi khó khăn ở khu vực có đông dân nhập cư. Tổ chức Save the Ch,khu.
danhgia_tts_02.txt,danhgia_tts_02-004,english_or_foreign_word,Save,999,1003, khăn ở khu vực có đông dân nhập cư. Tổ chức Save the Children cảnh báo việc buộc chuyển trườn,save.
danhgia_tts_02.txt,danhgia_tts_02-004,english_or_foreign_word,the,1004,1007, ở khu vực có đông dân nhập cư. Tổ chức Save the Children cảnh báo việc buộc chuyển trường có,the.
danhgia_tts_02.txt,danhgia_tts_02-004,english_or_foreign_word,Children,1008,1016,hu vực có đông dân nhập cư. Tổ chức Save the Children cảnh báo việc buộc chuyển trường có thể tạo ,children.
danhgia_tts_02.txt,danhgia_tts_02-004,english_or_foreign_word,sinh,1098,1102,"thể tạo ra phân biệt đối xử và phân tầng học sinh, còn lãnh đạo đối lập Elly Schlein cáo buộc ",sinh.
danhgia_tts_02.txt,danhgia_tts_02-004,english_or_foreign_word,Elly,1125,1129," và phân tầng học sinh, còn lãnh đạo đối lập Elly Schlein cáo buộc chính phủ đang truy đuổi tr",elly.
danhgia_tts_02.txt,danhgia_tts_02-004,english_or_foreign_word,Schlein,1130,1137,"hân tầng học sinh, còn lãnh đạo đối lập Elly Schlein cáo buộc chính phủ đang truy đuổi trẻ em và ",schlein.
danhgia_tts_02.txt,danhgia_tts_02-004,english_or_foreign_word,truy,1162,1166,đối lập Elly Schlein cáo buộc chính phủ đang truy đuổi trẻ em và gọi đây là một cuộc săn phù t,truy.
danhgia_tts_02.txt,danhgia_tts_02-004,english_or_foreign_word,cho,1235,1238,là một cuộc săn phù thủy mới. Một số đối thủ cho rằng biện pháp có thể nhằm đối phó với sự tr,cho.
danhgia_tts_02.txt,danhgia_tts_02-004,english_or_foreign_word,National,1307,1315,hằm đối phó với sự trỗi dậy của đảng cực hữu National Future do cựu tướng Ý Roberto Vannacci thành,national.
danhgia_tts_02.txt,danhgia_tts_02-004,english_or_foreign_word,Future,1316,1322,hó với sự trỗi dậy của đảng cực hữu National Future do cựu tướng Ý Roberto Vannacci thành lập tr,future.
danhgia_tts_02.txt,danhgia_tts_02-004,english_or_foreign_word,Roberto,1338,1345, đảng cực hữu National Future do cựu tướng Ý Roberto Vannacci thành lập trước bầu cử năm 2027.,roberto.
danhgia_tts_02.txt,danhgia_tts_02-004,english_or_foreign_word,Vannacci,1346,1354,c hữu National Future do cựu tướng Ý Roberto Vannacci thành lập trước bầu cử năm 2027.,vannacci.
danhgia_tts_02.txt,danhgia_tts_02-004,number,24,31,33,Thủ tướng Ý Giorgia Meloni hôm 24 tháng 9 tại Rome ban hành sắc lệnh cấm burqa,hai mươi bốn.
danhgia_tts_02.txt,danhgia_tts_02-004,number,9,40,41,Thủ tướng Ý Giorgia Meloni hôm 24 tháng 9 tại Rome ban hành sắc lệnh cấm burqa và niqa,chín.
danhgia_tts_02.txt,danhgia_tts_02-004,number,30,124,126,và niqab trong trường học và áp đặt giới hạn 30% học sinh không có khả năng tiếng Ý đủ tốt t,ba mươi.
danhgia_tts_02.txt,danhgia_tts_02-004,number,30,218,220,"ng mỗi lớp. Theo dự thảo nghị định, giới hạn 30% sẽ áp dụng từ năm học 2027-28 và dựa trên n",ba mươi.
danhgia_tts_02.txt,danhgia_tts_02-004,number,2027,244,248,"ghị định, giới hạn 30% sẽ áp dụng từ năm học 2027-28 và dựa trên năng lực ngôn ngữ chứ không p",hai nghìn không trăm hai mươi bảy.
danhgia_tts_02.txt,danhgia_tts_02-004,number,28,249,251,"ịnh, giới hạn 30% sẽ áp dụng từ năm học 2027-28 và dựa trên năng lực ngôn ngữ chứ không phải",hai mươi tám.
danhgia_tts_02.txt,danhgia_tts_02-004,number,1.000,610,615,tiếng Ý miễn phí; vi phạm có thể bị phạt tới 1.000 euro. Bộ trưởng Giáo dục Ý Giuseppe Valditar,một nghìn.
danhgia_tts_02.txt,danhgia_tts_02-004,number,34.000,674,680,ng Giáo dục Ý Giuseppe Valditara cho biết có 34.000 lớp học mà hơn 30% học sinh là người nước ng,ba mươi bốn nghìn.
danhgia_tts_02.txt,danhgia_tts_02-004,number,30,696,698, Valditara cho biết có 34.000 lớp học mà hơn 30% học sinh là người nước ngoài nhưng phần lớn,ba mươi.
danhgia_tts_02.txt,danhgia_tts_02-004,number,2027,1382,1386, Roberto Vannacci thành lập trước bầu cử năm 2027.,hai nghìn không trăm hai mươi bảy.
danhgia_tts_02.txt,danhgia_tts_02-005,date,29/9,300,304,"n DevDay của OpenAI ở San Francisco vào ngày 29/9, cùng với kế hoạch ra mắt hơn một chục sản p",hai mươi chín trên chín.
danhgia_tts_02.txt,danhgia_tts_02-005,slash_expression,29/9,300,304,"n DevDay của OpenAI ở San Francisco vào ngày 29/9, cùng với kế hoạch ra mắt hơn một chục sản p",hai mươi chín trên chín.
danhgia_tts_02.txt,danhgia_tts_02-005,hyphen_expression,GPT-6,56,61,iến trong vài ngày tới giới thiệu mô hình AI GPT-6 Cyber tập trung vào an ninh mạng và ra mắt m,<en>g p t</en> sáu.
danhgia_tts_02.txt,danhgia_tts_02-005,hyphen_expression,GPT-6,213,218,ự động hóa. Fortune dẫn nhiều nguồn cho biết GPT-6 Cyber có thể được công bố tại sự kiện DevDay,<en>g p t</en> sáu.
danhgia_tts_02.txt,danhgia_tts_02-005,hyphen_expression,GPT-6,436,441,g chương trình Daybreak Red đã được truy cập GPT-6 Cyber để thử nghiệm alpha. Bài báo cũng nhắc,<en>g p t</en> sáu.
danhgia_tts_02.txt,danhgia_tts_02-005,acronym,AI,53,55,ự kiến trong vài ngày tới giới thiệu mô hình AI GPT-6 Cyber tập trung vào an ninh mạng và ra,ai.
danhgia_tts_02.txt,danhgia_tts_02-005,acronym,GPT,56,59,iến trong vài ngày tới giới thiệu mô hình AI GPT-6 Cyber tập trung vào an ninh mạng và ra mắt,gpt.
danhgia_tts_02.txt,danhgia_tts_02-005,acronym,GPT,213,216,ự động hóa. Fortune dẫn nhiều nguồn cho biết GPT-6 Cyber có thể được công bố tại sự kiện DevD,gpt.
danhgia_tts_02.txt,danhgia_tts_02-005,acronym,GPT,436,439,g chương trình Daybreak Red đã được truy cập GPT-6 Cyber để thử nghiệm alpha. Bài báo cũng nh,gpt.
danhgia_tts_02.txt,danhgia_tts_02-005,acronym,CEO,536,539,rằng Giám đốc điều hành OpenAI Sam Altman và CEO Anthropic đã cùng kêu gọi làm chậm tốc độ ph,ceo.
danhgia_tts_02.txt,danhgia_tts_02-005,acronym,AI,593,595,c đã cùng kêu gọi làm chậm tốc độ phát triển AI và tăng cường biện pháp an toàn vào đầu thán,ai.
danhgia_tts_02.txt,danhgia_tts_02-005,english_or_foreign_word,OpenAI,0,6,OpenAI dự kiến trong vài ngày tới giới thiệu mô hìn,open <en>a i</en>.
danhgia_tts_02.txt,danhgia_tts_02-005,english_or_foreign_word,trong,15,20,OpenAI dự kiến trong vài ngày tới giới thiệu mô hình AI GPT-6 Cyb,trong.
danhgia_tts_02.txt,danhgia_tts_02-005,english_or_foreign_word,GPT,56,59,iến trong vài ngày tới giới thiệu mô hình AI GPT-6 Cyber tập trung vào an ninh mạng và ra mắt,gpt.
danhgia_tts_02.txt,danhgia_tts_02-005,english_or_foreign_word,Cyber,62,67,ong vài ngày tới giới thiệu mô hình AI GPT-6 Cyber tập trung vào an ninh mạng và ra mắt một sản,cyber.
danhgia_tts_02.txt,danhgia_tts_02-005,english_or_foreign_word,trung,72,77,ày tới giới thiệu mô hình AI GPT-6 Cyber tập trung vào an ninh mạng và ra mắt một sản phẩm mới ,trung.
danhgia_tts_02.txt,danhgia_tts_02-005,english_or_foreign_word,ninh,85,89,hiệu mô hình AI GPT-6 Cyber tập trung vào an ninh mạng và ra mắt một sản phẩm mới giúp khách h,ninh.
danhgia_tts_02.txt,danhgia_tts_02-005,english_or_foreign_word,khai,144,148,a mắt một sản phẩm mới giúp khách hàng triển khai nó an toàn hơn và tự động hóa. Fortune dẫn n,khai.
danhgia_tts_02.txt,danhgia_tts_02-005,english_or_foreign_word,Fortune,180,187,ng triển khai nó an toàn hơn và tự động hóa. Fortune dẫn nhiều nguồn cho biết GPT-6 Cyber có thể ,fortune.
danhgia_tts_02.txt,danhgia_tts_02-005,english_or_foreign_word,cho,204,207, hơn và tự động hóa. Fortune dẫn nhiều nguồn cho biết GPT-6 Cyber có thể được công bố tại sự ,cho.
danhgia_tts_02.txt,danhgia_tts_02-005,english_or_foreign_word,GPT,213,216,ự động hóa. Fortune dẫn nhiều nguồn cho biết GPT-6 Cyber có thể được công bố tại sự kiện DevD,gpt.
danhgia_tts_02.txt,danhgia_tts_02-005,english_or_foreign_word,Cyber,219,224, hóa. Fortune dẫn nhiều nguồn cho biết GPT-6 Cyber có thể được công bố tại sự kiện DevDay của O,cyber.
danhgia_tts_02.txt,danhgia_tts_02-005,english_or_foreign_word,DevDay,257,263," GPT-6 Cyber có thể được công bố tại sự kiện DevDay của OpenAI ở San Francisco vào ngày 29/9, cù",dev day.
danhgia_tts_02.txt,danhgia_tts_02-005,english_or_foreign_word,OpenAI,268,274,"r có thể được công bố tại sự kiện DevDay của OpenAI ở San Francisco vào ngày 29/9, cùng với kế h",open <en>a i</en>.
danhgia_tts_02.txt,danhgia_tts_02-005,english_or_foreign_word,San,277,280,"được công bố tại sự kiện DevDay của OpenAI ở San Francisco vào ngày 29/9, cùng với kế hoạch r",san.
danhgia_tts_02.txt,danhgia_tts_02-005,english_or_foreign_word,Francisco,281,290," công bố tại sự kiện DevDay của OpenAI ở San Francisco vào ngày 29/9, cùng với kế hoạch ra mắt hơn ",francisco.
danhgia_tts_02.txt,danhgia_tts_02-005,english_or_foreign_word,trong,387,392,c sản phẩm khác. Một nhóm khách hàng hạn chế trong chương trình Daybreak Red đã được truy cập G,trong.
danhgia_tts_02.txt,danhgia_tts_02-005,english_or_foreign_word,Daybreak,406,414,t nhóm khách hàng hạn chế trong chương trình Daybreak Red đã được truy cập GPT-6 Cyber để thử nghi,daybreak.
danhgia_tts_02.txt,danhgia_tts_02-005,english_or_foreign_word,Red,415,418,ách hàng hạn chế trong chương trình Daybreak Red đã được truy cập GPT-6 Cyber để thử nghiệm a,red.
danhgia_tts_02.txt,danhgia_tts_02-005,english_or_foreign_word,truy,427,431, chế trong chương trình Daybreak Red đã được truy cập GPT-6 Cyber để thử nghiệm alpha. Bài báo,truy.
danhgia_tts_02.txt,danhgia_tts_02-005,english_or_foreign_word,GPT,436,439,g chương trình Daybreak Red đã được truy cập GPT-6 Cyber để thử nghiệm alpha. Bài báo cũng nh,gpt.
danhgia_tts_02.txt,danhgia_tts_02-005,english_or_foreign_word,Cyber,442,447,ng trình Daybreak Red đã được truy cập GPT-6 Cyber để thử nghiệm alpha. Bài báo cũng nhắc lại r,cyber.
danhgia_tts_02.txt,danhgia_tts_02-005,english_or_foreign_word,alpha,462,467,d đã được truy cập GPT-6 Cyber để thử nghiệm alpha. Bài báo cũng nhắc lại rằng Giám đốc điều hà,alpha.
danhgia_tts_02.txt,danhgia_tts_02-005,english_or_foreign_word,OpenAI,515,521,ài báo cũng nhắc lại rằng Giám đốc điều hành OpenAI Sam Altman và CEO Anthropic đã cùng kêu gọi ,open <en>a i</en>.
danhgia_tts_02.txt,danhgia_tts_02-005,english_or_foreign_word,Sam,522,525,cũng nhắc lại rằng Giám đốc điều hành OpenAI Sam Altman và CEO Anthropic đã cùng kêu gọi làm ,sam.
danhgia_tts_02.txt,danhgia_tts_02-005,english_or_foreign_word,Altman,526,532, nhắc lại rằng Giám đốc điều hành OpenAI Sam Altman và CEO Anthropic đã cùng kêu gọi làm chậm tố,altman.
danhgia_tts_02.txt,danhgia_tts_02-005,english_or_foreign_word,CEO,536,539,rằng Giám đốc điều hành OpenAI Sam Altman và CEO Anthropic đã cùng kêu gọi làm chậm tốc độ ph,ceo.
danhgia_tts_02.txt,danhgia_tts_02-005,english_or_foreign_word,Anthropic,540,549, Giám đốc điều hành OpenAI Sam Altman và CEO Anthropic đã cùng kêu gọi làm chậm tốc độ phát triển A,anthropic.
danhgia_tts_02.txt,danhgia_tts_02-005,english_or_foreign_word,Astra,682,687,háng 9. Bài viết nêu các cảnh báo về mô hình Astra. Bài viết còn đề cập vụ một tác nhân OpenAI ,astra.
danhgia_tts_02.txt,danhgia_tts_02-005,english_or_foreign_word,OpenAI,725,731,h Astra. Bài viết còn đề cập vụ một tác nhân OpenAI xâm nhập cổng dữ liệu y tế chính phủ Austral,open <en>a i</en>.
danhgia_tts_02.txt,danhgia_tts_02-005,english_or_foreign_word,Australia,769,778, OpenAI xâm nhập cổng dữ liệu y tế chính phủ Australia vào tháng Sáu.,australia.
danhgia_tts_02.txt,danhgia_tts_02-005,number,6,60,61,trong vài ngày tới giới thiệu mô hình AI GPT-6 Cyber tập trung vào an ninh mạng và ra mắt m,sáu.
danhgia_tts_02.txt,danhgia_tts_02-005,number,6,217,218,ng hóa. Fortune dẫn nhiều nguồn cho biết GPT-6 Cyber có thể được công bố tại sự kiện DevDay,sáu.
danhgia_tts_02.txt,danhgia_tts_02-005,number,29,300,302,"n DevDay của OpenAI ở San Francisco vào ngày 29/9, cùng với kế hoạch ra mắt hơn một chục sản",hai mươi chín.
danhgia_tts_02.txt,danhgia_tts_02-005,number,9,303,304,"evDay của OpenAI ở San Francisco vào ngày 29/9, cùng với kế hoạch ra mắt hơn một chục sản p",chín.
danhgia_tts_02.txt,danhgia_tts_02-005,number,6,440,441,ương trình Daybreak Red đã được truy cập GPT-6 Cyber để thử nghiệm alpha. Bài báo cũng nhắc,sáu.
danhgia_tts_02.txt,danhgia_tts_02-005,number,9,642,643,à tăng cường biện pháp an toàn vào đầu tháng 9. Bài viết nêu các cảnh báo về mô hình Astra.,chín.
danhgia_tts_02.txt,danhgia_tts_02-006,hyphen_expression,Jae-myung,57,66,"g 9 tại Mexico City, Tổng thống Hàn Quốc Lee Jae-myung và Tổng thống Mexico Claudia Sheinbaum chủ t",jae myung.
danhgia_tts_02.txt,danhgia_tts_02-006,hyphen_expression,2026-2030,169,178,hung và công bố ký Hiệp định Hành động Chung 2026-2030 nhằm mở rộng hợp tác song phương. Hai bên nh,hai nghìn không trăm hai mươi sáu đến hai nghìn không trăm ba mươi.
danhgia_tts_02.txt,danhgia_tts_02-006,hyphen_expression,Tae-won,787,794,"hiệp Hàn Quốc, gồm Chủ tịch Tập đoàn SK Chey Tae-won và Chủ tịch Tập đoàn LG Koo Kwang-mo, tham d",tae won.
danhgia_tts_02.txt,danhgia_tts_02-006,hyphen_expression,Kwang-mo,823,831," SK Chey Tae-won và Chủ tịch Tập đoàn LG Koo Kwang-mo, tham dự và cho biết hợp tác đang mở rộng ra",kwang mo.
danhgia_tts_02.txt,danhgia_tts_02-006,hyphen_expression,dân-chính,1157,1166,"goài ra, hai nước sẽ thành lập đoàn đại biểu dân-chính vào tháng 11 để thảo luận hợp tác số, thành ",dân chính.
danhgia_tts_02.txt,danhgia_tts_02-006,acronym,AI,473,475,"uận về hợp tác kinh tế, hàng không vũ trụ và AI, đồng thời thiết lập kênh liên lạc về chuỗi ",ai.
danhgia_tts_02.txt,danhgia_tts_02-006,acronym,SK,779,781,"doanh nghiệp Hàn Quốc, gồm Chủ tịch Tập đoàn SK Chey Tae-won và Chủ tịch Tập đoàn LG Koo Kwa",sk.
danhgia_tts_02.txt,danhgia_tts_02-006,acronym,LG,816,818,"ập đoàn SK Chey Tae-won và Chủ tịch Tập đoàn LG Koo Kwang-mo, tham dự và cho biết hợp tác đa",lg.
danhgia_tts_02.txt,danhgia_tts_02-006,acronym,BTS,1093,1096," Quốc tại Mexico và mong đợi chuyến thăm của BTS vào năm 2027. Ngoài ra, hai nước sẽ thành lậ",bts.
danhgia_tts_02.txt,danhgia_tts_02-006,english_or_foreign_word,Mexico,20,26,"Ngày 24 tháng 9 tại Mexico City, Tổng thống Hàn Quốc Lee Jae-myung và T",mexico.
danhgia_tts_02.txt,danhgia_tts_02-006,english_or_foreign_word,City,27,31,"Ngày 24 tháng 9 tại Mexico City, Tổng thống Hàn Quốc Lee Jae-myung và Tổng t",city.
danhgia_tts_02.txt,danhgia_tts_02-006,english_or_foreign_word,Lee,53,56,"tháng 9 tại Mexico City, Tổng thống Hàn Quốc Lee Jae-myung và Tổng thống Mexico Claudia Shein",lee.
danhgia_tts_02.txt,danhgia_tts_02-006,english_or_foreign_word,Jae,57,60,"g 9 tại Mexico City, Tổng thống Hàn Quốc Lee Jae-myung và Tổng thống Mexico Claudia Sheinbaum",jae.
danhgia_tts_02.txt,danhgia_tts_02-006,english_or_foreign_word,myung,61,66,"tại Mexico City, Tổng thống Hàn Quốc Lee Jae-myung và Tổng thống Mexico Claudia Sheinbaum chủ t",myung.
danhgia_tts_02.txt,danhgia_tts_02-006,english_or_foreign_word,Mexico,81,87,g thống Hàn Quốc Lee Jae-myung và Tổng thống Mexico Claudia Sheinbaum chủ trì cuộc họp chung và ,mexico.
danhgia_tts_02.txt,danhgia_tts_02-006,english_or_foreign_word,Claudia,88,95, Hàn Quốc Lee Jae-myung và Tổng thống Mexico Claudia Sheinbaum chủ trì cuộc họp chung và công bố ,claudia.
danhgia_tts_02.txt,danhgia_tts_02-006,english_or_foreign_word,Sheinbaum,96,105,c Lee Jae-myung và Tổng thống Mexico Claudia Sheinbaum chủ trì cuộc họp chung và công bố ký Hiệp đị,sheinbaum.
danhgia_tts_02.txt,danhgia_tts_02-006,english_or_foreign_word,chung,123,128,ng Mexico Claudia Sheinbaum chủ trì cuộc họp chung và công bố ký Hiệp định Hành động Chung 2026,chung.
danhgia_tts_02.txt,danhgia_tts_02-006,english_or_foreign_word,Chung,163,168, họp chung và công bố ký Hiệp định Hành động Chung 2026-2030 nhằm mở rộng hợp tác song phương. ,chung.
danhgia_tts_02.txt,danhgia_tts_02-006,english_or_foreign_word,song,200,204,nh động Chung 2026-2030 nhằm mở rộng hợp tác song phương. Hai bên nhất trí tăng cường hợp tác ,song.
danhgia_tts_02.txt,danhgia_tts_02-006,english_or_foreign_word,Hai,213,216, 2026-2030 nhằm mở rộng hợp tác song phương. Hai bên nhất trí tăng cường hợp tác trong quốc p,hai.
danhgia_tts_02.txt,danhgia_tts_02-006,english_or_foreign_word,trong,249,254," phương. Hai bên nhất trí tăng cường hợp tác trong quốc phòng, dầu thô, tài nguyên thiên nhiên ",trong.
danhgia_tts_02.txt,danhgia_tts_02-006,english_or_foreign_word,ghi,410,413,"i hiệp định bảo hộ đầu tư. Họ ký 17 biên bản ghi nhớ và thỏa thuận về hợp tác kinh tế, hàng k",ghi.
danhgia_tts_02.txt,danhgia_tts_02-006,english_or_foreign_word,kinh,443,447,"17 biên bản ghi nhớ và thỏa thuận về hợp tác kinh tế, hàng không vũ trụ và AI, đồng thời thiết",kinh.
danhgia_tts_02.txt,danhgia_tts_02-006,english_or_foreign_word,cung,520,524,", đồng thời thiết lập kênh liên lạc về chuỗi cung ứng liên quan dầu thô và tài nguyên chiến lư",cung.
danhgia_tts_02.txt,danhgia_tts_02-006,english_or_foreign_word,quan,534,538,iết lập kênh liên lạc về chuỗi cung ứng liên quan dầu thô và tài nguyên chiến lược. Lee cam kế,quan.
danhgia_tts_02.txt,danhgia_tts_02-006,english_or_foreign_word,Lee,573,576, liên quan dầu thô và tài nguyên chiến lược. Lee cam kết ủng hộ việc thực hiện Kế hoạch Mexic,lee.
danhgia_tts_02.txt,danhgia_tts_02-006,english_or_foreign_word,cam,577,580,n quan dầu thô và tài nguyên chiến lược. Lee cam kết ủng hộ việc thực hiện Kế hoạch Mexico củ,cam.
danhgia_tts_02.txt,danhgia_tts_02-006,english_or_foreign_word,Mexico,616,622,. Lee cam kết ủng hộ việc thực hiện Kế hoạch Mexico của Sheinbaum và hai bên thảo luận cách tăng,mexico.
danhgia_tts_02.txt,danhgia_tts_02-006,english_or_foreign_word,Sheinbaum,627,636,"ết ủng hộ việc thực hiện Kế hoạch Mexico của Sheinbaum và hai bên thảo luận cách tăng cường đầu tư,",sheinbaum.
danhgia_tts_02.txt,danhgia_tts_02-006,english_or_foreign_word,hai,640,643,"c thực hiện Kế hoạch Mexico của Sheinbaum và hai bên thảo luận cách tăng cường đầu tư, thương",hai.
danhgia_tts_02.txt,danhgia_tts_02-006,english_or_foreign_word,doanh,707,712," tăng cường đầu tư, thương mại và hỗ trợ các doanh nghiệp. Các lãnh đạo doanh nghiệp Hàn Quốc, ",doanh.
danhgia_tts_02.txt,danhgia_tts_02-006,english_or_foreign_word,doanh,734,739,"mại và hỗ trợ các doanh nghiệp. Các lãnh đạo doanh nghiệp Hàn Quốc, gồm Chủ tịch Tập đoàn SK Ch",doanh.
danhgia_tts_02.txt,danhgia_tts_02-006,english_or_foreign_word,Chey,782,786,"nh nghiệp Hàn Quốc, gồm Chủ tịch Tập đoàn SK Chey Tae-won và Chủ tịch Tập đoàn LG Koo Kwang-mo",chey.
danhgia_tts_02.txt,danhgia_tts_02-006,english_or_foreign_word,Tae,787,790,"hiệp Hàn Quốc, gồm Chủ tịch Tập đoàn SK Chey Tae-won và Chủ tịch Tập đoàn LG Koo Kwang-mo, th",tae.
danhgia_tts_02.txt,danhgia_tts_02-006,english_or_foreign_word,won,791,794," Hàn Quốc, gồm Chủ tịch Tập đoàn SK Chey Tae-won và Chủ tịch Tập đoàn LG Koo Kwang-mo, tham d",won.
danhgia_tts_02.txt,danhgia_tts_02-006,english_or_foreign_word,Koo,819,822,"đoàn SK Chey Tae-won và Chủ tịch Tập đoàn LG Koo Kwang-mo, tham dự và cho biết hợp tác đang m",koo.
danhgia_tts_02.txt,danhgia_tts_02-006,english_or_foreign_word,Kwang,823,828," SK Chey Tae-won và Chủ tịch Tập đoàn LG Koo Kwang-mo, tham dự và cho biết hợp tác đang mở rộng",kwang.
danhgia_tts_02.txt,danhgia_tts_02-006,english_or_foreign_word,tham,833,837,"ae-won và Chủ tịch Tập đoàn LG Koo Kwang-mo, tham dự và cho biết hợp tác đang mở rộng ra ngoài",tham.
danhgia_tts_02.txt,danhgia_tts_02-006,english_or_foreign_word,cho,844,847,"hủ tịch Tập đoàn LG Koo Kwang-mo, tham dự và cho biết hợp tác đang mở rộng ra ngoài ô tô và đ",cho.
danhgia_tts_02.txt,danhgia_tts_02-006,english_or_foreign_word,gia,894,897,"iết hợp tác đang mở rộng ra ngoài ô tô và đồ gia dụng sang điện, năng lượng, di động và ngành",gia.
danhgia_tts_02.txt,danhgia_tts_02-006,english_or_foreign_word,sang,903,907,"ác đang mở rộng ra ngoài ô tô và đồ gia dụng sang điện, năng lượng, di động và ngành làm đẹp. ",sang.
danhgia_tts_02.txt,danhgia_tts_02-006,english_or_foreign_word,Hai,952,955," điện, năng lượng, di động và ngành làm đẹp. Hai bên cũng nhất trí thúc đẩy mở rộng giao lưu ",hai.
danhgia_tts_02.txt,danhgia_tts_02-006,english_or_foreign_word,giao,991,995," đẹp. Hai bên cũng nhất trí thúc đẩy mở rộng giao lưu văn hóa, dự kiến thành lập Trung tâm Văn",giao.
danhgia_tts_02.txt,danhgia_tts_02-006,english_or_foreign_word,Trung,1027,1032," mở rộng giao lưu văn hóa, dự kiến thành lập Trung tâm Văn hóa Hàn Quốc tại Mexico và mong đợi ",trung.
danhgia_tts_02.txt,danhgia_tts_02-006,english_or_foreign_word,Mexico,1058,1064,iến thành lập Trung tâm Văn hóa Hàn Quốc tại Mexico và mong đợi chuyến thăm của BTS vào năm 2027,mexico.
danhgia_tts_02.txt,danhgia_tts_02-006,english_or_foreign_word,mong,1068,1072,lập Trung tâm Văn hóa Hàn Quốc tại Mexico và mong đợi chuyến thăm của BTS vào năm 2027. Ngoài ,mong.
danhgia_tts_02.txt,danhgia_tts_02-006,english_or_foreign_word,BTS,1093,1096," Quốc tại Mexico và mong đợi chuyến thăm của BTS vào năm 2027. Ngoài ra, hai nước sẽ thành lậ",bts.
danhgia_tts_02.txt,danhgia_tts_02-006,english_or_foreign_word,hai,1121,1124," chuyến thăm của BTS vào năm 2027. Ngoài ra, hai nước sẽ thành lập đoàn đại biểu dân-chính và",hai.
danhgia_tts_02.txt,danhgia_tts_02-006,english_or_foreign_word,trong,1229,1234,"hảo luận hợp tác số, thành lập nhóm công tác trong năm nay để thúc đẩy hợp tác nội dung văn hóa",trong.
danhgia_tts_02.txt,danhgia_tts_02-006,english_or_foreign_word,nay,1239,1242,"ợp tác số, thành lập nhóm công tác trong năm nay để thúc đẩy hợp tác nội dung văn hóa và tăng",nay.
danhgia_tts_02.txt,danhgia_tts_02-006,english_or_foreign_word,dung,1267,1271,"ng tác trong năm nay để thúc đẩy hợp tác nội dung văn hóa và tăng cường trao đổi cấp cao, tham",dung.
danhgia_tts_02.txt,danhgia_tts_02-006,english_or_foreign_word,trao,1294,1298,"c đẩy hợp tác nội dung văn hóa và tăng cường trao đổi cấp cao, tham vấn chính sách cấp phó bộ ",trao.
danhgia_tts_02.txt,danhgia_tts_02-006,english_or_foreign_word,cao,1307,1310," nội dung văn hóa và tăng cường trao đổi cấp cao, tham vấn chính sách cấp phó bộ trưởng giữa ",cao.
danhgia_tts_02.txt,danhgia_tts_02-006,english_or_foreign_word,tham,1312,1316,"dung văn hóa và tăng cường trao đổi cấp cao, tham vấn chính sách cấp phó bộ trưởng giữa hai bộ",tham.
danhgia_tts_02.txt,danhgia_tts_02-006,english_or_foreign_word,hai,1355,1358,", tham vấn chính sách cấp phó bộ trưởng giữa hai bộ ngoại giao.",hai.
danhgia_tts_02.txt,danhgia_tts_02-006,english_or_foreign_word,giao,1368,1372,ính sách cấp phó bộ trưởng giữa hai bộ ngoại giao.,giao.
danhgia_tts_02.txt,danhgia_tts_02-006,number,24,5,7,"Ngày 24 tháng 9 tại Mexico City, Tổng thống Hàn Quốc",hai mươi bốn.
danhgia_tts_02.txt,danhgia_tts_02-006,number,9,14,15,"Ngày 24 tháng 9 tại Mexico City, Tổng thống Hàn Quốc Lee Jae",chín.
danhgia_tts_02.txt,danhgia_tts_02-006,number,2026,169,173,hung và công bố ký Hiệp định Hành động Chung 2026-2030 nhằm mở rộng hợp tác song phương. Hai b,hai nghìn không trăm hai mươi sáu.
danhgia_tts_02.txt,danhgia_tts_02-006,number,2030,174,178,và công bố ký Hiệp định Hành động Chung 2026-2030 nhằm mở rộng hợp tác song phương. Hai bên nh,hai nghìn không trăm ba mươi.
danhgia_tts_02.txt,danhgia_tts_02-006,number,17,398,400, phán sửa đổi hiệp định bảo hộ đầu tư. Họ ký 17 biên bản ghi nhớ và thỏa thuận về hợp tác ki,mười bảy.
danhgia_tts_02.txt,danhgia_tts_02-006,number,2027,1105,1109,"xico và mong đợi chuyến thăm của BTS vào năm 2027. Ngoài ra, hai nước sẽ thành lập đoàn đại bi",hai nghìn không trăm hai mươi bảy.
danhgia_tts_02.txt,danhgia_tts_02-006,number,11,1177,1179," thành lập đoàn đại biểu dân-chính vào tháng 11 để thảo luận hợp tác số, thành lập nhóm công",mười một.
danhgia_tts_02.txt,danhgia_tts_02-007,english_or_foreign_word,Hoa,11,14,Tổng thống Hoa Kỳ Donald J. Trump ngày 25 tháng 9 năm 2026 ,hoa.
danhgia_tts_02.txt,danhgia_tts_02-007,english_or_foreign_word,Donald,18,24,Tổng thống Hoa Kỳ Donald J. Trump ngày 25 tháng 9 năm 2026 tại Đại hộ,donald.
danhgia_tts_02.txt,danhgia_tts_02-007,english_or_foreign_word,Trump,28,33,Tổng thống Hoa Kỳ Donald J. Trump ngày 25 tháng 9 năm 2026 tại Đại hội đồng Li,trump.
danhgia_tts_02.txt,danhgia_tts_02-007,english_or_foreign_word,Iran,110,114,i hội đồng Liên Hợp Quốc đã đe dọa tiêu diệt Iran nếu lãnh đạo nước này không đạt được một thỏ,iran.
danhgia_tts_02.txt,danhgia_tts_02-007,english_or_foreign_word,ghi,185,188,ng đạt được một thỏa thuận. Một bài báo khác ghi nhận ông ngày 22 tháng 9 tại cùng diễn đàn đ,ghi.
danhgia_tts_02.txt,danhgia_tts_02-007,english_or_foreign_word,Hoa,247,250," 22 tháng 9 tại cùng diễn đàn đã đe dọa rằng Hoa Kỳ có thể ""tiêu diệt"" Iran nếu Tehran không ",hoa.
danhgia_tts_02.txt,danhgia_tts_02-007,english_or_foreign_word,Iran,273,277,"đàn đã đe dọa rằng Hoa Kỳ có thể ""tiêu diệt"" Iran nếu Tehran không chấp nhận một thỏa thuận hò",iran.
danhgia_tts_02.txt,danhgia_tts_02-007,english_or_foreign_word,Tehran,282,288," dọa rằng Hoa Kỳ có thể ""tiêu diệt"" Iran nếu Tehran không chấp nhận một thỏa thuận hòa bình. Các",tehran.
danhgia_tts_02.txt,danhgia_tts_02-007,english_or_foreign_word,Iran,411,415," một số người ca ngợi ông vì dám đối đầu với Iran và trừng phạt Vladimir Putin, trong khi nhữn",iran.
danhgia_tts_02.txt,danhgia_tts_02-007,english_or_foreign_word,Vladimir,430,438,"ợi ông vì dám đối đầu với Iran và trừng phạt Vladimir Putin, trong khi những người khác chỉ trích ",vladimir.
danhgia_tts_02.txt,danhgia_tts_02-007,english_or_foreign_word,Putin,439,444," dám đối đầu với Iran và trừng phạt Vladimir Putin, trong khi những người khác chỉ trích việc đ",putin.
danhgia_tts_02.txt,danhgia_tts_02-007,english_or_foreign_word,trong,446,451,"i đầu với Iran và trừng phạt Vladimir Putin, trong khi những người khác chỉ trích việc đe dọa l",trong.
danhgia_tts_02.txt,danhgia_tts_02-007,english_or_foreign_word,khi,452,455,"với Iran và trừng phạt Vladimir Putin, trong khi những người khác chỉ trích việc đe dọa là vi",khi.
danhgia_tts_02.txt,danhgia_tts_02-007,english_or_foreign_word,cho,582,585, thể cấu thành tội diệt chủng. Một số ý kiến cho rằng Iran sẽ không ký thỏa thuận trừ khi có ,cho.
danhgia_tts_02.txt,danhgia_tts_02-007,english_or_foreign_word,Iran,591,595,thành tội diệt chủng. Một số ý kiến cho rằng Iran sẽ không ký thỏa thuận trừ khi có thay đổi c,iran.
danhgia_tts_02.txt,danhgia_tts_02-007,english_or_foreign_word,khi,623,626,iến cho rằng Iran sẽ không ký thỏa thuận trừ khi có thay đổi chế độ và kêu gọi ông hoàn tất c,khi.
danhgia_tts_02.txt,danhgia_tts_02-007,english_or_foreign_word,thay,630,634, rằng Iran sẽ không ký thỏa thuận trừ khi có thay đổi chế độ và kêu gọi ông hoàn tất công việc,thay.
danhgia_tts_02.txt,danhgia_tts_02-007,english_or_foreign_word,cho,703,706,"ng hoàn tất công việc, còn những ý kiến khác cho rằng ông đã làm suy yếu Hoa Kỳ và lạm dụng d",cho.
danhgia_tts_02.txt,danhgia_tts_02-007,english_or_foreign_word,suy,723,726,"c, còn những ý kiến khác cho rằng ông đã làm suy yếu Hoa Kỳ và lạm dụng diễn đàn Liên Hợp Quố",suy.
danhgia_tts_02.txt,danhgia_tts_02-007,english_or_foreign_word,Hoa,731,734,hững ý kiến khác cho rằng ông đã làm suy yếu Hoa Kỳ và lạm dụng diễn đàn Liên Hợp Quốc. Bài b,hoa.
danhgia_tts_02.txt,danhgia_tts_02-007,english_or_foreign_word,tranh,825,830,"o còn nêu các hành vi quân sự và pháp lý gây tranh cãi của Washington, gồm các vụ tấn công tàu ",tranh.
danhgia_tts_02.txt,danhgia_tts_02-007,english_or_foreign_word,Washington,839,849,"hành vi quân sự và pháp lý gây tranh cãi của Washington, gồm các vụ tấn công tàu theo ""Chiến dịch Sp",washington.
danhgia_tts_02.txt,danhgia_tts_02-007,english_or_foreign_word,theo,875,879," cãi của Washington, gồm các vụ tấn công tàu theo ""Chiến dịch Spear Phương Nam"" với 221 người ",theo.
danhgia_tts_02.txt,danhgia_tts_02-007,english_or_foreign_word,Spear,892,897,"on, gồm các vụ tấn công tàu theo ""Chiến dịch Spear Phương Nam"" với 221 người chết trong 63 vụ t",spear.
danhgia_tts_02.txt,danhgia_tts_02-007,english_or_foreign_word,Nam,905,908,"ụ tấn công tàu theo ""Chiến dịch Spear Phương Nam"" với 221 người chết trong 63 vụ theo Wola, v",nam.
danhgia_tts_02.txt,danhgia_tts_02-007,english_or_foreign_word,trong,929,934,"ến dịch Spear Phương Nam"" với 221 người chết trong 63 vụ theo Wola, việc bắt giữ Tổng thống Ven",trong.
danhgia_tts_02.txt,danhgia_tts_02-007,english_or_foreign_word,theo,941,945,"r Phương Nam"" với 221 người chết trong 63 vụ theo Wola, việc bắt giữ Tổng thống Venezuela Nico",theo.
danhgia_tts_02.txt,danhgia_tts_02-007,english_or_foreign_word,Wola,946,950,"ơng Nam"" với 221 người chết trong 63 vụ theo Wola, việc bắt giữ Tổng thống Venezuela Nicolas M",wola.
danhgia_tts_02.txt,danhgia_tts_02-007,english_or_foreign_word,Venezuela,976,985,"ong 63 vụ theo Wola, việc bắt giữ Tổng thống Venezuela Nicolas Maduro vào tháng 1 năm 2026 và việc ",venezuela.
danhgia_tts_02.txt,danhgia_tts_02-007,english_or_foreign_word,Nicolas,986,993,"theo Wola, việc bắt giữ Tổng thống Venezuela Nicolas Maduro vào tháng 1 năm 2026 và việc từ chối ",nicolas.
danhgia_tts_02.txt,danhgia_tts_02-007,english_or_foreign_word,Maduro,994,1000,"a, việc bắt giữ Tổng thống Venezuela Nicolas Maduro vào tháng 1 năm 2026 và việc từ chối thị thự",maduro.
danhgia_tts_02.txt,danhgia_tts_02-007,english_or_foreign_word,cho,1047,1050,ào tháng 1 năm 2026 và việc từ chối thị thực cho Tổng thống Palestine Mahmoud Abbas trong khi,cho.
danhgia_tts_02.txt,danhgia_tts_02-007,english_or_foreign_word,Palestine,1062,1071,2026 và việc từ chối thị thực cho Tổng thống Palestine Mahmoud Abbas trong khi Thủ tướng Israel Ben,palestine.
danhgia_tts_02.txt,danhgia_tts_02-007,english_or_foreign_word,Mahmoud,1072,1079,ệc từ chối thị thực cho Tổng thống Palestine Mahmoud Abbas trong khi Thủ tướng Israel Benjamin Ne,mahmoud.
danhgia_tts_02.txt,danhgia_tts_02-007,english_or_foreign_word,Abbas,1080,1085,ối thị thực cho Tổng thống Palestine Mahmoud Abbas trong khi Thủ tướng Israel Benjamin Netanyah,abbas.
danhgia_tts_02.txt,danhgia_tts_02-007,english_or_foreign_word,trong,1086,1091, thực cho Tổng thống Palestine Mahmoud Abbas trong khi Thủ tướng Israel Benjamin Netanyahu được,trong.
danhgia_tts_02.txt,danhgia_tts_02-007,english_or_foreign_word,khi,1092,1095,cho Tổng thống Palestine Mahmoud Abbas trong khi Thủ tướng Israel Benjamin Netanyahu được phé,khi.
danhgia_tts_02.txt,danhgia_tts_02-007,english_or_foreign_word,Israel,1106,1112, Palestine Mahmoud Abbas trong khi Thủ tướng Israel Benjamin Netanyahu được phép phát biểu. Tác ,israel.
danhgia_tts_02.txt,danhgia_tts_02-007,english_or_foreign_word,Benjamin,1113,1121,ine Mahmoud Abbas trong khi Thủ tướng Israel Benjamin Netanyahu được phép phát biểu. Tác giả kêu g,benjamin.
danhgia_tts_02.txt,danhgia_tts_02-007,english_or_foreign_word,Netanyahu,1122,1131,ud Abbas trong khi Thủ tướng Israel Benjamin Netanyahu được phép phát biểu. Tác giả kêu gọi tranh l,netanyahu.
danhgia_tts_02.txt,danhgia_tts_02-007,english_or_foreign_word,tranh,1169,1174,tanyahu được phép phát biểu. Tác giả kêu gọi tranh luận về việc chuyển trụ sở chính của Liên Hợ,tranh.
danhgia_tts_02.txt,danhgia_tts_02-007,english_or_foreign_word,Hoa,1231,1234,"c chuyển trụ sở chính của Liên Hợp Quốc khỏi Hoa Kỳ, đề xuất Geneva, Thụy Sĩ, và cảnh báo ngu",hoa.
danhgia_tts_02.txt,danhgia_tts_02-007,english_or_foreign_word,Geneva,1247,1253,"chính của Liên Hợp Quốc khỏi Hoa Kỳ, đề xuất Geneva, Thụy Sĩ, và cảnh báo nguy cơ chuẩn hóa ý tư",geneva.
danhgia_tts_02.txt,danhgia_tts_02-007,english_or_foreign_word,nguy,1276,1280,"Hoa Kỳ, đề xuất Geneva, Thụy Sĩ, và cảnh báo nguy cơ chuẩn hóa ý tưởng rằng sức mạnh quân sự c",nguy.
danhgia_tts_02.txt,danhgia_tts_02-007,english_or_foreign_word,cho,1324,1327,"y cơ chuẩn hóa ý tưởng rằng sức mạnh quân sự cho phép quyết định ai sống, ai chết và ai được ",cho.
danhgia_tts_02.txt,danhgia_tts_02-007,number,25,39,41,Tổng thống Hoa Kỳ Donald J. Trump ngày 25 tháng 9 năm 2026 tại Đại hội đồng Liên Hợp Q,hai mươi lăm.
danhgia_tts_02.txt,danhgia_tts_02-007,number,9,48,49,g thống Hoa Kỳ Donald J. Trump ngày 25 tháng 9 năm 2026 tại Đại hội đồng Liên Hợp Quốc đã đ,chín.
danhgia_tts_02.txt,danhgia_tts_02-007,number,2026,54,58,g Hoa Kỳ Donald J. Trump ngày 25 tháng 9 năm 2026 tại Đại hội đồng Liên Hợp Quốc đã đe dọa tiê,hai nghìn không trăm hai mươi sáu.
danhgia_tts_02.txt,danhgia_tts_02-007,number,22,203,205,ỏa thuận. Một bài báo khác ghi nhận ông ngày 22 tháng 9 tại cùng diễn đàn đã đe dọa rằng Hoa,hai mươi hai.
danhgia_tts_02.txt,danhgia_tts_02-007,number,9,212,213, Một bài báo khác ghi nhận ông ngày 22 tháng 9 tại cùng diễn đàn đã đe dọa rằng Hoa Kỳ có t,chín.
danhgia_tts_02.txt,danhgia_tts_02-007,number,221,914,917,"g tàu theo ""Chiến dịch Spear Phương Nam"" với 221 người chết trong 63 vụ theo Wola, việc bắt g",hai trăm hai mươi mốt.
danhgia_tts_02.txt,danhgia_tts_02-007,number,63,935,937,"h Spear Phương Nam"" với 221 người chết trong 63 vụ theo Wola, việc bắt giữ Tổng thống Venezu",sáu mươi ba.
danhgia_tts_02.txt,danhgia_tts_02-007,number,1,1011,1012,ổng thống Venezuela Nicolas Maduro vào tháng 1 năm 2026 và việc từ chối thị thực cho Tổng t,một.
danhgia_tts_02.txt,danhgia_tts_02-007,number,2026,1017,1021,ống Venezuela Nicolas Maduro vào tháng 1 năm 2026 và việc từ chối thị thực cho Tổng thống Pale,hai nghìn không trăm hai mươi sáu.
danhgia_tts_02.txt,danhgia_tts_02-008,date_range,24-25/9/2026,84,96,iệt Nam thăm cấp Nhà nước tới Canada từ ngày 24-25/9/2026 theo lời mời của Toàn quyền Canada Louise Ar,hai mươi bốn ngày hai mươi lăm tháng chín năm hai nghìn không trăm hai mươi sáu.
danhgia_tts_02.txt,danhgia_tts_02-008,date,25/9/2026,87,96, Nam thăm cấp Nhà nước tới Canada từ ngày 24-25/9/2026 theo lời mời của Toàn quyền Canada Louise Ar,ngày hai mươi lăm tháng chín năm hai nghìn không trăm hai mươi sáu.
danhgia_tts_02.txt,danhgia_tts_02-008,time_range,24-25,84,89,iệt Nam thăm cấp Nhà nước tới Canada từ ngày 24-25/9/2026 theo lời mời của Toàn quyền Canada Lo,hai mươi bốn đến hai mươi lăm.
danhgia_tts_02.txt,danhgia_tts_02-008,slash_expression,25/9,87,91, Nam thăm cấp Nhà nước tới Canada từ ngày 24-25/9/2026 theo lời mời của Toàn quyền Canada Loui,hai mươi lăm trên chín.
danhgia_tts_02.txt,danhgia_tts_02-008,slash_expression,6/2026,1587,1593,m Nghị sĩ hữu nghị Việt Nam-Canada vào tháng 6/2026.,tháng sáu năm hai nghìn không trăm hai mươi sáu.
danhgia_tts_02.txt,danhgia_tts_02-008,hyphen_expression,24-25,84,89,iệt Nam thăm cấp Nhà nước tới Canada từ ngày 24-25/9/2026 theo lời mời của Toàn quyền Canada Lo,hai mươi bốn đến hai mươi lăm.
danhgia_tts_02.txt,danhgia_tts_02-008,hyphen_expression,mại-đầu,533,540,"gồm quan hệ song phương và đa phương, thương mại-đầu tư, giao thông vận tải và chuỗi cung ứng, ch",mại đầu.
danhgia_tts_02.txt,danhgia_tts_02-008,hyphen_expression,phòng-an,692,700,"ờng, an ninh lương thực và nông nghiệp, quốc phòng-an ninh-hàng hải-thực thi pháp luật, và giáo dụ",phòng an.
danhgia_tts_02.txt,danhgia_tts_02-008,hyphen_expression,ninh-hàng,701,710,"inh lương thực và nông nghiệp, quốc phòng-an ninh-hàng hải-thực thi pháp luật, và giáo dục-văn hóa-",ninh hàng.
danhgia_tts_02.txt,danhgia_tts_02-008,hyphen_expression,hải-thực,711,719,"thực và nông nghiệp, quốc phòng-an ninh-hàng hải-thực thi pháp luật, và giáo dục-văn hóa-giao lưu ",hải thực.
danhgia_tts_02.txt,danhgia_tts_02-008,hyphen_expression,dục-văn,743,750,"an ninh-hàng hải-thực thi pháp luật, và giáo dục-văn hóa-giao lưu nhân dân. Hai bên nhất trí tăng",dục văn.
danhgia_tts_02.txt,danhgia_tts_02-008,hyphen_expression,hóa-giao,751,759,"hàng hải-thực thi pháp luật, và giáo dục-văn hóa-giao lưu nhân dân. Hai bên nhất trí tăng cường hợ",hóa giao.
danhgia_tts_02.txt,danhgia_tts_02-008,hyphen_expression,học-công,844,852,"ng hợp tác kinh tế, thương mại, đầu tư, khoa học-công nghệ, chuyển đổi số, năng lượng sạch, an nin",học công.
danhgia_tts_02.txt,danhgia_tts_02-008,hyphen_expression,ASEAN-Canada,1030,1042,hoàn tất đàm phán Hiệp định Thương mại Tự do ASEAN-Canada. Bộ trưởng Ngoại giao hai nước sẽ phối hợp x,<en>asean</en> canada.
danhgia_tts_02.txt,danhgia_tts_02-008,hyphen_expression,Canada-Việt,1472,1483,"Hạ viện Canada và tiếp Nhóm Nghị sĩ hữu nghị Canada-Việt Nam, trong đó thông báo Quốc hội Việt Nam đã",canada việt.
danhgia_tts_02.txt,danhgia_tts_02-008,hyphen_expression,Nam-Canada,1566,1576, Nam đã thành lập Nhóm Nghị sĩ hữu nghị Việt Nam-Canada vào tháng 6/2026.,nam canada.
danhgia_tts_02.txt,danhgia_tts_02-008,acronym,ASEAN,1030,1035,hoàn tất đàm phán Hiệp định Thương mại Tự do ASEAN-Canada. Bộ trưởng Ngoại giao hai nước sẽ phố,asean.
danhgia_tts_02.txt,danhgia_tts_02-008,acronym,APEC,1262,1266,thức Việt Nam năm 2026 và dự Tuần lễ cấp cao APEC 2027; Thủ tướng Carney nhận lời. Trong chuyế,apec.
danhgia_tts_02.txt,danhgia_tts_02-008,english_or_foreign_word,Nam,43,46,"Tổng Bí thư, Chủ tịch nước Tô Lâm của Việt Nam thăm cấp Nhà nước tới Canada từ ngày 24-25/9",nam.
danhgia_tts_02.txt,danhgia_tts_02-008,english_or_foreign_word,Canada,69,75,ớc Tô Lâm của Việt Nam thăm cấp Nhà nước tới Canada từ ngày 24-25/9/2026 theo lời mời của Toàn q,canada.
danhgia_tts_02.txt,danhgia_tts_02-008,english_or_foreign_word,theo,97,101,cấp Nhà nước tới Canada từ ngày 24-25/9/2026 theo lời mời của Toàn quyền Canada Louise Arbour.,theo.
danhgia_tts_02.txt,danhgia_tts_02-008,english_or_foreign_word,Canada,125,131,"gày 24-25/9/2026 theo lời mời của Toàn quyền Canada Louise Arbour. Trong khuôn khổ chuyến thăm, ",canada.
danhgia_tts_02.txt,danhgia_tts_02-008,english_or_foreign_word,Louise,132,138,"25/9/2026 theo lời mời của Toàn quyền Canada Louise Arbour. Trong khuôn khổ chuyến thăm, ông Tô ",louise.
danhgia_tts_02.txt,danhgia_tts_02-008,english_or_foreign_word,Arbour,139,145,"26 theo lời mời của Toàn quyền Canada Louise Arbour. Trong khuôn khổ chuyến thăm, ông Tô Lâm đã ",arbour.
danhgia_tts_02.txt,danhgia_tts_02-008,english_or_foreign_word,Trong,147,152,"lời mời của Toàn quyền Canada Louise Arbour. Trong khuôn khổ chuyến thăm, ông Tô Lâm đã hội đàm",trong.
danhgia_tts_02.txt,danhgia_tts_02-008,english_or_foreign_word,Canada,212,218,"ến thăm, ông Tô Lâm đã hội đàm với Thủ tướng Canada Mark Carney tại Ottawa và hai bên nhất trí n",canada.
danhgia_tts_02.txt,danhgia_tts_02-008,english_or_foreign_word,Mark,219,223,", ông Tô Lâm đã hội đàm với Thủ tướng Canada Mark Carney tại Ottawa và hai bên nhất trí nâng c",mark.
danhgia_tts_02.txt,danhgia_tts_02-008,english_or_foreign_word,Carney,224,230, Tô Lâm đã hội đàm với Thủ tướng Canada Mark Carney tại Ottawa và hai bên nhất trí nâng cấp quan,carney.
danhgia_tts_02.txt,danhgia_tts_02-008,english_or_foreign_word,Ottawa,235,241,hội đàm với Thủ tướng Canada Mark Carney tại Ottawa và hai bên nhất trí nâng cấp quan hệ lên Đối,ottawa.
danhgia_tts_02.txt,danhgia_tts_02-008,english_or_foreign_word,hai,245,248,i Thủ tướng Canada Mark Carney tại Ottawa và hai bên nhất trí nâng cấp quan hệ lên Đối tác ch,hai.
danhgia_tts_02.txt,danhgia_tts_02-008,english_or_foreign_word,quan,271,275,rney tại Ottawa và hai bên nhất trí nâng cấp quan hệ lên Đối tác chiến lược. Hai nhà lãnh đạo ,quan.
danhgia_tts_02.txt,danhgia_tts_02-008,english_or_foreign_word,Hai,303,306,"trí nâng cấp quan hệ lên Đối tác chiến lược. Hai nhà lãnh đạo công bố Tuyên bố chung, chứng k",hai.
danhgia_tts_02.txt,danhgia_tts_02-008,english_or_foreign_word,chung,337,342,"hiến lược. Hai nhà lãnh đạo công bố Tuyên bố chung, chứng kiến lễ trao các văn kiện hợp tác và ",chung.
danhgia_tts_02.txt,danhgia_tts_02-008,english_or_foreign_word,trao,358,362,"nh đạo công bố Tuyên bố chung, chứng kiến lễ trao các văn kiện hợp tác và ký các bản ghi nhớ v",trao.
danhgia_tts_02.txt,danhgia_tts_02-008,english_or_foreign_word,ghi,398,401,"n lễ trao các văn kiện hợp tác và ký các bản ghi nhớ về năng lượng, môi trường và vận tải biể",ghi.
danhgia_tts_02.txt,danhgia_tts_02-008,english_or_foreign_word,chung,458,463," lượng, môi trường và vận tải biển. Tuyên bố chung nêu tám trụ cột hợp tác gồm quan hệ song phư",chung.
danhgia_tts_02.txt,danhgia_tts_02-008,english_or_foreign_word,quan,492,496,". Tuyên bố chung nêu tám trụ cột hợp tác gồm quan hệ song phương và đa phương, thương mại-đầu ",quan.
danhgia_tts_02.txt,danhgia_tts_02-008,english_or_foreign_word,song,500,504,"bố chung nêu tám trụ cột hợp tác gồm quan hệ song phương và đa phương, thương mại-đầu tư, giao",song.
danhgia_tts_02.txt,danhgia_tts_02-008,english_or_foreign_word,giao,545,549,"song phương và đa phương, thương mại-đầu tư, giao thông vận tải và chuỗi cung ứng, chuyển đổi ",giao.
danhgia_tts_02.txt,danhgia_tts_02-008,english_or_foreign_word,cung,573,577,"ương mại-đầu tư, giao thông vận tải và chuỗi cung ứng, chuyển đổi số và trí tuệ nhân tạo, an n",cung.
danhgia_tts_02.txt,danhgia_tts_02-008,english_or_foreign_word,ninh,621,625,"g ứng, chuyển đổi số và trí tuệ nhân tạo, an ninh năng lượng và môi trường, an ninh lương thực",ninh.
danhgia_tts_02.txt,danhgia_tts_02-008,english_or_foreign_word,ninh,655,659,"ân tạo, an ninh năng lượng và môi trường, an ninh lương thực và nông nghiệp, quốc phòng-an nin",ninh.
danhgia_tts_02.txt,danhgia_tts_02-008,english_or_foreign_word,ninh,701,705,"inh lương thực và nông nghiệp, quốc phòng-an ninh-hàng hải-thực thi pháp luật, và giáo dục-văn",ninh.
danhgia_tts_02.txt,danhgia_tts_02-008,english_or_foreign_word,thi,720,723,"ông nghiệp, quốc phòng-an ninh-hàng hải-thực thi pháp luật, và giáo dục-văn hóa-giao lưu nhân",thi.
danhgia_tts_02.txt,danhgia_tts_02-008,english_or_foreign_word,giao,755,759," hải-thực thi pháp luật, và giáo dục-văn hóa-giao lưu nhân dân. Hai bên nhất trí tăng cường hợ",giao.
danhgia_tts_02.txt,danhgia_tts_02-008,english_or_foreign_word,Hai,774,777,"luật, và giáo dục-văn hóa-giao lưu nhân dân. Hai bên nhất trí tăng cường hợp tác kinh tế, thư",hai.
danhgia_tts_02.txt,danhgia_tts_02-008,english_or_foreign_word,kinh,810,814,"hân dân. Hai bên nhất trí tăng cường hợp tác kinh tế, thương mại, đầu tư, khoa học-công nghệ, ",kinh.
danhgia_tts_02.txt,danhgia_tts_02-008,english_or_foreign_word,khoa,839,843,"g cường hợp tác kinh tế, thương mại, đầu tư, khoa học-công nghệ, chuyển đổi số, năng lượng sạc",khoa.
danhgia_tts_02.txt,danhgia_tts_02-008,english_or_foreign_word,ninh,894,898,"ông nghệ, chuyển đổi số, năng lượng sạch, an ninh mạng, thực thi pháp luật và phối hợp tại các",ninh.
danhgia_tts_02.txt,danhgia_tts_02-008,english_or_foreign_word,thi,910,913," đổi số, năng lượng sạch, an ninh mạng, thực thi pháp luật và phối hợp tại các diễn đàn khu v",thi.
danhgia_tts_02.txt,danhgia_tts_02-008,english_or_foreign_word,khu,953,956,"c thi pháp luật và phối hợp tại các diễn đàn khu vực và đa phương, đồng thời hoàn tất đàm phá",khu.
danhgia_tts_02.txt,danhgia_tts_02-008,english_or_foreign_word,ASEAN,1030,1035,hoàn tất đàm phán Hiệp định Thương mại Tự do ASEAN-Canada. Bộ trưởng Ngoại giao hai nước sẽ phố,asean.
danhgia_tts_02.txt,danhgia_tts_02-008,english_or_foreign_word,Canada,1036,1042,ất đàm phán Hiệp định Thương mại Tự do ASEAN-Canada. Bộ trưởng Ngoại giao hai nước sẽ phối hợp x,canada.
danhgia_tts_02.txt,danhgia_tts_02-008,english_or_foreign_word,giao,1060,1064,ương mại Tự do ASEAN-Canada. Bộ trưởng Ngoại giao hai nước sẽ phối hợp xây dựng kế hoạch hành ,giao.
danhgia_tts_02.txt,danhgia_tts_02-008,english_or_foreign_word,hai,1065,1068,mại Tự do ASEAN-Canada. Bộ trưởng Ngoại giao hai nước sẽ phối hợp xây dựng kế hoạch hành động,hai.
danhgia_tts_02.txt,danhgia_tts_02-008,english_or_foreign_word,khai,1123,1127,hối hợp xây dựng kế hoạch hành động để triển khai các mục tiêu của quan hệ Đối tác chiến lược.,khai.
danhgia_tts_02.txt,danhgia_tts_02-008,english_or_foreign_word,quan,1145,1149,ạch hành động để triển khai các mục tiêu của quan hệ Đối tác chiến lược. Tô Lâm mời Thủ tướng ,quan.
danhgia_tts_02.txt,danhgia_tts_02-008,english_or_foreign_word,Mark,1194,1198, hệ Đối tác chiến lược. Tô Lâm mời Thủ tướng Mark Carney thăm chính thức Việt Nam năm 2026 và ,mark.
danhgia_tts_02.txt,danhgia_tts_02-008,english_or_foreign_word,Carney,1199,1205,ối tác chiến lược. Tô Lâm mời Thủ tướng Mark Carney thăm chính thức Việt Nam năm 2026 và dự Tuần,carney.
danhgia_tts_02.txt,danhgia_tts_02-008,english_or_foreign_word,Nam,1227,1230,i Thủ tướng Mark Carney thăm chính thức Việt Nam năm 2026 và dự Tuần lễ cấp cao APEC 2027; Th,nam.
danhgia_tts_02.txt,danhgia_tts_02-008,english_or_foreign_word,cao,1258,1261,ính thức Việt Nam năm 2026 và dự Tuần lễ cấp cao APEC 2027; Thủ tướng Carney nhận lời. Trong ,cao.
danhgia_tts_02.txt,danhgia_tts_02-008,english_or_foreign_word,APEC,1262,1266,thức Việt Nam năm 2026 và dự Tuần lễ cấp cao APEC 2027; Thủ tướng Carney nhận lời. Trong chuyế,apec.
danhgia_tts_02.txt,danhgia_tts_02-008,english_or_foreign_word,Carney,1283,1289,"6 và dự Tuần lễ cấp cao APEC 2027; Thủ tướng Carney nhận lời. Trong chuyến thăm, ông Tô Lâm cũng",carney.
danhgia_tts_02.txt,danhgia_tts_02-008,english_or_foreign_word,Trong,1300,1305,"ấp cao APEC 2027; Thủ tướng Carney nhận lời. Trong chuyến thăm, ông Tô Lâm cũng hội kiến với To",trong.
danhgia_tts_02.txt,danhgia_tts_02-008,english_or_foreign_word,Canada,1359,1365,"hăm, ông Tô Lâm cũng hội kiến với Toàn quyền Canada Louise Arbour, làm việc với Chủ tịch Thượng ",canada.
danhgia_tts_02.txt,danhgia_tts_02-008,english_or_foreign_word,Louise,1366,1372,"g Tô Lâm cũng hội kiến với Toàn quyền Canada Louise Arbour, làm việc với Chủ tịch Thượng viện và",louise.
danhgia_tts_02.txt,danhgia_tts_02-008,english_or_foreign_word,Arbour,1373,1379,"m cũng hội kiến với Toàn quyền Canada Louise Arbour, làm việc với Chủ tịch Thượng viện và Chủ tị",arbour.
danhgia_tts_02.txt,danhgia_tts_02-008,english_or_foreign_word,Canada,1435,1441,với Chủ tịch Thượng viện và Chủ tịch Hạ viện Canada và tiếp Nhóm Nghị sĩ hữu nghị Canada-Việt Na,canada.
danhgia_tts_02.txt,danhgia_tts_02-008,english_or_foreign_word,Canada,1472,1478,"Hạ viện Canada và tiếp Nhóm Nghị sĩ hữu nghị Canada-Việt Nam, trong đó thông báo Quốc hội Việt N",canada.
danhgia_tts_02.txt,danhgia_tts_02-008,english_or_foreign_word,Nam,1484,1487,"da và tiếp Nhóm Nghị sĩ hữu nghị Canada-Việt Nam, trong đó thông báo Quốc hội Việt Nam đã thà",nam.
danhgia_tts_02.txt,danhgia_tts_02-008,english_or_foreign_word,trong,1489,1494," tiếp Nhóm Nghị sĩ hữu nghị Canada-Việt Nam, trong đó thông báo Quốc hội Việt Nam đã thành lập ",trong.
danhgia_tts_02.txt,danhgia_tts_02-008,english_or_foreign_word,Nam,1522,1525,"a-Việt Nam, trong đó thông báo Quốc hội Việt Nam đã thành lập Nhóm Nghị sĩ hữu nghị Việt Nam-",nam.
danhgia_tts_02.txt,danhgia_tts_02-008,english_or_foreign_word,Nam,1566,1569, Nam đã thành lập Nhóm Nghị sĩ hữu nghị Việt Nam-Canada vào tháng 6/2026.,nam.
danhgia_tts_02.txt,danhgia_tts_02-008,english_or_foreign_word,Canada,1570,1576, đã thành lập Nhóm Nghị sĩ hữu nghị Việt Nam-Canada vào tháng 6/2026.,canada.
danhgia_tts_02.txt,danhgia_tts_02-008,number,24,84,86,iệt Nam thăm cấp Nhà nước tới Canada từ ngày 24-25/9/2026 theo lời mời của Toàn quyền Canada,hai mươi bốn.
danhgia_tts_02.txt,danhgia_tts_02-008,number,25,87,89, Nam thăm cấp Nhà nước tới Canada từ ngày 24-25/9/2026 theo lời mời của Toàn quyền Canada Lo,hai mươi lăm.
danhgia_tts_02.txt,danhgia_tts_02-008,number,9,90,91,m thăm cấp Nhà nước tới Canada từ ngày 24-25/9/2026 theo lời mời của Toàn quyền Canada Loui,chín.
danhgia_tts_02.txt,danhgia_tts_02-008,number,2026,92,96,thăm cấp Nhà nước tới Canada từ ngày 24-25/9/2026 theo lời mời của Toàn quyền Canada Louise Ar,hai nghìn không trăm hai mươi sáu.
danhgia_tts_02.txt,danhgia_tts_02-008,number,2026,1235,1239,ớng Mark Carney thăm chính thức Việt Nam năm 2026 và dự Tuần lễ cấp cao APEC 2027; Thủ tướng C,hai nghìn không trăm hai mươi sáu.
danhgia_tts_02.txt,danhgia_tts_02-008,number,2027,1267,1271,Việt Nam năm 2026 và dự Tuần lễ cấp cao APEC 2027; Thủ tướng Carney nhận lời. Trong chuyến thă,hai nghìn không trăm hai mươi bảy.
danhgia_tts_02.txt,danhgia_tts_02-008,number,6,1587,1588,m Nghị sĩ hữu nghị Việt Nam-Canada vào tháng 6/2026.,sáu.
danhgia_tts_02.txt,danhgia_tts_02-008,number,2026,1589,1593,Nghị sĩ hữu nghị Việt Nam-Canada vào tháng 6/2026.,hai nghìn không trăm hai mươi sáu.
danhgia_tts_02.txt,danhgia_tts_02-009,acronym,AI,723,725,"gần như chấm dứt kiểm soát xuất khẩu đối với AI và bán dẫn, đồng thời chỉ trích các bước đi ",ai.
danhgia_tts_02.txt,danhgia_tts_02-009,acronym,USAID,816,821,"hư hạ thấp vai trò Quad, hủy Aukus, đóng cửa USAID và thu nhỏ cơ quan an ninh mạng. Bà cũng cản",usaid.
danhgia_tts_02.txt,danhgia_tts_02-009,english_or_foreign_word,Anushka,0,7,"Anushka Saxena, chuyên gia về Trung Quốc tại Takshas",anushka.
danhgia_tts_02.txt,danhgia_tts_02-009,english_or_foreign_word,Saxena,8,14,"Anushka Saxena, chuyên gia về Trung Quốc tại Takshashila In",saxena.
danhgia_tts_02.txt,danhgia_tts_02-009,english_or_foreign_word,gia,23,26,"Anushka Saxena, chuyên gia về Trung Quốc tại Takshashila Institution, n",gia.
danhgia_tts_02.txt,danhgia_tts_02-009,english_or_foreign_word,Trung,30,35,"Anushka Saxena, chuyên gia về Trung Quốc tại Takshashila Institution, nhận định ",trung.
danhgia_tts_02.txt,danhgia_tts_02-009,english_or_foreign_word,Takshashila,45,56,"Anushka Saxena, chuyên gia về Trung Quốc tại Takshashila Institution, nhận định rằng khi Tập Cận Bình",takshashila.
danhgia_tts_02.txt,danhgia_tts_02-009,english_or_foreign_word,Institution,57,68,"na, chuyên gia về Trung Quốc tại Takshashila Institution, nhận định rằng khi Tập Cận Bình gặp Donald ",institution.
danhgia_tts_02.txt,danhgia_tts_02-009,english_or_foreign_word,khi,85,88," tại Takshashila Institution, nhận định rằng khi Tập Cận Bình gặp Donald Trump tại Nhà Trắng,",khi.
danhgia_tts_02.txt,danhgia_tts_02-009,english_or_foreign_word,Donald,106,112,"itution, nhận định rằng khi Tập Cận Bình gặp Donald Trump tại Nhà Trắng, vị thế của Trung Quốc t",donald.
danhgia_tts_02.txt,danhgia_tts_02-009,english_or_foreign_word,Trump,113,118,", nhận định rằng khi Tập Cận Bình gặp Donald Trump tại Nhà Trắng, vị thế của Trung Quốc trong đ",trump.
danhgia_tts_02.txt,danhgia_tts_02-009,english_or_foreign_word,Trung,145,150,"h gặp Donald Trump tại Nhà Trắng, vị thế của Trung Quốc trong đàm phán với Hoa Kỳ mạnh hơn bao ",trung.
danhgia_tts_02.txt,danhgia_tts_02-009,english_or_foreign_word,trong,156,161,"d Trump tại Nhà Trắng, vị thế của Trung Quốc trong đàm phán với Hoa Kỳ mạnh hơn bao giờ hết nhờ",trong.
danhgia_tts_02.txt,danhgia_tts_02-009,english_or_foreign_word,Hoa,175,178,"ng, vị thế của Trung Quốc trong đàm phán với Hoa Kỳ mạnh hơn bao giờ hết nhờ kiểm soát chuỗi ",hoa.
danhgia_tts_02.txt,danhgia_tts_02-009,english_or_foreign_word,bao,191,194,rung Quốc trong đàm phán với Hoa Kỳ mạnh hơn bao giờ hết nhờ kiểm soát chuỗi cung ứng then ch,bao.
danhgia_tts_02.txt,danhgia_tts_02-009,english_or_foreign_word,cung,223,227, Kỳ mạnh hơn bao giờ hết nhờ kiểm soát chuỗi cung ứng then chốt và thị trường rộng lớn. Bà cho,cung.
danhgia_tts_02.txt,danhgia_tts_02-009,english_or_foreign_word,then,232,236,hơn bao giờ hết nhờ kiểm soát chuỗi cung ứng then chốt và thị trường rộng lớn. Bà cho rằng nhờ,then.
danhgia_tts_02.txt,danhgia_tts_02-009,english_or_foreign_word,cho,269,272,ung ứng then chốt và thị trường rộng lớn. Bà cho rằng nhờ những đòn bẩy đó cùng các sai lầm c,cho.
danhgia_tts_02.txt,danhgia_tts_02-009,english_or_foreign_word,sai,308,311,"n. Bà cho rằng nhờ những đòn bẩy đó cùng các sai lầm chính sách đối ngoại của Trump, Tập đã g",sai.
danhgia_tts_02.txt,danhgia_tts_02-009,english_or_foreign_word,Trump,341,346,"đó cùng các sai lầm chính sách đối ngoại của Trump, Tập đã giành lợi thế trong cuộc chiến thươn",trump.
danhgia_tts_02.txt,danhgia_tts_02-009,english_or_foreign_word,trong,369,374,"ch đối ngoại của Trump, Tập đã giành lợi thế trong cuộc chiến thương mại và buộc Hoa Kỳ nhượng ",trong.
danhgia_tts_02.txt,danhgia_tts_02-009,english_or_foreign_word,Hoa,405,408," lợi thế trong cuộc chiến thương mại và buộc Hoa Kỳ nhượng bộ nhiều mặt, trong khi các nhượng",hoa.
danhgia_tts_02.txt,danhgia_tts_02-009,english_or_foreign_word,trong,433,438,"ương mại và buộc Hoa Kỳ nhượng bộ nhiều mặt, trong khi các nhượng bộ của Trung Quốc mang tính t",trong.
danhgia_tts_02.txt,danhgia_tts_02-009,english_or_foreign_word,khi,439,442,"ại và buộc Hoa Kỳ nhượng bộ nhiều mặt, trong khi các nhượng bộ của Trung Quốc mang tính tạm t",khi.
danhgia_tts_02.txt,danhgia_tts_02-009,english_or_foreign_word,Trung,461,466,"ng bộ nhiều mặt, trong khi các nhượng bộ của Trung Quốc mang tính tạm thời và dễ đảo ngược. Sax",trung.
danhgia_tts_02.txt,danhgia_tts_02-009,english_or_foreign_word,mang,472,476," mặt, trong khi các nhượng bộ của Trung Quốc mang tính tạm thời và dễ đảo ngược. Saxena nêu cá",mang.
danhgia_tts_02.txt,danhgia_tts_02-009,english_or_foreign_word,Saxena,508,514,ung Quốc mang tính tạm thời và dễ đảo ngược. Saxena nêu các nhượng bộ của Hoa Kỳ mang tính thể c,saxena.
danhgia_tts_02.txt,danhgia_tts_02-009,english_or_foreign_word,Hoa,537,540,"à dễ đảo ngược. Saxena nêu các nhượng bộ của Hoa Kỳ mang tính thể chế và lâu dài, bao gồm giả",hoa.
danhgia_tts_02.txt,danhgia_tts_02-009,english_or_foreign_word,mang,544,548,"o ngược. Saxena nêu các nhượng bộ của Hoa Kỳ mang tính thể chế và lâu dài, bao gồm giảm thuế q",mang.
danhgia_tts_02.txt,danhgia_tts_02-009,english_or_foreign_word,bao,574,577," bộ của Hoa Kỳ mang tính thể chế và lâu dài, bao gồm giảm thuế quan, rút lui khỏi khu vực Ấn ",bao.
danhgia_tts_02.txt,danhgia_tts_02-009,english_or_foreign_word,quan,592,596,"g tính thể chế và lâu dài, bao gồm giảm thuế quan, rút lui khỏi khu vực Ấn Độ Dương - Thái Bìn",quan.
danhgia_tts_02.txt,danhgia_tts_02-009,english_or_foreign_word,lui,602,605," chế và lâu dài, bao gồm giảm thuế quan, rút lui khỏi khu vực Ấn Độ Dương - Thái Bình Dương, ",lui.
danhgia_tts_02.txt,danhgia_tts_02-009,english_or_foreign_word,khu,611,614,"âu dài, bao gồm giảm thuế quan, rút lui khỏi khu vực Ấn Độ Dương - Thái Bình Dương, hạ nhiệt ",khu.
danhgia_tts_02.txt,danhgia_tts_02-009,english_or_foreign_word,Loan,670,674,"Dương - Thái Bình Dương, hạ nhiệt hỗ trợ Đài Loan và gần như chấm dứt kiểm soát xuất khẩu đối ",loan.
danhgia_tts_02.txt,danhgia_tts_02-009,english_or_foreign_word,vai,782,785," đồng thời chỉ trích các bước đi như hạ thấp vai trò Quad, hủy Aukus, đóng cửa USAID và thu n",vai.
danhgia_tts_02.txt,danhgia_tts_02-009,english_or_foreign_word,Quad,790,794,"ời chỉ trích các bước đi như hạ thấp vai trò Quad, hủy Aukus, đóng cửa USAID và thu nhỏ cơ qua",quad.
danhgia_tts_02.txt,danhgia_tts_02-009,english_or_foreign_word,Aukus,800,805,"ch các bước đi như hạ thấp vai trò Quad, hủy Aukus, đóng cửa USAID và thu nhỏ cơ quan an ninh m",aukus.
danhgia_tts_02.txt,danhgia_tts_02-009,english_or_foreign_word,USAID,816,821,"hư hạ thấp vai trò Quad, hủy Aukus, đóng cửa USAID và thu nhỏ cơ quan an ninh mạng. Bà cũng cản",usaid.
danhgia_tts_02.txt,danhgia_tts_02-009,english_or_foreign_word,thu,825,828,"p vai trò Quad, hủy Aukus, đóng cửa USAID và thu nhỏ cơ quan an ninh mạng. Bà cũng cảnh báo r",thu.
danhgia_tts_02.txt,danhgia_tts_02-009,english_or_foreign_word,quan,836,840,"uad, hủy Aukus, đóng cửa USAID và thu nhỏ cơ quan an ninh mạng. Bà cũng cảnh báo rằng việc Tập",quan.
danhgia_tts_02.txt,danhgia_tts_02-009,english_or_foreign_word,ninh,844,848," Aukus, đóng cửa USAID và thu nhỏ cơ quan an ninh mạng. Bà cũng cảnh báo rằng việc Tập sa thải",ninh.
danhgia_tts_02.txt,danhgia_tts_02-009,english_or_foreign_word,Trung,953,958,nh hàng đầu của Quân đội Giải phóng Nhân dân Trung Quốc có thể làm suy yếu lãnh đạo quân sự và ,trung.
danhgia_tts_02.txt,danhgia_tts_02-009,english_or_foreign_word,suy,975,978,ội Giải phóng Nhân dân Trung Quốc có thể làm suy yếu lãnh đạo quân sự và khả năng hiện đại hó,suy.
danhgia_tts_02.txt,danhgia_tts_02-009,english_or_foreign_word,Trump,1040,1045,"n sự và khả năng hiện đại hóa, nhưng chưa rõ Trump có tận dụng được mâu thuẫn nội bộ này hay kh",trump.
danhgia_tts_02.txt,danhgia_tts_02-009,english_or_foreign_word,hay,1084,1087, Trump có tận dụng được mâu thuẫn nội bộ này hay không.,hay.
danhgia_tts_02.txt,danhgia_tts_02-010,english_or_foreign_word,Washington,29,39,"Ngày 24 tháng 9 năm 2026 tại Washington, trong khuôn khổ hội đàm giữa Tổng thống Hoa",washington.
danhgia_tts_02.txt,danhgia_tts_02-010,english_or_foreign_word,trong,41,46,"Ngày 24 tháng 9 năm 2026 tại Washington, trong khuôn khổ hội đàm giữa Tổng thống Hoa Kỳ Don",trong.
danhgia_tts_02.txt,danhgia_tts_02-010,english_or_foreign_word,Hoa,81,84,"ton, trong khuôn khổ hội đàm giữa Tổng thống Hoa Kỳ Donald Trump và Chủ tịch Trung Quốc Tập C",hoa.
danhgia_tts_02.txt,danhgia_tts_02-010,english_or_foreign_word,Donald,88,94,"ong khuôn khổ hội đàm giữa Tổng thống Hoa Kỳ Donald Trump và Chủ tịch Trung Quốc Tập Cận Bình, n",donald.
danhgia_tts_02.txt,danhgia_tts_02-010,english_or_foreign_word,Trump,95,100,"ôn khổ hội đàm giữa Tổng thống Hoa Kỳ Donald Trump và Chủ tịch Trung Quốc Tập Cận Bình, nhiều n",trump.
danhgia_tts_02.txt,danhgia_tts_02-010,english_or_foreign_word,Trung,113,118,"a Tổng thống Hoa Kỳ Donald Trump và Chủ tịch Trung Quốc Tập Cận Bình, nhiều nhóm dân sự và nhà ",trung.
danhgia_tts_02.txt,danhgia_tts_02-010,english_or_foreign_word,quan,221,225,biểu tình gần Nhà Trắng và các địa điểm liên quan. Các nhóm gồm những người lưu vong Trung Quố,quan.
danhgia_tts_02.txt,danhgia_tts_02-010,english_or_foreign_word,vong,256,260,"điểm liên quan. Các nhóm gồm những người lưu vong Trung Quốc, tổ chức Pháp Luân Công và sinh v",vong.
danhgia_tts_02.txt,danhgia_tts_02-010,english_or_foreign_word,Trung,261,266,"liên quan. Các nhóm gồm những người lưu vong Trung Quốc, tổ chức Pháp Luân Công và sinh viên Tâ",trung.
danhgia_tts_02.txt,danhgia_tts_02-010,english_or_foreign_word,sinh,299,303,"u vong Trung Quốc, tổ chức Pháp Luân Công và sinh viên Tây Tạng giương cờ, treo băng rôn và tậ",sinh.
danhgia_tts_02.txt,danhgia_tts_02-010,english_or_foreign_word,treo,329,333,"p Luân Công và sinh viên Tây Tạng giương cờ, treo băng rôn và tập trung ở phía tây Nhà Trắng v",treo.
danhgia_tts_02.txt,danhgia_tts_02-010,english_or_foreign_word,trung,350,355,"iên Tây Tạng giương cờ, treo băng rôn và tập trung ở phía tây Nhà Trắng và gần đại sứ quán Trun",trung.
danhgia_tts_02.txt,danhgia_tts_02-010,english_or_foreign_word,Trung,396,401,rung ở phía tây Nhà Trắng và gần đại sứ quán Trung Quốc. Một số người biểu tình mặc trang phục ,trung.
danhgia_tts_02.txt,danhgia_tts_02-010,english_or_foreign_word,trang,435,440," quán Trung Quốc. Một số người biểu tình mặc trang phục Winnie the Pooh, vẫy cờ Đài Loan, giơ b",trang.
danhgia_tts_02.txt,danhgia_tts_02-010,english_or_foreign_word,Winnie,446,452," Quốc. Một số người biểu tình mặc trang phục Winnie the Pooh, vẫy cờ Đài Loan, giơ biểu ngữ kêu ",winnie.
danhgia_tts_02.txt,danhgia_tts_02-010,english_or_foreign_word,the,453,456,"Một số người biểu tình mặc trang phục Winnie the Pooh, vẫy cờ Đài Loan, giơ biểu ngữ kêu gọi ",the.
danhgia_tts_02.txt,danhgia_tts_02-010,english_or_foreign_word,Pooh,457,461,"số người biểu tình mặc trang phục Winnie the Pooh, vẫy cờ Đài Loan, giơ biểu ngữ kêu gọi tự do",pooh.
danhgia_tts_02.txt,danhgia_tts_02-010,english_or_foreign_word,Loan,474,478,"h mặc trang phục Winnie the Pooh, vẫy cờ Đài Loan, giơ biểu ngữ kêu gọi tự do tôn giáo và chấm",loan.
danhgia_tts_02.txt,danhgia_tts_02-010,english_or_foreign_word,trong,556,561,"giáo và chấm dứt những gì họ gọi là độc tài, trong khi một số mặc áo trắng ghi ""Chấm dứt Đảng C",trong.
danhgia_tts_02.txt,danhgia_tts_02-010,english_or_foreign_word,khi,562,565,"à chấm dứt những gì họ gọi là độc tài, trong khi một số mặc áo trắng ghi ""Chấm dứt Đảng Cộng ",khi.
danhgia_tts_02.txt,danhgia_tts_02-010,english_or_foreign_word,ghi,586,589,"ọi là độc tài, trong khi một số mặc áo trắng ghi ""Chấm dứt Đảng Cộng sản Trung Quốc"" và treo ",ghi.
danhgia_tts_02.txt,danhgia_tts_02-010,english_or_foreign_word,Trung,614,619," số mặc áo trắng ghi ""Chấm dứt Đảng Cộng sản Trung Quốc"" và treo băng rôn cáo buộc các tội ác c",trung.
danhgia_tts_02.txt,danhgia_tts_02-010,english_or_foreign_word,treo,629,633,"g ghi ""Chấm dứt Đảng Cộng sản Trung Quốc"" và treo băng rôn cáo buộc các tội ác chống nhân loại",treo.
danhgia_tts_02.txt,danhgia_tts_02-010,english_or_foreign_word,Waldorf,753,760,"g hộ Tập Cận Bình tụ tập bên ngoài khách sạn Waldorf Astoria, nơi ông lưu trú, vẫy cờ Trung Quốc ",waldorf.
danhgia_tts_02.txt,danhgia_tts_02-010,english_or_foreign_word,Astoria,761,768," Cận Bình tụ tập bên ngoài khách sạn Waldorf Astoria, nơi ông lưu trú, vẫy cờ Trung Quốc và Mỹ và",astoria.
danhgia_tts_02.txt,danhgia_tts_02-010,english_or_foreign_word,Trung,794,799,"sạn Waldorf Astoria, nơi ông lưu trú, vẫy cờ Trung Quốc và Mỹ và hô khẩu hiệu chào mừng. Nhà ho",trung.
danhgia_tts_02.txt,danhgia_tts_02-010,english_or_foreign_word,Trung,869,874,"ệu chào mừng. Nhà hoạt động Vương Đan, người Trung Quốc, cho rằng hội đàm khó mang lại kết quả ",trung.
danhgia_tts_02.txt,danhgia_tts_02-010,english_or_foreign_word,cho,881,884,". Nhà hoạt động Vương Đan, người Trung Quốc, cho rằng hội đàm khó mang lại kết quả thực chất ",cho.
danhgia_tts_02.txt,danhgia_tts_02-010,english_or_foreign_word,mang,902,906," Đan, người Trung Quốc, cho rằng hội đàm khó mang lại kết quả thực chất và nhấn mạnh cần tôn t",mang.
danhgia_tts_02.txt,danhgia_tts_02-010,english_or_foreign_word,Loan,988,992,"ần tôn trọng ý nguyện của 23 triệu người Đài Loan, đồng thời kêu gọi Đài Loan tăng cường phòng",loan.
danhgia_tts_02.txt,danhgia_tts_02-010,english_or_foreign_word,Loan,1016,1020," triệu người Đài Loan, đồng thời kêu gọi Đài Loan tăng cường phòng bị vì Đảng Cộng sản Trung Q",loan.
danhgia_tts_02.txt,danhgia_tts_02-010,english_or_foreign_word,Trung,1058,1063,ài Loan tăng cường phòng bị vì Đảng Cộng sản Trung Quốc có thể áp đặt ý chí lên Đài Loan. Maya ,trung.
danhgia_tts_02.txt,danhgia_tts_02-010,english_or_foreign_word,Loan,1097,1101,"g sản Trung Quốc có thể áp đặt ý chí lên Đài Loan. Maya Wang, Phó Giám đốc khu vực châu Á của ",loan.
danhgia_tts_02.txt,danhgia_tts_02-010,english_or_foreign_word,Maya,1103,1107,"Trung Quốc có thể áp đặt ý chí lên Đài Loan. Maya Wang, Phó Giám đốc khu vực châu Á của Human ",maya.
danhgia_tts_02.txt,danhgia_tts_02-010,english_or_foreign_word,Wang,1108,1112," Quốc có thể áp đặt ý chí lên Đài Loan. Maya Wang, Phó Giám đốc khu vực châu Á của Human Right",wang.
danhgia_tts_02.txt,danhgia_tts_02-010,english_or_foreign_word,khu,1127,1130," ý chí lên Đài Loan. Maya Wang, Phó Giám đốc khu vực châu Á của Human Rights Watch, cho biết ",khu.
danhgia_tts_02.txt,danhgia_tts_02-010,english_or_foreign_word,Human,1146,1151,". Maya Wang, Phó Giám đốc khu vực châu Á của Human Rights Watch, cho biết tổ chức này có kỳ vọn",human.
danhgia_tts_02.txt,danhgia_tts_02-010,english_or_foreign_word,Rights,1152,1158," Wang, Phó Giám đốc khu vực châu Á của Human Rights Watch, cho biết tổ chức này có kỳ vọng thấp ",rights.
danhgia_tts_02.txt,danhgia_tts_02-010,english_or_foreign_word,Watch,1159,1164,"Phó Giám đốc khu vực châu Á của Human Rights Watch, cho biết tổ chức này có kỳ vọng thấp về kết",watch.
danhgia_tts_02.txt,danhgia_tts_02-010,english_or_foreign_word,cho,1166,1169,"m đốc khu vực châu Á của Human Rights Watch, cho biết tổ chức này có kỳ vọng thấp về kết quả ",cho.
danhgia_tts_02.txt,danhgia_tts_02-010,english_or_foreign_word,Donald,1242,1248, thấp về kết quả cuộc gặp giữa Tổng thống Mỹ Donald Trump và Tập Cận Bình vì nhân quyền khó sẽ n,donald.
danhgia_tts_02.txt,danhgia_tts_02-010,english_or_foreign_word,Trump,1249,1254,ề kết quả cuộc gặp giữa Tổng thống Mỹ Donald Trump và Tập Cận Bình vì nhân quyền khó sẽ nằm tro,trump.
danhgia_tts_02.txt,danhgia_tts_02-010,english_or_foreign_word,trong,1296,1301,ump và Tập Cận Bình vì nhân quyền khó sẽ nằm trong chương trình nghị sự.,trong.
danhgia_tts_02.txt,danhgia_tts_02-010,number,24,5,7,"Ngày 24 tháng 9 năm 2026 tại Washington, trong khuôn",hai mươi bốn.
danhgia_tts_02.txt,danhgia_tts_02-010,number,9,14,15,"Ngày 24 tháng 9 năm 2026 tại Washington, trong khuôn khổ hội",chín.
danhgia_tts_02.txt,danhgia_tts_02-010,number,2026,20,24,"Ngày 24 tháng 9 năm 2026 tại Washington, trong khuôn khổ hội đàm giữa",hai nghìn không trăm hai mươi sáu.
danhgia_tts_02.txt,danhgia_tts_02-010,number,200,696,699, các tội ác chống nhân loại của Đảng. Khoảng 200 người ủng hộ Tập Cận Bình tụ tập bên ngoài k,hai trăm.
danhgia_tts_02.txt,danhgia_tts_02-010,number,23,969,971,"chất và nhấn mạnh cần tôn trọng ý nguyện của 23 triệu người Đài Loan, đồng thời kêu gọi Đài ",hai mươi ba.
danhgia_tts_02.txt,danhgia_tts_02-011,currency,$894,714,718, sạc ngược. Giá khởi điểm 5.999 nhân dân tệ ($894) cho 18 Pro và 6.999 nhân dân tệ ($1.043) ch,tám trăm chín mươi bốn <en>u s d</en>.
danhgia_tts_02.txt,danhgia_tts_02-011,currency,$1.043,753,759,n tệ ($894) cho 18 Pro và 6.999 nhân dân tệ ($1.043) cho 18 Pro Max; Xiaomi dự kiến ra mắt toàn ,một nghìn không trăm bốn mươi ba <en>u s d</en>.
danhgia_tts_02.txt,danhgia_tts_02-011,measurement,120Hz,469,474,"n hình chính là LTPO AMOLED 2K, biến thiên 1-120Hz, độ sáng đỉnh 4.000 nits; 18 Pro có màn 6,4 ",một trăm hai mươi héc.
danhgia_tts_02.txt,danhgia_tts_02-011,measurement,4.000 nits,489,499," AMOLED 2K, biến thiên 1-120Hz, độ sáng đỉnh 4.000 nits; 18 Pro có màn 6,4 inch, 18 Pro Max 6,9 inch",bốn nghìn nits.
danhgia_tts_02.txt,danhgia_tts_02-011,measurement,"6,4 inch",515,523,"20Hz, độ sáng đỉnh 4.000 nits; 18 Pro có màn 6,4 inch, 18 Pro Max 6,9 inch, kèm màn hình phụ phía ",sáu phẩy bốn inch.
danhgia_tts_02.txt,danhgia_tts_02-011,measurement,"6,9 inch",536,544,"000 nits; 18 Pro có màn 6,4 inch, 18 Pro Max 6,9 inch, kèm màn hình phụ phía sau, cụm camera 200MP",sáu phẩy chín inch.
danhgia_tts_02.txt,danhgia_tts_02-011,measurement,200MP,584,589," inch, kèm màn hình phụ phía sau, cụm camera 200MP + 200MP + 50MP, pin 7.000mAh và 8.500mAh, sạ",hai trăm mp.
danhgia_tts_02.txt,danhgia_tts_02-011,measurement,200MP,592,597,"èm màn hình phụ phía sau, cụm camera 200MP + 200MP + 50MP, pin 7.000mAh và 8.500mAh, sạc 100W c",hai trăm mp.
danhgia_tts_02.txt,danhgia_tts_02-011,measurement,50MP,600,604,"ình phụ phía sau, cụm camera 200MP + 200MP + 50MP, pin 7.000mAh và 8.500mAh, sạc 100W có dây, ",năm mươi mp.
danhgia_tts_02.txt,danhgia_tts_02-011,measurement,7.000mAh,610,618,"ía sau, cụm camera 200MP + 200MP + 50MP, pin 7.000mAh và 8.500mAh, sạc 100W có dây, 50W không dây ",bảy nghìn mi li am pe giờ.
danhgia_tts_02.txt,danhgia_tts_02-011,measurement,8.500mAh,622,630,"camera 200MP + 200MP + 50MP, pin 7.000mAh và 8.500mAh, sạc 100W có dây, 50W không dây và 27W sạc n",tám nghìn năm trăm mi li am pe giờ.
danhgia_tts_02.txt,danhgia_tts_02-011,measurement,100W,636,640," 200MP + 50MP, pin 7.000mAh và 8.500mAh, sạc 100W có dây, 50W không dây và 27W sạc ngược. Giá ",một trăm oát.
danhgia_tts_02.txt,danhgia_tts_02-011,measurement,50W,649,652,", pin 7.000mAh và 8.500mAh, sạc 100W có dây, 50W không dây và 27W sạc ngược. Giá khởi điểm 5.",năm mươi oát.
danhgia_tts_02.txt,danhgia_tts_02-011,measurement,27W,666,669," 8.500mAh, sạc 100W có dây, 50W không dây và 27W sạc ngược. Giá khởi điểm 5.999 nhân dân tệ (",hai mươi bảy oát.
danhgia_tts_02.txt,danhgia_tts_02-011,hyphen_expression,1-120Hz,467,474,"Màn hình chính là LTPO AMOLED 2K, biến thiên 1-120Hz, độ sáng đỉnh 4.000 nits; 18 Pro có màn 6,4 ",một một trăm hai mươi héc.
danhgia_tts_02.txt,danhgia_tts_02-011,decimal,4.000,489,494," AMOLED 2K, biến thiên 1-120Hz, độ sáng đỉnh 4.000 nits; 18 Pro có màn 6,4 inch, 18 Pro Max 6,9",bốn nghìn.
danhgia_tts_02.txt,danhgia_tts_02-011,decimal,"6,4",515,518,"20Hz, độ sáng đỉnh 4.000 nits; 18 Pro có màn 6,4 inch, 18 Pro Max 6,9 inch, kèm màn hình phụ ",sáu phẩy bốn.
danhgia_tts_02.txt,danhgia_tts_02-011,decimal,"6,9",536,539,"000 nits; 18 Pro có màn 6,4 inch, 18 Pro Max 6,9 inch, kèm màn hình phụ phía sau, cụm camera ",sáu phẩy chín.
danhgia_tts_02.txt,danhgia_tts_02-011,decimal,5.999,695,700,0W không dây và 27W sạc ngược. Giá khởi điểm 5.999 nhân dân tệ ($894) cho 18 Pro và 6.999 nhân ,năm nghìn chín trăm chín mươi chín.
danhgia_tts_02.txt,danhgia_tts_02-011,decimal,6.999,734,739, điểm 5.999 nhân dân tệ ($894) cho 18 Pro và 6.999 nhân dân tệ ($1.043) cho 18 Pro Max; Xiaomi ,sáu nghìn chín trăm chín mươi chín.
danhgia_tts_02.txt,danhgia_tts_02-011,decimal,1.043,754,759, tệ ($894) cho 18 Pro và 6.999 nhân dân tệ ($1.043) cho 18 Pro Max; Xiaomi dự kiến ra mắt toàn ,một nghìn không trăm bốn mươi ba.
danhgia_tts_02.txt,danhgia_tts_02-011,acronym,LTPO,440,444,"ười nhìn qua camera trước. Màn hình chính là LTPO AMOLED 2K, biến thiên 1-120Hz, độ sáng đỉnh ",ltpo.
danhgia_tts_02.txt,danhgia_tts_02-011,acronym,AMOLED,445,451,"hìn qua camera trước. Màn hình chính là LTPO AMOLED 2K, biến thiên 1-120Hz, độ sáng đỉnh 4.000 n",amoled.
danhgia_tts_02.txt,danhgia_tts_02-011,english_or_foreign_word,Xiaomi,0,6,Xiaomi đã giới thiệu dòng điện thoại Pro 18 tại Sna,xiaomi.
danhgia_tts_02.txt,danhgia_tts_02-011,english_or_foreign_word,Pro,37,40,"Xiaomi đã giới thiệu dòng điện thoại Pro 18 tại Snapdragon Summit ở Hawaii, trong đó ",pro.
danhgia_tts_02.txt,danhgia_tts_02-011,english_or_foreign_word,Snapdragon,48,58,"omi đã giới thiệu dòng điện thoại Pro 18 tại Snapdragon Summit ở Hawaii, trong đó 18 Pro Max chạy ph",snapdragon.
danhgia_tts_02.txt,danhgia_tts_02-011,english_or_foreign_word,Summit,59,65," thiệu dòng điện thoại Pro 18 tại Snapdragon Summit ở Hawaii, trong đó 18 Pro Max chạy phiên bản",summit.
danhgia_tts_02.txt,danhgia_tts_02-011,english_or_foreign_word,Hawaii,68,74,"ng điện thoại Pro 18 tại Snapdragon Summit ở Hawaii, trong đó 18 Pro Max chạy phiên bản cao cấp ",hawaii.
danhgia_tts_02.txt,danhgia_tts_02-011,english_or_foreign_word,trong,76,81,"thoại Pro 18 tại Snapdragon Summit ở Hawaii, trong đó 18 Pro Max chạy phiên bản cao cấp hơn của",trong.
danhgia_tts_02.txt,danhgia_tts_02-011,english_or_foreign_word,Pro,88,91," tại Snapdragon Summit ở Hawaii, trong đó 18 Pro Max chạy phiên bản cao cấp hơn của chip Qual",pro.
danhgia_tts_02.txt,danhgia_tts_02-011,english_or_foreign_word,Max,92,95," Snapdragon Summit ở Hawaii, trong đó 18 Pro Max chạy phiên bản cao cấp hơn của chip Qualcomm",max.
danhgia_tts_02.txt,danhgia_tts_02-011,english_or_foreign_word,cao,111,114,"ở Hawaii, trong đó 18 Pro Max chạy phiên bản cao cấp hơn của chip Qualcomm Snapdragon 8 Elite",cao.
danhgia_tts_02.txt,danhgia_tts_02-011,english_or_foreign_word,chip,127,131,đó 18 Pro Max chạy phiên bản cao cấp hơn của chip Qualcomm Snapdragon 8 Elite Gen 6. Điểm nổi ,chip.
danhgia_tts_02.txt,danhgia_tts_02-011,english_or_foreign_word,Qualcomm,132,140, Pro Max chạy phiên bản cao cấp hơn của chip Qualcomm Snapdragon 8 Elite Gen 6. Điểm nổi bật là mà,qualcomm.
danhgia_tts_02.txt,danhgia_tts_02-011,english_or_foreign_word,Snapdragon,141,151,chạy phiên bản cao cấp hơn của chip Qualcomm Snapdragon 8 Elite Gen 6. Điểm nổi bật là màn hình tập ,snapdragon.
danhgia_tts_02.txt,danhgia_tts_02-011,english_or_foreign_word,Elite,154,159,n cao cấp hơn của chip Qualcomm Snapdragon 8 Elite Gen 6. Điểm nổi bật là màn hình tập trung và,elite.
danhgia_tts_02.txt,danhgia_tts_02-011,english_or_foreign_word,Gen,160,163,cấp hơn của chip Qualcomm Snapdragon 8 Elite Gen 6. Điểm nổi bật là màn hình tập trung vào qu,gen.
danhgia_tts_02.txt,danhgia_tts_02-011,english_or_foreign_word,trung,196,201," 8 Elite Gen 6. Điểm nổi bật là màn hình tập trung vào quyền riêng tư, tương tự công nghệ của S",trung.
danhgia_tts_02.txt,danhgia_tts_02-011,english_or_foreign_word,Samsung,245,252,"g vào quyền riêng tư, tương tự công nghệ của Samsung, cho phép bật theo ứng dụng, chặn thông báo,",samsung.
danhgia_tts_02.txt,danhgia_tts_02-011,english_or_foreign_word,cho,254,257,"ền riêng tư, tương tự công nghệ của Samsung, cho phép bật theo ứng dụng, chặn thông báo, chế ",cho.
danhgia_tts_02.txt,danhgia_tts_02-011,english_or_foreign_word,theo,267,271,"tương tự công nghệ của Samsung, cho phép bật theo ứng dụng, chặn thông báo, chế độ chia màn hì",theo.
danhgia_tts_02.txt,danhgia_tts_02-011,english_or_foreign_word,chia,305,309,"ép bật theo ứng dụng, chặn thông báo, chế độ chia màn hình và cửa sổ nổi khi nhìn từ góc xiên,",chia.
danhgia_tts_02.txt,danhgia_tts_02-011,english_or_foreign_word,khi,333,336,"hông báo, chế độ chia màn hình và cửa sổ nổi khi nhìn từ góc xiên, có kích hoạt theo vị trí v",khi.
danhgia_tts_02.txt,danhgia_tts_02-011,english_or_foreign_word,theo,368,372,"ửa sổ nổi khi nhìn từ góc xiên, có kích hoạt theo vị trí và phát hiện người nhìn qua camera tr",theo.
danhgia_tts_02.txt,danhgia_tts_02-011,english_or_foreign_word,qua,404,407,ích hoạt theo vị trí và phát hiện người nhìn qua camera trước. Màn hình chính là LTPO AMOLED ,qua.
danhgia_tts_02.txt,danhgia_tts_02-011,english_or_foreign_word,camera,408,414,"hoạt theo vị trí và phát hiện người nhìn qua camera trước. Màn hình chính là LTPO AMOLED 2K, biế",camera.
danhgia_tts_02.txt,danhgia_tts_02-011,english_or_foreign_word,LTPO,440,444,"ười nhìn qua camera trước. Màn hình chính là LTPO AMOLED 2K, biến thiên 1-120Hz, độ sáng đỉnh ",ltpo.
danhgia_tts_02.txt,danhgia_tts_02-011,english_or_foreign_word,AMOLED,445,451,"hìn qua camera trước. Màn hình chính là LTPO AMOLED 2K, biến thiên 1-120Hz, độ sáng đỉnh 4.000 n",amoled.
danhgia_tts_02.txt,danhgia_tts_02-011,english_or_foreign_word,nits,495,499,"D 2K, biến thiên 1-120Hz, độ sáng đỉnh 4.000 nits; 18 Pro có màn 6,4 inch, 18 Pro Max 6,9 inch",nits.
danhgia_tts_02.txt,danhgia_tts_02-011,english_or_foreign_word,Pro,504,507,"n thiên 1-120Hz, độ sáng đỉnh 4.000 nits; 18 Pro có màn 6,4 inch, 18 Pro Max 6,9 inch, kèm mà",pro.
danhgia_tts_02.txt,danhgia_tts_02-011,english_or_foreign_word,inch,519,523,", độ sáng đỉnh 4.000 nits; 18 Pro có màn 6,4 inch, 18 Pro Max 6,9 inch, kèm màn hình phụ phía ",inch.
danhgia_tts_02.txt,danhgia_tts_02-011,english_or_foreign_word,Pro,528,531," đỉnh 4.000 nits; 18 Pro có màn 6,4 inch, 18 Pro Max 6,9 inch, kèm màn hình phụ phía sau, cụm",pro.
danhgia_tts_02.txt,danhgia_tts_02-011,english_or_foreign_word,Max,532,535,"h 4.000 nits; 18 Pro có màn 6,4 inch, 18 Pro Max 6,9 inch, kèm màn hình phụ phía sau, cụm cam",max.
danhgia_tts_02.txt,danhgia_tts_02-011,english_or_foreign_word,inch,540,544,"nits; 18 Pro có màn 6,4 inch, 18 Pro Max 6,9 inch, kèm màn hình phụ phía sau, cụm camera 200MP",inch.
danhgia_tts_02.txt,danhgia_tts_02-011,english_or_foreign_word,sau,568,571,", 18 Pro Max 6,9 inch, kèm màn hình phụ phía sau, cụm camera 200MP + 200MP + 50MP, pin 7.000m",sau.
danhgia_tts_02.txt,danhgia_tts_02-011,english_or_foreign_word,camera,577,583,"Max 6,9 inch, kèm màn hình phụ phía sau, cụm camera 200MP + 200MP + 50MP, pin 7.000mAh và 8.500m",camera.
danhgia_tts_02.txt,danhgia_tts_02-011,english_or_foreign_word,pin,606,609,"ụ phía sau, cụm camera 200MP + 200MP + 50MP, pin 7.000mAh và 8.500mAh, sạc 100W có dây, 50W k",pin.
danhgia_tts_02.txt,danhgia_tts_02-011,english_or_foreign_word,cho,720,723,gược. Giá khởi điểm 5.999 nhân dân tệ ($894) cho 18 Pro và 6.999 nhân dân tệ ($1.043) cho 18 ,cho.
danhgia_tts_02.txt,danhgia_tts_02-011,english_or_foreign_word,Pro,727,730,iá khởi điểm 5.999 nhân dân tệ ($894) cho 18 Pro và 6.999 nhân dân tệ ($1.043) cho 18 Pro Max,pro.
danhgia_tts_02.txt,danhgia_tts_02-011,english_or_foreign_word,cho,761,764,94) cho 18 Pro và 6.999 nhân dân tệ ($1.043) cho 18 Pro Max; Xiaomi dự kiến ra mắt toàn cầu v,cho.
danhgia_tts_02.txt,danhgia_tts_02-011,english_or_foreign_word,Pro,768,771, 18 Pro và 6.999 nhân dân tệ ($1.043) cho 18 Pro Max; Xiaomi dự kiến ra mắt toàn cầu vào cuối,pro.
danhgia_tts_02.txt,danhgia_tts_02-011,english_or_foreign_word,Max,772,775,Pro và 6.999 nhân dân tệ ($1.043) cho 18 Pro Max; Xiaomi dự kiến ra mắt toàn cầu vào cuối năm,max.
danhgia_tts_02.txt,danhgia_tts_02-011,english_or_foreign_word,Xiaomi,777,783,à 6.999 nhân dân tệ ($1.043) cho 18 Pro Max; Xiaomi dự kiến ra mắt toàn cầu vào cuối năm nay.,xiaomi.
danhgia_tts_02.txt,danhgia_tts_02-011,english_or_foreign_word,nay,821,824, Xiaomi dự kiến ra mắt toàn cầu vào cuối năm nay.,nay.
danhgia_tts_02.txt,danhgia_tts_02-011,number,18,41,43,"Xiaomi đã giới thiệu dòng điện thoại Pro 18 tại Snapdragon Summit ở Hawaii, trong đó 18 ",mười tám.
danhgia_tts_02.txt,danhgia_tts_02-011,number,18,85,87," 18 tại Snapdragon Summit ở Hawaii, trong đó 18 Pro Max chạy phiên bản cao cấp hơn của chip ",mười tám.
danhgia_tts_02.txt,danhgia_tts_02-011,number,8,152,153,bản cao cấp hơn của chip Qualcomm Snapdragon 8 Elite Gen 6. Điểm nổi bật là màn hình tập tr,tám.
danhgia_tts_02.txt,danhgia_tts_02-011,number,6,164,165,hơn của chip Qualcomm Snapdragon 8 Elite Gen 6. Điểm nổi bật là màn hình tập trung vào quyề,sáu.
danhgia_tts_02.txt,danhgia_tts_02-011,number,1,467,468,"Màn hình chính là LTPO AMOLED 2K, biến thiên 1-120Hz, độ sáng đỉnh 4.000 nits; 18 Pro có mà",một.
danhgia_tts_02.txt,danhgia_tts_02-011,number,4.000,489,494," AMOLED 2K, biến thiên 1-120Hz, độ sáng đỉnh 4.000 nits; 18 Pro có màn 6,4 inch, 18 Pro Max 6,9",bốn nghìn.
danhgia_tts_02.txt,danhgia_tts_02-011,number,18,501,503,"biến thiên 1-120Hz, độ sáng đỉnh 4.000 nits; 18 Pro có màn 6,4 inch, 18 Pro Max 6,9 inch, kè",mười tám.
danhgia_tts_02.txt,danhgia_tts_02-011,number,"6,4",515,518,"20Hz, độ sáng đỉnh 4.000 nits; 18 Pro có màn 6,4 inch, 18 Pro Max 6,9 inch, kèm màn hình phụ ",sáu phẩy bốn.
danhgia_tts_02.txt,danhgia_tts_02-011,number,18,525,527,"áng đỉnh 4.000 nits; 18 Pro có màn 6,4 inch, 18 Pro Max 6,9 inch, kèm màn hình phụ phía sau,",mười tám.
danhgia_tts_02.txt,danhgia_tts_02-011,number,"6,9",536,539,"000 nits; 18 Pro có màn 6,4 inch, 18 Pro Max 6,9 inch, kèm màn hình phụ phía sau, cụm camera ",sáu phẩy chín.
danhgia_tts_02.txt,danhgia_tts_02-011,number,7,610,611,"ía sau, cụm camera 200MP + 200MP + 50MP, pin 7.000mAh và 8.500mAh, sạc 100W có dây, 50W khô",bảy.
danhgia_tts_02.txt,danhgia_tts_02-011,number,8,622,623,"camera 200MP + 200MP + 50MP, pin 7.000mAh và 8.500mAh, sạc 100W có dây, 50W không dây và 27",tám.
danhgia_tts_02.txt,danhgia_tts_02-011,number,5.999,695,700,0W không dây và 27W sạc ngược. Giá khởi điểm 5.999 nhân dân tệ ($894) cho 18 Pro và 6.999 nhân ,năm nghìn chín trăm chín mươi chín.
danhgia_tts_02.txt,danhgia_tts_02-011,number,894,715,718,sạc ngược. Giá khởi điểm 5.999 nhân dân tệ ($894) cho 18 Pro và 6.999 nhân dân tệ ($1.043) ch,tám trăm chín mươi bốn.
danhgia_tts_02.txt,danhgia_tts_02-011,number,18,724,726,. Giá khởi điểm 5.999 nhân dân tệ ($894) cho 18 Pro và 6.999 nhân dân tệ ($1.043) cho 18 Pro,mười tám.
danhgia_tts_02.txt,danhgia_tts_02-011,number,6.999,734,739, điểm 5.999 nhân dân tệ ($894) cho 18 Pro và 6.999 nhân dân tệ ($1.043) cho 18 Pro Max; Xiaomi ,sáu nghìn chín trăm chín mươi chín.
danhgia_tts_02.txt,danhgia_tts_02-011,number,1.043,754,759, tệ ($894) cho 18 Pro và 6.999 nhân dân tệ ($1.043) cho 18 Pro Max; Xiaomi dự kiến ra mắt toàn ,một nghìn không trăm bốn mươi ba.
danhgia_tts_02.txt,danhgia_tts_02-011,number,18,765,767,cho 18 Pro và 6.999 nhân dân tệ ($1.043) cho 18 Pro Max; Xiaomi dự kiến ra mắt toàn cầu vào ,mười tám.
danhgia_tts_02.txt,danhgia_tts_02-012,english_or_foreign_word,Ninh,9,13,"Vương Hỗ Ninh, Ủy viên Bộ Chính trị Ban Chấp hành Trung ươ",ninh.
danhgia_tts_02.txt,danhgia_tts_02-012,english_or_foreign_word,Ban,36,39,"Vương Hỗ Ninh, Ủy viên Bộ Chính trị Ban Chấp hành Trung ương Đảng Cộng sản Trung Quố",ban.
danhgia_tts_02.txt,danhgia_tts_02-012,english_or_foreign_word,Trung,50,55," Hỗ Ninh, Ủy viên Bộ Chính trị Ban Chấp hành Trung ương Đảng Cộng sản Trung Quốc và Chủ tịch Ủy",trung.
danhgia_tts_02.txt,danhgia_tts_02-012,english_or_foreign_word,Trung,75,80,h trị Ban Chấp hành Trung ương Đảng Cộng sản Trung Quốc và Chủ tịch Ủy ban Toàn quốc Hội nghị H,trung.
danhgia_tts_02.txt,danhgia_tts_02-012,english_or_foreign_word,ban,101,104,ương Đảng Cộng sản Trung Quốc và Chủ tịch Ủy ban Toàn quốc Hội nghị Hiệp thương Chính trị Nhâ,ban.
danhgia_tts_02.txt,danhgia_tts_02-012,english_or_foreign_word,Trung,155,160,"quốc Hội nghị Hiệp thương Chính trị Nhân dân Trung Quốc, chủ trì và phát biểu tại cuộc họp Hội ",trung.
danhgia_tts_02.txt,danhgia_tts_02-012,english_or_foreign_word,ban,237,240,cuộc họp Hội đồng Chủ tịch lần thứ 56 của Ủy ban Toàn quốc Hội nghị Hiệp thương Chính trị Nhâ,ban.
danhgia_tts_02.txt,danhgia_tts_02-012,english_or_foreign_word,Trung,291,296,quốc Hội nghị Hiệp thương Chính trị Nhân dân Trung Quốc khóa 14 ở Bắc Kinh ngày 24 tháng 9 năm ,trung.
danhgia_tts_02.txt,danhgia_tts_02-012,english_or_foreign_word,Kinh,316,320, Chính trị Nhân dân Trung Quốc khóa 14 ở Bắc Kinh ngày 24 tháng 9 năm 2026. Ông kêu gọi các ủy,kinh.
danhgia_tts_02.txt,danhgia_tts_02-012,english_or_foreign_word,huy,401,404,ọi các ủy viên thực hiện trách nhiệm và phát huy vai trò theo các nhiệm vụ trung tâm của Đảng,huy.
danhgia_tts_02.txt,danhgia_tts_02-012,english_or_foreign_word,vai,405,408,ác ủy viên thực hiện trách nhiệm và phát huy vai trò theo các nhiệm vụ trung tâm của Đảng và ,vai.
danhgia_tts_02.txt,danhgia_tts_02-012,english_or_foreign_word,theo,413,417,"ên thực hiện trách nhiệm và phát huy vai trò theo các nhiệm vụ trung tâm của Đảng và nhà nước,",theo.
danhgia_tts_02.txt,danhgia_tts_02-012,english_or_foreign_word,trung,431,436," nhiệm và phát huy vai trò theo các nhiệm vụ trung tâm của Đảng và nhà nước, tư vấn về mở rộng ",trung.
danhgia_tts_02.txt,danhgia_tts_02-012,english_or_foreign_word,cao,520,523," rộng và tăng cường sản xuất tiên tiến, nâng cao tự chủ chuỗi công nghiệp và phát triển cụm s",cao.
danhgia_tts_02.txt,danhgia_tts_02-012,english_or_foreign_word,khoa,786,790,"ng và thúc đẩy phát triển tích hợp giáo dục, khoa học công nghệ và nhân tài. Cuộc họp đã xem x",khoa.
danhgia_tts_02.txt,danhgia_tts_02-012,english_or_foreign_word,xem,830,833, khoa học công nghệ và nhân tài. Cuộc họp đã xem xét và thông qua dự thảo chương trình và thờ,xem.
danhgia_tts_02.txt,danhgia_tts_02-012,english_or_foreign_word,qua,847,850,hệ và nhân tài. Cuộc họp đã xem xét và thông qua dự thảo chương trình và thời gian cho kỳ họp,qua.
danhgia_tts_02.txt,danhgia_tts_02-012,english_or_foreign_word,gian,880,884,ét và thông qua dự thảo chương trình và thời gian cho kỳ họp thứ 19 của Ủy ban Thường vụ Ủy ba,gian.
danhgia_tts_02.txt,danhgia_tts_02-012,english_or_foreign_word,cho,885,888, thông qua dự thảo chương trình và thời gian cho kỳ họp thứ 19 của Ủy ban Thường vụ Ủy ban To,cho.
danhgia_tts_02.txt,danhgia_tts_02-012,english_or_foreign_word,ban,910,913," trình và thời gian cho kỳ họp thứ 19 của Ủy ban Thường vụ Ủy ban Toàn quốc khóa 14, dự kiến ",ban.
danhgia_tts_02.txt,danhgia_tts_02-012,english_or_foreign_word,ban,927,930,"an cho kỳ họp thứ 19 của Ủy ban Thường vụ Ủy ban Toàn quốc khóa 14, dự kiến tổ chức vào đầu t",ban.
danhgia_tts_02.txt,danhgia_tts_02-012,number,56,227,229, biểu tại cuộc họp Hội đồng Chủ tịch lần thứ 56 của Ủy ban Toàn quốc Hội nghị Hiệp thương Ch,năm mươi sáu.
danhgia_tts_02.txt,danhgia_tts_02-012,number,14,307,309,ệp thương Chính trị Nhân dân Trung Quốc khóa 14 ở Bắc Kinh ngày 24 tháng 9 năm 2026. Ông kêu,mười bốn.
danhgia_tts_02.txt,danhgia_tts_02-012,number,24,326,328, Nhân dân Trung Quốc khóa 14 ở Bắc Kinh ngày 24 tháng 9 năm 2026. Ông kêu gọi các ủy viên th,hai mươi bốn.
danhgia_tts_02.txt,danhgia_tts_02-012,number,9,335,336, Trung Quốc khóa 14 ở Bắc Kinh ngày 24 tháng 9 năm 2026. Ông kêu gọi các ủy viên thực hiện ,chín.
danhgia_tts_02.txt,danhgia_tts_02-012,number,2026,341,345, Quốc khóa 14 ở Bắc Kinh ngày 24 tháng 9 năm 2026. Ông kêu gọi các ủy viên thực hiện trách nhi,hai nghìn không trăm hai mươi sáu.
danhgia_tts_02.txt,danhgia_tts_02-012,number,19,900,902,hảo chương trình và thời gian cho kỳ họp thứ 19 của Ủy ban Thường vụ Ủy ban Toàn quốc khóa 1,mười chín.
danhgia_tts_02.txt,danhgia_tts_02-012,number,14,946,948,"9 của Ủy ban Thường vụ Ủy ban Toàn quốc khóa 14, dự kiến tổ chức vào đầu tháng 11.",mười bốn.
danhgia_tts_02.txt,danhgia_tts_02-012,number,11,980,982," quốc khóa 14, dự kiến tổ chức vào đầu tháng 11.",mười một.
danhgia_tts_02.txt,danhgia_tts_02-013,date,25/9,336,340,"4 đợt trong năm 2026, với các ngày cụ thể là 25/9, 16/10, 16/11 và 16/12. Mức trợ cấp bổ sung ",hai mươi lăm trên chín.
danhgia_tts_02.txt,danhgia_tts_02-013,date,16/10,342,347,"trong năm 2026, với các ngày cụ thể là 25/9, 16/10, 16/11 và 16/12. Mức trợ cấp bổ sung là 60.0",mười sáu trên mười.
danhgia_tts_02.txt,danhgia_tts_02-013,date,16/11,349,354,"ăm 2026, với các ngày cụ thể là 25/9, 16/10, 16/11 và 16/12. Mức trợ cấp bổ sung là 60.000 riel",mười sáu trên mười một.
danhgia_tts_02.txt,danhgia_tts_02-013,date,16/12,358,363,"với các ngày cụ thể là 25/9, 16/10, 16/11 và 16/12. Mức trợ cấp bổ sung là 60.000 riel cho mỗi ",mười sáu trên mười hai.
danhgia_tts_02.txt,danhgia_tts_02-013,currency,60.000 riel,388,399,"6/10, 16/11 và 16/12. Mức trợ cấp bổ sung là 60.000 riel cho mỗi hộ và 5.000 riel cho mỗi thành viên ",sáu mươi nghìn riel.
danhgia_tts_02.txt,danhgia_tts_02-013,currency,5.000 riel,414,424,trợ cấp bổ sung là 60.000 riel cho mỗi hộ và 5.000 riel cho mỗi thành viên nếu cư trú tại thủ đô Phn,năm nghìn riel.
danhgia_tts_02.txt,danhgia_tts_02-013,currency,48.000 riel,478,489,thành viên nếu cư trú tại thủ đô Phnom Penh; 48.000 riel cho mỗi hộ và 5.000 riel cho mỗi thành viên ,bốn mươi tám nghìn riel.
danhgia_tts_02.txt,danhgia_tts_02-013,currency,5.000 riel,504,514,thủ đô Phnom Penh; 48.000 riel cho mỗi hộ và 5.000 riel cho mỗi thành viên nếu cư trú ở các đô thị n,năm nghìn riel.
danhgia_tts_02.txt,danhgia_tts_02-013,currency,40.000 riel,575,586,iên nếu cư trú ở các đô thị ngoài thủ đô; và 40.000 riel cho mỗi hộ cùng 5.000 riel cho mỗi thành viê,bốn mươi nghìn riel.
danhgia_tts_02.txt,danhgia_tts_02-013,currency,5.000 riel,603,613,ngoài thủ đô; và 40.000 riel cho mỗi hộ cùng 5.000 riel cho mỗi thành viên nếu cư trú ở nông thôn. C,năm nghìn riel.
danhgia_tts_02.txt,danhgia_tts_02-013,slash_expression,25/9,336,340,"4 đợt trong năm 2026, với các ngày cụ thể là 25/9, 16/10, 16/11 và 16/12. Mức trợ cấp bổ sung ",hai mươi lăm trên chín.
danhgia_tts_02.txt,danhgia_tts_02-013,slash_expression,16/10,342,347,"trong năm 2026, với các ngày cụ thể là 25/9, 16/10, 16/11 và 16/12. Mức trợ cấp bổ sung là 60.0",mười sáu trên mười.
danhgia_tts_02.txt,danhgia_tts_02-013,slash_expression,16/11,349,354,"ăm 2026, với các ngày cụ thể là 25/9, 16/10, 16/11 và 16/12. Mức trợ cấp bổ sung là 60.000 riel",mười sáu trên mười một.
danhgia_tts_02.txt,danhgia_tts_02-013,slash_expression,16/12,358,363,"với các ngày cụ thể là 25/9, 16/10, 16/11 và 16/12. Mức trợ cấp bổ sung là 60.000 riel cho mỗi ",mười sáu trên mười hai.
danhgia_tts_02.txt,danhgia_tts_02-013,decimal,60.000,388,394,"6/10, 16/11 và 16/12. Mức trợ cấp bổ sung là 60.000 riel cho mỗi hộ và 5.000 riel cho mỗi thành ",sáu mươi nghìn.
danhgia_tts_02.txt,danhgia_tts_02-013,decimal,5.000,414,419,trợ cấp bổ sung là 60.000 riel cho mỗi hộ và 5.000 riel cho mỗi thành viên nếu cư trú tại thủ đ,năm nghìn.
danhgia_tts_02.txt,danhgia_tts_02-013,decimal,48.000,478,484,thành viên nếu cư trú tại thủ đô Phnom Penh; 48.000 riel cho mỗi hộ và 5.000 riel cho mỗi thành ,bốn mươi tám nghìn.
danhgia_tts_02.txt,danhgia_tts_02-013,decimal,5.000,504,509,thủ đô Phnom Penh; 48.000 riel cho mỗi hộ và 5.000 riel cho mỗi thành viên nếu cư trú ở các đô ,năm nghìn.
danhgia_tts_02.txt,danhgia_tts_02-013,decimal,40.000,575,581,iên nếu cư trú ở các đô thị ngoài thủ đô; và 40.000 riel cho mỗi hộ cùng 5.000 riel cho mỗi thàn,bốn mươi nghìn.
danhgia_tts_02.txt,danhgia_tts_02-013,decimal,5.000,603,608,ngoài thủ đô; và 40.000 riel cho mỗi hộ cùng 5.000 riel cho mỗi thành viên nếu cư trú ở nông th,năm nghìn.
danhgia_tts_02.txt,danhgia_tts_02-013,decimal,"4,6",700,703,". Chương trình dự kiến sẽ chi trả cho khoảng 4,6 triệu hộ có thẻ trợ cấp hợp lệ trên toàn quố",bốn phẩy sáu.
danhgia_tts_02.txt,danhgia_tts_02-013,english_or_foreign_word,Campuchia,10,19,Thủ tướng Campuchia Hun Manet đã quyết định triển khai chương tr,campuchia.
danhgia_tts_02.txt,danhgia_tts_02-013,english_or_foreign_word,Hun,20,23,Thủ tướng Campuchia Hun Manet đã quyết định triển khai chương trình ,hun.
danhgia_tts_02.txt,danhgia_tts_02-013,english_or_foreign_word,Manet,24,29,Thủ tướng Campuchia Hun Manet đã quyết định triển khai chương trình trợ cấ,manet.
danhgia_tts_02.txt,danhgia_tts_02-013,english_or_foreign_word,khai,50,54,ướng Campuchia Hun Manet đã quyết định triển khai chương trình trợ cấp tiền mặt của chính phủ ,khai.
danhgia_tts_02.txt,danhgia_tts_02-013,english_or_foreign_word,gia,115,118,"ợ cấp tiền mặt của chính phủ nhằm hỗ trợ các gia đình nghèo, dễ bị tổn thương và dễ gặp rủi r",gia.
danhgia_tts_02.txt,danhgia_tts_02-013,english_or_foreign_word,trong,297,302," ngày 25 tháng 9 năm 2026 và thực hiện 4 đợt trong năm 2026, với các ngày cụ thể là 25/9, 16/10",trong.
danhgia_tts_02.txt,danhgia_tts_02-013,english_or_foreign_word,sung,380,384," 25/9, 16/10, 16/11 và 16/12. Mức trợ cấp bổ sung là 60.000 riel cho mỗi hộ và 5.000 riel cho ",sung.
danhgia_tts_02.txt,danhgia_tts_02-013,english_or_foreign_word,riel,395,399,6/11 và 16/12. Mức trợ cấp bổ sung là 60.000 riel cho mỗi hộ và 5.000 riel cho mỗi thành viên ,riel.
danhgia_tts_02.txt,danhgia_tts_02-013,english_or_foreign_word,cho,400,403,và 16/12. Mức trợ cấp bổ sung là 60.000 riel cho mỗi hộ và 5.000 riel cho mỗi thành viên nếu ,cho.
danhgia_tts_02.txt,danhgia_tts_02-013,english_or_foreign_word,riel,420,424,p bổ sung là 60.000 riel cho mỗi hộ và 5.000 riel cho mỗi thành viên nếu cư trú tại thủ đô Phn,riel.
danhgia_tts_02.txt,danhgia_tts_02-013,english_or_foreign_word,cho,425,428,sung là 60.000 riel cho mỗi hộ và 5.000 riel cho mỗi thành viên nếu cư trú tại thủ đô Phnom P,cho.
danhgia_tts_02.txt,danhgia_tts_02-013,english_or_foreign_word,Phnom,466,471,iel cho mỗi thành viên nếu cư trú tại thủ đô Phnom Penh; 48.000 riel cho mỗi hộ và 5.000 riel c,phnom.
danhgia_tts_02.txt,danhgia_tts_02-013,english_or_foreign_word,Penh,472,476,o mỗi thành viên nếu cư trú tại thủ đô Phnom Penh; 48.000 riel cho mỗi hộ và 5.000 riel cho mỗ,penh.
danhgia_tts_02.txt,danhgia_tts_02-013,english_or_foreign_word,riel,485,489,iên nếu cư trú tại thủ đô Phnom Penh; 48.000 riel cho mỗi hộ và 5.000 riel cho mỗi thành viên ,riel.
danhgia_tts_02.txt,danhgia_tts_02-013,english_or_foreign_word,cho,490,493,ếu cư trú tại thủ đô Phnom Penh; 48.000 riel cho mỗi hộ và 5.000 riel cho mỗi thành viên nếu ,cho.
danhgia_tts_02.txt,danhgia_tts_02-013,english_or_foreign_word,riel,510,514, Phnom Penh; 48.000 riel cho mỗi hộ và 5.000 riel cho mỗi thành viên nếu cư trú ở các đô thị n,riel.
danhgia_tts_02.txt,danhgia_tts_02-013,english_or_foreign_word,cho,515,518,m Penh; 48.000 riel cho mỗi hộ và 5.000 riel cho mỗi thành viên nếu cư trú ở các đô thị ngoài,cho.
danhgia_tts_02.txt,danhgia_tts_02-013,english_or_foreign_word,riel,582,586, cư trú ở các đô thị ngoài thủ đô; và 40.000 riel cho mỗi hộ cùng 5.000 riel cho mỗi thành viê,riel.
danhgia_tts_02.txt,danhgia_tts_02-013,english_or_foreign_word,cho,587,590,rú ở các đô thị ngoài thủ đô; và 40.000 riel cho mỗi hộ cùng 5.000 riel cho mỗi thành viên nế,cho.
danhgia_tts_02.txt,danhgia_tts_02-013,english_or_foreign_word,riel,609,613,thủ đô; và 40.000 riel cho mỗi hộ cùng 5.000 riel cho mỗi thành viên nếu cư trú ở nông thôn. C,riel.
danhgia_tts_02.txt,danhgia_tts_02-013,english_or_foreign_word,cho,614,617,ô; và 40.000 riel cho mỗi hộ cùng 5.000 riel cho mỗi thành viên nếu cư trú ở nông thôn. Chươn,cho.
danhgia_tts_02.txt,danhgia_tts_02-013,english_or_foreign_word,chi,681,684," cư trú ở nông thôn. Chương trình dự kiến sẽ chi trả cho khoảng 4,6 triệu hộ có thẻ trợ cấp h",chi.
danhgia_tts_02.txt,danhgia_tts_02-013,english_or_foreign_word,cho,689,692,"ở nông thôn. Chương trình dự kiến sẽ chi trả cho khoảng 4,6 triệu hộ có thẻ trợ cấp hợp lệ tr",cho.
danhgia_tts_02.txt,danhgia_tts_02-013,number,25,258,260,. Chương trình sẽ bắt đầu phát tiền vào ngày 25 tháng 9 năm 2026 và thực hiện 4 đợt trong nă,hai mươi lăm.
danhgia_tts_02.txt,danhgia_tts_02-013,number,9,267,268,"trình sẽ bắt đầu phát tiền vào ngày 25 tháng 9 năm 2026 và thực hiện 4 đợt trong năm 2026, ",chín.
danhgia_tts_02.txt,danhgia_tts_02-013,number,2026,273,277,"sẽ bắt đầu phát tiền vào ngày 25 tháng 9 năm 2026 và thực hiện 4 đợt trong năm 2026, với các n",hai nghìn không trăm hai mươi sáu.
danhgia_tts_02.txt,danhgia_tts_02-013,number,4,291,292,"ền vào ngày 25 tháng 9 năm 2026 và thực hiện 4 đợt trong năm 2026, với các ngày cụ thể là 2",bốn.
danhgia_tts_02.txt,danhgia_tts_02-013,number,2026,307,311,"háng 9 năm 2026 và thực hiện 4 đợt trong năm 2026, với các ngày cụ thể là 25/9, 16/10, 16/11 v",hai nghìn không trăm hai mươi sáu.
danhgia_tts_02.txt,danhgia_tts_02-013,number,25,336,338,"4 đợt trong năm 2026, với các ngày cụ thể là 25/9, 16/10, 16/11 và 16/12. Mức trợ cấp bổ sun",hai mươi lăm.
danhgia_tts_02.txt,danhgia_tts_02-013,number,9,339,340,"ợt trong năm 2026, với các ngày cụ thể là 25/9, 16/10, 16/11 và 16/12. Mức trợ cấp bổ sung ",chín.
danhgia_tts_02.txt,danhgia_tts_02-013,number,16,342,344,"trong năm 2026, với các ngày cụ thể là 25/9, 16/10, 16/11 và 16/12. Mức trợ cấp bổ sung là 6",mười sáu.
danhgia_tts_02.txt,danhgia_tts_02-013,number,10,345,347,"ng năm 2026, với các ngày cụ thể là 25/9, 16/10, 16/11 và 16/12. Mức trợ cấp bổ sung là 60.0",mười.
danhgia_tts_02.txt,danhgia_tts_02-013,number,16,349,351,"ăm 2026, với các ngày cụ thể là 25/9, 16/10, 16/11 và 16/12. Mức trợ cấp bổ sung là 60.000 r",mười sáu.
danhgia_tts_02.txt,danhgia_tts_02-013,number,11,352,354,"2026, với các ngày cụ thể là 25/9, 16/10, 16/11 và 16/12. Mức trợ cấp bổ sung là 60.000 riel",mười một.
danhgia_tts_02.txt,danhgia_tts_02-013,number,16,358,360,"với các ngày cụ thể là 25/9, 16/10, 16/11 và 16/12. Mức trợ cấp bổ sung là 60.000 riel cho m",mười sáu.
danhgia_tts_02.txt,danhgia_tts_02-013,number,12,361,363," các ngày cụ thể là 25/9, 16/10, 16/11 và 16/12. Mức trợ cấp bổ sung là 60.000 riel cho mỗi ",mười hai.
danhgia_tts_02.txt,danhgia_tts_02-013,number,60.000,388,394,"6/10, 16/11 và 16/12. Mức trợ cấp bổ sung là 60.000 riel cho mỗi hộ và 5.000 riel cho mỗi thành ",sáu mươi nghìn.
danhgia_tts_02.txt,danhgia_tts_02-013,number,5.000,414,419,trợ cấp bổ sung là 60.000 riel cho mỗi hộ và 5.000 riel cho mỗi thành viên nếu cư trú tại thủ đ,năm nghìn.
danhgia_tts_02.txt,danhgia_tts_02-013,number,48.000,478,484,thành viên nếu cư trú tại thủ đô Phnom Penh; 48.000 riel cho mỗi hộ và 5.000 riel cho mỗi thành ,bốn mươi tám nghìn.
danhgia_tts_02.txt,danhgia_tts_02-013,number,5.000,504,509,thủ đô Phnom Penh; 48.000 riel cho mỗi hộ và 5.000 riel cho mỗi thành viên nếu cư trú ở các đô ,năm nghìn.
danhgia_tts_02.txt,danhgia_tts_02-013,number,40.000,575,581,iên nếu cư trú ở các đô thị ngoài thủ đô; và 40.000 riel cho mỗi hộ cùng 5.000 riel cho mỗi thàn,bốn mươi nghìn.
danhgia_tts_02.txt,danhgia_tts_02-013,number,5.000,603,608,ngoài thủ đô; và 40.000 riel cho mỗi hộ cùng 5.000 riel cho mỗi thành viên nếu cư trú ở nông th,năm nghìn.
danhgia_tts_02.txt,danhgia_tts_02-013,number,"4,6",700,703,". Chương trình dự kiến sẽ chi trả cho khoảng 4,6 triệu hộ có thẻ trợ cấp hợp lệ trên toàn quố",bốn phẩy sáu.
danhgia_tts_02.txt,danhgia_tts_02-014,english_or_foreign_word,Campuchia,49,58,"ng tướng, Phó Thủ tướng, Bộ trưởng Bộ Nội vụ Campuchia Sar Sokha và Thiếu tướng, Thứ trưởng Bộ Công",campuchia.
danhgia_tts_02.txt,danhgia_tts_02-014,english_or_foreign_word,Sar,59,62,"Phó Thủ tướng, Bộ trưởng Bộ Nội vụ Campuchia Sar Sokha và Thiếu tướng, Thứ trưởng Bộ Công an ",sar.
danhgia_tts_02.txt,danhgia_tts_02-014,english_or_foreign_word,Sokha,63,68,"Thủ tướng, Bộ trưởng Bộ Nội vụ Campuchia Sar Sokha và Thiếu tướng, Thứ trưởng Bộ Công an Việt N",sokha.
danhgia_tts_02.txt,danhgia_tts_02-014,english_or_foreign_word,Nam,112,115,"a và Thiếu tướng, Thứ trưởng Bộ Công an Việt Nam Nguyễn Văn Long đã có cuộc gặp song phương v",nam.
danhgia_tts_02.txt,danhgia_tts_02-014,english_or_foreign_word,Long,127,131,"g, Thứ trưởng Bộ Công an Việt Nam Nguyễn Văn Long đã có cuộc gặp song phương vào sáng ngày 23 ",long.
danhgia_tts_02.txt,danhgia_tts_02-014,english_or_foreign_word,song,147,151,g an Việt Nam Nguyễn Văn Long đã có cuộc gặp song phương vào sáng ngày 23 tháng 9 năm 2026 tại,song.
danhgia_tts_02.txt,danhgia_tts_02-014,english_or_foreign_word,Sofitel,207,214," sáng ngày 23 tháng 9 năm 2026 tại khách sạn Sofitel ở Phnom Penh, trong khuôn khổ diễn đàn quốc ",sofitel.
danhgia_tts_02.txt,danhgia_tts_02-014,english_or_foreign_word,Phnom,217,222," 23 tháng 9 năm 2026 tại khách sạn Sofitel ở Phnom Penh, trong khuôn khổ diễn đàn quốc tế về lừ",phnom.
danhgia_tts_02.txt,danhgia_tts_02-014,english_or_foreign_word,Penh,223,227,"áng 9 năm 2026 tại khách sạn Sofitel ở Phnom Penh, trong khuôn khổ diễn đàn quốc tế về lừa đảo",penh.
danhgia_tts_02.txt,danhgia_tts_02-014,english_or_foreign_word,trong,229,234,"năm 2026 tại khách sạn Sofitel ở Phnom Penh, trong khuôn khổ diễn đàn quốc tế về lừa đảo công n",trong.
danhgia_tts_02.txt,danhgia_tts_02-014,english_or_foreign_word,Hai,284,287,n khổ diễn đàn quốc tế về lừa đảo công nghệ. Hai bên đánh giá cao kết quả hợp tác trong việc ,hai.
danhgia_tts_02.txt,danhgia_tts_02-014,english_or_foreign_word,cao,301,304,"ốc tế về lừa đảo công nghệ. Hai bên đánh giá cao kết quả hợp tác trong việc phòng ngừa, ngăn ",cao.
danhgia_tts_02.txt,danhgia_tts_02-014,english_or_foreign_word,trong,321,326,"g nghệ. Hai bên đánh giá cao kết quả hợp tác trong việc phòng ngừa, ngăn chặn và triệt phá các ",trong.
danhgia_tts_02.txt,danhgia_tts_02-014,english_or_foreign_word,nhau,408,412,"phá các vụ lừa đảo công nghệ, nêu rõ đã cùng nhau xử lý 4 vụ lừa đảo công nghệ và 5 vụ buôn bá",nhau.
danhgia_tts_02.txt,danhgia_tts_02-014,english_or_foreign_word,quy,466,469,vụ lừa đảo công nghệ và 5 vụ buôn bán ma túy quy mô lớn. Phía Việt Nam đề nghị mở rộng trao đ,quy.
danhgia_tts_02.txt,danhgia_tts_02-014,english_or_foreign_word,Nam,488,491,"à 5 vụ buôn bán ma túy quy mô lớn. Phía Việt Nam đề nghị mở rộng trao đổi thông tin, điều tra",nam.
danhgia_tts_02.txt,danhgia_tts_02-014,english_or_foreign_word,trao,508,512,"úy quy mô lớn. Phía Việt Nam đề nghị mở rộng trao đổi thông tin, điều tra và bắt giữ nghi phạm",trao.
danhgia_tts_02.txt,danhgia_tts_02-014,english_or_foreign_word,tin,523,526,"Phía Việt Nam đề nghị mở rộng trao đổi thông tin, điều tra và bắt giữ nghi phạm vượt biên, đồ",tin.
danhgia_tts_02.txt,danhgia_tts_02-014,english_or_foreign_word,tra,533,536,"Nam đề nghị mở rộng trao đổi thông tin, điều tra và bắt giữ nghi phạm vượt biên, đồng thời xi",tra.
danhgia_tts_02.txt,danhgia_tts_02-014,english_or_foreign_word,nghi,548,552,"rộng trao đổi thông tin, điều tra và bắt giữ nghi phạm vượt biên, đồng thời xin Campuchia tiếp",nghi.
danhgia_tts_02.txt,danhgia_tts_02-014,english_or_foreign_word,xin,579,582,"ra và bắt giữ nghi phạm vượt biên, đồng thời xin Campuchia tiếp tục bảo vệ công dân Việt Nam,",xin.
danhgia_tts_02.txt,danhgia_tts_02-014,english_or_foreign_word,Campuchia,583,592,"à bắt giữ nghi phạm vượt biên, đồng thời xin Campuchia tiếp tục bảo vệ công dân Việt Nam, trong đó ",campuchia.
danhgia_tts_02.txt,danhgia_tts_02-014,english_or_foreign_word,Nam,623,626," xin Campuchia tiếp tục bảo vệ công dân Việt Nam, trong đó có người nhập cư, doanh nhân và du",nam.
danhgia_tts_02.txt,danhgia_tts_02-014,english_or_foreign_word,trong,628,633,"Campuchia tiếp tục bảo vệ công dân Việt Nam, trong đó có người nhập cư, doanh nhân và du khách.",trong.
danhgia_tts_02.txt,danhgia_tts_02-014,english_or_foreign_word,doanh,655,660,"ông dân Việt Nam, trong đó có người nhập cư, doanh nhân và du khách. Sar Sokha cảm ơn phía Việt",doanh.
danhgia_tts_02.txt,danhgia_tts_02-014,english_or_foreign_word,Sar,679,682,"đó có người nhập cư, doanh nhân và du khách. Sar Sokha cảm ơn phía Việt Nam, đánh giá cao hiệ",sar.
danhgia_tts_02.txt,danhgia_tts_02-014,english_or_foreign_word,Sokha,683,688,"ó người nhập cư, doanh nhân và du khách. Sar Sokha cảm ơn phía Việt Nam, đánh giá cao hiệu quả ",sokha.
danhgia_tts_02.txt,danhgia_tts_02-014,english_or_foreign_word,Nam,706,709,"nhân và du khách. Sar Sokha cảm ơn phía Việt Nam, đánh giá cao hiệu quả hợp tác, đề nghị tăng",nam.
danhgia_tts_02.txt,danhgia_tts_02-014,english_or_foreign_word,cao,720,723,"ch. Sar Sokha cảm ơn phía Việt Nam, đánh giá cao hiệu quả hợp tác, đề nghị tăng cường an ninh",cao.
danhgia_tts_02.txt,danhgia_tts_02-014,english_or_foreign_word,ninh,764,768," cao hiệu quả hợp tác, đề nghị tăng cường an ninh và thực thi pháp luật tại các cửa khẩu, hỗ t",ninh.
danhgia_tts_02.txt,danhgia_tts_02-014,english_or_foreign_word,thi,777,780," hợp tác, đề nghị tăng cường an ninh và thực thi pháp luật tại các cửa khẩu, hỗ trợ dự án phụ",thi.
danhgia_tts_02.txt,danhgia_tts_02-014,english_or_foreign_word,cho,839,842," các cửa khẩu, hỗ trợ dự án phục hồi pháp lý cho người nghiện và đào tạo lực lượng, đồng thời",cho.
danhgia_tts_02.txt,danhgia_tts_02-014,number,23,173,175,ong đã có cuộc gặp song phương vào sáng ngày 23 tháng 9 năm 2026 tại khách sạn Sofitel ở Phn,hai mươi ba.
danhgia_tts_02.txt,danhgia_tts_02-014,number,9,182,183," cuộc gặp song phương vào sáng ngày 23 tháng 9 năm 2026 tại khách sạn Sofitel ở Phnom Penh,",chín.
danhgia_tts_02.txt,danhgia_tts_02-014,number,2026,188,192,"gặp song phương vào sáng ngày 23 tháng 9 năm 2026 tại khách sạn Sofitel ở Phnom Penh, trong kh",hai nghìn không trăm hai mươi sáu.
danhgia_tts_02.txt,danhgia_tts_02-014,number,4,419,420,"lừa đảo công nghệ, nêu rõ đã cùng nhau xử lý 4 vụ lừa đảo công nghệ và 5 vụ buôn bán ma túy",bốn.
danhgia_tts_02.txt,danhgia_tts_02-014,number,5,445,446,đã cùng nhau xử lý 4 vụ lừa đảo công nghệ và 5 vụ buôn bán ma túy quy mô lớn. Phía Việt Nam,năm.
danhgia_tts_02.txt,danhgia_tts_02-015,english_or_foreign_word,Ukraine,11,18,Tổng thống Ukraine Volodymyr Oleksandrovych Zelenskyy thông báo,ukraine.
danhgia_tts_02.txt,danhgia_tts_02-015,english_or_foreign_word,Volodymyr,19,28,Tổng thống Ukraine Volodymyr Oleksandrovych Zelenskyy thông báo tại các c,volodymyr.
danhgia_tts_02.txt,danhgia_tts_02-015,english_or_foreign_word,Oleksandrovych,29,43,Tổng thống Ukraine Volodymyr Oleksandrovych Zelenskyy thông báo tại các cuộc thảo luận c,oleksandrovych.
danhgia_tts_02.txt,danhgia_tts_02-015,english_or_foreign_word,Zelenskyy,44,53,Tổng thống Ukraine Volodymyr Oleksandrovych Zelenskyy thông báo tại các cuộc thảo luận chung của Đ,zelenskyy.
danhgia_tts_02.txt,danhgia_tts_02-015,english_or_foreign_word,chung,87,92,h Zelenskyy thông báo tại các cuộc thảo luận chung của Đại hội đồng Liên Hợp Quốc ở New York rằ,chung.
danhgia_tts_02.txt,danhgia_tts_02-015,english_or_foreign_word,New,126,129, luận chung của Đại hội đồng Liên Hợp Quốc ở New York rằng Ukraine đã chuyển hai tù binh Triề,new.
danhgia_tts_02.txt,danhgia_tts_02-015,english_or_foreign_word,York,130,134,n chung của Đại hội đồng Liên Hợp Quốc ở New York rằng Ukraine đã chuyển hai tù binh Triều Tiê,york.
danhgia_tts_02.txt,danhgia_tts_02-015,english_or_foreign_word,Ukraine,140,147,a Đại hội đồng Liên Hợp Quốc ở New York rằng Ukraine đã chuyển hai tù binh Triều Tiên cho Hàn Quố,ukraine.
danhgia_tts_02.txt,danhgia_tts_02-015,english_or_foreign_word,hai,158,161,n Hợp Quốc ở New York rằng Ukraine đã chuyển hai tù binh Triều Tiên cho Hàn Quốc. Ông cho biế,hai.
danhgia_tts_02.txt,danhgia_tts_02-015,english_or_foreign_word,binh,165,169,uốc ở New York rằng Ukraine đã chuyển hai tù binh Triều Tiên cho Hàn Quốc. Ông cho biết một tr,binh.
danhgia_tts_02.txt,danhgia_tts_02-015,english_or_foreign_word,cho,181,184,ằng Ukraine đã chuyển hai tù binh Triều Tiên cho Hàn Quốc. Ông cho biết một trong hai người n,cho.
danhgia_tts_02.txt,danhgia_tts_02-015,english_or_foreign_word,cho,199,202,yển hai tù binh Triều Tiên cho Hàn Quốc. Ông cho biết một trong hai người nhận ra rằng khi bị,cho.
danhgia_tts_02.txt,danhgia_tts_02-015,english_or_foreign_word,trong,212,217,nh Triều Tiên cho Hàn Quốc. Ông cho biết một trong hai người nhận ra rằng khi bị bắt đã cố tự s,trong.
danhgia_tts_02.txt,danhgia_tts_02-015,english_or_foreign_word,hai,218,221,ều Tiên cho Hàn Quốc. Ông cho biết một trong hai người nhận ra rằng khi bị bắt đã cố tự sát v,hai.
danhgia_tts_02.txt,danhgia_tts_02-015,english_or_foreign_word,khi,241,244,"ng cho biết một trong hai người nhận ra rằng khi bị bắt đã cố tự sát và bị sốc vì không chết,",khi.
danhgia_tts_02.txt,danhgia_tts_02-015,english_or_foreign_word,con,328,331," chết, đồng thời nói rằng cách họ nuôi dưỡng con người ở Triều Tiên như vậy. Zelenskyy cũng n",con.
danhgia_tts_02.txt,danhgia_tts_02-015,english_or_foreign_word,Zelenskyy,360,369,ọ nuôi dưỡng con người ở Triều Tiên như vậy. Zelenskyy cũng nhắc rằng Tổng thống Nga Vladimir Vladi,zelenskyy.
danhgia_tts_02.txt,danhgia_tts_02-015,english_or_foreign_word,Nga,396,399,như vậy. Zelenskyy cũng nhắc rằng Tổng thống Nga Vladimir Vladimirovich Putin đã hứa với đại ,nga.
danhgia_tts_02.txt,danhgia_tts_02-015,english_or_foreign_word,Vladimir,400,408,vậy. Zelenskyy cũng nhắc rằng Tổng thống Nga Vladimir Vladimirovich Putin đã hứa với đại diện Mỹ r,vladimir.
danhgia_tts_02.txt,danhgia_tts_02-015,english_or_foreign_word,Vladimirovich,409,422,nskyy cũng nhắc rằng Tổng thống Nga Vladimir Vladimirovich Putin đã hứa với đại diện Mỹ rằng ông sẽ chi,vladimirovich.
danhgia_tts_02.txt,danhgia_tts_02-015,english_or_foreign_word,Putin,423,428,c rằng Tổng thống Nga Vladimir Vladimirovich Putin đã hứa với đại diện Mỹ rằng ông sẽ chiếm lĩn,putin.
danhgia_tts_02.txt,danhgia_tts_02-015,english_or_foreign_word,Donetsk,480,487," với đại diện Mỹ rằng ông sẽ chiếm lĩnh vùng Donetsk và cần thêm vài tháng, có lẽ đã hứa như vậy ",donetsk.
danhgia_tts_02.txt,danhgia_tts_02-015,english_or_foreign_word,Ukraine,639,646, lực lượng đặc nhiệm và lính dù của Quân đội Ukraine bắt hai binh sĩ Triều Tiên bị thương ở vùng ,ukraine.
danhgia_tts_02.txt,danhgia_tts_02-015,english_or_foreign_word,hai,651,654,"ặc nhiệm và lính dù của Quân đội Ukraine bắt hai binh sĩ Triều Tiên bị thương ở vùng Kursk, đ",hai.
danhgia_tts_02.txt,danhgia_tts_02-015,english_or_foreign_word,binh,655,659,"hiệm và lính dù của Quân đội Ukraine bắt hai binh sĩ Triều Tiên bị thương ở vùng Kursk, đưa về",binh.
danhgia_tts_02.txt,danhgia_tts_02-015,english_or_foreign_word,Kursk,691,696," bắt hai binh sĩ Triều Tiên bị thương ở vùng Kursk, đưa về Kiev để điều trị và làm việc với Cơ ",kursk.
danhgia_tts_02.txt,danhgia_tts_02-015,english_or_foreign_word,Kiev,705,709,"sĩ Triều Tiên bị thương ở vùng Kursk, đưa về Kiev để điều trị và làm việc với Cơ quan An ninh ",kiev.
danhgia_tts_02.txt,danhgia_tts_02-015,english_or_foreign_word,quan,741,745,", đưa về Kiev để điều trị và làm việc với Cơ quan An ninh Ukraine.",quan.
danhgia_tts_02.txt,danhgia_tts_02-015,english_or_foreign_word,ninh,749,753, Kiev để điều trị và làm việc với Cơ quan An ninh Ukraine.,ninh.
danhgia_tts_02.txt,danhgia_tts_02-015,english_or_foreign_word,Ukraine,754,761, để điều trị và làm việc với Cơ quan An ninh Ukraine.,ukraine.
danhgia_tts_02.txt,danhgia_tts_02-015,number,17,532,534," và cần thêm vài tháng, có lẽ đã hứa như vậy 17 hoặc 18 lần. Bài báo nhắc lại rằng ngày 11 t",mười bảy.
danhgia_tts_02.txt,danhgia_tts_02-015,number,18,540,542,"thêm vài tháng, có lẽ đã hứa như vậy 17 hoặc 18 lần. Bài báo nhắc lại rằng ngày 11 tháng 1 n",mười tám.
danhgia_tts_02.txt,danhgia_tts_02-015,number,11,575,577,y 17 hoặc 18 lần. Bài báo nhắc lại rằng ngày 11 tháng 1 năm 2025 lực lượng đặc nhiệm và lính,mười một.
danhgia_tts_02.txt,danhgia_tts_02-015,number,1,584,585, 18 lần. Bài báo nhắc lại rằng ngày 11 tháng 1 năm 2025 lực lượng đặc nhiệm và lính dù của ,một.
danhgia_tts_02.txt,danhgia_tts_02-015,number,2025,590,594,n. Bài báo nhắc lại rằng ngày 11 tháng 1 năm 2025 lực lượng đặc nhiệm và lính dù của Quân đội ,hai nghìn không trăm hai mươi lăm.
danhgia_tts_02.txt,danhgia_tts_02-016,percentage,32%,732,735, tiêu thụ ít năng lượng hơn con người khoảng 32% và thu hồi năng lượng khi xuống dốc. Bài báo,ba mươi hai phần trăm.
danhgia_tts_02.txt,danhgia_tts_02-016,measurement,"42,195 km",162,171,"ược đăng trên tạp chí Nature. RAIBO2 đã chạy 42,195 km trong 4 giờ 19 phút 52 giây tại giải maratho",bốn mươi hai nghìn một trăm chín mươi lăm ki lô mét.
danhgia_tts_02.txt,danhgia_tts_02-016,measurement,65 km,631,636," năng lượng, cho phép robot di chuyển khoảng 65 km với một lần sạc. Nhóm nghiên cứu cũng chỉ ra",sáu mươi lăm ki lô mét.
danhgia_tts_02.txt,danhgia_tts_02-016,hyphen_expression,Chung-in,825,833," có các tác giả cùng thứ nhất là tiến sĩ Lee Chung-in và sinh viên Yeom Dong-hoon, Park Jeong-su c",chung in.
danhgia_tts_02.txt,danhgia_tts_02-016,hyphen_expression,Dong-hoon,852,861,"ất là tiến sĩ Lee Chung-in và sinh viên Yeom Dong-hoon, Park Jeong-su của KAIST, với giáo sư Hwangb",dong hoon.
danhgia_tts_02.txt,danhgia_tts_02-016,hyphen_expression,Jeong-su,868,876,"e Chung-in và sinh viên Yeom Dong-hoon, Park Jeong-su của KAIST, với giáo sư Hwangbo Je-min của Hà",jeong su.
danhgia_tts_02.txt,danhgia_tts_02-016,hyphen_expression,Je-min,908,914,"Park Jeong-su của KAIST, với giáo sư Hwangbo Je-min của Hàn Quốc là tác giả liên hệ. Lion Roboti",je min.
danhgia_tts_02.txt,danhgia_tts_02-016,decimal,"42,195",162,168,"ược đăng trên tạp chí Nature. RAIBO2 đã chạy 42,195 km trong 4 giờ 19 phút 52 giây tại giải mara",bốn mươi hai phẩy một chín lăm.
danhgia_tts_02.txt,danhgia_tts_02-016,acronym,RAIBO2,86,92, Quốc thông báo bài báo về robot đi bốn chân RAIBO2 hoàn thành marathon đã được đăng trên tạp ch,rờ a i bê ô hai.
danhgia_tts_02.txt,danhgia_tts_02-016,acronym,RAIBO2,147,153,"h marathon đã được đăng trên tạp chí Nature. RAIBO2 đã chạy 42,195 km trong 4 giờ 19 phút 52 giâ",rờ a i bê ô hai.
danhgia_tts_02.txt,danhgia_tts_02-016,acronym,AI,536,538,"hí, mạch điện, động cơ và điều khiển đi bằng AI cùng nền tảng mô phỏng RAISIM giúp giảm tổn ",ai.
danhgia_tts_02.txt,danhgia_tts_02-016,acronym,RAISIM,562,568,"điều khiển đi bằng AI cùng nền tảng mô phỏng RAISIM giúp giảm tổn hao năng lượng, cho phép robot",raisim.
danhgia_tts_02.txt,danhgia_tts_02-016,acronym,KAIST,881,886," sinh viên Yeom Dong-hoon, Park Jeong-su của KAIST, với giáo sư Hwangbo Je-min của Hàn Quốc là ",kaist.
danhgia_tts_02.txt,danhgia_tts_02-016,english_or_foreign_word,Lion,20,24,Công ty khởi nghiệp Lion Robotics của Hàn Quốc thông báo bài báo về r,lion.
danhgia_tts_02.txt,danhgia_tts_02-016,english_or_foreign_word,Robotics,25,33,Công ty khởi nghiệp Lion Robotics của Hàn Quốc thông báo bài báo về robot đi b,robotics.
danhgia_tts_02.txt,danhgia_tts_02-016,english_or_foreign_word,robot,68,73,n Robotics của Hàn Quốc thông báo bài báo về robot đi bốn chân RAIBO2 hoàn thành marathon đã đư,robot.
danhgia_tts_02.txt,danhgia_tts_02-016,english_or_foreign_word,marathon,104,112,i báo về robot đi bốn chân RAIBO2 hoàn thành marathon đã được đăng trên tạp chí Nature. RAIBO2 đã ,marathon.
danhgia_tts_02.txt,danhgia_tts_02-016,english_or_foreign_word,Nature,139,145,"oàn thành marathon đã được đăng trên tạp chí Nature. RAIBO2 đã chạy 42,195 km trong 4 giờ 19 phú",nature.
danhgia_tts_02.txt,danhgia_tts_02-016,english_or_foreign_word,trong,172,177,"rên tạp chí Nature. RAIBO2 đã chạy 42,195 km trong 4 giờ 19 phút 52 giây tại giải marathon Gats",trong.
danhgia_tts_02.txt,danhgia_tts_02-016,english_or_foreign_word,marathon,209,217,",195 km trong 4 giờ 19 phút 52 giây tại giải marathon Gatsam ở Sangju, tỉnh Gyeongsang Bắc, Hàn Qu",marathon.
danhgia_tts_02.txt,danhgia_tts_02-016,english_or_foreign_word,Gatsam,218,224,"rong 4 giờ 19 phút 52 giây tại giải marathon Gatsam ở Sangju, tỉnh Gyeongsang Bắc, Hàn Quốc vào ",gatsam.
danhgia_tts_02.txt,danhgia_tts_02-016,english_or_foreign_word,Sangju,227,233,"ờ 19 phút 52 giây tại giải marathon Gatsam ở Sangju, tỉnh Gyeongsang Bắc, Hàn Quốc vào tháng 11 ",sangju.
danhgia_tts_02.txt,danhgia_tts_02-016,english_or_foreign_word,Gyeongsang,240,250,"giây tại giải marathon Gatsam ở Sangju, tỉnh Gyeongsang Bắc, Hàn Quốc vào tháng 11 năm 2024 mà không",gyeongsang.
danhgia_tts_02.txt,danhgia_tts_02-016,english_or_foreign_word,thay,300,304, Hàn Quốc vào tháng 11 năm 2024 mà không cần thay hoặc sạc pin. Nghiên cứu cho biết đây là lần,thay.
danhgia_tts_02.txt,danhgia_tts_02-016,english_or_foreign_word,pin,314,317,tháng 11 năm 2024 mà không cần thay hoặc sạc pin. Nghiên cứu cho biết đây là lần đầu tiên một,pin.
danhgia_tts_02.txt,danhgia_tts_02-016,english_or_foreign_word,cho,330,333,4 mà không cần thay hoặc sạc pin. Nghiên cứu cho biết đây là lần đầu tiên một robot đi bộ hoà,cho.
danhgia_tts_02.txt,danhgia_tts_02-016,english_or_foreign_word,robot,363,368, Nghiên cứu cho biết đây là lần đầu tiên một robot đi bộ hoàn thành cự ly marathon thực tế và l,robot.
danhgia_tts_02.txt,danhgia_tts_02-016,english_or_foreign_word,marathon,392,400,ần đầu tiên một robot đi bộ hoàn thành cự ly marathon thực tế và lập kỷ lục thế giới cho robot đi ,marathon.
danhgia_tts_02.txt,danhgia_tts_02-016,english_or_foreign_word,cho,432,435,ự ly marathon thực tế và lập kỷ lục thế giới cho robot đi bốn chân. Bài báo nhấn mạnh việc tí,cho.
danhgia_tts_02.txt,danhgia_tts_02-016,english_or_foreign_word,robot,436,441, marathon thực tế và lập kỷ lục thế giới cho robot đi bốn chân. Bài báo nhấn mạnh việc tích hợp,robot.
danhgia_tts_02.txt,danhgia_tts_02-016,english_or_foreign_word,RAISIM,562,568,"điều khiển đi bằng AI cùng nền tảng mô phỏng RAISIM giúp giảm tổn hao năng lượng, cho phép robot",raisim.
danhgia_tts_02.txt,danhgia_tts_02-016,english_or_foreign_word,hao,583,586," cùng nền tảng mô phỏng RAISIM giúp giảm tổn hao năng lượng, cho phép robot di chuyển khoảng ",hao.
danhgia_tts_02.txt,danhgia_tts_02-016,english_or_foreign_word,cho,599,602,"ô phỏng RAISIM giúp giảm tổn hao năng lượng, cho phép robot di chuyển khoảng 65 km với một lầ",cho.
danhgia_tts_02.txt,danhgia_tts_02-016,english_or_foreign_word,robot,608,613,"AISIM giúp giảm tổn hao năng lượng, cho phép robot di chuyển khoảng 65 km với một lần sạc. Nhóm",robot.
danhgia_tts_02.txt,danhgia_tts_02-016,english_or_foreign_word,robot,682,687,với một lần sạc. Nhóm nghiên cứu cũng chỉ ra robot tiêu thụ ít năng lượng hơn con người khoảng ,robot.
danhgia_tts_02.txt,danhgia_tts_02-016,english_or_foreign_word,con,715,718,cũng chỉ ra robot tiêu thụ ít năng lượng hơn con người khoảng 32% và thu hồi năng lượng khi x,con.
danhgia_tts_02.txt,danhgia_tts_02-016,english_or_foreign_word,thu,739,742,hụ ít năng lượng hơn con người khoảng 32% và thu hồi năng lượng khi xuống dốc. Bài báo có các,thu.
danhgia_tts_02.txt,danhgia_tts_02-016,english_or_foreign_word,khi,758,761,n con người khoảng 32% và thu hồi năng lượng khi xuống dốc. Bài báo có các tác giả cùng thứ n,khi.
danhgia_tts_02.txt,danhgia_tts_02-016,english_or_foreign_word,Lee,821,824," báo có các tác giả cùng thứ nhất là tiến sĩ Lee Chung-in và sinh viên Yeom Dong-hoon, Park J",lee.
danhgia_tts_02.txt,danhgia_tts_02-016,english_or_foreign_word,Chung,825,830," có các tác giả cùng thứ nhất là tiến sĩ Lee Chung-in và sinh viên Yeom Dong-hoon, Park Jeong-s",chung.
danhgia_tts_02.txt,danhgia_tts_02-016,english_or_foreign_word,sinh,837,841,"giả cùng thứ nhất là tiến sĩ Lee Chung-in và sinh viên Yeom Dong-hoon, Park Jeong-su của KAIST",sinh.
danhgia_tts_02.txt,danhgia_tts_02-016,english_or_foreign_word,Yeom,847,851,"hứ nhất là tiến sĩ Lee Chung-in và sinh viên Yeom Dong-hoon, Park Jeong-su của KAIST, với giáo",yeom.
danhgia_tts_02.txt,danhgia_tts_02-016,english_or_foreign_word,Dong,852,856,"ất là tiến sĩ Lee Chung-in và sinh viên Yeom Dong-hoon, Park Jeong-su của KAIST, với giáo sư H",dong.
danhgia_tts_02.txt,danhgia_tts_02-016,english_or_foreign_word,hoon,857,861," tiến sĩ Lee Chung-in và sinh viên Yeom Dong-hoon, Park Jeong-su của KAIST, với giáo sư Hwangb",hoon.
danhgia_tts_02.txt,danhgia_tts_02-016,english_or_foreign_word,Park,863,867,"sĩ Lee Chung-in và sinh viên Yeom Dong-hoon, Park Jeong-su của KAIST, với giáo sư Hwangbo Je-m",park.
danhgia_tts_02.txt,danhgia_tts_02-016,english_or_foreign_word,Jeong,868,873,"e Chung-in và sinh viên Yeom Dong-hoon, Park Jeong-su của KAIST, với giáo sư Hwangbo Je-min của",jeong.
danhgia_tts_02.txt,danhgia_tts_02-016,english_or_foreign_word,KAIST,881,886," sinh viên Yeom Dong-hoon, Park Jeong-su của KAIST, với giáo sư Hwangbo Je-min của Hàn Quốc là ",kaist.
danhgia_tts_02.txt,danhgia_tts_02-016,english_or_foreign_word,Hwangbo,900,907,"g-hoon, Park Jeong-su của KAIST, với giáo sư Hwangbo Je-min của Hàn Quốc là tác giả liên hệ. Lion",hwangbo.
danhgia_tts_02.txt,danhgia_tts_02-016,english_or_foreign_word,min,911,914,"k Jeong-su của KAIST, với giáo sư Hwangbo Je-min của Hàn Quốc là tác giả liên hệ. Lion Roboti",min.
danhgia_tts_02.txt,danhgia_tts_02-016,english_or_foreign_word,Lion,948,952,ngbo Je-min của Hàn Quốc là tác giả liên hệ. Lion Robotics đang chuyển kết quả nghiên cứu sang,lion.
danhgia_tts_02.txt,danhgia_tts_02-016,english_or_foreign_word,Robotics,953,961,Je-min của Hàn Quốc là tác giả liên hệ. Lion Robotics đang chuyển kết quả nghiên cứu sang sản phẩm,robotics.
danhgia_tts_02.txt,danhgia_tts_02-016,english_or_foreign_word,sang,993,997,Lion Robotics đang chuyển kết quả nghiên cứu sang sản phẩm thương mại và dự định áp dụng công ,sang.
danhgia_tts_02.txt,danhgia_tts_02-016,english_or_foreign_word,cho,1051,1054," thương mại và dự định áp dụng công nghệ này cho tìm kiếm cứu hộ, trinh sát, tuần tra cơ sở c",cho.
danhgia_tts_02.txt,danhgia_tts_02-016,english_or_foreign_word,trinh,1072,1077,"h áp dụng công nghệ này cho tìm kiếm cứu hộ, trinh sát, tuần tra cơ sở công nghiệp và nhiệm vụ ",trinh.
danhgia_tts_02.txt,danhgia_tts_02-016,english_or_foreign_word,tra,1088,1091,"ghệ này cho tìm kiếm cứu hộ, trinh sát, tuần tra cơ sở công nghiệp và nhiệm vụ quốc phòng.",tra.
danhgia_tts_02.txt,danhgia_tts_02-016,number,"42,195",162,168,"ược đăng trên tạp chí Nature. RAIBO2 đã chạy 42,195 km trong 4 giờ 19 phút 52 giây tại giải mara",bốn mươi hai phẩy một chín lăm.
danhgia_tts_02.txt,danhgia_tts_02-016,number,4,178,179,"p chí Nature. RAIBO2 đã chạy 42,195 km trong 4 giờ 19 phút 52 giây tại giải marathon Gatsam",bốn.
danhgia_tts_02.txt,danhgia_tts_02-016,number,19,184,186,"Nature. RAIBO2 đã chạy 42,195 km trong 4 giờ 19 phút 52 giây tại giải marathon Gatsam ở Sang",mười chín.
danhgia_tts_02.txt,danhgia_tts_02-016,number,52,192,194,"RAIBO2 đã chạy 42,195 km trong 4 giờ 19 phút 52 giây tại giải marathon Gatsam ở Sangju, tỉnh",năm mươi hai.
danhgia_tts_02.txt,danhgia_tts_02-016,number,11,275,277,"gju, tỉnh Gyeongsang Bắc, Hàn Quốc vào tháng 11 năm 2024 mà không cần thay hoặc sạc pin. Ngh",mười một.
danhgia_tts_02.txt,danhgia_tts_02-016,number,2024,282,286,"nh Gyeongsang Bắc, Hàn Quốc vào tháng 11 năm 2024 mà không cần thay hoặc sạc pin. Nghiên cứu c",hai nghìn không trăm hai mươi bốn.
danhgia_tts_02.txt,danhgia_tts_02-016,number,65,631,633," năng lượng, cho phép robot di chuyển khoảng 65 km với một lần sạc. Nhóm nghiên cứu cũng chỉ",sáu mươi lăm.
danhgia_tts_02.txt,danhgia_tts_02-016,number,32,732,734, tiêu thụ ít năng lượng hơn con người khoảng 32% và thu hồi năng lượng khi xuống dốc. Bài bá,ba mươi hai.
