source_file,segment_id,source_label,chunk_id,chunk_index,raw_text,normalized_text,chunk_raw_text,chunk_normalized_text,renormalized_chunk_text,normalizer_idempotent,phonemes,g2p_only_phonemes,gap_after,source_sha256
danhgia_tts.txt,danhgia_tts-001,Văn bản 1,danhgia_tts-001-c001,1,"Tổng thống Hoa Kỳ Donald Trump ngày 14 tháng 9 đăng trên Truth Social rằng Ukraine và Nga đã đồng ý không tấn công các mục tiêu năng lượng
của nhau. Ông viết rằng Ukraine đã đồng ý không tấn công các mục tiêu năng lượng của Nga và Nga cũng đã đồng ý làm như vậy, và cho rằng việc
tăng giá diesel toàn cầu chủ yếu do chiến tranh Nga-Ukraine chứ không phải do Iran. Trump trước đó đã kêu gọi Tổng thống Ukraine Volodymyr
Zelenskyy ngừng các cuộc tấn công vào các nhà máy lọc dầu diesel của Nga vì cho rằng điều này gây thiếu hụt nhiên liệu toàn cầu. Tổng thống
Ukraine Volodymyr Zelenskyy nói ông ""không thuyết phục"" rằng Nga sẽ tuân thủ thỏa thuận và cho biết Kyiv sẵn sàng tạm dừng các cuộc tấn công
vào cơ sở hạ tầng năng lượng của Nga nếu các đối tác đảm bảo Nga cũng làm như vậy. Phát ngôn viên Điện Kremlin Dmitry Peskov của Nga hoan
nghênh lời kêu gọi của ông Trump nhưng không khẳng định Nga sẽ ngừng tấn công cơ sở hạ tầng năng lượng của Ukraine. Đặc phái viên Hoa Kỳ
Jared Kushner và Steve Witkoff đã thăm Moscow và Kyiv để tìm kiếm các thỏa thuận hạn chế, trong khi các lệnh ngừng bắn do Mỹ làm trung gian
trước đó thường nhanh chóng sụp đổ. Bài đăng của ông Trump được đưa ra trong bối cảnh giá dầu và diesel tăng mạnh, với giá diesel trung bình
tại Mỹ đạt khoảng 6,23 USD/gallon, và có ảnh hưởng đến chi phí nhiên liệu và lạm phát trước các cuộc bầu cử giữa kỳ ở Mỹ.","tổng thống hoa kỳ donald trump ngày mười bốn tháng chín đăng trên truth social rằng ukraine và nga đã đồng ý không tấn công các mục tiêu năng lượng.
của nhau, ông viết rằng ukraine đã đồng ý không tấn công các mục tiêu năng lượng của nga và nga cũng đã đồng ý làm như vậy, và cho rằng việc.
tăng giá diesel toàn cầu chủ yếu do chiến tranh nga ukraine chứ không phải do iran. trump trước đó đã kêu gọi tổng thống ukraine volodymyr.
zelenskyy ngừng các cuộc tấn công vào các nhà máy lọc dầu diesel của nga vì cho rằng điều này gây thiếu hụt nhiên liệu toàn cầu. tổng thống.
ukraine volodymyr zelenskyy nói ông không thuyết phục rằng nga sẽ tuân thủ thỏa thuận và cho biết kyiv sẵn sàng tạm dừng các cuộc tấn công.
vào cơ sở hạ tầng năng lượng của nga nếu các đối tác đảm bảo nga cũng làm như vậy. phát ngôn viên điện kremlin dmitry peskov của nga hoan.
nghênh lời kêu gọi của ông trump nhưng không khẳng định nga sẽ ngừng tấn công cơ sở hạ tầng năng lượng của ukraine. đặc phái viên hoa kỳ.
jared kushner và steve witkoff đã thăm moscow và kyiv để tìm kiếm các thỏa thuận hạn chế, trong khi các lệnh ngừng bắn do mỹ làm trung gian.
trước đó thường nhanh chóng sụp đổ. bài đăng của ông trump được đưa ra trong bối cảnh giá dầu và diesel tăng mạnh, với giá diesel trung bình.
tại mỹ đạt khoảng sáu phẩy hai ba <en>u s d</en> trên <en>gallon</en>, và có ảnh hưởng đến chi phí nhiên liệu và lạm phát trước các cuộc bầu cử giữa kỳ ở mỹ.",,tổng thống hoa kỳ donald trump ngày mười bốn tháng chín đăng trên truth social rằng ukraine và nga đã đồng ý không tấn công các mục tiêu năng lượng.,tổng thống hoa kỳ donald trump ngày mười bốn tháng chín đăng trên truth social rằng ukraine và nga đã đồng ý không tấn công các mục tiêu năng lượng.,True,t̪ˈo4ŋ tˈoɜŋ hwˈaː kˈi2 dˈɑːnəld tɹˈʌmp ŋˈa2j mˈyə2j bˈoɜn tˈaːɜŋ tʃˈiɜn ɗˈaŋ tʃˈen tɹˈuːθ sˈoʊʃəl ɹˈa2ŋ juːkɹˈeɪn vˌaː2 ŋˈaː ɗˌaː5 ɗˈo2ŋ ˈiɜ xˌoŋ t̪ˈəɜn kˈoŋ kˌaːɜc mˈu6c t̪ˈiɛw nˈaŋ lˈyə6ŋ.,t̪ˈo4ŋ tˈoɜŋ hwˈaː kˈi2 dˈɑːnəld tɹˈʌmp ŋˈa2j mˈyə2j bˈoɜn tˈaːɜŋ tʃˈiɜn ɗˈaŋ tʃˈen tɹˈuːθ sˈoʊʃəl ɹˈa2ŋ juːkɹˈeɪn vˌaː2 ŋˈaː ɗˌaː5 ɗˈo2ŋ ˈiɜ xˌoŋ t̪ˈəɜn kˈoŋ kˌaːɜc mˈu6c t̪ˈiɛw nˈaŋ lˈyə6ŋ.,para,40F0AEAE73021A4C6447FDD39D345638AFA6AB0FE55D4F596E69E3D5E8B5F163
danhgia_tts.txt,danhgia_tts-001,Văn bản 1,danhgia_tts-001-c002,2,"Tổng thống Hoa Kỳ Donald Trump ngày 14 tháng 9 đăng trên Truth Social rằng Ukraine và Nga đã đồng ý không tấn công các mục tiêu năng lượng
của nhau. Ông viết rằng Ukraine đã đồng ý không tấn công các mục tiêu năng lượng của Nga và Nga cũng đã đồng ý làm như vậy, và cho rằng việc
tăng giá diesel toàn cầu chủ yếu do chiến tranh Nga-Ukraine chứ không phải do Iran. Trump trước đó đã kêu gọi Tổng thống Ukraine Volodymyr
Zelenskyy ngừng các cuộc tấn công vào các nhà máy lọc dầu diesel của Nga vì cho rằng điều này gây thiếu hụt nhiên liệu toàn cầu. Tổng thống
Ukraine Volodymyr Zelenskyy nói ông ""không thuyết phục"" rằng Nga sẽ tuân thủ thỏa thuận và cho biết Kyiv sẵn sàng tạm dừng các cuộc tấn công
vào cơ sở hạ tầng năng lượng của Nga nếu các đối tác đảm bảo Nga cũng làm như vậy. Phát ngôn viên Điện Kremlin Dmitry Peskov của Nga hoan
nghênh lời kêu gọi của ông Trump nhưng không khẳng định Nga sẽ ngừng tấn công cơ sở hạ tầng năng lượng của Ukraine. Đặc phái viên Hoa Kỳ
Jared Kushner và Steve Witkoff đã thăm Moscow và Kyiv để tìm kiếm các thỏa thuận hạn chế, trong khi các lệnh ngừng bắn do Mỹ làm trung gian
trước đó thường nhanh chóng sụp đổ. Bài đăng của ông Trump được đưa ra trong bối cảnh giá dầu và diesel tăng mạnh, với giá diesel trung bình
tại Mỹ đạt khoảng 6,23 USD/gallon, và có ảnh hưởng đến chi phí nhiên liệu và lạm phát trước các cuộc bầu cử giữa kỳ ở Mỹ.","tổng thống hoa kỳ donald trump ngày mười bốn tháng chín đăng trên truth social rằng ukraine và nga đã đồng ý không tấn công các mục tiêu năng lượng.
của nhau, ông viết rằng ukraine đã đồng ý không tấn công các mục tiêu năng lượng của nga và nga cũng đã đồng ý làm như vậy, và cho rằng việc.
tăng giá diesel toàn cầu chủ yếu do chiến tranh nga ukraine chứ không phải do iran. trump trước đó đã kêu gọi tổng thống ukraine volodymyr.
zelenskyy ngừng các cuộc tấn công vào các nhà máy lọc dầu diesel của nga vì cho rằng điều này gây thiếu hụt nhiên liệu toàn cầu. tổng thống.
ukraine volodymyr zelenskyy nói ông không thuyết phục rằng nga sẽ tuân thủ thỏa thuận và cho biết kyiv sẵn sàng tạm dừng các cuộc tấn công.
vào cơ sở hạ tầng năng lượng của nga nếu các đối tác đảm bảo nga cũng làm như vậy. phát ngôn viên điện kremlin dmitry peskov của nga hoan.
nghênh lời kêu gọi của ông trump nhưng không khẳng định nga sẽ ngừng tấn công cơ sở hạ tầng năng lượng của ukraine. đặc phái viên hoa kỳ.
jared kushner và steve witkoff đã thăm moscow và kyiv để tìm kiếm các thỏa thuận hạn chế, trong khi các lệnh ngừng bắn do mỹ làm trung gian.
trước đó thường nhanh chóng sụp đổ. bài đăng của ông trump được đưa ra trong bối cảnh giá dầu và diesel tăng mạnh, với giá diesel trung bình.
tại mỹ đạt khoảng sáu phẩy hai ba <en>u s d</en> trên <en>gallon</en>, và có ảnh hưởng đến chi phí nhiên liệu và lạm phát trước các cuộc bầu cử giữa kỳ ở mỹ.",,"của nhau, ông viết rằng ukraine đã đồng ý không tấn công các mục tiêu năng lượng của nga và nga cũng đã đồng ý làm như vậy, và cho rằng việc.","của nhau, ông viết rằng ukraine đã đồng ý không tấn công các mục tiêu năng lượng của nga và nga cũng đã đồng ý làm như vậy, và cho rằng việc.",True,"kˌuə4 ɲˈaw, ˈoŋ vˈiɛɜt̪ ɹˈa2ŋ juːkɹˈeɪn ɗˌaː5 ɗˈo2ŋ ˈiɜ xˌoŋ t̪ˈəɜn kˈoŋ kˌaːɜc mˈu6c t̪ˈiɛw nˈaŋ lˈyə6ŋ kˌuə4 ŋˈaː vˌaː2 ŋˈaː kˈu5ŋ ɗˌaː5 ɗˈo2ŋ ˈiɜ lˈaː2m ɲˌy vˈəɪ6, vˌaː2 tʃˌɔ ɹˈa2ŋ vˈiɛ6c.","kˌuə4 ɲˈaw, ˈoŋ vˈiɛɜt̪ ɹˈa2ŋ juːkɹˈeɪn ɗˌaː5 ɗˈo2ŋ ˈiɜ xˌoŋ t̪ˈəɜn kˈoŋ kˌaːɜc mˈu6c t̪ˈiɛw nˈaŋ lˈyə6ŋ kˌuə4 ŋˈaː vˌaː2 ŋˈaː kˈu5ŋ ɗˌaː5 ɗˈo2ŋ ˈiɜ lˈaː2m ɲˌy vˈəɪ6, vˌaː2 tʃˌɔ ɹˈa2ŋ vˈiɛ6c.",para,40F0AEAE73021A4C6447FDD39D345638AFA6AB0FE55D4F596E69E3D5E8B5F163
danhgia_tts.txt,danhgia_tts-001,Văn bản 1,danhgia_tts-001-c003,3,"Tổng thống Hoa Kỳ Donald Trump ngày 14 tháng 9 đăng trên Truth Social rằng Ukraine và Nga đã đồng ý không tấn công các mục tiêu năng lượng
của nhau. Ông viết rằng Ukraine đã đồng ý không tấn công các mục tiêu năng lượng của Nga và Nga cũng đã đồng ý làm như vậy, và cho rằng việc
tăng giá diesel toàn cầu chủ yếu do chiến tranh Nga-Ukraine chứ không phải do Iran. Trump trước đó đã kêu gọi Tổng thống Ukraine Volodymyr
Zelenskyy ngừng các cuộc tấn công vào các nhà máy lọc dầu diesel của Nga vì cho rằng điều này gây thiếu hụt nhiên liệu toàn cầu. Tổng thống
Ukraine Volodymyr Zelenskyy nói ông ""không thuyết phục"" rằng Nga sẽ tuân thủ thỏa thuận và cho biết Kyiv sẵn sàng tạm dừng các cuộc tấn công
vào cơ sở hạ tầng năng lượng của Nga nếu các đối tác đảm bảo Nga cũng làm như vậy. Phát ngôn viên Điện Kremlin Dmitry Peskov của Nga hoan
nghênh lời kêu gọi của ông Trump nhưng không khẳng định Nga sẽ ngừng tấn công cơ sở hạ tầng năng lượng của Ukraine. Đặc phái viên Hoa Kỳ
Jared Kushner và Steve Witkoff đã thăm Moscow và Kyiv để tìm kiếm các thỏa thuận hạn chế, trong khi các lệnh ngừng bắn do Mỹ làm trung gian
trước đó thường nhanh chóng sụp đổ. Bài đăng của ông Trump được đưa ra trong bối cảnh giá dầu và diesel tăng mạnh, với giá diesel trung bình
tại Mỹ đạt khoảng 6,23 USD/gallon, và có ảnh hưởng đến chi phí nhiên liệu và lạm phát trước các cuộc bầu cử giữa kỳ ở Mỹ.","tổng thống hoa kỳ donald trump ngày mười bốn tháng chín đăng trên truth social rằng ukraine và nga đã đồng ý không tấn công các mục tiêu năng lượng.
của nhau, ông viết rằng ukraine đã đồng ý không tấn công các mục tiêu năng lượng của nga và nga cũng đã đồng ý làm như vậy, và cho rằng việc.
tăng giá diesel toàn cầu chủ yếu do chiến tranh nga ukraine chứ không phải do iran. trump trước đó đã kêu gọi tổng thống ukraine volodymyr.
zelenskyy ngừng các cuộc tấn công vào các nhà máy lọc dầu diesel của nga vì cho rằng điều này gây thiếu hụt nhiên liệu toàn cầu. tổng thống.
ukraine volodymyr zelenskyy nói ông không thuyết phục rằng nga sẽ tuân thủ thỏa thuận và cho biết kyiv sẵn sàng tạm dừng các cuộc tấn công.
vào cơ sở hạ tầng năng lượng của nga nếu các đối tác đảm bảo nga cũng làm như vậy. phát ngôn viên điện kremlin dmitry peskov của nga hoan.
nghênh lời kêu gọi của ông trump nhưng không khẳng định nga sẽ ngừng tấn công cơ sở hạ tầng năng lượng của ukraine. đặc phái viên hoa kỳ.
jared kushner và steve witkoff đã thăm moscow và kyiv để tìm kiếm các thỏa thuận hạn chế, trong khi các lệnh ngừng bắn do mỹ làm trung gian.
trước đó thường nhanh chóng sụp đổ. bài đăng của ông trump được đưa ra trong bối cảnh giá dầu và diesel tăng mạnh, với giá diesel trung bình.
tại mỹ đạt khoảng sáu phẩy hai ba <en>u s d</en> trên <en>gallon</en>, và có ảnh hưởng đến chi phí nhiên liệu và lạm phát trước các cuộc bầu cử giữa kỳ ở mỹ.",,tăng giá diesel toàn cầu chủ yếu do chiến tranh nga ukraine chứ không phải do iran. trump trước đó đã kêu gọi tổng thống ukraine volodymyr.,tăng giá diesel toàn cầu chủ yếu do chiến tranh nga ukraine chứ không phải do iran. trump trước đó đã kêu gọi tổng thống ukraine volodymyr.,True,t̪ˈaŋ zˈaːɜ dˈiːzəl t̪wˈaː2n kˈə2w tʃˈu4 ˈiɛɜw zˈɔ tʃˈiɛɜn tʃˈe-ɲ ŋˈaː juːkɹˈeɪn tʃˈyɜ xˌoŋ fˌaː4j dˈuː ɪɹˈæn. tɹˈʌmp tʃˈyəɜc ɗˈɔɜ ɗˌaː5 kˈe1w ɣˈɔ6j t̪ˈo4ŋ tˈoɜŋ juːkɹˈeɪn vˈɑːlədˌɪmɚ.,t̪ˈaŋ zˈaːɜ dˈiːzəl t̪wˈaː2n kˈə2w tʃˈu4 ˈiɛɜw zˈɔ tʃˈiɛɜn tʃˈe-ɲ ŋˈaː juːkɹˈeɪn tʃˈyɜ xˌoŋ fˌaː4j dˈuː ɪɹˈæn. tɹˈʌmp tʃˈyəɜc ɗˈɔɜ ɗˌaː5 kˈe1w ɣˈɔ6j t̪ˈo4ŋ tˈoɜŋ juːkɹˈeɪn vˈɑːlədˌɪmɚ.,para,40F0AEAE73021A4C6447FDD39D345638AFA6AB0FE55D4F596E69E3D5E8B5F163
danhgia_tts.txt,danhgia_tts-001,Văn bản 1,danhgia_tts-001-c004,4,"Tổng thống Hoa Kỳ Donald Trump ngày 14 tháng 9 đăng trên Truth Social rằng Ukraine và Nga đã đồng ý không tấn công các mục tiêu năng lượng
của nhau. Ông viết rằng Ukraine đã đồng ý không tấn công các mục tiêu năng lượng của Nga và Nga cũng đã đồng ý làm như vậy, và cho rằng việc
tăng giá diesel toàn cầu chủ yếu do chiến tranh Nga-Ukraine chứ không phải do Iran. Trump trước đó đã kêu gọi Tổng thống Ukraine Volodymyr
Zelenskyy ngừng các cuộc tấn công vào các nhà máy lọc dầu diesel của Nga vì cho rằng điều này gây thiếu hụt nhiên liệu toàn cầu. Tổng thống
Ukraine Volodymyr Zelenskyy nói ông ""không thuyết phục"" rằng Nga sẽ tuân thủ thỏa thuận và cho biết Kyiv sẵn sàng tạm dừng các cuộc tấn công
vào cơ sở hạ tầng năng lượng của Nga nếu các đối tác đảm bảo Nga cũng làm như vậy. Phát ngôn viên Điện Kremlin Dmitry Peskov của Nga hoan
nghênh lời kêu gọi của ông Trump nhưng không khẳng định Nga sẽ ngừng tấn công cơ sở hạ tầng năng lượng của Ukraine. Đặc phái viên Hoa Kỳ
Jared Kushner và Steve Witkoff đã thăm Moscow và Kyiv để tìm kiếm các thỏa thuận hạn chế, trong khi các lệnh ngừng bắn do Mỹ làm trung gian
trước đó thường nhanh chóng sụp đổ. Bài đăng của ông Trump được đưa ra trong bối cảnh giá dầu và diesel tăng mạnh, với giá diesel trung bình
tại Mỹ đạt khoảng 6,23 USD/gallon, và có ảnh hưởng đến chi phí nhiên liệu và lạm phát trước các cuộc bầu cử giữa kỳ ở Mỹ.","tổng thống hoa kỳ donald trump ngày mười bốn tháng chín đăng trên truth social rằng ukraine và nga đã đồng ý không tấn công các mục tiêu năng lượng.
của nhau, ông viết rằng ukraine đã đồng ý không tấn công các mục tiêu năng lượng của nga và nga cũng đã đồng ý làm như vậy, và cho rằng việc.
tăng giá diesel toàn cầu chủ yếu do chiến tranh nga ukraine chứ không phải do iran. trump trước đó đã kêu gọi tổng thống ukraine volodymyr.
zelenskyy ngừng các cuộc tấn công vào các nhà máy lọc dầu diesel của nga vì cho rằng điều này gây thiếu hụt nhiên liệu toàn cầu. tổng thống.
ukraine volodymyr zelenskyy nói ông không thuyết phục rằng nga sẽ tuân thủ thỏa thuận và cho biết kyiv sẵn sàng tạm dừng các cuộc tấn công.
vào cơ sở hạ tầng năng lượng của nga nếu các đối tác đảm bảo nga cũng làm như vậy. phát ngôn viên điện kremlin dmitry peskov của nga hoan.
nghênh lời kêu gọi của ông trump nhưng không khẳng định nga sẽ ngừng tấn công cơ sở hạ tầng năng lượng của ukraine. đặc phái viên hoa kỳ.
jared kushner và steve witkoff đã thăm moscow và kyiv để tìm kiếm các thỏa thuận hạn chế, trong khi các lệnh ngừng bắn do mỹ làm trung gian.
trước đó thường nhanh chóng sụp đổ. bài đăng của ông trump được đưa ra trong bối cảnh giá dầu và diesel tăng mạnh, với giá diesel trung bình.
tại mỹ đạt khoảng sáu phẩy hai ba <en>u s d</en> trên <en>gallon</en>, và có ảnh hưởng đến chi phí nhiên liệu và lạm phát trước các cuộc bầu cử giữa kỳ ở mỹ.",,zelenskyy ngừng các cuộc tấn công vào các nhà máy lọc dầu diesel của nga vì cho rằng điều này gây thiếu hụt nhiên liệu toàn cầu. tổng thống.,zelenskyy ngừng các cuộc tấn công vào các nhà máy lọc dầu diesel của nga vì cho rằng điều này gây thiếu hụt nhiên liệu toàn cầu. tổng thống.,True,zˈɛlənskɪi ŋˈy2ŋ kˌaːɜc kˈuə6c t̪ˈəɜn kˈoŋ vˈaː2w kˌaːɜc ɲˈaː2 mˈaɜj lˈɔ6k zˈə2w dˈiːzəl kˌuə4 ŋˈaː vˌi2 tʃˌɔ ɹˈa2ŋ ɗˈiɛ2w nˈa2j ɣˈəɪ tˈiɛɜw hˈu6t̪ ɲˈiɛn lˈiɛ6w t̪wˈaː2n kˈə2w. t̪ˈo4ŋ tˈoɜŋ.,zˈɛlənskɪi ŋˈy2ŋ kˌaːɜc kˈuə6c t̪ˈəɜn kˈoŋ vˈaː2w kˌaːɜc ɲˈaː2 mˈaɜj lˈɔ6k zˈə2w dˈiːzəl kˌuə4 ŋˈaː vˌi2 tʃˌɔ ɹˈa2ŋ ɗˈiɛ2w nˈa2j ɣˈəɪ tˈiɛɜw hˈu6t̪ ɲˈiɛn lˈiɛ6w t̪wˈaː2n kˈə2w. t̪ˈo4ŋ tˈoɜŋ.,para,40F0AEAE73021A4C6447FDD39D345638AFA6AB0FE55D4F596E69E3D5E8B5F163
danhgia_tts.txt,danhgia_tts-001,Văn bản 1,danhgia_tts-001-c005,5,"Tổng thống Hoa Kỳ Donald Trump ngày 14 tháng 9 đăng trên Truth Social rằng Ukraine và Nga đã đồng ý không tấn công các mục tiêu năng lượng
của nhau. Ông viết rằng Ukraine đã đồng ý không tấn công các mục tiêu năng lượng của Nga và Nga cũng đã đồng ý làm như vậy, và cho rằng việc
tăng giá diesel toàn cầu chủ yếu do chiến tranh Nga-Ukraine chứ không phải do Iran. Trump trước đó đã kêu gọi Tổng thống Ukraine Volodymyr
Zelenskyy ngừng các cuộc tấn công vào các nhà máy lọc dầu diesel của Nga vì cho rằng điều này gây thiếu hụt nhiên liệu toàn cầu. Tổng thống
Ukraine Volodymyr Zelenskyy nói ông ""không thuyết phục"" rằng Nga sẽ tuân thủ thỏa thuận và cho biết Kyiv sẵn sàng tạm dừng các cuộc tấn công
vào cơ sở hạ tầng năng lượng của Nga nếu các đối tác đảm bảo Nga cũng làm như vậy. Phát ngôn viên Điện Kremlin Dmitry Peskov của Nga hoan
nghênh lời kêu gọi của ông Trump nhưng không khẳng định Nga sẽ ngừng tấn công cơ sở hạ tầng năng lượng của Ukraine. Đặc phái viên Hoa Kỳ
Jared Kushner và Steve Witkoff đã thăm Moscow và Kyiv để tìm kiếm các thỏa thuận hạn chế, trong khi các lệnh ngừng bắn do Mỹ làm trung gian
trước đó thường nhanh chóng sụp đổ. Bài đăng của ông Trump được đưa ra trong bối cảnh giá dầu và diesel tăng mạnh, với giá diesel trung bình
tại Mỹ đạt khoảng 6,23 USD/gallon, và có ảnh hưởng đến chi phí nhiên liệu và lạm phát trước các cuộc bầu cử giữa kỳ ở Mỹ.","tổng thống hoa kỳ donald trump ngày mười bốn tháng chín đăng trên truth social rằng ukraine và nga đã đồng ý không tấn công các mục tiêu năng lượng.
của nhau, ông viết rằng ukraine đã đồng ý không tấn công các mục tiêu năng lượng của nga và nga cũng đã đồng ý làm như vậy, và cho rằng việc.
tăng giá diesel toàn cầu chủ yếu do chiến tranh nga ukraine chứ không phải do iran. trump trước đó đã kêu gọi tổng thống ukraine volodymyr.
zelenskyy ngừng các cuộc tấn công vào các nhà máy lọc dầu diesel của nga vì cho rằng điều này gây thiếu hụt nhiên liệu toàn cầu. tổng thống.
ukraine volodymyr zelenskyy nói ông không thuyết phục rằng nga sẽ tuân thủ thỏa thuận và cho biết kyiv sẵn sàng tạm dừng các cuộc tấn công.
vào cơ sở hạ tầng năng lượng của nga nếu các đối tác đảm bảo nga cũng làm như vậy. phát ngôn viên điện kremlin dmitry peskov của nga hoan.
nghênh lời kêu gọi của ông trump nhưng không khẳng định nga sẽ ngừng tấn công cơ sở hạ tầng năng lượng của ukraine. đặc phái viên hoa kỳ.
jared kushner và steve witkoff đã thăm moscow và kyiv để tìm kiếm các thỏa thuận hạn chế, trong khi các lệnh ngừng bắn do mỹ làm trung gian.
trước đó thường nhanh chóng sụp đổ. bài đăng của ông trump được đưa ra trong bối cảnh giá dầu và diesel tăng mạnh, với giá diesel trung bình.
tại mỹ đạt khoảng sáu phẩy hai ba <en>u s d</en> trên <en>gallon</en>, và có ảnh hưởng đến chi phí nhiên liệu và lạm phát trước các cuộc bầu cử giữa kỳ ở mỹ.",,ukraine volodymyr zelenskyy nói ông không thuyết phục rằng nga sẽ tuân thủ thỏa thuận và cho biết kyiv sẵn sàng tạm dừng các cuộc tấn công.,ukraine volodymyr zelenskyy nói ông không thuyết phục rằng nga sẽ tuân thủ thỏa thuận và cho biết kyiv sẵn sàng tạm dừng các cuộc tấn công.,True,juːkɹˈeɪn vˈɑːlədˌɪmɚ zˈɛlənskɪi nˈɔɜj ˈoŋ xˌoŋ twˈiɛɜt̪ fˈu6c ɹˈa2ŋ ŋˈaː sˌɛ5 t̪wˈən tˈu4 twˈaː4 twˈə6n vˌaː2 tʃˌɔ bˈiɛɜt̪ kjˈɪv sˈa5n sˈaː2ŋ t̪ˈaː6m zˈy2ŋ kˌaːɜc kˈuə6c t̪ˈəɜn kˈoŋ.,juːkɹˈeɪn vˈɑːlədˌɪmɚ zˈɛlənskɪi nˈɔɜj ˈoŋ xˌoŋ twˈiɛɜt̪ fˈu6c ɹˈa2ŋ ŋˈaː sˌɛ5 t̪wˈən tˈu4 twˈaː4 twˈə6n vˌaː2 tʃˌɔ bˈiɛɜt̪ kjˈɪv sˈa5n sˈaː2ŋ t̪ˈaː6m zˈy2ŋ kˌaːɜc kˈuə6c t̪ˈəɜn kˈoŋ.,para,40F0AEAE73021A4C6447FDD39D345638AFA6AB0FE55D4F596E69E3D5E8B5F163
danhgia_tts.txt,danhgia_tts-001,Văn bản 1,danhgia_tts-001-c006,6,"Tổng thống Hoa Kỳ Donald Trump ngày 14 tháng 9 đăng trên Truth Social rằng Ukraine và Nga đã đồng ý không tấn công các mục tiêu năng lượng
của nhau. Ông viết rằng Ukraine đã đồng ý không tấn công các mục tiêu năng lượng của Nga và Nga cũng đã đồng ý làm như vậy, và cho rằng việc
tăng giá diesel toàn cầu chủ yếu do chiến tranh Nga-Ukraine chứ không phải do Iran. Trump trước đó đã kêu gọi Tổng thống Ukraine Volodymyr
Zelenskyy ngừng các cuộc tấn công vào các nhà máy lọc dầu diesel của Nga vì cho rằng điều này gây thiếu hụt nhiên liệu toàn cầu. Tổng thống
Ukraine Volodymyr Zelenskyy nói ông ""không thuyết phục"" rằng Nga sẽ tuân thủ thỏa thuận và cho biết Kyiv sẵn sàng tạm dừng các cuộc tấn công
vào cơ sở hạ tầng năng lượng của Nga nếu các đối tác đảm bảo Nga cũng làm như vậy. Phát ngôn viên Điện Kremlin Dmitry Peskov của Nga hoan
nghênh lời kêu gọi của ông Trump nhưng không khẳng định Nga sẽ ngừng tấn công cơ sở hạ tầng năng lượng của Ukraine. Đặc phái viên Hoa Kỳ
Jared Kushner và Steve Witkoff đã thăm Moscow và Kyiv để tìm kiếm các thỏa thuận hạn chế, trong khi các lệnh ngừng bắn do Mỹ làm trung gian
trước đó thường nhanh chóng sụp đổ. Bài đăng của ông Trump được đưa ra trong bối cảnh giá dầu và diesel tăng mạnh, với giá diesel trung bình
tại Mỹ đạt khoảng 6,23 USD/gallon, và có ảnh hưởng đến chi phí nhiên liệu và lạm phát trước các cuộc bầu cử giữa kỳ ở Mỹ.","tổng thống hoa kỳ donald trump ngày mười bốn tháng chín đăng trên truth social rằng ukraine và nga đã đồng ý không tấn công các mục tiêu năng lượng.
của nhau, ông viết rằng ukraine đã đồng ý không tấn công các mục tiêu năng lượng của nga và nga cũng đã đồng ý làm như vậy, và cho rằng việc.
tăng giá diesel toàn cầu chủ yếu do chiến tranh nga ukraine chứ không phải do iran. trump trước đó đã kêu gọi tổng thống ukraine volodymyr.
zelenskyy ngừng các cuộc tấn công vào các nhà máy lọc dầu diesel của nga vì cho rằng điều này gây thiếu hụt nhiên liệu toàn cầu. tổng thống.
ukraine volodymyr zelenskyy nói ông không thuyết phục rằng nga sẽ tuân thủ thỏa thuận và cho biết kyiv sẵn sàng tạm dừng các cuộc tấn công.
vào cơ sở hạ tầng năng lượng của nga nếu các đối tác đảm bảo nga cũng làm như vậy. phát ngôn viên điện kremlin dmitry peskov của nga hoan.
nghênh lời kêu gọi của ông trump nhưng không khẳng định nga sẽ ngừng tấn công cơ sở hạ tầng năng lượng của ukraine. đặc phái viên hoa kỳ.
jared kushner và steve witkoff đã thăm moscow và kyiv để tìm kiếm các thỏa thuận hạn chế, trong khi các lệnh ngừng bắn do mỹ làm trung gian.
trước đó thường nhanh chóng sụp đổ. bài đăng của ông trump được đưa ra trong bối cảnh giá dầu và diesel tăng mạnh, với giá diesel trung bình.
tại mỹ đạt khoảng sáu phẩy hai ba <en>u s d</en> trên <en>gallon</en>, và có ảnh hưởng đến chi phí nhiên liệu và lạm phát trước các cuộc bầu cử giữa kỳ ở mỹ.",,vào cơ sở hạ tầng năng lượng của nga nếu các đối tác đảm bảo nga cũng làm như vậy. phát ngôn viên điện kremlin dmitry peskov của nga hoan.,vào cơ sở hạ tầng năng lượng của nga nếu các đối tác đảm bảo nga cũng làm như vậy. phát ngôn viên điện kremlin dmitry peskov của nga hoan.,True,vˈaː2w kˈəː sˈəː4 hˈaː6 t̪ˈə2ŋ nˈaŋ lˈyə6ŋ kˌuə4 ŋˈaː nˌeɜw kˌaːɜc ɗˈoɜj t̪ˈaːɜc ɗˈaː4m bˈaː4w ŋˈaː kˈu5ŋ lˈaː2m ɲˌy vˈəɪ6. fˈaːɜt̪ ŋˈon vˈiɛn ɗˈiɛ6n kɹˈɛmlɪn dəmˈiːtɹi pˈɛskɑːv kˌuə4 ŋˈaː hwˈaːn.,vˈaː2w kˈəː sˈəː4 hˈaː6 t̪ˈə2ŋ nˈaŋ lˈyə6ŋ kˌuə4 ŋˈaː nˌeɜw kˌaːɜc ɗˈoɜj t̪ˈaːɜc ɗˈaː4m bˈaː4w ŋˈaː kˈu5ŋ lˈaː2m ɲˌy vˈəɪ6. fˈaːɜt̪ ŋˈon vˈiɛn ɗˈiɛ6n kɹˈɛmlɪn dəmˈiːtɹi pˈɛskɑːv kˌuə4 ŋˈaː hwˈaːn.,para,40F0AEAE73021A4C6447FDD39D345638AFA6AB0FE55D4F596E69E3D5E8B5F163
danhgia_tts.txt,danhgia_tts-001,Văn bản 1,danhgia_tts-001-c007,7,"Tổng thống Hoa Kỳ Donald Trump ngày 14 tháng 9 đăng trên Truth Social rằng Ukraine và Nga đã đồng ý không tấn công các mục tiêu năng lượng
của nhau. Ông viết rằng Ukraine đã đồng ý không tấn công các mục tiêu năng lượng của Nga và Nga cũng đã đồng ý làm như vậy, và cho rằng việc
tăng giá diesel toàn cầu chủ yếu do chiến tranh Nga-Ukraine chứ không phải do Iran. Trump trước đó đã kêu gọi Tổng thống Ukraine Volodymyr
Zelenskyy ngừng các cuộc tấn công vào các nhà máy lọc dầu diesel của Nga vì cho rằng điều này gây thiếu hụt nhiên liệu toàn cầu. Tổng thống
Ukraine Volodymyr Zelenskyy nói ông ""không thuyết phục"" rằng Nga sẽ tuân thủ thỏa thuận và cho biết Kyiv sẵn sàng tạm dừng các cuộc tấn công
vào cơ sở hạ tầng năng lượng của Nga nếu các đối tác đảm bảo Nga cũng làm như vậy. Phát ngôn viên Điện Kremlin Dmitry Peskov của Nga hoan
nghênh lời kêu gọi của ông Trump nhưng không khẳng định Nga sẽ ngừng tấn công cơ sở hạ tầng năng lượng của Ukraine. Đặc phái viên Hoa Kỳ
Jared Kushner và Steve Witkoff đã thăm Moscow và Kyiv để tìm kiếm các thỏa thuận hạn chế, trong khi các lệnh ngừng bắn do Mỹ làm trung gian
trước đó thường nhanh chóng sụp đổ. Bài đăng của ông Trump được đưa ra trong bối cảnh giá dầu và diesel tăng mạnh, với giá diesel trung bình
tại Mỹ đạt khoảng 6,23 USD/gallon, và có ảnh hưởng đến chi phí nhiên liệu và lạm phát trước các cuộc bầu cử giữa kỳ ở Mỹ.","tổng thống hoa kỳ donald trump ngày mười bốn tháng chín đăng trên truth social rằng ukraine và nga đã đồng ý không tấn công các mục tiêu năng lượng.
của nhau, ông viết rằng ukraine đã đồng ý không tấn công các mục tiêu năng lượng của nga và nga cũng đã đồng ý làm như vậy, và cho rằng việc.
tăng giá diesel toàn cầu chủ yếu do chiến tranh nga ukraine chứ không phải do iran. trump trước đó đã kêu gọi tổng thống ukraine volodymyr.
zelenskyy ngừng các cuộc tấn công vào các nhà máy lọc dầu diesel của nga vì cho rằng điều này gây thiếu hụt nhiên liệu toàn cầu. tổng thống.
ukraine volodymyr zelenskyy nói ông không thuyết phục rằng nga sẽ tuân thủ thỏa thuận và cho biết kyiv sẵn sàng tạm dừng các cuộc tấn công.
vào cơ sở hạ tầng năng lượng của nga nếu các đối tác đảm bảo nga cũng làm như vậy. phát ngôn viên điện kremlin dmitry peskov của nga hoan.
nghênh lời kêu gọi của ông trump nhưng không khẳng định nga sẽ ngừng tấn công cơ sở hạ tầng năng lượng của ukraine. đặc phái viên hoa kỳ.
jared kushner và steve witkoff đã thăm moscow và kyiv để tìm kiếm các thỏa thuận hạn chế, trong khi các lệnh ngừng bắn do mỹ làm trung gian.
trước đó thường nhanh chóng sụp đổ. bài đăng của ông trump được đưa ra trong bối cảnh giá dầu và diesel tăng mạnh, với giá diesel trung bình.
tại mỹ đạt khoảng sáu phẩy hai ba <en>u s d</en> trên <en>gallon</en>, và có ảnh hưởng đến chi phí nhiên liệu và lạm phát trước các cuộc bầu cử giữa kỳ ở mỹ.",,nghênh lời kêu gọi của ông trump nhưng không khẳng định nga sẽ ngừng tấn công cơ sở hạ tầng năng lượng của ukraine. đặc phái viên hoa kỳ.,nghênh lời kêu gọi của ông trump nhưng không khẳng định nga sẽ ngừng tấn công cơ sở hạ tầng năng lượng của ukraine. đặc phái viên hoa kỳ.,True,ŋˈeɲ lˈəː2j kˈe1w ɣˈɔ6j kˌuə4 ˈoŋ tɹˈʌmp ɲˌyŋ xˌoŋ xˈa4ŋ ɗˈi6ɲ ŋˈaː sˌɛ5 ŋˈy2ŋ t̪ˈəɜn kˈoŋ kˈəː sˈəː4 hˈaː6 t̪ˈə2ŋ nˈaŋ lˈyə6ŋ kˌuə4 juːkɹˈeɪn. ɗˈa6c fˈaːɜj vˈiɛn hwˈaː kˈi2.,ŋˈeɲ lˈəː2j kˈe1w ɣˈɔ6j kˌuə4 ˈoŋ tɹˈʌmp ɲˌyŋ xˌoŋ xˈa4ŋ ɗˈi6ɲ ŋˈaː sˌɛ5 ŋˈy2ŋ t̪ˈəɜn kˈoŋ kˈəː sˈəː4 hˈaː6 t̪ˈə2ŋ nˈaŋ lˈyə6ŋ kˌuə4 juːkɹˈeɪn. ɗˈa6c fˈaːɜj vˈiɛn hwˈaː kˈi2.,para,40F0AEAE73021A4C6447FDD39D345638AFA6AB0FE55D4F596E69E3D5E8B5F163
danhgia_tts.txt,danhgia_tts-001,Văn bản 1,danhgia_tts-001-c008,8,"Tổng thống Hoa Kỳ Donald Trump ngày 14 tháng 9 đăng trên Truth Social rằng Ukraine và Nga đã đồng ý không tấn công các mục tiêu năng lượng
của nhau. Ông viết rằng Ukraine đã đồng ý không tấn công các mục tiêu năng lượng của Nga và Nga cũng đã đồng ý làm như vậy, và cho rằng việc
tăng giá diesel toàn cầu chủ yếu do chiến tranh Nga-Ukraine chứ không phải do Iran. Trump trước đó đã kêu gọi Tổng thống Ukraine Volodymyr
Zelenskyy ngừng các cuộc tấn công vào các nhà máy lọc dầu diesel của Nga vì cho rằng điều này gây thiếu hụt nhiên liệu toàn cầu. Tổng thống
Ukraine Volodymyr Zelenskyy nói ông ""không thuyết phục"" rằng Nga sẽ tuân thủ thỏa thuận và cho biết Kyiv sẵn sàng tạm dừng các cuộc tấn công
vào cơ sở hạ tầng năng lượng của Nga nếu các đối tác đảm bảo Nga cũng làm như vậy. Phát ngôn viên Điện Kremlin Dmitry Peskov của Nga hoan
nghênh lời kêu gọi của ông Trump nhưng không khẳng định Nga sẽ ngừng tấn công cơ sở hạ tầng năng lượng của Ukraine. Đặc phái viên Hoa Kỳ
Jared Kushner và Steve Witkoff đã thăm Moscow và Kyiv để tìm kiếm các thỏa thuận hạn chế, trong khi các lệnh ngừng bắn do Mỹ làm trung gian
trước đó thường nhanh chóng sụp đổ. Bài đăng của ông Trump được đưa ra trong bối cảnh giá dầu và diesel tăng mạnh, với giá diesel trung bình
tại Mỹ đạt khoảng 6,23 USD/gallon, và có ảnh hưởng đến chi phí nhiên liệu và lạm phát trước các cuộc bầu cử giữa kỳ ở Mỹ.","tổng thống hoa kỳ donald trump ngày mười bốn tháng chín đăng trên truth social rằng ukraine và nga đã đồng ý không tấn công các mục tiêu năng lượng.
của nhau, ông viết rằng ukraine đã đồng ý không tấn công các mục tiêu năng lượng của nga và nga cũng đã đồng ý làm như vậy, và cho rằng việc.
tăng giá diesel toàn cầu chủ yếu do chiến tranh nga ukraine chứ không phải do iran. trump trước đó đã kêu gọi tổng thống ukraine volodymyr.
zelenskyy ngừng các cuộc tấn công vào các nhà máy lọc dầu diesel của nga vì cho rằng điều này gây thiếu hụt nhiên liệu toàn cầu. tổng thống.
ukraine volodymyr zelenskyy nói ông không thuyết phục rằng nga sẽ tuân thủ thỏa thuận và cho biết kyiv sẵn sàng tạm dừng các cuộc tấn công.
vào cơ sở hạ tầng năng lượng của nga nếu các đối tác đảm bảo nga cũng làm như vậy. phát ngôn viên điện kremlin dmitry peskov của nga hoan.
nghênh lời kêu gọi của ông trump nhưng không khẳng định nga sẽ ngừng tấn công cơ sở hạ tầng năng lượng của ukraine. đặc phái viên hoa kỳ.
jared kushner và steve witkoff đã thăm moscow và kyiv để tìm kiếm các thỏa thuận hạn chế, trong khi các lệnh ngừng bắn do mỹ làm trung gian.
trước đó thường nhanh chóng sụp đổ. bài đăng của ông trump được đưa ra trong bối cảnh giá dầu và diesel tăng mạnh, với giá diesel trung bình.
tại mỹ đạt khoảng sáu phẩy hai ba <en>u s d</en> trên <en>gallon</en>, và có ảnh hưởng đến chi phí nhiên liệu và lạm phát trước các cuộc bầu cử giữa kỳ ở mỹ.",,"jared kushner và steve witkoff đã thăm moscow và kyiv để tìm kiếm các thỏa thuận hạn chế, trong khi các lệnh ngừng bắn do mỹ làm trung gian.","jared kushner và steve witkoff đã thăm moscow và kyiv để tìm kiếm các thỏa thuận hạn chế, trong khi các lệnh ngừng bắn do mỹ làm trung gian.",True,"dʒˈæɹəd kˈʌʃnɚ vˌaː2 stˈiːv wˈɪtkɔf ɗˌaː5 tˈam mˈɑːskoʊ vˌaː2 kjˈɪv ɗˌe4 t̪ˈi2m kˈiɛɜm kˌaːɜc twˈaː4 twˈə6n hˈaː6n tʃˈeɜ, tʃˈɔŋ xˌi kˌaːɜc lˈe6ɲ ŋˈy2ŋ bˈaɜn zˈɔ mˈi5 lˈaː2m tʃˈuŋ zˈaːn.","dʒˈæɹəd kˈʌʃnɚ vˌaː2 stˈiːv wˈɪtkɔf ɗˌaː5 tˈam mˈɑːskoʊ vˌaː2 kjˈɪv ɗˌe4 t̪ˈi2m kˈiɛɜm kˌaːɜc twˈaː4 twˈə6n hˈaː6n tʃˈeɜ, tʃˈɔŋ xˌi kˌaːɜc lˈe6ɲ ŋˈy2ŋ bˈaɜn zˈɔ mˈi5 lˈaː2m tʃˈuŋ zˈaːn.",para,40F0AEAE73021A4C6447FDD39D345638AFA6AB0FE55D4F596E69E3D5E8B5F163
danhgia_tts.txt,danhgia_tts-001,Văn bản 1,danhgia_tts-001-c009,9,"Tổng thống Hoa Kỳ Donald Trump ngày 14 tháng 9 đăng trên Truth Social rằng Ukraine và Nga đã đồng ý không tấn công các mục tiêu năng lượng
của nhau. Ông viết rằng Ukraine đã đồng ý không tấn công các mục tiêu năng lượng của Nga và Nga cũng đã đồng ý làm như vậy, và cho rằng việc
tăng giá diesel toàn cầu chủ yếu do chiến tranh Nga-Ukraine chứ không phải do Iran. Trump trước đó đã kêu gọi Tổng thống Ukraine Volodymyr
Zelenskyy ngừng các cuộc tấn công vào các nhà máy lọc dầu diesel của Nga vì cho rằng điều này gây thiếu hụt nhiên liệu toàn cầu. Tổng thống
Ukraine Volodymyr Zelenskyy nói ông ""không thuyết phục"" rằng Nga sẽ tuân thủ thỏa thuận và cho biết Kyiv sẵn sàng tạm dừng các cuộc tấn công
vào cơ sở hạ tầng năng lượng của Nga nếu các đối tác đảm bảo Nga cũng làm như vậy. Phát ngôn viên Điện Kremlin Dmitry Peskov của Nga hoan
nghênh lời kêu gọi của ông Trump nhưng không khẳng định Nga sẽ ngừng tấn công cơ sở hạ tầng năng lượng của Ukraine. Đặc phái viên Hoa Kỳ
Jared Kushner và Steve Witkoff đã thăm Moscow và Kyiv để tìm kiếm các thỏa thuận hạn chế, trong khi các lệnh ngừng bắn do Mỹ làm trung gian
trước đó thường nhanh chóng sụp đổ. Bài đăng của ông Trump được đưa ra trong bối cảnh giá dầu và diesel tăng mạnh, với giá diesel trung bình
tại Mỹ đạt khoảng 6,23 USD/gallon, và có ảnh hưởng đến chi phí nhiên liệu và lạm phát trước các cuộc bầu cử giữa kỳ ở Mỹ.","tổng thống hoa kỳ donald trump ngày mười bốn tháng chín đăng trên truth social rằng ukraine và nga đã đồng ý không tấn công các mục tiêu năng lượng.
của nhau, ông viết rằng ukraine đã đồng ý không tấn công các mục tiêu năng lượng của nga và nga cũng đã đồng ý làm như vậy, và cho rằng việc.
tăng giá diesel toàn cầu chủ yếu do chiến tranh nga ukraine chứ không phải do iran. trump trước đó đã kêu gọi tổng thống ukraine volodymyr.
zelenskyy ngừng các cuộc tấn công vào các nhà máy lọc dầu diesel của nga vì cho rằng điều này gây thiếu hụt nhiên liệu toàn cầu. tổng thống.
ukraine volodymyr zelenskyy nói ông không thuyết phục rằng nga sẽ tuân thủ thỏa thuận và cho biết kyiv sẵn sàng tạm dừng các cuộc tấn công.
vào cơ sở hạ tầng năng lượng của nga nếu các đối tác đảm bảo nga cũng làm như vậy. phát ngôn viên điện kremlin dmitry peskov của nga hoan.
nghênh lời kêu gọi của ông trump nhưng không khẳng định nga sẽ ngừng tấn công cơ sở hạ tầng năng lượng của ukraine. đặc phái viên hoa kỳ.
jared kushner và steve witkoff đã thăm moscow và kyiv để tìm kiếm các thỏa thuận hạn chế, trong khi các lệnh ngừng bắn do mỹ làm trung gian.
trước đó thường nhanh chóng sụp đổ. bài đăng của ông trump được đưa ra trong bối cảnh giá dầu và diesel tăng mạnh, với giá diesel trung bình.
tại mỹ đạt khoảng sáu phẩy hai ba <en>u s d</en> trên <en>gallon</en>, và có ảnh hưởng đến chi phí nhiên liệu và lạm phát trước các cuộc bầu cử giữa kỳ ở mỹ.",,"trước đó thường nhanh chóng sụp đổ. bài đăng của ông trump được đưa ra trong bối cảnh giá dầu và diesel tăng mạnh, với giá diesel trung bình.","trước đó thường nhanh chóng sụp đổ. bài đăng của ông trump được đưa ra trong bối cảnh giá dầu và diesel tăng mạnh, với giá diesel trung bình.",True,"tʃˈyəɜc ɗˈɔɜ tˈyə2ŋ ɲˈe-ɲ tʃˈɔɜŋ sˈu6p ɗˈo4. bˈaː2j ɗˈaŋ kˌuə4 ˈoŋ tɹˈʌmp ɗˌyə6c ɗˈyə ɹˈaː tʃˈɔŋ bˈoɜj kˈe-4ɲ zˈaːɜ zˈə2w vˌaː2 dˈiːzəl t̪ˈaŋ mˈe-6ɲ, vˌəːɜj zˈaːɜ dˈiːzəl tʃˈuŋ bˈi2ɲ.","tʃˈyəɜc ɗˈɔɜ tˈyə2ŋ ɲˈe-ɲ tʃˈɔɜŋ sˈu6p ɗˈo4. bˈaː2j ɗˈaŋ kˌuə4 ˈoŋ tɹˈʌmp ɗˌyə6c ɗˈyə ɹˈaː tʃˈɔŋ bˈoɜj kˈe-4ɲ zˈaːɜ zˈə2w vˌaː2 dˈiːzəl t̪ˈaŋ mˈe-6ɲ, vˌəːɜj zˈaːɜ dˈiːzəl tʃˈuŋ bˈi2ɲ.",para,40F0AEAE73021A4C6447FDD39D345638AFA6AB0FE55D4F596E69E3D5E8B5F163
danhgia_tts.txt,danhgia_tts-001,Văn bản 1,danhgia_tts-001-c010,10,"Tổng thống Hoa Kỳ Donald Trump ngày 14 tháng 9 đăng trên Truth Social rằng Ukraine và Nga đã đồng ý không tấn công các mục tiêu năng lượng
của nhau. Ông viết rằng Ukraine đã đồng ý không tấn công các mục tiêu năng lượng của Nga và Nga cũng đã đồng ý làm như vậy, và cho rằng việc
tăng giá diesel toàn cầu chủ yếu do chiến tranh Nga-Ukraine chứ không phải do Iran. Trump trước đó đã kêu gọi Tổng thống Ukraine Volodymyr
Zelenskyy ngừng các cuộc tấn công vào các nhà máy lọc dầu diesel của Nga vì cho rằng điều này gây thiếu hụt nhiên liệu toàn cầu. Tổng thống
Ukraine Volodymyr Zelenskyy nói ông ""không thuyết phục"" rằng Nga sẽ tuân thủ thỏa thuận và cho biết Kyiv sẵn sàng tạm dừng các cuộc tấn công
vào cơ sở hạ tầng năng lượng của Nga nếu các đối tác đảm bảo Nga cũng làm như vậy. Phát ngôn viên Điện Kremlin Dmitry Peskov của Nga hoan
nghênh lời kêu gọi của ông Trump nhưng không khẳng định Nga sẽ ngừng tấn công cơ sở hạ tầng năng lượng của Ukraine. Đặc phái viên Hoa Kỳ
Jared Kushner và Steve Witkoff đã thăm Moscow và Kyiv để tìm kiếm các thỏa thuận hạn chế, trong khi các lệnh ngừng bắn do Mỹ làm trung gian
trước đó thường nhanh chóng sụp đổ. Bài đăng của ông Trump được đưa ra trong bối cảnh giá dầu và diesel tăng mạnh, với giá diesel trung bình
tại Mỹ đạt khoảng 6,23 USD/gallon, và có ảnh hưởng đến chi phí nhiên liệu và lạm phát trước các cuộc bầu cử giữa kỳ ở Mỹ.","tổng thống hoa kỳ donald trump ngày mười bốn tháng chín đăng trên truth social rằng ukraine và nga đã đồng ý không tấn công các mục tiêu năng lượng.
của nhau, ông viết rằng ukraine đã đồng ý không tấn công các mục tiêu năng lượng của nga và nga cũng đã đồng ý làm như vậy, và cho rằng việc.
tăng giá diesel toàn cầu chủ yếu do chiến tranh nga ukraine chứ không phải do iran. trump trước đó đã kêu gọi tổng thống ukraine volodymyr.
zelenskyy ngừng các cuộc tấn công vào các nhà máy lọc dầu diesel của nga vì cho rằng điều này gây thiếu hụt nhiên liệu toàn cầu. tổng thống.
ukraine volodymyr zelenskyy nói ông không thuyết phục rằng nga sẽ tuân thủ thỏa thuận và cho biết kyiv sẵn sàng tạm dừng các cuộc tấn công.
vào cơ sở hạ tầng năng lượng của nga nếu các đối tác đảm bảo nga cũng làm như vậy. phát ngôn viên điện kremlin dmitry peskov của nga hoan.
nghênh lời kêu gọi của ông trump nhưng không khẳng định nga sẽ ngừng tấn công cơ sở hạ tầng năng lượng của ukraine. đặc phái viên hoa kỳ.
jared kushner và steve witkoff đã thăm moscow và kyiv để tìm kiếm các thỏa thuận hạn chế, trong khi các lệnh ngừng bắn do mỹ làm trung gian.
trước đó thường nhanh chóng sụp đổ. bài đăng của ông trump được đưa ra trong bối cảnh giá dầu và diesel tăng mạnh, với giá diesel trung bình.
tại mỹ đạt khoảng sáu phẩy hai ba <en>u s d</en> trên <en>gallon</en>, và có ảnh hưởng đến chi phí nhiên liệu và lạm phát trước các cuộc bầu cử giữa kỳ ở mỹ.",,"tại mỹ đạt khoảng sáu phẩy hai ba <en>u s d</en> trên <en>gallon</en>, và có ảnh hưởng đến chi phí nhiên liệu và lạm phát trước các cuộc bầu cử giữa kỳ ở mỹ.","tại mỹ đạt khoảng sáu phẩy hai ba <en>u s d</en> trên <en>gallon</en>, và có ảnh hưởng đến chi phí nhiên liệu và lạm phát trước các cuộc bầu cử giữa kỳ ở mỹ.",True,"t̪ˈaː6j mˈi5 ɗˈaː6t̪ xwˌaː4ŋ sˈaɜw fˈəɪ4 hˈaːj bˈaː jˈuː ˈɛs dˈiː tʃˈen ɡˈælən, vˌaː2 kˈɔɜ ˈe-4ɲ hˈyə4ŋ ɗˌeɜn tʃˈi fˈiɜ ɲˈiɛn lˈiɛ6w vˌaː2 lˈaː6m fˈaːɜt̪ tʃˈyəɜc kˌaːɜc kˈuə6c bˈə2w kˈy4 zˈyə5 kˈi2 ˈəː4 mˈi5.","t̪ˈaː6j mˈi5 ɗˈaː6t̪ xwˌaː4ŋ sˈaɜw fˈəɪ4 hˈaːj bˈaː jˈuː ˈɛs dˈiː tʃˈen ɡˈælən, vˌaː2 kˈɔɜ ˈe-4ɲ hˈyə4ŋ ɗˌeɜn tʃˈi fˈiɜ ɲˈiɛn lˈiɛ6w vˌaː2 lˈaː6m fˈaːɜt̪ tʃˈyəɜc kˌaːɜc kˈuə6c bˈə2w kˈy4 zˈyə5 kˈi2 ˈəː4 mˈi5.",,40F0AEAE73021A4C6447FDD39D345638AFA6AB0FE55D4F596E69E3D5E8B5F163
danhgia_tts.txt,danhgia_tts-002,Văn bản 2,danhgia_tts-002-c001,1,"Ngày 13 tháng 9 tại New Delhi, Thủ tướng Ấn Độ Narendra Modi và Chủ tịch Trung Quốc Tập Cận Bình đã chủ động đề nghị cung cấp dịch vụ thiện
chí để hỗ trợ tìm kiếm giải pháp cho xung đột Ukraine. Các đề nghị được nêu trong các cuộc trao đổi song phương với Tổng thống Nga Vladimir
Putin bên lề hội nghị thượng đỉnh Nhóm BRICS đang diễn ra tại New Delhi. Phát ngôn viên Điện Kremlin của Nga, Dmitry Peskov, cho biết Putin
hoan nghênh sự sẵn sàng của hai nhà lãnh đạo và đã trình bày chi tiết tình hình. Trợ lý tổng thống Nga Yuri Ushakov nói chủ đề này là một trong
những nội dung chính trong các cuộc gặp song phương của Putin tại hội nghị. Bài báo cũng nhắc lại rằng trong năm 2024 Putin đã nêu các điều
kiện để chấm dứt xung đột, bao gồm yêu cầu Ukraine rút quân khỏi các khu vực như Donetsk, Luhansk, Kherson và Zaporizhzhia và từ bỏ kế
hoạch gia nhập NATO. Bài viết ghi nhận cuộc thảo luận giữa Putin và Modi ngày 11 tháng 9 tại Diễn đàn Doanh nghiệp BRICS về tình hình Biển
Đen và cho biết không có cuộc gặp riêng giữa Putin và Tập Cận Bình tại hội nghị ở New Delhi. Bài báo cũng nêu rằng hai lãnh đạo có thể trao đổi
trong hậu trường và sẽ có cuộc đàm phán tại hội nghị APEC ngày 18-19 tháng 11 ở Thâm Quyến.","ngày mười ba tháng chín tại new delhi, thủ tướng ấn độ narendra modi và chủ tịch trung quốc tập cận bình đã chủ động đề nghị cung cấp dịch vụ thiện.
chí để hỗ trợ tìm kiếm giải pháp cho xung đột ukraine. các đề nghị được nêu trong các cuộc trao đổi song phương với tổng thống nga vladimir.
putin bên lề hội nghị thượng đỉnh nhóm <en>brics</en> đang diễn ra tại new delhi. phát ngôn viên điện kremlin của nga, dmitry peskov, cho biết putin.
hoan nghênh sự sẵn sàng của hai nhà lãnh đạo và đã trình bày chi tiết tình hình. trợ lý tổng thống nga yuri ushakov nói chủ đề này là một trong.
những nội dung chính trong các cuộc gặp song phương của putin tại hội nghị. bài báo cũng nhắc lại rằng trong năm hai nghìn không trăm hai mươi bốn putin đã nêu các điều.
kiện để chấm dứt xung đột, bao gồm yêu cầu ukraine rút quân khỏi các khu vực như donetsk, luhansk, kherson và zaporizhzhia và từ bỏ kế.
hoạch gia nhập <en>nato</en>. bài viết ghi nhận cuộc thảo luận giữa putin và modi ngày mười một tháng chín tại diễn đàn doanh nghiệp <en>brics</en> về tình hình biển.
đen và cho biết không có cuộc gặp riêng giữa putin và tập cận bình tại hội nghị ở new delhi. bài báo cũng nêu rằng hai lãnh đạo có thể trao đổi.
trong hậu trường và sẽ có cuộc đàm phán tại hội nghị <en>apec</en> ngày mười tám đến mười chín tháng mười một ở thâm quyến.",,"ngày mười ba tháng chín tại new delhi, thủ tướng ấn độ narendra modi và chủ tịch trung quốc tập cận bình đã chủ động đề nghị cung cấp dịch vụ thiện.","ngày mười ba tháng chín tại new delhi, thủ tướng ấn độ narendra modi và chủ tịch trung quốc tập cận bình đã chủ động đề nghị cung cấp dịch vụ thiện.",True,"ŋˈa2j mˈyə2j bˈaː tˈaːɜŋ tʃˈiɜn t̪ˈaː6j nˈuː dˈɛli, tˈu4 t̪ˈyəɜŋ ˈəɜn ɗˈo6 nˈæɹɛndɹə mˈoʊdi vˌaː2 tʃˈu4 t̪ˈi6c tʃˈuŋ kˈuəɜc t̪ˈə6p kˈə6n bˈi2ɲ ɗˌaː5 tʃˈu4 ɗˈo6ŋ ɗˈe2 ŋˈi6 kˈuŋ kˈəɜp zˈi6c vˈu6 tˈiɛ6n.","ŋˈa2j mˈyə2j bˈaː tˈaːɜŋ tʃˈiɜn t̪ˈaː6j nˈuː dˈɛli, tˈu4 t̪ˈyəɜŋ ˈəɜn ɗˈo6 nˈæɹɛndɹə mˈoʊdi vˌaː2 tʃˈu4 t̪ˈi6c tʃˈuŋ kˈuəɜc t̪ˈə6p kˈə6n bˈi2ɲ ɗˌaː5 tʃˈu4 ɗˈo6ŋ ɗˈe2 ŋˈi6 kˈuŋ kˈəɜp zˈi6c vˈu6 tˈiɛ6n.",para,40F0AEAE73021A4C6447FDD39D345638AFA6AB0FE55D4F596E69E3D5E8B5F163
danhgia_tts.txt,danhgia_tts-002,Văn bản 2,danhgia_tts-002-c002,2,"Ngày 13 tháng 9 tại New Delhi, Thủ tướng Ấn Độ Narendra Modi và Chủ tịch Trung Quốc Tập Cận Bình đã chủ động đề nghị cung cấp dịch vụ thiện
chí để hỗ trợ tìm kiếm giải pháp cho xung đột Ukraine. Các đề nghị được nêu trong các cuộc trao đổi song phương với Tổng thống Nga Vladimir
Putin bên lề hội nghị thượng đỉnh Nhóm BRICS đang diễn ra tại New Delhi. Phát ngôn viên Điện Kremlin của Nga, Dmitry Peskov, cho biết Putin
hoan nghênh sự sẵn sàng của hai nhà lãnh đạo và đã trình bày chi tiết tình hình. Trợ lý tổng thống Nga Yuri Ushakov nói chủ đề này là một trong
những nội dung chính trong các cuộc gặp song phương của Putin tại hội nghị. Bài báo cũng nhắc lại rằng trong năm 2024 Putin đã nêu các điều
kiện để chấm dứt xung đột, bao gồm yêu cầu Ukraine rút quân khỏi các khu vực như Donetsk, Luhansk, Kherson và Zaporizhzhia và từ bỏ kế
hoạch gia nhập NATO. Bài viết ghi nhận cuộc thảo luận giữa Putin và Modi ngày 11 tháng 9 tại Diễn đàn Doanh nghiệp BRICS về tình hình Biển
Đen và cho biết không có cuộc gặp riêng giữa Putin và Tập Cận Bình tại hội nghị ở New Delhi. Bài báo cũng nêu rằng hai lãnh đạo có thể trao đổi
trong hậu trường và sẽ có cuộc đàm phán tại hội nghị APEC ngày 18-19 tháng 11 ở Thâm Quyến.","ngày mười ba tháng chín tại new delhi, thủ tướng ấn độ narendra modi và chủ tịch trung quốc tập cận bình đã chủ động đề nghị cung cấp dịch vụ thiện.
chí để hỗ trợ tìm kiếm giải pháp cho xung đột ukraine. các đề nghị được nêu trong các cuộc trao đổi song phương với tổng thống nga vladimir.
putin bên lề hội nghị thượng đỉnh nhóm <en>brics</en> đang diễn ra tại new delhi. phát ngôn viên điện kremlin của nga, dmitry peskov, cho biết putin.
hoan nghênh sự sẵn sàng của hai nhà lãnh đạo và đã trình bày chi tiết tình hình. trợ lý tổng thống nga yuri ushakov nói chủ đề này là một trong.
những nội dung chính trong các cuộc gặp song phương của putin tại hội nghị. bài báo cũng nhắc lại rằng trong năm hai nghìn không trăm hai mươi bốn putin đã nêu các điều.
kiện để chấm dứt xung đột, bao gồm yêu cầu ukraine rút quân khỏi các khu vực như donetsk, luhansk, kherson và zaporizhzhia và từ bỏ kế.
hoạch gia nhập <en>nato</en>. bài viết ghi nhận cuộc thảo luận giữa putin và modi ngày mười một tháng chín tại diễn đàn doanh nghiệp <en>brics</en> về tình hình biển.
đen và cho biết không có cuộc gặp riêng giữa putin và tập cận bình tại hội nghị ở new delhi. bài báo cũng nêu rằng hai lãnh đạo có thể trao đổi.
trong hậu trường và sẽ có cuộc đàm phán tại hội nghị <en>apec</en> ngày mười tám đến mười chín tháng mười một ở thâm quyến.",,chí để hỗ trợ tìm kiếm giải pháp cho xung đột ukraine. các đề nghị được nêu trong các cuộc trao đổi song phương với tổng thống nga vladimir.,chí để hỗ trợ tìm kiếm giải pháp cho xung đột ukraine. các đề nghị được nêu trong các cuộc trao đổi song phương với tổng thống nga vladimir.,True,tʃˈiɜ ɗˌe4 hˈo5 tʃˈəː6 t̪ˈi2m kˈiɛɜm zˈaː4j fˈaːɜp tʃˌɔ sˈuŋ ɗˈo6t̪ juːkɹˈeɪn. kˌaːɜc ɗˈe2 ŋˈi6 ɗˌyə6c nˈe1w tʃˈɔŋ kˌaːɜc kˈuə6c tʃˈaːw ɗˈo4j sˈɔŋ fˈyəŋ vˌəːɜj t̪ˈo4ŋ tˈoɜŋ ŋˈaː vlˈædɪmˌɪɹ.,tʃˈiɜ ɗˌe4 hˈo5 tʃˈəː6 t̪ˈi2m kˈiɛɜm zˈaː4j fˈaːɜp tʃˌɔ sˈuŋ ɗˈo6t̪ juːkɹˈeɪn. kˌaːɜc ɗˈe2 ŋˈi6 ɗˌyə6c nˈe1w tʃˈɔŋ kˌaːɜc kˈuə6c tʃˈaːw ɗˈo4j sˈɔŋ fˈyəŋ vˌəːɜj t̪ˈo4ŋ tˈoɜŋ ŋˈaː vlˈædɪmˌɪɹ.,para,40F0AEAE73021A4C6447FDD39D345638AFA6AB0FE55D4F596E69E3D5E8B5F163
danhgia_tts.txt,danhgia_tts-002,Văn bản 2,danhgia_tts-002-c003,3,"Ngày 13 tháng 9 tại New Delhi, Thủ tướng Ấn Độ Narendra Modi và Chủ tịch Trung Quốc Tập Cận Bình đã chủ động đề nghị cung cấp dịch vụ thiện
chí để hỗ trợ tìm kiếm giải pháp cho xung đột Ukraine. Các đề nghị được nêu trong các cuộc trao đổi song phương với Tổng thống Nga Vladimir
Putin bên lề hội nghị thượng đỉnh Nhóm BRICS đang diễn ra tại New Delhi. Phát ngôn viên Điện Kremlin của Nga, Dmitry Peskov, cho biết Putin
hoan nghênh sự sẵn sàng của hai nhà lãnh đạo và đã trình bày chi tiết tình hình. Trợ lý tổng thống Nga Yuri Ushakov nói chủ đề này là một trong
những nội dung chính trong các cuộc gặp song phương của Putin tại hội nghị. Bài báo cũng nhắc lại rằng trong năm 2024 Putin đã nêu các điều
kiện để chấm dứt xung đột, bao gồm yêu cầu Ukraine rút quân khỏi các khu vực như Donetsk, Luhansk, Kherson và Zaporizhzhia và từ bỏ kế
hoạch gia nhập NATO. Bài viết ghi nhận cuộc thảo luận giữa Putin và Modi ngày 11 tháng 9 tại Diễn đàn Doanh nghiệp BRICS về tình hình Biển
Đen và cho biết không có cuộc gặp riêng giữa Putin và Tập Cận Bình tại hội nghị ở New Delhi. Bài báo cũng nêu rằng hai lãnh đạo có thể trao đổi
trong hậu trường và sẽ có cuộc đàm phán tại hội nghị APEC ngày 18-19 tháng 11 ở Thâm Quyến.","ngày mười ba tháng chín tại new delhi, thủ tướng ấn độ narendra modi và chủ tịch trung quốc tập cận bình đã chủ động đề nghị cung cấp dịch vụ thiện.
chí để hỗ trợ tìm kiếm giải pháp cho xung đột ukraine. các đề nghị được nêu trong các cuộc trao đổi song phương với tổng thống nga vladimir.
putin bên lề hội nghị thượng đỉnh nhóm <en>brics</en> đang diễn ra tại new delhi. phát ngôn viên điện kremlin của nga, dmitry peskov, cho biết putin.
hoan nghênh sự sẵn sàng của hai nhà lãnh đạo và đã trình bày chi tiết tình hình. trợ lý tổng thống nga yuri ushakov nói chủ đề này là một trong.
những nội dung chính trong các cuộc gặp song phương của putin tại hội nghị. bài báo cũng nhắc lại rằng trong năm hai nghìn không trăm hai mươi bốn putin đã nêu các điều.
kiện để chấm dứt xung đột, bao gồm yêu cầu ukraine rút quân khỏi các khu vực như donetsk, luhansk, kherson và zaporizhzhia và từ bỏ kế.
hoạch gia nhập <en>nato</en>. bài viết ghi nhận cuộc thảo luận giữa putin và modi ngày mười một tháng chín tại diễn đàn doanh nghiệp <en>brics</en> về tình hình biển.
đen và cho biết không có cuộc gặp riêng giữa putin và tập cận bình tại hội nghị ở new delhi. bài báo cũng nêu rằng hai lãnh đạo có thể trao đổi.
trong hậu trường và sẽ có cuộc đàm phán tại hội nghị <en>apec</en> ngày mười tám đến mười chín tháng mười một ở thâm quyến.",,"putin bên lề hội nghị thượng đỉnh nhóm <en>brics</en> đang diễn ra tại new delhi. phát ngôn viên điện kremlin của nga, dmitry peskov, cho biết putin.","putin bên lề hội nghị thượng đỉnh nhóm <en>brics</en> đang diễn ra tại new delhi. phát ngôn viên điện kremlin của nga, dmitry peskov, cho biết putin.",True,"pjˈuːtɪn bˈen lˈe2 hˈo6j ŋˈi6 tˈyə6ŋ ɗˈi4ɲ ɲˈɔɜm bɹˈɪks ɗˌaːŋ zˈiɛ5n ɹˈaː t̪ˈaː6j nˈuː dˈɛli. fˈaːɜt̪ ŋˈon vˈiɛn ɗˈiɛ6n kɹˈɛmlɪn kˌuə4 ŋˈaː, dəmˈiːtɹi pˈɛskɑːv, tʃˌɔ bˈiɛɜt̪ pjˈuːtɪn.","pjˈuːtɪn bˈen lˈe2 hˈo6j ŋˈi6 tˈyə6ŋ ɗˈi4ɲ ɲˈɔɜm bɹˈɪks ɗˌaːŋ zˈiɛ5n ɹˈaː t̪ˈaː6j nˈuː dˈɛli. fˈaːɜt̪ ŋˈon vˈiɛn ɗˈiɛ6n kɹˈɛmlɪn kˌuə4 ŋˈaː, dəmˈiːtɹi pˈɛskɑːv, tʃˌɔ bˈiɛɜt̪ pjˈuːtɪn.",para,40F0AEAE73021A4C6447FDD39D345638AFA6AB0FE55D4F596E69E3D5E8B5F163
danhgia_tts.txt,danhgia_tts-002,Văn bản 2,danhgia_tts-002-c004,4,"Ngày 13 tháng 9 tại New Delhi, Thủ tướng Ấn Độ Narendra Modi và Chủ tịch Trung Quốc Tập Cận Bình đã chủ động đề nghị cung cấp dịch vụ thiện
chí để hỗ trợ tìm kiếm giải pháp cho xung đột Ukraine. Các đề nghị được nêu trong các cuộc trao đổi song phương với Tổng thống Nga Vladimir
Putin bên lề hội nghị thượng đỉnh Nhóm BRICS đang diễn ra tại New Delhi. Phát ngôn viên Điện Kremlin của Nga, Dmitry Peskov, cho biết Putin
hoan nghênh sự sẵn sàng của hai nhà lãnh đạo và đã trình bày chi tiết tình hình. Trợ lý tổng thống Nga Yuri Ushakov nói chủ đề này là một trong
những nội dung chính trong các cuộc gặp song phương của Putin tại hội nghị. Bài báo cũng nhắc lại rằng trong năm 2024 Putin đã nêu các điều
kiện để chấm dứt xung đột, bao gồm yêu cầu Ukraine rút quân khỏi các khu vực như Donetsk, Luhansk, Kherson và Zaporizhzhia và từ bỏ kế
hoạch gia nhập NATO. Bài viết ghi nhận cuộc thảo luận giữa Putin và Modi ngày 11 tháng 9 tại Diễn đàn Doanh nghiệp BRICS về tình hình Biển
Đen và cho biết không có cuộc gặp riêng giữa Putin và Tập Cận Bình tại hội nghị ở New Delhi. Bài báo cũng nêu rằng hai lãnh đạo có thể trao đổi
trong hậu trường và sẽ có cuộc đàm phán tại hội nghị APEC ngày 18-19 tháng 11 ở Thâm Quyến.","ngày mười ba tháng chín tại new delhi, thủ tướng ấn độ narendra modi và chủ tịch trung quốc tập cận bình đã chủ động đề nghị cung cấp dịch vụ thiện.
chí để hỗ trợ tìm kiếm giải pháp cho xung đột ukraine. các đề nghị được nêu trong các cuộc trao đổi song phương với tổng thống nga vladimir.
putin bên lề hội nghị thượng đỉnh nhóm <en>brics</en> đang diễn ra tại new delhi. phát ngôn viên điện kremlin của nga, dmitry peskov, cho biết putin.
hoan nghênh sự sẵn sàng của hai nhà lãnh đạo và đã trình bày chi tiết tình hình. trợ lý tổng thống nga yuri ushakov nói chủ đề này là một trong.
những nội dung chính trong các cuộc gặp song phương của putin tại hội nghị. bài báo cũng nhắc lại rằng trong năm hai nghìn không trăm hai mươi bốn putin đã nêu các điều.
kiện để chấm dứt xung đột, bao gồm yêu cầu ukraine rút quân khỏi các khu vực như donetsk, luhansk, kherson và zaporizhzhia và từ bỏ kế.
hoạch gia nhập <en>nato</en>. bài viết ghi nhận cuộc thảo luận giữa putin và modi ngày mười một tháng chín tại diễn đàn doanh nghiệp <en>brics</en> về tình hình biển.
đen và cho biết không có cuộc gặp riêng giữa putin và tập cận bình tại hội nghị ở new delhi. bài báo cũng nêu rằng hai lãnh đạo có thể trao đổi.
trong hậu trường và sẽ có cuộc đàm phán tại hội nghị <en>apec</en> ngày mười tám đến mười chín tháng mười một ở thâm quyến.",,hoan nghênh sự sẵn sàng của hai nhà lãnh đạo và đã trình bày chi tiết tình hình. trợ lý tổng thống nga yuri ushakov nói chủ đề này là một trong.,hoan nghênh sự sẵn sàng của hai nhà lãnh đạo và đã trình bày chi tiết tình hình. trợ lý tổng thống nga yuri ushakov nói chủ đề này là một trong.,True,hwˈaːn ŋˈeɲ sˈy6 sˈa5n sˈaː2ŋ kˌuə4 hˈaːj ɲˈaː2 lˈe-5ɲ ɗˈaː6w vˌaː2 ɗˌaː5 tʃˈi2ɲ bˈa2j tʃˈi t̪ˈiɛɜt̪ t̪ˈi2ɲ hˈi2ɲ. tʃˈəː6 lˈiɜ t̪ˈo4ŋ tˈoɜŋ ŋˈaː jˈuːɹi ˈʌʃɐkˌɑːv nˈɔɜj tʃˈu4 ɗˈe2 nˈa2j lˌaː2 mˈo6t̪ tʃˈɔŋ.,hwˈaːn ŋˈeɲ sˈy6 sˈa5n sˈaː2ŋ kˌuə4 hˈaːj ɲˈaː2 lˈe-5ɲ ɗˈaː6w vˌaː2 ɗˌaː5 tʃˈi2ɲ bˈa2j tʃˈi t̪ˈiɛɜt̪ t̪ˈi2ɲ hˈi2ɲ. tʃˈəː6 lˈiɜ t̪ˈo4ŋ tˈoɜŋ ŋˈaː jˈuːɹi ˈʌʃɐkˌɑːv nˈɔɜj tʃˈu4 ɗˈe2 nˈa2j lˌaː2 mˈo6t̪ tʃˈɔŋ.,para,40F0AEAE73021A4C6447FDD39D345638AFA6AB0FE55D4F596E69E3D5E8B5F163
danhgia_tts.txt,danhgia_tts-002,Văn bản 2,danhgia_tts-002-c005,5,"Ngày 13 tháng 9 tại New Delhi, Thủ tướng Ấn Độ Narendra Modi và Chủ tịch Trung Quốc Tập Cận Bình đã chủ động đề nghị cung cấp dịch vụ thiện
chí để hỗ trợ tìm kiếm giải pháp cho xung đột Ukraine. Các đề nghị được nêu trong các cuộc trao đổi song phương với Tổng thống Nga Vladimir
Putin bên lề hội nghị thượng đỉnh Nhóm BRICS đang diễn ra tại New Delhi. Phát ngôn viên Điện Kremlin của Nga, Dmitry Peskov, cho biết Putin
hoan nghênh sự sẵn sàng của hai nhà lãnh đạo và đã trình bày chi tiết tình hình. Trợ lý tổng thống Nga Yuri Ushakov nói chủ đề này là một trong
những nội dung chính trong các cuộc gặp song phương của Putin tại hội nghị. Bài báo cũng nhắc lại rằng trong năm 2024 Putin đã nêu các điều
kiện để chấm dứt xung đột, bao gồm yêu cầu Ukraine rút quân khỏi các khu vực như Donetsk, Luhansk, Kherson và Zaporizhzhia và từ bỏ kế
hoạch gia nhập NATO. Bài viết ghi nhận cuộc thảo luận giữa Putin và Modi ngày 11 tháng 9 tại Diễn đàn Doanh nghiệp BRICS về tình hình Biển
Đen và cho biết không có cuộc gặp riêng giữa Putin và Tập Cận Bình tại hội nghị ở New Delhi. Bài báo cũng nêu rằng hai lãnh đạo có thể trao đổi
trong hậu trường và sẽ có cuộc đàm phán tại hội nghị APEC ngày 18-19 tháng 11 ở Thâm Quyến.","ngày mười ba tháng chín tại new delhi, thủ tướng ấn độ narendra modi và chủ tịch trung quốc tập cận bình đã chủ động đề nghị cung cấp dịch vụ thiện.
chí để hỗ trợ tìm kiếm giải pháp cho xung đột ukraine. các đề nghị được nêu trong các cuộc trao đổi song phương với tổng thống nga vladimir.
putin bên lề hội nghị thượng đỉnh nhóm <en>brics</en> đang diễn ra tại new delhi. phát ngôn viên điện kremlin của nga, dmitry peskov, cho biết putin.
hoan nghênh sự sẵn sàng của hai nhà lãnh đạo và đã trình bày chi tiết tình hình. trợ lý tổng thống nga yuri ushakov nói chủ đề này là một trong.
những nội dung chính trong các cuộc gặp song phương của putin tại hội nghị. bài báo cũng nhắc lại rằng trong năm hai nghìn không trăm hai mươi bốn putin đã nêu các điều.
kiện để chấm dứt xung đột, bao gồm yêu cầu ukraine rút quân khỏi các khu vực như donetsk, luhansk, kherson và zaporizhzhia và từ bỏ kế.
hoạch gia nhập <en>nato</en>. bài viết ghi nhận cuộc thảo luận giữa putin và modi ngày mười một tháng chín tại diễn đàn doanh nghiệp <en>brics</en> về tình hình biển.
đen và cho biết không có cuộc gặp riêng giữa putin và tập cận bình tại hội nghị ở new delhi. bài báo cũng nêu rằng hai lãnh đạo có thể trao đổi.
trong hậu trường và sẽ có cuộc đàm phán tại hội nghị <en>apec</en> ngày mười tám đến mười chín tháng mười một ở thâm quyến.",,những nội dung chính trong các cuộc gặp song phương của putin tại hội nghị. bài báo cũng nhắc lại rằng trong năm hai nghìn không trăm hai mươi bốn putin đã nêu các điều.,những nội dung chính trong các cuộc gặp song phương của putin tại hội nghị. bài báo cũng nhắc lại rằng trong năm hai nghìn không trăm hai mươi bốn putin đã nêu các điều.,True,ɲˌy5ŋ nˈo6j zˈuŋ tʃˈiɜɲ tʃˈɔŋ kˌaːɜc kˈuə6c ɣˈa6p sˈɔŋ fˈyəŋ kˌuə4 pjˈuːtɪn t̪ˈaː6j hˈo6j ŋˈi6. bˈaː2j bˈaːɜw kˈu5ŋ ɲˈaɜc lˈaː6j ɹˈa2ŋ tʃˈɔŋ nˈam hˈaːj ŋˈi2n xˌoŋ tʃˈam hˈaːj mˈyəj bˈoɜn pjˈuːtɪn ɗˌaː5 nˈe1w kˌaːɜc ɗˈiɛ2w.,ɲˌy5ŋ nˈo6j zˈuŋ tʃˈiɜɲ tʃˈɔŋ kˌaːɜc kˈuə6c ɣˈa6p sˈɔŋ fˈyəŋ kˌuə4 pjˈuːtɪn t̪ˈaː6j hˈo6j ŋˈi6. bˈaː2j bˈaːɜw kˈu5ŋ ɲˈaɜc lˈaː6j ɹˈa2ŋ tʃˈɔŋ nˈam hˈaːj ŋˈi2n xˌoŋ tʃˈam hˈaːj mˈyəj bˈoɜn pjˈuːtɪn ɗˌaː5 nˈe1w kˌaːɜc ɗˈiɛ2w.,para,40F0AEAE73021A4C6447FDD39D345638AFA6AB0FE55D4F596E69E3D5E8B5F163
danhgia_tts.txt,danhgia_tts-002,Văn bản 2,danhgia_tts-002-c006,6,"Ngày 13 tháng 9 tại New Delhi, Thủ tướng Ấn Độ Narendra Modi và Chủ tịch Trung Quốc Tập Cận Bình đã chủ động đề nghị cung cấp dịch vụ thiện
chí để hỗ trợ tìm kiếm giải pháp cho xung đột Ukraine. Các đề nghị được nêu trong các cuộc trao đổi song phương với Tổng thống Nga Vladimir
Putin bên lề hội nghị thượng đỉnh Nhóm BRICS đang diễn ra tại New Delhi. Phát ngôn viên Điện Kremlin của Nga, Dmitry Peskov, cho biết Putin
hoan nghênh sự sẵn sàng của hai nhà lãnh đạo và đã trình bày chi tiết tình hình. Trợ lý tổng thống Nga Yuri Ushakov nói chủ đề này là một trong
những nội dung chính trong các cuộc gặp song phương của Putin tại hội nghị. Bài báo cũng nhắc lại rằng trong năm 2024 Putin đã nêu các điều
kiện để chấm dứt xung đột, bao gồm yêu cầu Ukraine rút quân khỏi các khu vực như Donetsk, Luhansk, Kherson và Zaporizhzhia và từ bỏ kế
hoạch gia nhập NATO. Bài viết ghi nhận cuộc thảo luận giữa Putin và Modi ngày 11 tháng 9 tại Diễn đàn Doanh nghiệp BRICS về tình hình Biển
Đen và cho biết không có cuộc gặp riêng giữa Putin và Tập Cận Bình tại hội nghị ở New Delhi. Bài báo cũng nêu rằng hai lãnh đạo có thể trao đổi
trong hậu trường và sẽ có cuộc đàm phán tại hội nghị APEC ngày 18-19 tháng 11 ở Thâm Quyến.","ngày mười ba tháng chín tại new delhi, thủ tướng ấn độ narendra modi và chủ tịch trung quốc tập cận bình đã chủ động đề nghị cung cấp dịch vụ thiện.
chí để hỗ trợ tìm kiếm giải pháp cho xung đột ukraine. các đề nghị được nêu trong các cuộc trao đổi song phương với tổng thống nga vladimir.
putin bên lề hội nghị thượng đỉnh nhóm <en>brics</en> đang diễn ra tại new delhi. phát ngôn viên điện kremlin của nga, dmitry peskov, cho biết putin.
hoan nghênh sự sẵn sàng của hai nhà lãnh đạo và đã trình bày chi tiết tình hình. trợ lý tổng thống nga yuri ushakov nói chủ đề này là một trong.
những nội dung chính trong các cuộc gặp song phương của putin tại hội nghị. bài báo cũng nhắc lại rằng trong năm hai nghìn không trăm hai mươi bốn putin đã nêu các điều.
kiện để chấm dứt xung đột, bao gồm yêu cầu ukraine rút quân khỏi các khu vực như donetsk, luhansk, kherson và zaporizhzhia và từ bỏ kế.
hoạch gia nhập <en>nato</en>. bài viết ghi nhận cuộc thảo luận giữa putin và modi ngày mười một tháng chín tại diễn đàn doanh nghiệp <en>brics</en> về tình hình biển.
đen và cho biết không có cuộc gặp riêng giữa putin và tập cận bình tại hội nghị ở new delhi. bài báo cũng nêu rằng hai lãnh đạo có thể trao đổi.
trong hậu trường và sẽ có cuộc đàm phán tại hội nghị <en>apec</en> ngày mười tám đến mười chín tháng mười một ở thâm quyến.",,"kiện để chấm dứt xung đột, bao gồm yêu cầu ukraine rút quân khỏi các khu vực như donetsk, luhansk, kherson và zaporizhzhia và từ bỏ kế.","kiện để chấm dứt xung đột, bao gồm yêu cầu ukraine rút quân khỏi các khu vực như donetsk, luhansk, kherson và zaporizhzhia và từ bỏ kế.",True,"kˈiɛ6n ɗˌe4 tʃˈəɜm zˈyɜt̪ sˈuŋ ɗˈo6t̪, bˈaːw ɣˈo2m ˈiɛw kˈə2w juːkɹˈeɪn ɹˈuɜt̪ kwˈən xˈɔ4j kˌaːɜc xˈu vˈy6c ɲˌy dɑːnˈɛtsk, lˈuːhænsk, kˈɜːsən vˌaː2 zˌæpɔːɹˈɪʒʒiə vˌaː2 t̪ˌy2 bˈɔ4 kˈeɜ.","kˈiɛ6n ɗˌe4 tʃˈəɜm zˈyɜt̪ sˈuŋ ɗˈo6t̪, bˈaːw ɣˈo2m ˈiɛw kˈə2w juːkɹˈeɪn ɹˈuɜt̪ kwˈən xˈɔ4j kˌaːɜc xˈu vˈy6c ɲˌy dɑːnˈɛtsk, lˈuːhænsk, kˈɜːsən vˌaː2 zˌæpɔːɹˈɪʒʒiə vˌaː2 t̪ˌy2 bˈɔ4 kˈeɜ.",para,40F0AEAE73021A4C6447FDD39D345638AFA6AB0FE55D4F596E69E3D5E8B5F163
danhgia_tts.txt,danhgia_tts-002,Văn bản 2,danhgia_tts-002-c007,7,"Ngày 13 tháng 9 tại New Delhi, Thủ tướng Ấn Độ Narendra Modi và Chủ tịch Trung Quốc Tập Cận Bình đã chủ động đề nghị cung cấp dịch vụ thiện
chí để hỗ trợ tìm kiếm giải pháp cho xung đột Ukraine. Các đề nghị được nêu trong các cuộc trao đổi song phương với Tổng thống Nga Vladimir
Putin bên lề hội nghị thượng đỉnh Nhóm BRICS đang diễn ra tại New Delhi. Phát ngôn viên Điện Kremlin của Nga, Dmitry Peskov, cho biết Putin
hoan nghênh sự sẵn sàng của hai nhà lãnh đạo và đã trình bày chi tiết tình hình. Trợ lý tổng thống Nga Yuri Ushakov nói chủ đề này là một trong
những nội dung chính trong các cuộc gặp song phương của Putin tại hội nghị. Bài báo cũng nhắc lại rằng trong năm 2024 Putin đã nêu các điều
kiện để chấm dứt xung đột, bao gồm yêu cầu Ukraine rút quân khỏi các khu vực như Donetsk, Luhansk, Kherson và Zaporizhzhia và từ bỏ kế
hoạch gia nhập NATO. Bài viết ghi nhận cuộc thảo luận giữa Putin và Modi ngày 11 tháng 9 tại Diễn đàn Doanh nghiệp BRICS về tình hình Biển
Đen và cho biết không có cuộc gặp riêng giữa Putin và Tập Cận Bình tại hội nghị ở New Delhi. Bài báo cũng nêu rằng hai lãnh đạo có thể trao đổi
trong hậu trường và sẽ có cuộc đàm phán tại hội nghị APEC ngày 18-19 tháng 11 ở Thâm Quyến.","ngày mười ba tháng chín tại new delhi, thủ tướng ấn độ narendra modi và chủ tịch trung quốc tập cận bình đã chủ động đề nghị cung cấp dịch vụ thiện.
chí để hỗ trợ tìm kiếm giải pháp cho xung đột ukraine. các đề nghị được nêu trong các cuộc trao đổi song phương với tổng thống nga vladimir.
putin bên lề hội nghị thượng đỉnh nhóm <en>brics</en> đang diễn ra tại new delhi. phát ngôn viên điện kremlin của nga, dmitry peskov, cho biết putin.
hoan nghênh sự sẵn sàng của hai nhà lãnh đạo và đã trình bày chi tiết tình hình. trợ lý tổng thống nga yuri ushakov nói chủ đề này là một trong.
những nội dung chính trong các cuộc gặp song phương của putin tại hội nghị. bài báo cũng nhắc lại rằng trong năm hai nghìn không trăm hai mươi bốn putin đã nêu các điều.
kiện để chấm dứt xung đột, bao gồm yêu cầu ukraine rút quân khỏi các khu vực như donetsk, luhansk, kherson và zaporizhzhia và từ bỏ kế.
hoạch gia nhập <en>nato</en>. bài viết ghi nhận cuộc thảo luận giữa putin và modi ngày mười một tháng chín tại diễn đàn doanh nghiệp <en>brics</en> về tình hình biển.
đen và cho biết không có cuộc gặp riêng giữa putin và tập cận bình tại hội nghị ở new delhi. bài báo cũng nêu rằng hai lãnh đạo có thể trao đổi.
trong hậu trường và sẽ có cuộc đàm phán tại hội nghị <en>apec</en> ngày mười tám đến mười chín tháng mười một ở thâm quyến.",,hoạch gia nhập <en>nato</en>. bài viết ghi nhận cuộc thảo luận giữa putin và modi ngày mười một tháng chín tại diễn đàn doanh nghiệp <en>brics</en> về tình hình biển.,hoạch gia nhập <en>nato</en>. bài viết ghi nhận cuộc thảo luận giữa putin và modi ngày mười một tháng chín tại diễn đàn doanh nghiệp <en>brics</en> về tình hình biển.,True,hwˈe-6c zˈaː ɲˈə6p nˈeɪɾoʊ. bˈaː2j vˈiɛɜt̪ ɣˈi ɲˈə6n kˈuə6c tˈaː4w lwˈə6n zˈyə5 pjˈuːtɪn vˌaː2 mˈoʊdi ŋˈa2j mˈyə2j mˈo6t̪ tˈaːɜŋ tʃˈiɜn t̪ˈaː6j zˈiɛ5n ɗˈaː2n zwˈe-ɲ ŋˈiɛ6p bɹˈɪks vˈe2 t̪ˈi2ɲ hˈi2ɲ bˈiɛ4n.,hwˈe-6c zˈaː ɲˈə6p nˈeɪɾoʊ. bˈaː2j vˈiɛɜt̪ ɣˈi ɲˈə6n kˈuə6c tˈaː4w lwˈə6n zˈyə5 pjˈuːtɪn vˌaː2 mˈoʊdi ŋˈa2j mˈyə2j mˈo6t̪ tˈaːɜŋ tʃˈiɜn t̪ˈaː6j zˈiɛ5n ɗˈaː2n zwˈe-ɲ ŋˈiɛ6p bɹˈɪks vˈe2 t̪ˈi2ɲ hˈi2ɲ bˈiɛ4n.,para,40F0AEAE73021A4C6447FDD39D345638AFA6AB0FE55D4F596E69E3D5E8B5F163
danhgia_tts.txt,danhgia_tts-002,Văn bản 2,danhgia_tts-002-c008,8,"Ngày 13 tháng 9 tại New Delhi, Thủ tướng Ấn Độ Narendra Modi và Chủ tịch Trung Quốc Tập Cận Bình đã chủ động đề nghị cung cấp dịch vụ thiện
chí để hỗ trợ tìm kiếm giải pháp cho xung đột Ukraine. Các đề nghị được nêu trong các cuộc trao đổi song phương với Tổng thống Nga Vladimir
Putin bên lề hội nghị thượng đỉnh Nhóm BRICS đang diễn ra tại New Delhi. Phát ngôn viên Điện Kremlin của Nga, Dmitry Peskov, cho biết Putin
hoan nghênh sự sẵn sàng của hai nhà lãnh đạo và đã trình bày chi tiết tình hình. Trợ lý tổng thống Nga Yuri Ushakov nói chủ đề này là một trong
những nội dung chính trong các cuộc gặp song phương của Putin tại hội nghị. Bài báo cũng nhắc lại rằng trong năm 2024 Putin đã nêu các điều
kiện để chấm dứt xung đột, bao gồm yêu cầu Ukraine rút quân khỏi các khu vực như Donetsk, Luhansk, Kherson và Zaporizhzhia và từ bỏ kế
hoạch gia nhập NATO. Bài viết ghi nhận cuộc thảo luận giữa Putin và Modi ngày 11 tháng 9 tại Diễn đàn Doanh nghiệp BRICS về tình hình Biển
Đen và cho biết không có cuộc gặp riêng giữa Putin và Tập Cận Bình tại hội nghị ở New Delhi. Bài báo cũng nêu rằng hai lãnh đạo có thể trao đổi
trong hậu trường và sẽ có cuộc đàm phán tại hội nghị APEC ngày 18-19 tháng 11 ở Thâm Quyến.","ngày mười ba tháng chín tại new delhi, thủ tướng ấn độ narendra modi và chủ tịch trung quốc tập cận bình đã chủ động đề nghị cung cấp dịch vụ thiện.
chí để hỗ trợ tìm kiếm giải pháp cho xung đột ukraine. các đề nghị được nêu trong các cuộc trao đổi song phương với tổng thống nga vladimir.
putin bên lề hội nghị thượng đỉnh nhóm <en>brics</en> đang diễn ra tại new delhi. phát ngôn viên điện kremlin của nga, dmitry peskov, cho biết putin.
hoan nghênh sự sẵn sàng của hai nhà lãnh đạo và đã trình bày chi tiết tình hình. trợ lý tổng thống nga yuri ushakov nói chủ đề này là một trong.
những nội dung chính trong các cuộc gặp song phương của putin tại hội nghị. bài báo cũng nhắc lại rằng trong năm hai nghìn không trăm hai mươi bốn putin đã nêu các điều.
kiện để chấm dứt xung đột, bao gồm yêu cầu ukraine rút quân khỏi các khu vực như donetsk, luhansk, kherson và zaporizhzhia và từ bỏ kế.
hoạch gia nhập <en>nato</en>. bài viết ghi nhận cuộc thảo luận giữa putin và modi ngày mười một tháng chín tại diễn đàn doanh nghiệp <en>brics</en> về tình hình biển.
đen và cho biết không có cuộc gặp riêng giữa putin và tập cận bình tại hội nghị ở new delhi. bài báo cũng nêu rằng hai lãnh đạo có thể trao đổi.
trong hậu trường và sẽ có cuộc đàm phán tại hội nghị <en>apec</en> ngày mười tám đến mười chín tháng mười một ở thâm quyến.",,đen và cho biết không có cuộc gặp riêng giữa putin và tập cận bình tại hội nghị ở new delhi. bài báo cũng nêu rằng hai lãnh đạo có thể trao đổi.,đen và cho biết không có cuộc gặp riêng giữa putin và tập cận bình tại hội nghị ở new delhi. bài báo cũng nêu rằng hai lãnh đạo có thể trao đổi.,True,ɗˈɛn vˌaː2 tʃˌɔ bˈiɛɜt̪ xˌoŋ kˈɔɜ kˈuə6c ɣˈa6p ɹˈiɛŋ zˈyə5 pjˈuːtɪn vˌaː2 t̪ˈə6p kˈə6n bˈi2ɲ t̪ˈaː6j hˈo6j ŋˈi6 ˈəː4 nˈuː dˈɛli. bˈaː2j bˈaːɜw kˈu5ŋ nˈe1w ɹˈa2ŋ hˈaːj lˈe-5ɲ ɗˈaː6w kˈɔɜ tˈe4 tʃˈaːw ɗˈo4j.,ɗˈɛn vˌaː2 tʃˌɔ bˈiɛɜt̪ xˌoŋ kˈɔɜ kˈuə6c ɣˈa6p ɹˈiɛŋ zˈyə5 pjˈuːtɪn vˌaː2 t̪ˈə6p kˈə6n bˈi2ɲ t̪ˈaː6j hˈo6j ŋˈi6 ˈəː4 nˈuː dˈɛli. bˈaː2j bˈaːɜw kˈu5ŋ nˈe1w ɹˈa2ŋ hˈaːj lˈe-5ɲ ɗˈaː6w kˈɔɜ tˈe4 tʃˈaːw ɗˈo4j.,para,40F0AEAE73021A4C6447FDD39D345638AFA6AB0FE55D4F596E69E3D5E8B5F163
danhgia_tts.txt,danhgia_tts-002,Văn bản 2,danhgia_tts-002-c009,9,"Ngày 13 tháng 9 tại New Delhi, Thủ tướng Ấn Độ Narendra Modi và Chủ tịch Trung Quốc Tập Cận Bình đã chủ động đề nghị cung cấp dịch vụ thiện
chí để hỗ trợ tìm kiếm giải pháp cho xung đột Ukraine. Các đề nghị được nêu trong các cuộc trao đổi song phương với Tổng thống Nga Vladimir
Putin bên lề hội nghị thượng đỉnh Nhóm BRICS đang diễn ra tại New Delhi. Phát ngôn viên Điện Kremlin của Nga, Dmitry Peskov, cho biết Putin
hoan nghênh sự sẵn sàng của hai nhà lãnh đạo và đã trình bày chi tiết tình hình. Trợ lý tổng thống Nga Yuri Ushakov nói chủ đề này là một trong
những nội dung chính trong các cuộc gặp song phương của Putin tại hội nghị. Bài báo cũng nhắc lại rằng trong năm 2024 Putin đã nêu các điều
kiện để chấm dứt xung đột, bao gồm yêu cầu Ukraine rút quân khỏi các khu vực như Donetsk, Luhansk, Kherson và Zaporizhzhia và từ bỏ kế
hoạch gia nhập NATO. Bài viết ghi nhận cuộc thảo luận giữa Putin và Modi ngày 11 tháng 9 tại Diễn đàn Doanh nghiệp BRICS về tình hình Biển
Đen và cho biết không có cuộc gặp riêng giữa Putin và Tập Cận Bình tại hội nghị ở New Delhi. Bài báo cũng nêu rằng hai lãnh đạo có thể trao đổi
trong hậu trường và sẽ có cuộc đàm phán tại hội nghị APEC ngày 18-19 tháng 11 ở Thâm Quyến.","ngày mười ba tháng chín tại new delhi, thủ tướng ấn độ narendra modi và chủ tịch trung quốc tập cận bình đã chủ động đề nghị cung cấp dịch vụ thiện.
chí để hỗ trợ tìm kiếm giải pháp cho xung đột ukraine. các đề nghị được nêu trong các cuộc trao đổi song phương với tổng thống nga vladimir.
putin bên lề hội nghị thượng đỉnh nhóm <en>brics</en> đang diễn ra tại new delhi. phát ngôn viên điện kremlin của nga, dmitry peskov, cho biết putin.
hoan nghênh sự sẵn sàng của hai nhà lãnh đạo và đã trình bày chi tiết tình hình. trợ lý tổng thống nga yuri ushakov nói chủ đề này là một trong.
những nội dung chính trong các cuộc gặp song phương của putin tại hội nghị. bài báo cũng nhắc lại rằng trong năm hai nghìn không trăm hai mươi bốn putin đã nêu các điều.
kiện để chấm dứt xung đột, bao gồm yêu cầu ukraine rút quân khỏi các khu vực như donetsk, luhansk, kherson và zaporizhzhia và từ bỏ kế.
hoạch gia nhập <en>nato</en>. bài viết ghi nhận cuộc thảo luận giữa putin và modi ngày mười một tháng chín tại diễn đàn doanh nghiệp <en>brics</en> về tình hình biển.
đen và cho biết không có cuộc gặp riêng giữa putin và tập cận bình tại hội nghị ở new delhi. bài báo cũng nêu rằng hai lãnh đạo có thể trao đổi.
trong hậu trường và sẽ có cuộc đàm phán tại hội nghị <en>apec</en> ngày mười tám đến mười chín tháng mười một ở thâm quyến.",,trong hậu trường và sẽ có cuộc đàm phán tại hội nghị <en>apec</en> ngày mười tám đến mười chín tháng mười một ở thâm quyến.,trong hậu trường và sẽ có cuộc đàm phán tại hội nghị <en>apec</en> ngày mười tám đến mười chín tháng mười một ở thâm quyến.,True,tʃˈɔŋ hˈə6w tʃˈyə2ŋ vˌaː2 sˌɛ5 kˈɔɜ kˈuə6c ɗˈaː2m fˈaːɜn t̪ˈaː6j hˈo6j ŋˈi6 ˈeɪpɛk ŋˈa2j mˈyə2j t̪ˈaːɜm ɗˌeɜn mˈyə2j tʃˈiɜn tˈaːɜŋ mˈyə2j mˈo6t̪ ˈəː4 tˈəm kwˈiɛɜn.,tʃˈɔŋ hˈə6w tʃˈyə2ŋ vˌaː2 sˌɛ5 kˈɔɜ kˈuə6c ɗˈaː2m fˈaːɜn t̪ˈaː6j hˈo6j ŋˈi6 ˈeɪpɛk ŋˈa2j mˈyə2j t̪ˈaːɜm ɗˌeɜn mˈyə2j tʃˈiɜn tˈaːɜŋ mˈyə2j mˈo6t̪ ˈəː4 tˈəm kwˈiɛɜn.,,40F0AEAE73021A4C6447FDD39D345638AFA6AB0FE55D4F596E69E3D5E8B5F163
danhgia_tts.txt,danhgia_tts-003,Văn bản 3,danhgia_tts-003-c001,1,"Ngày 14-15 tháng 9, lực lượng Houthi do Iran hậu thuẫn của Yemen đã phát động đợt tấn công mới nhằm vào Ả Rập Xê-út và củng cố vị trí dọc bờ
biển phía tây Yemen. Houthi cho biết đã phóng hàng chục tên lửa và máy bay không người lái vào căn cứ không quân Khamis Mushait ở miền nam
Ả Rập Xê-út, khiến 13 dân thường bị thương và kích hoạt báo động khẩn cấp ở bốn thành phố phía nam. Các cuộc tiến công và việc chiếm đảo Perim
đã gây áp lực lên xuất khẩu dầu của Ả Rập Xê-út sau khi một vụ tấn công trên không làm gián đoạn đường ống dầu dài 1.200 km, khiến giá dầu
tăng và các cuộc đàm phán về Eo biển Hormuz bị hoãn. Oman hoãn cuộc họp dự kiến với Iran và các nước vùng Vịnh nhằm thảo luận về Eo biển
Hormuz. Tổng thống Hoa Kỳ Donald Trump cho biết Washington từ chối can thiệp quân sự trực tiếp ngoài hỗ trợ tình báo, trong khi Ả Rập Xê-út và
Yemen tăng cường oanh kích. Iran tuyên bố đóng Eo biển Hormuz và các báo cáo mâu thuẫn về tàu chở dầu El Gaia cùng gián đoạn đường ống đã
làm gia tăng bất ổn khu vực. Tổ chức Di cư Quốc tế ước tính khoảng 82.000 người Yemen đã rời bỏ vùng chiến sự kể từ đầu tháng.","ngày mười bốn đến mười lăm tháng chín, lực lượng houthi do iran hậu thuẫn của yemen đã phát động đợt tấn công mới nhằm vào ả rập xê út và củng cố vị trí dọc bờ.
biển phía tây yemen. houthi cho biết đã phóng hàng chục tên lửa và máy bay không người lái vào căn cứ không quân khamis mushait ở miền nam.
ả rập xê út, khiến mười ba dân thường bị thương và kích hoạt báo động khẩn cấp ở bốn thành phố phía nam. các cuộc tiến công và việc chiếm đảo perim.
đã gây áp lực lên xuất khẩu dầu của ả rập xê út sau khi một vụ tấn công trên không làm gián đoạn đường ống dầu dài một nghìn hai trăm ki lô mét, khiến giá dầu.
tăng và các cuộc đàm phán về eo biển hormuz bị hoãn. oman hoãn cuộc họp dự kiến với iran và các nước vùng vịnh nhằm thảo luận về eo biển.
hormuz, tổng thống hoa kỳ donald trump cho biết washington từ chối can thiệp quân sự trực tiếp ngoài hỗ trợ tình báo, trong khi ả rập xê út và.
yemen tăng cường oanh kích. iran tuyên bố đóng eo biển hormuz và các báo cáo mâu thuẫn về tàu chở dầu el gaia cùng gián đoạn đường ống đã.
làm gia tăng bất ổn khu vực. tổ chức di cư quốc tế ước tính khoảng tám mươi hai nghìn người yemen đã rời bỏ vùng chiến sự kể từ đầu tháng.",,"ngày mười bốn đến mười lăm tháng chín, lực lượng houthi do iran hậu thuẫn của yemen đã phát động đợt tấn công mới nhằm vào ả rập xê út và củng cố vị trí dọc bờ.","ngày mười bốn đến mười lăm tháng chín, lực lượng houthi do iran hậu thuẫn của yemen đã phát động đợt tấn công mới nhằm vào ả rập xê út và củng cố vị trí dọc bờ.",True,"ŋˈa2j mˈyə2j bˈoɜn ɗˌeɜn mˈyə2j lˈam tˈaːɜŋ tʃˈiɜn, lˈy6c lˈyə6ŋ hˈaʊθaɪ dˈuː ɪɹˈæn hˈə6w twˈə5n kˌuə4 jˈɛmən ɗˌaː5 fˈaːɜt̪ ɗˈo6ŋ ɗˈəː6t̪ t̪ˈəɜn kˈoŋ mˈəːɜj ɲˈa2m vˈaː2w ˈaː4 ɹˈə6p sˈe ˈuɜt̪ vˌaː2 kˈu4ŋ kˈoɜ vˈi6 tʃˈiɜ zˈɔ6k bˈəː2.","ŋˈa2j mˈyə2j bˈoɜn ɗˌeɜn mˈyə2j lˈam tˈaːɜŋ tʃˈiɜn, lˈy6c lˈyə6ŋ hˈaʊθaɪ dˈuː ɪɹˈæn hˈə6w twˈə5n kˌuə4 jˈɛmən ɗˌaː5 fˈaːɜt̪ ɗˈo6ŋ ɗˈəː6t̪ t̪ˈəɜn kˈoŋ mˈəːɜj ɲˈa2m vˈaː2w ˈaː4 ɹˈə6p sˈe ˈuɜt̪ vˌaː2 kˈu4ŋ kˈoɜ vˈi6 tʃˈiɜ zˈɔ6k bˈəː2.",para,40F0AEAE73021A4C6447FDD39D345638AFA6AB0FE55D4F596E69E3D5E8B5F163
danhgia_tts.txt,danhgia_tts-003,Văn bản 3,danhgia_tts-003-c002,2,"Ngày 14-15 tháng 9, lực lượng Houthi do Iran hậu thuẫn của Yemen đã phát động đợt tấn công mới nhằm vào Ả Rập Xê-út và củng cố vị trí dọc bờ
biển phía tây Yemen. Houthi cho biết đã phóng hàng chục tên lửa và máy bay không người lái vào căn cứ không quân Khamis Mushait ở miền nam
Ả Rập Xê-út, khiến 13 dân thường bị thương và kích hoạt báo động khẩn cấp ở bốn thành phố phía nam. Các cuộc tiến công và việc chiếm đảo Perim
đã gây áp lực lên xuất khẩu dầu của Ả Rập Xê-út sau khi một vụ tấn công trên không làm gián đoạn đường ống dầu dài 1.200 km, khiến giá dầu
tăng và các cuộc đàm phán về Eo biển Hormuz bị hoãn. Oman hoãn cuộc họp dự kiến với Iran và các nước vùng Vịnh nhằm thảo luận về Eo biển
Hormuz. Tổng thống Hoa Kỳ Donald Trump cho biết Washington từ chối can thiệp quân sự trực tiếp ngoài hỗ trợ tình báo, trong khi Ả Rập Xê-út và
Yemen tăng cường oanh kích. Iran tuyên bố đóng Eo biển Hormuz và các báo cáo mâu thuẫn về tàu chở dầu El Gaia cùng gián đoạn đường ống đã
làm gia tăng bất ổn khu vực. Tổ chức Di cư Quốc tế ước tính khoảng 82.000 người Yemen đã rời bỏ vùng chiến sự kể từ đầu tháng.","ngày mười bốn đến mười lăm tháng chín, lực lượng houthi do iran hậu thuẫn của yemen đã phát động đợt tấn công mới nhằm vào ả rập xê út và củng cố vị trí dọc bờ.
biển phía tây yemen. houthi cho biết đã phóng hàng chục tên lửa và máy bay không người lái vào căn cứ không quân khamis mushait ở miền nam.
ả rập xê út, khiến mười ba dân thường bị thương và kích hoạt báo động khẩn cấp ở bốn thành phố phía nam. các cuộc tiến công và việc chiếm đảo perim.
đã gây áp lực lên xuất khẩu dầu của ả rập xê út sau khi một vụ tấn công trên không làm gián đoạn đường ống dầu dài một nghìn hai trăm ki lô mét, khiến giá dầu.
tăng và các cuộc đàm phán về eo biển hormuz bị hoãn. oman hoãn cuộc họp dự kiến với iran và các nước vùng vịnh nhằm thảo luận về eo biển.
hormuz, tổng thống hoa kỳ donald trump cho biết washington từ chối can thiệp quân sự trực tiếp ngoài hỗ trợ tình báo, trong khi ả rập xê út và.
yemen tăng cường oanh kích. iran tuyên bố đóng eo biển hormuz và các báo cáo mâu thuẫn về tàu chở dầu el gaia cùng gián đoạn đường ống đã.
làm gia tăng bất ổn khu vực. tổ chức di cư quốc tế ước tính khoảng tám mươi hai nghìn người yemen đã rời bỏ vùng chiến sự kể từ đầu tháng.",,biển phía tây yemen. houthi cho biết đã phóng hàng chục tên lửa và máy bay không người lái vào căn cứ không quân khamis mushait ở miền nam.,biển phía tây yemen. houthi cho biết đã phóng hàng chục tên lửa và máy bay không người lái vào căn cứ không quân khamis mushait ở miền nam.,True,bˈiɛ4n fˈiəɜ t̪ˈəɪ jˈɛmən. hˈaʊθaɪ tʃˌɔ bˈiɛɜt̪ ɗˌaː5 fˈɔɜŋ hˈaː2ŋ tʃˈu6c t̪ˈen lˈyə4 vˌaː2 mˈaɜj bˈaj xˌoŋ ŋˈyə2j lˈaːɜj vˈaː2w kˈan kˈyɜ xˌoŋ kwˈən kˈɑːmiz mˈʌʃeɪt ˈəː4 mˈiɛ2n nˈaːm.,bˈiɛ4n fˈiəɜ t̪ˈəɪ jˈɛmən. hˈaʊθaɪ tʃˌɔ bˈiɛɜt̪ ɗˌaː5 fˈɔɜŋ hˈaː2ŋ tʃˈu6c t̪ˈen lˈyə4 vˌaː2 mˈaɜj bˈaj xˌoŋ ŋˈyə2j lˈaːɜj vˈaː2w kˈan kˈyɜ xˌoŋ kwˈən kˈɑːmiz mˈʌʃeɪt ˈəː4 mˈiɛ2n nˈaːm.,para,40F0AEAE73021A4C6447FDD39D345638AFA6AB0FE55D4F596E69E3D5E8B5F163
danhgia_tts.txt,danhgia_tts-003,Văn bản 3,danhgia_tts-003-c003,3,"Ngày 14-15 tháng 9, lực lượng Houthi do Iran hậu thuẫn của Yemen đã phát động đợt tấn công mới nhằm vào Ả Rập Xê-út và củng cố vị trí dọc bờ
biển phía tây Yemen. Houthi cho biết đã phóng hàng chục tên lửa và máy bay không người lái vào căn cứ không quân Khamis Mushait ở miền nam
Ả Rập Xê-út, khiến 13 dân thường bị thương và kích hoạt báo động khẩn cấp ở bốn thành phố phía nam. Các cuộc tiến công và việc chiếm đảo Perim
đã gây áp lực lên xuất khẩu dầu của Ả Rập Xê-út sau khi một vụ tấn công trên không làm gián đoạn đường ống dầu dài 1.200 km, khiến giá dầu
tăng và các cuộc đàm phán về Eo biển Hormuz bị hoãn. Oman hoãn cuộc họp dự kiến với Iran và các nước vùng Vịnh nhằm thảo luận về Eo biển
Hormuz. Tổng thống Hoa Kỳ Donald Trump cho biết Washington từ chối can thiệp quân sự trực tiếp ngoài hỗ trợ tình báo, trong khi Ả Rập Xê-út và
Yemen tăng cường oanh kích. Iran tuyên bố đóng Eo biển Hormuz và các báo cáo mâu thuẫn về tàu chở dầu El Gaia cùng gián đoạn đường ống đã
làm gia tăng bất ổn khu vực. Tổ chức Di cư Quốc tế ước tính khoảng 82.000 người Yemen đã rời bỏ vùng chiến sự kể từ đầu tháng.","ngày mười bốn đến mười lăm tháng chín, lực lượng houthi do iran hậu thuẫn của yemen đã phát động đợt tấn công mới nhằm vào ả rập xê út và củng cố vị trí dọc bờ.
biển phía tây yemen. houthi cho biết đã phóng hàng chục tên lửa và máy bay không người lái vào căn cứ không quân khamis mushait ở miền nam.
ả rập xê út, khiến mười ba dân thường bị thương và kích hoạt báo động khẩn cấp ở bốn thành phố phía nam. các cuộc tiến công và việc chiếm đảo perim.
đã gây áp lực lên xuất khẩu dầu của ả rập xê út sau khi một vụ tấn công trên không làm gián đoạn đường ống dầu dài một nghìn hai trăm ki lô mét, khiến giá dầu.
tăng và các cuộc đàm phán về eo biển hormuz bị hoãn. oman hoãn cuộc họp dự kiến với iran và các nước vùng vịnh nhằm thảo luận về eo biển.
hormuz, tổng thống hoa kỳ donald trump cho biết washington từ chối can thiệp quân sự trực tiếp ngoài hỗ trợ tình báo, trong khi ả rập xê út và.
yemen tăng cường oanh kích. iran tuyên bố đóng eo biển hormuz và các báo cáo mâu thuẫn về tàu chở dầu el gaia cùng gián đoạn đường ống đã.
làm gia tăng bất ổn khu vực. tổ chức di cư quốc tế ước tính khoảng tám mươi hai nghìn người yemen đã rời bỏ vùng chiến sự kể từ đầu tháng.",,"ả rập xê út, khiến mười ba dân thường bị thương và kích hoạt báo động khẩn cấp ở bốn thành phố phía nam. các cuộc tiến công và việc chiếm đảo perim.","ả rập xê út, khiến mười ba dân thường bị thương và kích hoạt báo động khẩn cấp ở bốn thành phố phía nam. các cuộc tiến công và việc chiếm đảo perim.",True,"ˈaː4 ɹˈə6p sˈe ˈuɜt̪, xˈiɛɜn mˈyə2j bˈaː zˈən tˈyə2ŋ bˌi6 tˈyəŋ vˌaː2 kˈiɜc hwˈaː6t̪ bˈaːɜw ɗˈo6ŋ xˈə4n kˈəɜp ˈəː4 bˈoɜn tˈe-2ɲ fˈoɜ fˈiəɜ nˈaːm. kˌaːɜc kˈuə6c t̪ˈiɛɜn kˈoŋ vˌaː2 vˈiɛ6c tʃˈiɛɜm ɗˈaː4w pˈɛɹɪm.","ˈaː4 ɹˈə6p sˈe ˈuɜt̪, xˈiɛɜn mˈyə2j bˈaː zˈən tˈyə2ŋ bˌi6 tˈyəŋ vˌaː2 kˈiɜc hwˈaː6t̪ bˈaːɜw ɗˈo6ŋ xˈə4n kˈəɜp ˈəː4 bˈoɜn tˈe-2ɲ fˈoɜ fˈiəɜ nˈaːm. kˌaːɜc kˈuə6c t̪ˈiɛɜn kˈoŋ vˌaː2 vˈiɛ6c tʃˈiɛɜm ɗˈaː4w pˈɛɹɪm.",para,40F0AEAE73021A4C6447FDD39D345638AFA6AB0FE55D4F596E69E3D5E8B5F163
danhgia_tts.txt,danhgia_tts-003,Văn bản 3,danhgia_tts-003-c004,4,"Ngày 14-15 tháng 9, lực lượng Houthi do Iran hậu thuẫn của Yemen đã phát động đợt tấn công mới nhằm vào Ả Rập Xê-út và củng cố vị trí dọc bờ
biển phía tây Yemen. Houthi cho biết đã phóng hàng chục tên lửa và máy bay không người lái vào căn cứ không quân Khamis Mushait ở miền nam
Ả Rập Xê-út, khiến 13 dân thường bị thương và kích hoạt báo động khẩn cấp ở bốn thành phố phía nam. Các cuộc tiến công và việc chiếm đảo Perim
đã gây áp lực lên xuất khẩu dầu của Ả Rập Xê-út sau khi một vụ tấn công trên không làm gián đoạn đường ống dầu dài 1.200 km, khiến giá dầu
tăng và các cuộc đàm phán về Eo biển Hormuz bị hoãn. Oman hoãn cuộc họp dự kiến với Iran và các nước vùng Vịnh nhằm thảo luận về Eo biển
Hormuz. Tổng thống Hoa Kỳ Donald Trump cho biết Washington từ chối can thiệp quân sự trực tiếp ngoài hỗ trợ tình báo, trong khi Ả Rập Xê-út và
Yemen tăng cường oanh kích. Iran tuyên bố đóng Eo biển Hormuz và các báo cáo mâu thuẫn về tàu chở dầu El Gaia cùng gián đoạn đường ống đã
làm gia tăng bất ổn khu vực. Tổ chức Di cư Quốc tế ước tính khoảng 82.000 người Yemen đã rời bỏ vùng chiến sự kể từ đầu tháng.","ngày mười bốn đến mười lăm tháng chín, lực lượng houthi do iran hậu thuẫn của yemen đã phát động đợt tấn công mới nhằm vào ả rập xê út và củng cố vị trí dọc bờ.
biển phía tây yemen. houthi cho biết đã phóng hàng chục tên lửa và máy bay không người lái vào căn cứ không quân khamis mushait ở miền nam.
ả rập xê út, khiến mười ba dân thường bị thương và kích hoạt báo động khẩn cấp ở bốn thành phố phía nam. các cuộc tiến công và việc chiếm đảo perim.
đã gây áp lực lên xuất khẩu dầu của ả rập xê út sau khi một vụ tấn công trên không làm gián đoạn đường ống dầu dài một nghìn hai trăm ki lô mét, khiến giá dầu.
tăng và các cuộc đàm phán về eo biển hormuz bị hoãn. oman hoãn cuộc họp dự kiến với iran và các nước vùng vịnh nhằm thảo luận về eo biển.
hormuz, tổng thống hoa kỳ donald trump cho biết washington từ chối can thiệp quân sự trực tiếp ngoài hỗ trợ tình báo, trong khi ả rập xê út và.
yemen tăng cường oanh kích. iran tuyên bố đóng eo biển hormuz và các báo cáo mâu thuẫn về tàu chở dầu el gaia cùng gián đoạn đường ống đã.
làm gia tăng bất ổn khu vực. tổ chức di cư quốc tế ước tính khoảng tám mươi hai nghìn người yemen đã rời bỏ vùng chiến sự kể từ đầu tháng.",,"đã gây áp lực lên xuất khẩu dầu của ả rập xê út sau khi một vụ tấn công trên không làm gián đoạn đường ống dầu dài một nghìn hai trăm ki lô mét, khiến giá dầu.","đã gây áp lực lên xuất khẩu dầu của ả rập xê út sau khi một vụ tấn công trên không làm gián đoạn đường ống dầu dài một nghìn hai trăm ki lô mét, khiến giá dầu.",True,"ɗˌaː5 ɣˈəɪ ˈaːɜp lˈy6c lˈen swˈəɜt̪ xˈə4w zˈə2w kˌuə4 ˈaː4 ɹˈə6p sˈe ˈuɜt̪ sˈaw xˌi mˈo6t̪ vˈu6 t̪ˈəɜn kˈoŋ tʃˈen xˌoŋ lˈaː2m zˈaːɜn ɗwˈaː6n ɗˈyə2ŋ ˈoɜŋ zˈə2w zˈaː2j mˈo6t̪ ŋˈi2n hˈaːj tʃˈam kˈi lˈo mˈɛɜt̪, xˈiɛɜn zˈaːɜ zˈə2w.","ɗˌaː5 ɣˈəɪ ˈaːɜp lˈy6c lˈen swˈəɜt̪ xˈə4w zˈə2w kˌuə4 ˈaː4 ɹˈə6p sˈe ˈuɜt̪ sˈaw xˌi mˈo6t̪ vˈu6 t̪ˈəɜn kˈoŋ tʃˈen xˌoŋ lˈaː2m zˈaːɜn ɗwˈaː6n ɗˈyə2ŋ ˈoɜŋ zˈə2w zˈaː2j mˈo6t̪ ŋˈi2n hˈaːj tʃˈam kˈi lˈo mˈɛɜt̪, xˈiɛɜn zˈaːɜ zˈə2w.",para,40F0AEAE73021A4C6447FDD39D345638AFA6AB0FE55D4F596E69E3D5E8B5F163
danhgia_tts.txt,danhgia_tts-003,Văn bản 3,danhgia_tts-003-c005,5,"Ngày 14-15 tháng 9, lực lượng Houthi do Iran hậu thuẫn của Yemen đã phát động đợt tấn công mới nhằm vào Ả Rập Xê-út và củng cố vị trí dọc bờ
biển phía tây Yemen. Houthi cho biết đã phóng hàng chục tên lửa và máy bay không người lái vào căn cứ không quân Khamis Mushait ở miền nam
Ả Rập Xê-út, khiến 13 dân thường bị thương và kích hoạt báo động khẩn cấp ở bốn thành phố phía nam. Các cuộc tiến công và việc chiếm đảo Perim
đã gây áp lực lên xuất khẩu dầu của Ả Rập Xê-út sau khi một vụ tấn công trên không làm gián đoạn đường ống dầu dài 1.200 km, khiến giá dầu
tăng và các cuộc đàm phán về Eo biển Hormuz bị hoãn. Oman hoãn cuộc họp dự kiến với Iran và các nước vùng Vịnh nhằm thảo luận về Eo biển
Hormuz. Tổng thống Hoa Kỳ Donald Trump cho biết Washington từ chối can thiệp quân sự trực tiếp ngoài hỗ trợ tình báo, trong khi Ả Rập Xê-út và
Yemen tăng cường oanh kích. Iran tuyên bố đóng Eo biển Hormuz và các báo cáo mâu thuẫn về tàu chở dầu El Gaia cùng gián đoạn đường ống đã
làm gia tăng bất ổn khu vực. Tổ chức Di cư Quốc tế ước tính khoảng 82.000 người Yemen đã rời bỏ vùng chiến sự kể từ đầu tháng.","ngày mười bốn đến mười lăm tháng chín, lực lượng houthi do iran hậu thuẫn của yemen đã phát động đợt tấn công mới nhằm vào ả rập xê út và củng cố vị trí dọc bờ.
biển phía tây yemen. houthi cho biết đã phóng hàng chục tên lửa và máy bay không người lái vào căn cứ không quân khamis mushait ở miền nam.
ả rập xê út, khiến mười ba dân thường bị thương và kích hoạt báo động khẩn cấp ở bốn thành phố phía nam. các cuộc tiến công và việc chiếm đảo perim.
đã gây áp lực lên xuất khẩu dầu của ả rập xê út sau khi một vụ tấn công trên không làm gián đoạn đường ống dầu dài một nghìn hai trăm ki lô mét, khiến giá dầu.
tăng và các cuộc đàm phán về eo biển hormuz bị hoãn. oman hoãn cuộc họp dự kiến với iran và các nước vùng vịnh nhằm thảo luận về eo biển.
hormuz, tổng thống hoa kỳ donald trump cho biết washington từ chối can thiệp quân sự trực tiếp ngoài hỗ trợ tình báo, trong khi ả rập xê út và.
yemen tăng cường oanh kích. iran tuyên bố đóng eo biển hormuz và các báo cáo mâu thuẫn về tàu chở dầu el gaia cùng gián đoạn đường ống đã.
làm gia tăng bất ổn khu vực. tổ chức di cư quốc tế ước tính khoảng tám mươi hai nghìn người yemen đã rời bỏ vùng chiến sự kể từ đầu tháng.",,tăng và các cuộc đàm phán về eo biển hormuz bị hoãn. oman hoãn cuộc họp dự kiến với iran và các nước vùng vịnh nhằm thảo luận về eo biển.,tăng và các cuộc đàm phán về eo biển hormuz bị hoãn. oman hoãn cuộc họp dự kiến với iran và các nước vùng vịnh nhằm thảo luận về eo biển.,True,t̪ˈaŋ vˌaː2 kˌaːɜc kˈuə6c ɗˈaː2m fˈaːɜn vˈe2 ˈɛw bˈiɛ4n hˈɔːɹmʌz bˌi6 hwˈaː5n. oʊmˈæn hwˈaː5n kˈuə6c hˈɔ6p zˈy6 kˈiɛɜn vˌəːɜj ɪɹˈæn vˌaː2 kˌaːɜc nˈyəɜc vˈu2ŋ vˈi6ɲ ɲˈa2m tˈaː4w lwˈə6n vˈe2 ˈɛw bˈiɛ4n.,t̪ˈaŋ vˌaː2 kˌaːɜc kˈuə6c ɗˈaː2m fˈaːɜn vˈe2 ˈɛw bˈiɛ4n hˈɔːɹmʌz bˌi6 hwˈaː5n. oʊmˈæn hwˈaː5n kˈuə6c hˈɔ6p zˈy6 kˈiɛɜn vˌəːɜj ɪɹˈæn vˌaː2 kˌaːɜc nˈyəɜc vˈu2ŋ vˈi6ɲ ɲˈa2m tˈaː4w lwˈə6n vˈe2 ˈɛw bˈiɛ4n.,para,40F0AEAE73021A4C6447FDD39D345638AFA6AB0FE55D4F596E69E3D5E8B5F163
danhgia_tts.txt,danhgia_tts-003,Văn bản 3,danhgia_tts-003-c006,6,"Ngày 14-15 tháng 9, lực lượng Houthi do Iran hậu thuẫn của Yemen đã phát động đợt tấn công mới nhằm vào Ả Rập Xê-út và củng cố vị trí dọc bờ
biển phía tây Yemen. Houthi cho biết đã phóng hàng chục tên lửa và máy bay không người lái vào căn cứ không quân Khamis Mushait ở miền nam
Ả Rập Xê-út, khiến 13 dân thường bị thương và kích hoạt báo động khẩn cấp ở bốn thành phố phía nam. Các cuộc tiến công và việc chiếm đảo Perim
đã gây áp lực lên xuất khẩu dầu của Ả Rập Xê-út sau khi một vụ tấn công trên không làm gián đoạn đường ống dầu dài 1.200 km, khiến giá dầu
tăng và các cuộc đàm phán về Eo biển Hormuz bị hoãn. Oman hoãn cuộc họp dự kiến với Iran và các nước vùng Vịnh nhằm thảo luận về Eo biển
Hormuz. Tổng thống Hoa Kỳ Donald Trump cho biết Washington từ chối can thiệp quân sự trực tiếp ngoài hỗ trợ tình báo, trong khi Ả Rập Xê-út và
Yemen tăng cường oanh kích. Iran tuyên bố đóng Eo biển Hormuz và các báo cáo mâu thuẫn về tàu chở dầu El Gaia cùng gián đoạn đường ống đã
làm gia tăng bất ổn khu vực. Tổ chức Di cư Quốc tế ước tính khoảng 82.000 người Yemen đã rời bỏ vùng chiến sự kể từ đầu tháng.","ngày mười bốn đến mười lăm tháng chín, lực lượng houthi do iran hậu thuẫn của yemen đã phát động đợt tấn công mới nhằm vào ả rập xê út và củng cố vị trí dọc bờ.
biển phía tây yemen. houthi cho biết đã phóng hàng chục tên lửa và máy bay không người lái vào căn cứ không quân khamis mushait ở miền nam.
ả rập xê út, khiến mười ba dân thường bị thương và kích hoạt báo động khẩn cấp ở bốn thành phố phía nam. các cuộc tiến công và việc chiếm đảo perim.
đã gây áp lực lên xuất khẩu dầu của ả rập xê út sau khi một vụ tấn công trên không làm gián đoạn đường ống dầu dài một nghìn hai trăm ki lô mét, khiến giá dầu.
tăng và các cuộc đàm phán về eo biển hormuz bị hoãn. oman hoãn cuộc họp dự kiến với iran và các nước vùng vịnh nhằm thảo luận về eo biển.
hormuz, tổng thống hoa kỳ donald trump cho biết washington từ chối can thiệp quân sự trực tiếp ngoài hỗ trợ tình báo, trong khi ả rập xê út và.
yemen tăng cường oanh kích. iran tuyên bố đóng eo biển hormuz và các báo cáo mâu thuẫn về tàu chở dầu el gaia cùng gián đoạn đường ống đã.
làm gia tăng bất ổn khu vực. tổ chức di cư quốc tế ước tính khoảng tám mươi hai nghìn người yemen đã rời bỏ vùng chiến sự kể từ đầu tháng.",,"hormuz, tổng thống hoa kỳ donald trump cho biết washington từ chối can thiệp quân sự trực tiếp ngoài hỗ trợ tình báo, trong khi ả rập xê út và.","hormuz, tổng thống hoa kỳ donald trump cho biết washington từ chối can thiệp quân sự trực tiếp ngoài hỗ trợ tình báo, trong khi ả rập xê út và.",True,"hˈɔːɹmʌz, t̪ˈo4ŋ tˈoɜŋ hwˈaː kˈi2 dˈɑːnəld tɹˈʌmp tʃˌɔ bˈiɛɜt̪ wˈɑːʃɪŋtən t̪ˌy2 tʃˈoɜj kˈaːn tˈiɛ6p kwˈən sˈy6 tʃˈy6c t̪ˈiɛɜp ŋwˈaː2j hˈo5 tʃˈəː6 t̪ˈi2ɲ bˈaːɜw, tʃˈɔŋ xˌi ˈaː4 ɹˈə6p sˈe ˈuɜt̪ vˌaː2.","hˈɔːɹmʌz, t̪ˈo4ŋ tˈoɜŋ hwˈaː kˈi2 dˈɑːnəld tɹˈʌmp tʃˌɔ bˈiɛɜt̪ wˈɑːʃɪŋtən t̪ˌy2 tʃˈoɜj kˈaːn tˈiɛ6p kwˈən sˈy6 tʃˈy6c t̪ˈiɛɜp ŋwˈaː2j hˈo5 tʃˈəː6 t̪ˈi2ɲ bˈaːɜw, tʃˈɔŋ xˌi ˈaː4 ɹˈə6p sˈe ˈuɜt̪ vˌaː2.",para,40F0AEAE73021A4C6447FDD39D345638AFA6AB0FE55D4F596E69E3D5E8B5F163
danhgia_tts.txt,danhgia_tts-003,Văn bản 3,danhgia_tts-003-c007,7,"Ngày 14-15 tháng 9, lực lượng Houthi do Iran hậu thuẫn của Yemen đã phát động đợt tấn công mới nhằm vào Ả Rập Xê-út và củng cố vị trí dọc bờ
biển phía tây Yemen. Houthi cho biết đã phóng hàng chục tên lửa và máy bay không người lái vào căn cứ không quân Khamis Mushait ở miền nam
Ả Rập Xê-út, khiến 13 dân thường bị thương và kích hoạt báo động khẩn cấp ở bốn thành phố phía nam. Các cuộc tiến công và việc chiếm đảo Perim
đã gây áp lực lên xuất khẩu dầu của Ả Rập Xê-út sau khi một vụ tấn công trên không làm gián đoạn đường ống dầu dài 1.200 km, khiến giá dầu
tăng và các cuộc đàm phán về Eo biển Hormuz bị hoãn. Oman hoãn cuộc họp dự kiến với Iran và các nước vùng Vịnh nhằm thảo luận về Eo biển
Hormuz. Tổng thống Hoa Kỳ Donald Trump cho biết Washington từ chối can thiệp quân sự trực tiếp ngoài hỗ trợ tình báo, trong khi Ả Rập Xê-út và
Yemen tăng cường oanh kích. Iran tuyên bố đóng Eo biển Hormuz và các báo cáo mâu thuẫn về tàu chở dầu El Gaia cùng gián đoạn đường ống đã
làm gia tăng bất ổn khu vực. Tổ chức Di cư Quốc tế ước tính khoảng 82.000 người Yemen đã rời bỏ vùng chiến sự kể từ đầu tháng.","ngày mười bốn đến mười lăm tháng chín, lực lượng houthi do iran hậu thuẫn của yemen đã phát động đợt tấn công mới nhằm vào ả rập xê út và củng cố vị trí dọc bờ.
biển phía tây yemen. houthi cho biết đã phóng hàng chục tên lửa và máy bay không người lái vào căn cứ không quân khamis mushait ở miền nam.
ả rập xê út, khiến mười ba dân thường bị thương và kích hoạt báo động khẩn cấp ở bốn thành phố phía nam. các cuộc tiến công và việc chiếm đảo perim.
đã gây áp lực lên xuất khẩu dầu của ả rập xê út sau khi một vụ tấn công trên không làm gián đoạn đường ống dầu dài một nghìn hai trăm ki lô mét, khiến giá dầu.
tăng và các cuộc đàm phán về eo biển hormuz bị hoãn. oman hoãn cuộc họp dự kiến với iran và các nước vùng vịnh nhằm thảo luận về eo biển.
hormuz, tổng thống hoa kỳ donald trump cho biết washington từ chối can thiệp quân sự trực tiếp ngoài hỗ trợ tình báo, trong khi ả rập xê út và.
yemen tăng cường oanh kích. iran tuyên bố đóng eo biển hormuz và các báo cáo mâu thuẫn về tàu chở dầu el gaia cùng gián đoạn đường ống đã.
làm gia tăng bất ổn khu vực. tổ chức di cư quốc tế ước tính khoảng tám mươi hai nghìn người yemen đã rời bỏ vùng chiến sự kể từ đầu tháng.",,yemen tăng cường oanh kích. iran tuyên bố đóng eo biển hormuz và các báo cáo mâu thuẫn về tàu chở dầu el gaia cùng gián đoạn đường ống đã.,yemen tăng cường oanh kích. iran tuyên bố đóng eo biển hormuz và các báo cáo mâu thuẫn về tàu chở dầu el gaia cùng gián đoạn đường ống đã.,True,jˈɛmən t̪ˈaŋ kˈyə2ŋ wˈe-ɲ kˈiɜc. ɪɹˈæn t̪wˈiɛn bˈoɜ ɗˈɔɜŋ ˈɛw bˈiɛ4n hˈɔːɹmʌz vˌaː2 kˌaːɜc bˈaːɜw kˈaːɜw mˈə1w twˈə5n vˈe2 t̪ˈa2w tʃˈəː4 zˈə2w ˌɛl ɡˈaɪə kˈu2ŋ zˈaːɜn ɗwˈaː6n ɗˈyə2ŋ ˈoɜŋ ɗˌaː5.,jˈɛmən t̪ˈaŋ kˈyə2ŋ wˈe-ɲ kˈiɜc. ɪɹˈæn t̪wˈiɛn bˈoɜ ɗˈɔɜŋ ˈɛw bˈiɛ4n hˈɔːɹmʌz vˌaː2 kˌaːɜc bˈaːɜw kˈaːɜw mˈə1w twˈə5n vˈe2 t̪ˈa2w tʃˈəː4 zˈə2w ˌɛl ɡˈaɪə kˈu2ŋ zˈaːɜn ɗwˈaː6n ɗˈyə2ŋ ˈoɜŋ ɗˌaː5.,para,40F0AEAE73021A4C6447FDD39D345638AFA6AB0FE55D4F596E69E3D5E8B5F163
danhgia_tts.txt,danhgia_tts-003,Văn bản 3,danhgia_tts-003-c008,8,"Ngày 14-15 tháng 9, lực lượng Houthi do Iran hậu thuẫn của Yemen đã phát động đợt tấn công mới nhằm vào Ả Rập Xê-út và củng cố vị trí dọc bờ
biển phía tây Yemen. Houthi cho biết đã phóng hàng chục tên lửa và máy bay không người lái vào căn cứ không quân Khamis Mushait ở miền nam
Ả Rập Xê-út, khiến 13 dân thường bị thương và kích hoạt báo động khẩn cấp ở bốn thành phố phía nam. Các cuộc tiến công và việc chiếm đảo Perim
đã gây áp lực lên xuất khẩu dầu của Ả Rập Xê-út sau khi một vụ tấn công trên không làm gián đoạn đường ống dầu dài 1.200 km, khiến giá dầu
tăng và các cuộc đàm phán về Eo biển Hormuz bị hoãn. Oman hoãn cuộc họp dự kiến với Iran và các nước vùng Vịnh nhằm thảo luận về Eo biển
Hormuz. Tổng thống Hoa Kỳ Donald Trump cho biết Washington từ chối can thiệp quân sự trực tiếp ngoài hỗ trợ tình báo, trong khi Ả Rập Xê-út và
Yemen tăng cường oanh kích. Iran tuyên bố đóng Eo biển Hormuz và các báo cáo mâu thuẫn về tàu chở dầu El Gaia cùng gián đoạn đường ống đã
làm gia tăng bất ổn khu vực. Tổ chức Di cư Quốc tế ước tính khoảng 82.000 người Yemen đã rời bỏ vùng chiến sự kể từ đầu tháng.","ngày mười bốn đến mười lăm tháng chín, lực lượng houthi do iran hậu thuẫn của yemen đã phát động đợt tấn công mới nhằm vào ả rập xê út và củng cố vị trí dọc bờ.
biển phía tây yemen. houthi cho biết đã phóng hàng chục tên lửa và máy bay không người lái vào căn cứ không quân khamis mushait ở miền nam.
ả rập xê út, khiến mười ba dân thường bị thương và kích hoạt báo động khẩn cấp ở bốn thành phố phía nam. các cuộc tiến công và việc chiếm đảo perim.
đã gây áp lực lên xuất khẩu dầu của ả rập xê út sau khi một vụ tấn công trên không làm gián đoạn đường ống dầu dài một nghìn hai trăm ki lô mét, khiến giá dầu.
tăng và các cuộc đàm phán về eo biển hormuz bị hoãn. oman hoãn cuộc họp dự kiến với iran và các nước vùng vịnh nhằm thảo luận về eo biển.
hormuz, tổng thống hoa kỳ donald trump cho biết washington từ chối can thiệp quân sự trực tiếp ngoài hỗ trợ tình báo, trong khi ả rập xê út và.
yemen tăng cường oanh kích. iran tuyên bố đóng eo biển hormuz và các báo cáo mâu thuẫn về tàu chở dầu el gaia cùng gián đoạn đường ống đã.
làm gia tăng bất ổn khu vực. tổ chức di cư quốc tế ước tính khoảng tám mươi hai nghìn người yemen đã rời bỏ vùng chiến sự kể từ đầu tháng.",,làm gia tăng bất ổn khu vực. tổ chức di cư quốc tế ước tính khoảng tám mươi hai nghìn người yemen đã rời bỏ vùng chiến sự kể từ đầu tháng.,làm gia tăng bất ổn khu vực. tổ chức di cư quốc tế ước tính khoảng tám mươi hai nghìn người yemen đã rời bỏ vùng chiến sự kể từ đầu tháng.,True,lˈaː2m zˈaː t̪ˈaŋ bˈəɜt̪ ˈo4n xˈu vˈy6c. t̪ˈo4 tʃˈyɜc zˈi kˈy kˈuəɜc t̪ˈeɜ ˈyəɜc t̪ˈiɜɲ xwˌaː4ŋ t̪ˈaːɜm mˈyəj hˈaːj ŋˈi2n ŋˈyə2j jˈɛmən ɗˌaː5 ɹˈəː2j bˈɔ4 vˈu2ŋ tʃˈiɛɜn sˈy6 kˈe4 t̪ˌy2 ɗˈə2w tˈaːɜŋ.,lˈaː2m zˈaː t̪ˈaŋ bˈəɜt̪ ˈo4n xˈu vˈy6c. t̪ˈo4 tʃˈyɜc zˈi kˈy kˈuəɜc t̪ˈeɜ ˈyəɜc t̪ˈiɜɲ xwˌaː4ŋ t̪ˈaːɜm mˈyəj hˈaːj ŋˈi2n ŋˈyə2j jˈɛmən ɗˌaː5 ɹˈəː2j bˈɔ4 vˈu2ŋ tʃˈiɛɜn sˈy6 kˈe4 t̪ˌy2 ɗˈə2w tˈaːɜŋ.,,40F0AEAE73021A4C6447FDD39D345638AFA6AB0FE55D4F596E69E3D5E8B5F163
danhgia_tts.txt,danhgia_tts-004,Văn bản 4,danhgia_tts-004-c001,1,"Quốc hội Hàn Quốc khởi động ""siêu tuần"" gồm bảy phiên điều trần xác nhận nội các do Tổng thống Lee Jae-myung đề cử, bắt đầu từ thứ Hai. Phiên
đầu tiên là cho ứng viên Thẩm phán Tòa án Tối cao Kim Sung-soo, người phải đối mặt cáo buộc trốn thuế và bất thường trong giao dịch bất động
sản liên quan đến hợp đồng jeonse; ông xin lỗi và cho biết đã bắt đầu nộp thuế quà tặng chậm. Các phiên tiếp theo gồm thứ Ba cho ứng viên Bộ
trưởng Tư pháp Kim Seung-won, Phó Thủ tướng kiêm Bộ trưởng Tài chính Lee Hyoung-il và Bộ trưởng Doanh nghiệp Nhỏ và Vừa Lee So-young;
thứ Tư cho Bộ trưởng Quốc phòng Kang Shin-chul và Bộ trưởng Đất đai, Hạ tầng và Giao thông Hong Jee-sun; và thứ Năm cho ứng viên thanh tra
độc lập Choi Kil-su. Trước đó, ứng viên Bộ trưởng Bình đẳng giới Yong Hye-in đã từ chức vào Chủ nhật, cho biết đảng cầm quyền đã yêu cầu bà ""ra
quyết định"" vì thiếu sự chấp nhận của công chúng. Đảng cầm quyền Dân chủ chỉ trích đối lập tập trung vào cáo buộc gây sốc thay vì đánh giá năng
lực và khẳng định sẽ bảo vệ Kim Seung-won. Đảng Nhân dân Quyền lực kêu gọi Kim Seung-won từ chức và yêu cầu Tổng thống Lee Jae-myung xin
lỗi và rút đề cử, cáo buộc chính quyền đang thúc đẩy bổ nhiệm này nhằm xóa các cáo buộc hình sự đối với tổng thống sau khi ông rời nhiệm sở.
Tổng thống Lee Jae-myung đang đối mặt áp lực khi các ứng viên gặp khó khăn trong quá trình xác nhận.","quốc hội hàn quốc khởi động siêu tuần gồm bảy phiên điều trần xác nhận nội các do tổng thống lee jae myung đề cử, bắt đầu từ thứ hai. phiên.
đầu tiên là cho ứng viên thẩm phán tòa án tối cao kim sung soo, người phải đối mặt cáo buộc trốn thuế và bất thường trong giao dịch bất động.
sản liên quan đến hợp đồng jeonse, ông xin lỗi và cho biết đã bắt đầu nộp thuế quà tặng chậm. các phiên tiếp theo gồm thứ ba cho ứng viên bộ.
trưởng tư pháp kim seung won, phó thủ tướng kiêm bộ trưởng tài chính lee hyoung il và bộ trưởng doanh nghiệp nhỏ và vừa lee so young.
thứ tư cho bộ trưởng quốc phòng kang shin chul và bộ trưởng đất đai, hạ tầng và giao thông hong jee sun, và thứ năm cho ứng viên thanh tra.
độc lập choi kil su. trước đó, ứng viên bộ trưởng bình đẳng giới yong hye in đã từ chức vào chủ nhật, cho biết đảng cầm quyền đã yêu cầu bà ra.
quyết định vì thiếu sự chấp nhận của công chúng. đảng cầm quyền dân chủ chỉ trích đối lập tập trung vào cáo buộc gây sốc thay vì đánh giá năng.
lực và khẳng định sẽ bảo vệ kim seung won. đảng nhân dân quyền lực kêu gọi kim seung won từ chức và yêu cầu tổng thống lee jae myung xin.
lỗi và rút đề cử, cáo buộc chính quyền đang thúc đẩy bổ nhiệm này nhằm xóa các cáo buộc hình sự đối với tổng thống sau khi ông rời nhiệm sở.
tổng thống lee jae myung đang đối mặt áp lực khi các ứng viên gặp khó khăn trong quá trình xác nhận.",,"quốc hội hàn quốc khởi động siêu tuần gồm bảy phiên điều trần xác nhận nội các do tổng thống lee jae myung đề cử, bắt đầu từ thứ hai. phiên.","quốc hội hàn quốc khởi động siêu tuần gồm bảy phiên điều trần xác nhận nội các do tổng thống lee jae myung đề cử, bắt đầu từ thứ hai. phiên.",True,"kˈuəɜc hˈo6j hˈaː2n kˈuəɜc xˈəː4j ɗˈo6ŋ sˈiɛw t̪wˈə2n ɣˈo2m bˈa4j fˈiɛn ɗˈiɛ2w tʃˈə2n sˈaːɜc ɲˈə6n nˈo6j kˌaːɜc zˈɔ t̪ˈo4ŋ tˈoɜŋ lˈiː jˈiː mˈaɪʌŋ ɗˈe2 kˈy4, bˈaɜt̪ ɗˈə2w t̪ˌy2 tˈyɜ hˈaːj. fˈiɛn.","kˈuəɜc hˈo6j hˈaː2n kˈuəɜc xˈəː4j ɗˈo6ŋ sˈiɛw t̪wˈə2n ɣˈo2m bˈa4j fˈiɛn ɗˈiɛ2w tʃˈə2n sˈaːɜc ɲˈə6n nˈo6j kˌaːɜc zˈɔ t̪ˈo4ŋ tˈoɜŋ lˈiː jˈiː mˈaɪʌŋ ɗˈe2 kˈy4, bˈaɜt̪ ɗˈə2w t̪ˌy2 tˈyɜ hˈaːj. fˈiɛn.",para,40F0AEAE73021A4C6447FDD39D345638AFA6AB0FE55D4F596E69E3D5E8B5F163
danhgia_tts.txt,danhgia_tts-004,Văn bản 4,danhgia_tts-004-c002,2,"Quốc hội Hàn Quốc khởi động ""siêu tuần"" gồm bảy phiên điều trần xác nhận nội các do Tổng thống Lee Jae-myung đề cử, bắt đầu từ thứ Hai. Phiên
đầu tiên là cho ứng viên Thẩm phán Tòa án Tối cao Kim Sung-soo, người phải đối mặt cáo buộc trốn thuế và bất thường trong giao dịch bất động
sản liên quan đến hợp đồng jeonse; ông xin lỗi và cho biết đã bắt đầu nộp thuế quà tặng chậm. Các phiên tiếp theo gồm thứ Ba cho ứng viên Bộ
trưởng Tư pháp Kim Seung-won, Phó Thủ tướng kiêm Bộ trưởng Tài chính Lee Hyoung-il và Bộ trưởng Doanh nghiệp Nhỏ và Vừa Lee So-young;
thứ Tư cho Bộ trưởng Quốc phòng Kang Shin-chul và Bộ trưởng Đất đai, Hạ tầng và Giao thông Hong Jee-sun; và thứ Năm cho ứng viên thanh tra
độc lập Choi Kil-su. Trước đó, ứng viên Bộ trưởng Bình đẳng giới Yong Hye-in đã từ chức vào Chủ nhật, cho biết đảng cầm quyền đã yêu cầu bà ""ra
quyết định"" vì thiếu sự chấp nhận của công chúng. Đảng cầm quyền Dân chủ chỉ trích đối lập tập trung vào cáo buộc gây sốc thay vì đánh giá năng
lực và khẳng định sẽ bảo vệ Kim Seung-won. Đảng Nhân dân Quyền lực kêu gọi Kim Seung-won từ chức và yêu cầu Tổng thống Lee Jae-myung xin
lỗi và rút đề cử, cáo buộc chính quyền đang thúc đẩy bổ nhiệm này nhằm xóa các cáo buộc hình sự đối với tổng thống sau khi ông rời nhiệm sở.
Tổng thống Lee Jae-myung đang đối mặt áp lực khi các ứng viên gặp khó khăn trong quá trình xác nhận.","quốc hội hàn quốc khởi động siêu tuần gồm bảy phiên điều trần xác nhận nội các do tổng thống lee jae myung đề cử, bắt đầu từ thứ hai. phiên.
đầu tiên là cho ứng viên thẩm phán tòa án tối cao kim sung soo, người phải đối mặt cáo buộc trốn thuế và bất thường trong giao dịch bất động.
sản liên quan đến hợp đồng jeonse, ông xin lỗi và cho biết đã bắt đầu nộp thuế quà tặng chậm. các phiên tiếp theo gồm thứ ba cho ứng viên bộ.
trưởng tư pháp kim seung won, phó thủ tướng kiêm bộ trưởng tài chính lee hyoung il và bộ trưởng doanh nghiệp nhỏ và vừa lee so young.
thứ tư cho bộ trưởng quốc phòng kang shin chul và bộ trưởng đất đai, hạ tầng và giao thông hong jee sun, và thứ năm cho ứng viên thanh tra.
độc lập choi kil su. trước đó, ứng viên bộ trưởng bình đẳng giới yong hye in đã từ chức vào chủ nhật, cho biết đảng cầm quyền đã yêu cầu bà ra.
quyết định vì thiếu sự chấp nhận của công chúng. đảng cầm quyền dân chủ chỉ trích đối lập tập trung vào cáo buộc gây sốc thay vì đánh giá năng.
lực và khẳng định sẽ bảo vệ kim seung won. đảng nhân dân quyền lực kêu gọi kim seung won từ chức và yêu cầu tổng thống lee jae myung xin.
lỗi và rút đề cử, cáo buộc chính quyền đang thúc đẩy bổ nhiệm này nhằm xóa các cáo buộc hình sự đối với tổng thống sau khi ông rời nhiệm sở.
tổng thống lee jae myung đang đối mặt áp lực khi các ứng viên gặp khó khăn trong quá trình xác nhận.",,"đầu tiên là cho ứng viên thẩm phán tòa án tối cao kim sung soo, người phải đối mặt cáo buộc trốn thuế và bất thường trong giao dịch bất động.","đầu tiên là cho ứng viên thẩm phán tòa án tối cao kim sung soo, người phải đối mặt cáo buộc trốn thuế và bất thường trong giao dịch bất động.",True,"ɗˈə2w t̪ˈiɛn lˌaː2 tʃˌɔ ˈyɜŋ vˈiɛn tˈə4m fˈaːɜn t̪wˈaː2 ˈaːɜn t̪ˈoɜj kˈaːw kˈim sˈuŋ sˈuː, ŋˈyə2j fˌaː4j ɗˈoɜj mˈa6t̪ kˈaːɜw bˈuə6c tʃˈoɜn twˈeɜ vˌaː2 bˈəɜt̪ tˈyə2ŋ tʃˈɔŋ zˈaːw zˈi6c bˈəɜt̪ ɗˈo6ŋ.","ɗˈə2w t̪ˈiɛn lˌaː2 tʃˌɔ ˈyɜŋ vˈiɛn tˈə4m fˈaːɜn t̪wˈaː2 ˈaːɜn t̪ˈoɜj kˈaːw kˈim sˈuŋ sˈuː, ŋˈyə2j fˌaː4j ɗˈoɜj mˈa6t̪ kˈaːɜw bˈuə6c tʃˈoɜn twˈeɜ vˌaː2 bˈəɜt̪ tˈyə2ŋ tʃˈɔŋ zˈaːw zˈi6c bˈəɜt̪ ɗˈo6ŋ.",para,40F0AEAE73021A4C6447FDD39D345638AFA6AB0FE55D4F596E69E3D5E8B5F163
danhgia_tts.txt,danhgia_tts-004,Văn bản 4,danhgia_tts-004-c003,3,"Quốc hội Hàn Quốc khởi động ""siêu tuần"" gồm bảy phiên điều trần xác nhận nội các do Tổng thống Lee Jae-myung đề cử, bắt đầu từ thứ Hai. Phiên
đầu tiên là cho ứng viên Thẩm phán Tòa án Tối cao Kim Sung-soo, người phải đối mặt cáo buộc trốn thuế và bất thường trong giao dịch bất động
sản liên quan đến hợp đồng jeonse; ông xin lỗi và cho biết đã bắt đầu nộp thuế quà tặng chậm. Các phiên tiếp theo gồm thứ Ba cho ứng viên Bộ
trưởng Tư pháp Kim Seung-won, Phó Thủ tướng kiêm Bộ trưởng Tài chính Lee Hyoung-il và Bộ trưởng Doanh nghiệp Nhỏ và Vừa Lee So-young;
thứ Tư cho Bộ trưởng Quốc phòng Kang Shin-chul và Bộ trưởng Đất đai, Hạ tầng và Giao thông Hong Jee-sun; và thứ Năm cho ứng viên thanh tra
độc lập Choi Kil-su. Trước đó, ứng viên Bộ trưởng Bình đẳng giới Yong Hye-in đã từ chức vào Chủ nhật, cho biết đảng cầm quyền đã yêu cầu bà ""ra
quyết định"" vì thiếu sự chấp nhận của công chúng. Đảng cầm quyền Dân chủ chỉ trích đối lập tập trung vào cáo buộc gây sốc thay vì đánh giá năng
lực và khẳng định sẽ bảo vệ Kim Seung-won. Đảng Nhân dân Quyền lực kêu gọi Kim Seung-won từ chức và yêu cầu Tổng thống Lee Jae-myung xin
lỗi và rút đề cử, cáo buộc chính quyền đang thúc đẩy bổ nhiệm này nhằm xóa các cáo buộc hình sự đối với tổng thống sau khi ông rời nhiệm sở.
Tổng thống Lee Jae-myung đang đối mặt áp lực khi các ứng viên gặp khó khăn trong quá trình xác nhận.","quốc hội hàn quốc khởi động siêu tuần gồm bảy phiên điều trần xác nhận nội các do tổng thống lee jae myung đề cử, bắt đầu từ thứ hai. phiên.
đầu tiên là cho ứng viên thẩm phán tòa án tối cao kim sung soo, người phải đối mặt cáo buộc trốn thuế và bất thường trong giao dịch bất động.
sản liên quan đến hợp đồng jeonse, ông xin lỗi và cho biết đã bắt đầu nộp thuế quà tặng chậm. các phiên tiếp theo gồm thứ ba cho ứng viên bộ.
trưởng tư pháp kim seung won, phó thủ tướng kiêm bộ trưởng tài chính lee hyoung il và bộ trưởng doanh nghiệp nhỏ và vừa lee so young.
thứ tư cho bộ trưởng quốc phòng kang shin chul và bộ trưởng đất đai, hạ tầng và giao thông hong jee sun, và thứ năm cho ứng viên thanh tra.
độc lập choi kil su. trước đó, ứng viên bộ trưởng bình đẳng giới yong hye in đã từ chức vào chủ nhật, cho biết đảng cầm quyền đã yêu cầu bà ra.
quyết định vì thiếu sự chấp nhận của công chúng. đảng cầm quyền dân chủ chỉ trích đối lập tập trung vào cáo buộc gây sốc thay vì đánh giá năng.
lực và khẳng định sẽ bảo vệ kim seung won. đảng nhân dân quyền lực kêu gọi kim seung won từ chức và yêu cầu tổng thống lee jae myung xin.
lỗi và rút đề cử, cáo buộc chính quyền đang thúc đẩy bổ nhiệm này nhằm xóa các cáo buộc hình sự đối với tổng thống sau khi ông rời nhiệm sở.
tổng thống lee jae myung đang đối mặt áp lực khi các ứng viên gặp khó khăn trong quá trình xác nhận.",,"sản liên quan đến hợp đồng jeonse, ông xin lỗi và cho biết đã bắt đầu nộp thuế quà tặng chậm. các phiên tiếp theo gồm thứ ba cho ứng viên bộ.","sản liên quan đến hợp đồng jeonse, ông xin lỗi và cho biết đã bắt đầu nộp thuế quà tặng chậm. các phiên tiếp theo gồm thứ ba cho ứng viên bộ.",True,"sˈaː4n lˈiɛn kwˈaːn ɗˌeɜn hˈəː6p ɗˈo2ŋ dʒˈiː ˈɑːns, ˈoŋ sˈin lˈo5j vˌaː2 tʃˌɔ bˈiɛɜt̪ ɗˌaː5 bˈaɜt̪ ɗˈə2w nˈo6p twˈeɜ kwˈaː2 t̪ˈa6ŋ tʃˈə6m. kˌaːɜc fˈiɛn t̪ˈiɛɜp tˈɛw ɣˈo2m tˈyɜ bˈaː tʃˌɔ ˈyɜŋ vˈiɛn bˈo6.","sˈaː4n lˈiɛn kwˈaːn ɗˌeɜn hˈəː6p ɗˈo2ŋ dʒˈiː ˈɑːns, ˈoŋ sˈin lˈo5j vˌaː2 tʃˌɔ bˈiɛɜt̪ ɗˌaː5 bˈaɜt̪ ɗˈə2w nˈo6p twˈeɜ kwˈaː2 t̪ˈa6ŋ tʃˈə6m. kˌaːɜc fˈiɛn t̪ˈiɛɜp tˈɛw ɣˈo2m tˈyɜ bˈaː tʃˌɔ ˈyɜŋ vˈiɛn bˈo6.",para,40F0AEAE73021A4C6447FDD39D345638AFA6AB0FE55D4F596E69E3D5E8B5F163
danhgia_tts.txt,danhgia_tts-004,Văn bản 4,danhgia_tts-004-c004,4,"Quốc hội Hàn Quốc khởi động ""siêu tuần"" gồm bảy phiên điều trần xác nhận nội các do Tổng thống Lee Jae-myung đề cử, bắt đầu từ thứ Hai. Phiên
đầu tiên là cho ứng viên Thẩm phán Tòa án Tối cao Kim Sung-soo, người phải đối mặt cáo buộc trốn thuế và bất thường trong giao dịch bất động
sản liên quan đến hợp đồng jeonse; ông xin lỗi và cho biết đã bắt đầu nộp thuế quà tặng chậm. Các phiên tiếp theo gồm thứ Ba cho ứng viên Bộ
trưởng Tư pháp Kim Seung-won, Phó Thủ tướng kiêm Bộ trưởng Tài chính Lee Hyoung-il và Bộ trưởng Doanh nghiệp Nhỏ và Vừa Lee So-young;
thứ Tư cho Bộ trưởng Quốc phòng Kang Shin-chul và Bộ trưởng Đất đai, Hạ tầng và Giao thông Hong Jee-sun; và thứ Năm cho ứng viên thanh tra
độc lập Choi Kil-su. Trước đó, ứng viên Bộ trưởng Bình đẳng giới Yong Hye-in đã từ chức vào Chủ nhật, cho biết đảng cầm quyền đã yêu cầu bà ""ra
quyết định"" vì thiếu sự chấp nhận của công chúng. Đảng cầm quyền Dân chủ chỉ trích đối lập tập trung vào cáo buộc gây sốc thay vì đánh giá năng
lực và khẳng định sẽ bảo vệ Kim Seung-won. Đảng Nhân dân Quyền lực kêu gọi Kim Seung-won từ chức và yêu cầu Tổng thống Lee Jae-myung xin
lỗi và rút đề cử, cáo buộc chính quyền đang thúc đẩy bổ nhiệm này nhằm xóa các cáo buộc hình sự đối với tổng thống sau khi ông rời nhiệm sở.
Tổng thống Lee Jae-myung đang đối mặt áp lực khi các ứng viên gặp khó khăn trong quá trình xác nhận.","quốc hội hàn quốc khởi động siêu tuần gồm bảy phiên điều trần xác nhận nội các do tổng thống lee jae myung đề cử, bắt đầu từ thứ hai. phiên.
đầu tiên là cho ứng viên thẩm phán tòa án tối cao kim sung soo, người phải đối mặt cáo buộc trốn thuế và bất thường trong giao dịch bất động.
sản liên quan đến hợp đồng jeonse, ông xin lỗi và cho biết đã bắt đầu nộp thuế quà tặng chậm. các phiên tiếp theo gồm thứ ba cho ứng viên bộ.
trưởng tư pháp kim seung won, phó thủ tướng kiêm bộ trưởng tài chính lee hyoung il và bộ trưởng doanh nghiệp nhỏ và vừa lee so young.
thứ tư cho bộ trưởng quốc phòng kang shin chul và bộ trưởng đất đai, hạ tầng và giao thông hong jee sun, và thứ năm cho ứng viên thanh tra.
độc lập choi kil su. trước đó, ứng viên bộ trưởng bình đẳng giới yong hye in đã từ chức vào chủ nhật, cho biết đảng cầm quyền đã yêu cầu bà ra.
quyết định vì thiếu sự chấp nhận của công chúng. đảng cầm quyền dân chủ chỉ trích đối lập tập trung vào cáo buộc gây sốc thay vì đánh giá năng.
lực và khẳng định sẽ bảo vệ kim seung won. đảng nhân dân quyền lực kêu gọi kim seung won từ chức và yêu cầu tổng thống lee jae myung xin.
lỗi và rút đề cử, cáo buộc chính quyền đang thúc đẩy bổ nhiệm này nhằm xóa các cáo buộc hình sự đối với tổng thống sau khi ông rời nhiệm sở.
tổng thống lee jae myung đang đối mặt áp lực khi các ứng viên gặp khó khăn trong quá trình xác nhận.",,"trưởng tư pháp kim seung won, phó thủ tướng kiêm bộ trưởng tài chính lee hyoung il và bộ trưởng doanh nghiệp nhỏ và vừa lee so young.","trưởng tư pháp kim seung won, phó thủ tướng kiêm bộ trưởng tài chính lee hyoung il và bộ trưởng doanh nghiệp nhỏ và vừa lee so young.",True,"tʃˈyə4ŋ t̪ˈy fˈaːɜp kˈim sjˈuːŋ wˈʌn, fˈɔɜ tˈu4 t̪ˈyəɜŋ kˈiɛm bˈo6 tʃˈyə4ŋ t̪ˈaː2j tʃˈiɜɲ lˈiː hˈaɪoʊ ˈuŋ ˈɪl vˌaː2 bˈo6 tʃˈyə4ŋ zwˈe-ɲ ŋˈiɛ6p ɲˈɔ4 vˌaː2 vˈyə2 lˈiː sˈoʊ jˈʌŋ.","tʃˈyə4ŋ t̪ˈy fˈaːɜp kˈim sjˈuːŋ wˈʌn, fˈɔɜ tˈu4 t̪ˈyəɜŋ kˈiɛm bˈo6 tʃˈyə4ŋ t̪ˈaː2j tʃˈiɜɲ lˈiː hˈaɪoʊ ˈuŋ ˈɪl vˌaː2 bˈo6 tʃˈyə4ŋ zwˈe-ɲ ŋˈiɛ6p ɲˈɔ4 vˌaː2 vˈyə2 lˈiː sˈoʊ jˈʌŋ.",para,40F0AEAE73021A4C6447FDD39D345638AFA6AB0FE55D4F596E69E3D5E8B5F163
danhgia_tts.txt,danhgia_tts-004,Văn bản 4,danhgia_tts-004-c005,5,"Quốc hội Hàn Quốc khởi động ""siêu tuần"" gồm bảy phiên điều trần xác nhận nội các do Tổng thống Lee Jae-myung đề cử, bắt đầu từ thứ Hai. Phiên
đầu tiên là cho ứng viên Thẩm phán Tòa án Tối cao Kim Sung-soo, người phải đối mặt cáo buộc trốn thuế và bất thường trong giao dịch bất động
sản liên quan đến hợp đồng jeonse; ông xin lỗi và cho biết đã bắt đầu nộp thuế quà tặng chậm. Các phiên tiếp theo gồm thứ Ba cho ứng viên Bộ
trưởng Tư pháp Kim Seung-won, Phó Thủ tướng kiêm Bộ trưởng Tài chính Lee Hyoung-il và Bộ trưởng Doanh nghiệp Nhỏ và Vừa Lee So-young;
thứ Tư cho Bộ trưởng Quốc phòng Kang Shin-chul và Bộ trưởng Đất đai, Hạ tầng và Giao thông Hong Jee-sun; và thứ Năm cho ứng viên thanh tra
độc lập Choi Kil-su. Trước đó, ứng viên Bộ trưởng Bình đẳng giới Yong Hye-in đã từ chức vào Chủ nhật, cho biết đảng cầm quyền đã yêu cầu bà ""ra
quyết định"" vì thiếu sự chấp nhận của công chúng. Đảng cầm quyền Dân chủ chỉ trích đối lập tập trung vào cáo buộc gây sốc thay vì đánh giá năng
lực và khẳng định sẽ bảo vệ Kim Seung-won. Đảng Nhân dân Quyền lực kêu gọi Kim Seung-won từ chức và yêu cầu Tổng thống Lee Jae-myung xin
lỗi và rút đề cử, cáo buộc chính quyền đang thúc đẩy bổ nhiệm này nhằm xóa các cáo buộc hình sự đối với tổng thống sau khi ông rời nhiệm sở.
Tổng thống Lee Jae-myung đang đối mặt áp lực khi các ứng viên gặp khó khăn trong quá trình xác nhận.","quốc hội hàn quốc khởi động siêu tuần gồm bảy phiên điều trần xác nhận nội các do tổng thống lee jae myung đề cử, bắt đầu từ thứ hai. phiên.
đầu tiên là cho ứng viên thẩm phán tòa án tối cao kim sung soo, người phải đối mặt cáo buộc trốn thuế và bất thường trong giao dịch bất động.
sản liên quan đến hợp đồng jeonse, ông xin lỗi và cho biết đã bắt đầu nộp thuế quà tặng chậm. các phiên tiếp theo gồm thứ ba cho ứng viên bộ.
trưởng tư pháp kim seung won, phó thủ tướng kiêm bộ trưởng tài chính lee hyoung il và bộ trưởng doanh nghiệp nhỏ và vừa lee so young.
thứ tư cho bộ trưởng quốc phòng kang shin chul và bộ trưởng đất đai, hạ tầng và giao thông hong jee sun, và thứ năm cho ứng viên thanh tra.
độc lập choi kil su. trước đó, ứng viên bộ trưởng bình đẳng giới yong hye in đã từ chức vào chủ nhật, cho biết đảng cầm quyền đã yêu cầu bà ra.
quyết định vì thiếu sự chấp nhận của công chúng. đảng cầm quyền dân chủ chỉ trích đối lập tập trung vào cáo buộc gây sốc thay vì đánh giá năng.
lực và khẳng định sẽ bảo vệ kim seung won. đảng nhân dân quyền lực kêu gọi kim seung won từ chức và yêu cầu tổng thống lee jae myung xin.
lỗi và rút đề cử, cáo buộc chính quyền đang thúc đẩy bổ nhiệm này nhằm xóa các cáo buộc hình sự đối với tổng thống sau khi ông rời nhiệm sở.
tổng thống lee jae myung đang đối mặt áp lực khi các ứng viên gặp khó khăn trong quá trình xác nhận.",,"thứ tư cho bộ trưởng quốc phòng kang shin chul và bộ trưởng đất đai, hạ tầng và giao thông hong jee sun, và thứ năm cho ứng viên thanh tra.","thứ tư cho bộ trưởng quốc phòng kang shin chul và bộ trưởng đất đai, hạ tầng và giao thông hong jee sun, và thứ năm cho ứng viên thanh tra.",True,"tˈyɜ t̪ˈy tʃˌɔ bˈo6 tʃˈyə4ŋ kˈuəɜc fˈɔ2ŋ kˈæŋ ʃˈɪn tʃˈʌl vˌaː2 bˈo6 tʃˈyə4ŋ ɗˈəɜt̪ ɗˈaːj, hˈaː6 t̪ˈə2ŋ vˌaː2 zˈaːw tˈoŋ hˈɔŋ dʒˈiː sˈʌn, vˌaː2 tˈyɜ nˈam tʃˌɔ ˈyɜŋ vˈiɛn tˈe-ɲ tʃˈaː.","tˈyɜ t̪ˈy tʃˌɔ bˈo6 tʃˈyə4ŋ kˈuəɜc fˈɔ2ŋ kˈæŋ ʃˈɪn tʃˈʌl vˌaː2 bˈo6 tʃˈyə4ŋ ɗˈəɜt̪ ɗˈaːj, hˈaː6 t̪ˈə2ŋ vˌaː2 zˈaːw tˈoŋ hˈɔŋ dʒˈiː sˈʌn, vˌaː2 tˈyɜ nˈam tʃˌɔ ˈyɜŋ vˈiɛn tˈe-ɲ tʃˈaː.",para,40F0AEAE73021A4C6447FDD39D345638AFA6AB0FE55D4F596E69E3D5E8B5F163
danhgia_tts.txt,danhgia_tts-004,Văn bản 4,danhgia_tts-004-c006,6,"Quốc hội Hàn Quốc khởi động ""siêu tuần"" gồm bảy phiên điều trần xác nhận nội các do Tổng thống Lee Jae-myung đề cử, bắt đầu từ thứ Hai. Phiên
đầu tiên là cho ứng viên Thẩm phán Tòa án Tối cao Kim Sung-soo, người phải đối mặt cáo buộc trốn thuế và bất thường trong giao dịch bất động
sản liên quan đến hợp đồng jeonse; ông xin lỗi và cho biết đã bắt đầu nộp thuế quà tặng chậm. Các phiên tiếp theo gồm thứ Ba cho ứng viên Bộ
trưởng Tư pháp Kim Seung-won, Phó Thủ tướng kiêm Bộ trưởng Tài chính Lee Hyoung-il và Bộ trưởng Doanh nghiệp Nhỏ và Vừa Lee So-young;
thứ Tư cho Bộ trưởng Quốc phòng Kang Shin-chul và Bộ trưởng Đất đai, Hạ tầng và Giao thông Hong Jee-sun; và thứ Năm cho ứng viên thanh tra
độc lập Choi Kil-su. Trước đó, ứng viên Bộ trưởng Bình đẳng giới Yong Hye-in đã từ chức vào Chủ nhật, cho biết đảng cầm quyền đã yêu cầu bà ""ra
quyết định"" vì thiếu sự chấp nhận của công chúng. Đảng cầm quyền Dân chủ chỉ trích đối lập tập trung vào cáo buộc gây sốc thay vì đánh giá năng
lực và khẳng định sẽ bảo vệ Kim Seung-won. Đảng Nhân dân Quyền lực kêu gọi Kim Seung-won từ chức và yêu cầu Tổng thống Lee Jae-myung xin
lỗi và rút đề cử, cáo buộc chính quyền đang thúc đẩy bổ nhiệm này nhằm xóa các cáo buộc hình sự đối với tổng thống sau khi ông rời nhiệm sở.
Tổng thống Lee Jae-myung đang đối mặt áp lực khi các ứng viên gặp khó khăn trong quá trình xác nhận.","quốc hội hàn quốc khởi động siêu tuần gồm bảy phiên điều trần xác nhận nội các do tổng thống lee jae myung đề cử, bắt đầu từ thứ hai. phiên.
đầu tiên là cho ứng viên thẩm phán tòa án tối cao kim sung soo, người phải đối mặt cáo buộc trốn thuế và bất thường trong giao dịch bất động.
sản liên quan đến hợp đồng jeonse, ông xin lỗi và cho biết đã bắt đầu nộp thuế quà tặng chậm. các phiên tiếp theo gồm thứ ba cho ứng viên bộ.
trưởng tư pháp kim seung won, phó thủ tướng kiêm bộ trưởng tài chính lee hyoung il và bộ trưởng doanh nghiệp nhỏ và vừa lee so young.
thứ tư cho bộ trưởng quốc phòng kang shin chul và bộ trưởng đất đai, hạ tầng và giao thông hong jee sun, và thứ năm cho ứng viên thanh tra.
độc lập choi kil su. trước đó, ứng viên bộ trưởng bình đẳng giới yong hye in đã từ chức vào chủ nhật, cho biết đảng cầm quyền đã yêu cầu bà ra.
quyết định vì thiếu sự chấp nhận của công chúng. đảng cầm quyền dân chủ chỉ trích đối lập tập trung vào cáo buộc gây sốc thay vì đánh giá năng.
lực và khẳng định sẽ bảo vệ kim seung won. đảng nhân dân quyền lực kêu gọi kim seung won từ chức và yêu cầu tổng thống lee jae myung xin.
lỗi và rút đề cử, cáo buộc chính quyền đang thúc đẩy bổ nhiệm này nhằm xóa các cáo buộc hình sự đối với tổng thống sau khi ông rời nhiệm sở.
tổng thống lee jae myung đang đối mặt áp lực khi các ứng viên gặp khó khăn trong quá trình xác nhận.",,"độc lập choi kil su. trước đó, ứng viên bộ trưởng bình đẳng giới yong hye in đã từ chức vào chủ nhật, cho biết đảng cầm quyền đã yêu cầu bà ra.","độc lập choi kil su. trước đó, ứng viên bộ trưởng bình đẳng giới yong hye in đã từ chức vào chủ nhật, cho biết đảng cầm quyền đã yêu cầu bà ra.",True,"ɗˈo6k lˈə6p tʃˈɔj kˈɪl sˈu. tʃˈyəɜc ɗˈɔɜ, ˈyɜŋ vˈiɛn bˈo6 tʃˈyə4ŋ bˈi2ɲ ɗˈa4ŋ zˈəːɜj jˈɑːŋ hˈaɪ ˈɪn ɗˌaː5 t̪ˌy2 tʃˈyɜc vˈaː2w tʃˈu4 ɲˈə6t̪, tʃˌɔ bˈiɛɜt̪ ɗˈaː4ŋ kˈə2m kwˈiɛ2n ɗˌaː5 ˈiɛw kˈə2w bˈaː2 ɹˈaː.","ɗˈo6k lˈə6p tʃˈɔj kˈɪl sˈu. tʃˈyəɜc ɗˈɔɜ, ˈyɜŋ vˈiɛn bˈo6 tʃˈyə4ŋ bˈi2ɲ ɗˈa4ŋ zˈəːɜj jˈɑːŋ hˈaɪ ˈɪn ɗˌaː5 t̪ˌy2 tʃˈyɜc vˈaː2w tʃˈu4 ɲˈə6t̪, tʃˌɔ bˈiɛɜt̪ ɗˈaː4ŋ kˈə2m kwˈiɛ2n ɗˌaː5 ˈiɛw kˈə2w bˈaː2 ɹˈaː.",para,40F0AEAE73021A4C6447FDD39D345638AFA6AB0FE55D4F596E69E3D5E8B5F163
danhgia_tts.txt,danhgia_tts-004,Văn bản 4,danhgia_tts-004-c007,7,"Quốc hội Hàn Quốc khởi động ""siêu tuần"" gồm bảy phiên điều trần xác nhận nội các do Tổng thống Lee Jae-myung đề cử, bắt đầu từ thứ Hai. Phiên
đầu tiên là cho ứng viên Thẩm phán Tòa án Tối cao Kim Sung-soo, người phải đối mặt cáo buộc trốn thuế và bất thường trong giao dịch bất động
sản liên quan đến hợp đồng jeonse; ông xin lỗi và cho biết đã bắt đầu nộp thuế quà tặng chậm. Các phiên tiếp theo gồm thứ Ba cho ứng viên Bộ
trưởng Tư pháp Kim Seung-won, Phó Thủ tướng kiêm Bộ trưởng Tài chính Lee Hyoung-il và Bộ trưởng Doanh nghiệp Nhỏ và Vừa Lee So-young;
thứ Tư cho Bộ trưởng Quốc phòng Kang Shin-chul và Bộ trưởng Đất đai, Hạ tầng và Giao thông Hong Jee-sun; và thứ Năm cho ứng viên thanh tra
độc lập Choi Kil-su. Trước đó, ứng viên Bộ trưởng Bình đẳng giới Yong Hye-in đã từ chức vào Chủ nhật, cho biết đảng cầm quyền đã yêu cầu bà ""ra
quyết định"" vì thiếu sự chấp nhận của công chúng. Đảng cầm quyền Dân chủ chỉ trích đối lập tập trung vào cáo buộc gây sốc thay vì đánh giá năng
lực và khẳng định sẽ bảo vệ Kim Seung-won. Đảng Nhân dân Quyền lực kêu gọi Kim Seung-won từ chức và yêu cầu Tổng thống Lee Jae-myung xin
lỗi và rút đề cử, cáo buộc chính quyền đang thúc đẩy bổ nhiệm này nhằm xóa các cáo buộc hình sự đối với tổng thống sau khi ông rời nhiệm sở.
Tổng thống Lee Jae-myung đang đối mặt áp lực khi các ứng viên gặp khó khăn trong quá trình xác nhận.","quốc hội hàn quốc khởi động siêu tuần gồm bảy phiên điều trần xác nhận nội các do tổng thống lee jae myung đề cử, bắt đầu từ thứ hai. phiên.
đầu tiên là cho ứng viên thẩm phán tòa án tối cao kim sung soo, người phải đối mặt cáo buộc trốn thuế và bất thường trong giao dịch bất động.
sản liên quan đến hợp đồng jeonse, ông xin lỗi và cho biết đã bắt đầu nộp thuế quà tặng chậm. các phiên tiếp theo gồm thứ ba cho ứng viên bộ.
trưởng tư pháp kim seung won, phó thủ tướng kiêm bộ trưởng tài chính lee hyoung il và bộ trưởng doanh nghiệp nhỏ và vừa lee so young.
thứ tư cho bộ trưởng quốc phòng kang shin chul và bộ trưởng đất đai, hạ tầng và giao thông hong jee sun, và thứ năm cho ứng viên thanh tra.
độc lập choi kil su. trước đó, ứng viên bộ trưởng bình đẳng giới yong hye in đã từ chức vào chủ nhật, cho biết đảng cầm quyền đã yêu cầu bà ra.
quyết định vì thiếu sự chấp nhận của công chúng. đảng cầm quyền dân chủ chỉ trích đối lập tập trung vào cáo buộc gây sốc thay vì đánh giá năng.
lực và khẳng định sẽ bảo vệ kim seung won. đảng nhân dân quyền lực kêu gọi kim seung won từ chức và yêu cầu tổng thống lee jae myung xin.
lỗi và rút đề cử, cáo buộc chính quyền đang thúc đẩy bổ nhiệm này nhằm xóa các cáo buộc hình sự đối với tổng thống sau khi ông rời nhiệm sở.
tổng thống lee jae myung đang đối mặt áp lực khi các ứng viên gặp khó khăn trong quá trình xác nhận.",,quyết định vì thiếu sự chấp nhận của công chúng. đảng cầm quyền dân chủ chỉ trích đối lập tập trung vào cáo buộc gây sốc thay vì đánh giá năng.,quyết định vì thiếu sự chấp nhận của công chúng. đảng cầm quyền dân chủ chỉ trích đối lập tập trung vào cáo buộc gây sốc thay vì đánh giá năng.,True,kwˈiɛɜt̪ ɗˈi6ɲ vˌi2 tˈiɛɜw sˈy6 tʃˈəɜp ɲˈə6n kˌuə4 kˈoŋ tʃˈuɜŋ. ɗˈaː4ŋ kˈə2m kwˈiɛ2n zˈən tʃˈu4 tʃˈi4 tʃˈiɜc ɗˈoɜj lˈə6p t̪ˈə6p tʃˈuŋ vˈaː2w kˈaːɜw bˈuə6c ɣˈəɪ sˈoɜk tˈaj vˌi2 ɗˈe-ɜɲ zˈaːɜ nˈaŋ.,kwˈiɛɜt̪ ɗˈi6ɲ vˌi2 tˈiɛɜw sˈy6 tʃˈəɜp ɲˈə6n kˌuə4 kˈoŋ tʃˈuɜŋ. ɗˈaː4ŋ kˈə2m kwˈiɛ2n zˈən tʃˈu4 tʃˈi4 tʃˈiɜc ɗˈoɜj lˈə6p t̪ˈə6p tʃˈuŋ vˈaː2w kˈaːɜw bˈuə6c ɣˈəɪ sˈoɜk tˈaj vˌi2 ɗˈe-ɜɲ zˈaːɜ nˈaŋ.,para,40F0AEAE73021A4C6447FDD39D345638AFA6AB0FE55D4F596E69E3D5E8B5F163
danhgia_tts.txt,danhgia_tts-004,Văn bản 4,danhgia_tts-004-c008,8,"Quốc hội Hàn Quốc khởi động ""siêu tuần"" gồm bảy phiên điều trần xác nhận nội các do Tổng thống Lee Jae-myung đề cử, bắt đầu từ thứ Hai. Phiên
đầu tiên là cho ứng viên Thẩm phán Tòa án Tối cao Kim Sung-soo, người phải đối mặt cáo buộc trốn thuế và bất thường trong giao dịch bất động
sản liên quan đến hợp đồng jeonse; ông xin lỗi và cho biết đã bắt đầu nộp thuế quà tặng chậm. Các phiên tiếp theo gồm thứ Ba cho ứng viên Bộ
trưởng Tư pháp Kim Seung-won, Phó Thủ tướng kiêm Bộ trưởng Tài chính Lee Hyoung-il và Bộ trưởng Doanh nghiệp Nhỏ và Vừa Lee So-young;
thứ Tư cho Bộ trưởng Quốc phòng Kang Shin-chul và Bộ trưởng Đất đai, Hạ tầng và Giao thông Hong Jee-sun; và thứ Năm cho ứng viên thanh tra
độc lập Choi Kil-su. Trước đó, ứng viên Bộ trưởng Bình đẳng giới Yong Hye-in đã từ chức vào Chủ nhật, cho biết đảng cầm quyền đã yêu cầu bà ""ra
quyết định"" vì thiếu sự chấp nhận của công chúng. Đảng cầm quyền Dân chủ chỉ trích đối lập tập trung vào cáo buộc gây sốc thay vì đánh giá năng
lực và khẳng định sẽ bảo vệ Kim Seung-won. Đảng Nhân dân Quyền lực kêu gọi Kim Seung-won từ chức và yêu cầu Tổng thống Lee Jae-myung xin
lỗi và rút đề cử, cáo buộc chính quyền đang thúc đẩy bổ nhiệm này nhằm xóa các cáo buộc hình sự đối với tổng thống sau khi ông rời nhiệm sở.
Tổng thống Lee Jae-myung đang đối mặt áp lực khi các ứng viên gặp khó khăn trong quá trình xác nhận.","quốc hội hàn quốc khởi động siêu tuần gồm bảy phiên điều trần xác nhận nội các do tổng thống lee jae myung đề cử, bắt đầu từ thứ hai. phiên.
đầu tiên là cho ứng viên thẩm phán tòa án tối cao kim sung soo, người phải đối mặt cáo buộc trốn thuế và bất thường trong giao dịch bất động.
sản liên quan đến hợp đồng jeonse, ông xin lỗi và cho biết đã bắt đầu nộp thuế quà tặng chậm. các phiên tiếp theo gồm thứ ba cho ứng viên bộ.
trưởng tư pháp kim seung won, phó thủ tướng kiêm bộ trưởng tài chính lee hyoung il và bộ trưởng doanh nghiệp nhỏ và vừa lee so young.
thứ tư cho bộ trưởng quốc phòng kang shin chul và bộ trưởng đất đai, hạ tầng và giao thông hong jee sun, và thứ năm cho ứng viên thanh tra.
độc lập choi kil su. trước đó, ứng viên bộ trưởng bình đẳng giới yong hye in đã từ chức vào chủ nhật, cho biết đảng cầm quyền đã yêu cầu bà ra.
quyết định vì thiếu sự chấp nhận của công chúng. đảng cầm quyền dân chủ chỉ trích đối lập tập trung vào cáo buộc gây sốc thay vì đánh giá năng.
lực và khẳng định sẽ bảo vệ kim seung won. đảng nhân dân quyền lực kêu gọi kim seung won từ chức và yêu cầu tổng thống lee jae myung xin.
lỗi và rút đề cử, cáo buộc chính quyền đang thúc đẩy bổ nhiệm này nhằm xóa các cáo buộc hình sự đối với tổng thống sau khi ông rời nhiệm sở.
tổng thống lee jae myung đang đối mặt áp lực khi các ứng viên gặp khó khăn trong quá trình xác nhận.",,lực và khẳng định sẽ bảo vệ kim seung won. đảng nhân dân quyền lực kêu gọi kim seung won từ chức và yêu cầu tổng thống lee jae myung xin.,lực và khẳng định sẽ bảo vệ kim seung won. đảng nhân dân quyền lực kêu gọi kim seung won từ chức và yêu cầu tổng thống lee jae myung xin.,True,lˈy6c vˌaː2 xˈa4ŋ ɗˈi6ɲ sˌɛ5 bˈaː4w vˈe6 kˈim sjˈuːŋ wˈʌn. ɗˈaː4ŋ ɲˈən zˈən kwˈiɛ2n lˈy6c kˈe1w ɣˈɔ6j kˈim sjˈuːŋ wˈʌn t̪ˌy2 tʃˈyɜc vˌaː2 ˈiɛw kˈə2w t̪ˈo4ŋ tˈoɜŋ lˈiː jˈiː mˈaɪʌŋ sˈin.,lˈy6c vˌaː2 xˈa4ŋ ɗˈi6ɲ sˌɛ5 bˈaː4w vˈe6 kˈim sjˈuːŋ wˈʌn. ɗˈaː4ŋ ɲˈən zˈən kwˈiɛ2n lˈy6c kˈe1w ɣˈɔ6j kˈim sjˈuːŋ wˈʌn t̪ˌy2 tʃˈyɜc vˌaː2 ˈiɛw kˈə2w t̪ˈo4ŋ tˈoɜŋ lˈiː jˈiː mˈaɪʌŋ sˈin.,para,40F0AEAE73021A4C6447FDD39D345638AFA6AB0FE55D4F596E69E3D5E8B5F163
danhgia_tts.txt,danhgia_tts-004,Văn bản 4,danhgia_tts-004-c009,9,"Quốc hội Hàn Quốc khởi động ""siêu tuần"" gồm bảy phiên điều trần xác nhận nội các do Tổng thống Lee Jae-myung đề cử, bắt đầu từ thứ Hai. Phiên
đầu tiên là cho ứng viên Thẩm phán Tòa án Tối cao Kim Sung-soo, người phải đối mặt cáo buộc trốn thuế và bất thường trong giao dịch bất động
sản liên quan đến hợp đồng jeonse; ông xin lỗi và cho biết đã bắt đầu nộp thuế quà tặng chậm. Các phiên tiếp theo gồm thứ Ba cho ứng viên Bộ
trưởng Tư pháp Kim Seung-won, Phó Thủ tướng kiêm Bộ trưởng Tài chính Lee Hyoung-il và Bộ trưởng Doanh nghiệp Nhỏ và Vừa Lee So-young;
thứ Tư cho Bộ trưởng Quốc phòng Kang Shin-chul và Bộ trưởng Đất đai, Hạ tầng và Giao thông Hong Jee-sun; và thứ Năm cho ứng viên thanh tra
độc lập Choi Kil-su. Trước đó, ứng viên Bộ trưởng Bình đẳng giới Yong Hye-in đã từ chức vào Chủ nhật, cho biết đảng cầm quyền đã yêu cầu bà ""ra
quyết định"" vì thiếu sự chấp nhận của công chúng. Đảng cầm quyền Dân chủ chỉ trích đối lập tập trung vào cáo buộc gây sốc thay vì đánh giá năng
lực và khẳng định sẽ bảo vệ Kim Seung-won. Đảng Nhân dân Quyền lực kêu gọi Kim Seung-won từ chức và yêu cầu Tổng thống Lee Jae-myung xin
lỗi và rút đề cử, cáo buộc chính quyền đang thúc đẩy bổ nhiệm này nhằm xóa các cáo buộc hình sự đối với tổng thống sau khi ông rời nhiệm sở.
Tổng thống Lee Jae-myung đang đối mặt áp lực khi các ứng viên gặp khó khăn trong quá trình xác nhận.","quốc hội hàn quốc khởi động siêu tuần gồm bảy phiên điều trần xác nhận nội các do tổng thống lee jae myung đề cử, bắt đầu từ thứ hai. phiên.
đầu tiên là cho ứng viên thẩm phán tòa án tối cao kim sung soo, người phải đối mặt cáo buộc trốn thuế và bất thường trong giao dịch bất động.
sản liên quan đến hợp đồng jeonse, ông xin lỗi và cho biết đã bắt đầu nộp thuế quà tặng chậm. các phiên tiếp theo gồm thứ ba cho ứng viên bộ.
trưởng tư pháp kim seung won, phó thủ tướng kiêm bộ trưởng tài chính lee hyoung il và bộ trưởng doanh nghiệp nhỏ và vừa lee so young.
thứ tư cho bộ trưởng quốc phòng kang shin chul và bộ trưởng đất đai, hạ tầng và giao thông hong jee sun, và thứ năm cho ứng viên thanh tra.
độc lập choi kil su. trước đó, ứng viên bộ trưởng bình đẳng giới yong hye in đã từ chức vào chủ nhật, cho biết đảng cầm quyền đã yêu cầu bà ra.
quyết định vì thiếu sự chấp nhận của công chúng. đảng cầm quyền dân chủ chỉ trích đối lập tập trung vào cáo buộc gây sốc thay vì đánh giá năng.
lực và khẳng định sẽ bảo vệ kim seung won. đảng nhân dân quyền lực kêu gọi kim seung won từ chức và yêu cầu tổng thống lee jae myung xin.
lỗi và rút đề cử, cáo buộc chính quyền đang thúc đẩy bổ nhiệm này nhằm xóa các cáo buộc hình sự đối với tổng thống sau khi ông rời nhiệm sở.
tổng thống lee jae myung đang đối mặt áp lực khi các ứng viên gặp khó khăn trong quá trình xác nhận.",,"lỗi và rút đề cử, cáo buộc chính quyền đang thúc đẩy bổ nhiệm này nhằm xóa các cáo buộc hình sự đối với tổng thống sau khi ông rời nhiệm sở.","lỗi và rút đề cử, cáo buộc chính quyền đang thúc đẩy bổ nhiệm này nhằm xóa các cáo buộc hình sự đối với tổng thống sau khi ông rời nhiệm sở.",True,"lˈo5j vˌaː2 ɹˈuɜt̪ ɗˈe2 kˈy4, kˈaːɜw bˈuə6c tʃˈiɜɲ kwˈiɛ2n ɗˌaːŋ tˈuɜc ɗˈəɪ4 bˈo4 ɲˈiɛ6m nˈa2j ɲˈa2m swˈaːɜ kˌaːɜc kˈaːɜw bˈuə6c hˈi2ɲ sˈy6 ɗˈoɜj vˌəːɜj t̪ˈo4ŋ tˈoɜŋ sˈaw xˌi ˈoŋ ɹˈəː2j ɲˈiɛ6m sˈəː4.","lˈo5j vˌaː2 ɹˈuɜt̪ ɗˈe2 kˈy4, kˈaːɜw bˈuə6c tʃˈiɜɲ kwˈiɛ2n ɗˌaːŋ tˈuɜc ɗˈəɪ4 bˈo4 ɲˈiɛ6m nˈa2j ɲˈa2m swˈaːɜ kˌaːɜc kˈaːɜw bˈuə6c hˈi2ɲ sˈy6 ɗˈoɜj vˌəːɜj t̪ˈo4ŋ tˈoɜŋ sˈaw xˌi ˈoŋ ɹˈəː2j ɲˈiɛ6m sˈəː4.",para,40F0AEAE73021A4C6447FDD39D345638AFA6AB0FE55D4F596E69E3D5E8B5F163
danhgia_tts.txt,danhgia_tts-004,Văn bản 4,danhgia_tts-004-c010,10,"Quốc hội Hàn Quốc khởi động ""siêu tuần"" gồm bảy phiên điều trần xác nhận nội các do Tổng thống Lee Jae-myung đề cử, bắt đầu từ thứ Hai. Phiên
đầu tiên là cho ứng viên Thẩm phán Tòa án Tối cao Kim Sung-soo, người phải đối mặt cáo buộc trốn thuế và bất thường trong giao dịch bất động
sản liên quan đến hợp đồng jeonse; ông xin lỗi và cho biết đã bắt đầu nộp thuế quà tặng chậm. Các phiên tiếp theo gồm thứ Ba cho ứng viên Bộ
trưởng Tư pháp Kim Seung-won, Phó Thủ tướng kiêm Bộ trưởng Tài chính Lee Hyoung-il và Bộ trưởng Doanh nghiệp Nhỏ và Vừa Lee So-young;
thứ Tư cho Bộ trưởng Quốc phòng Kang Shin-chul và Bộ trưởng Đất đai, Hạ tầng và Giao thông Hong Jee-sun; và thứ Năm cho ứng viên thanh tra
độc lập Choi Kil-su. Trước đó, ứng viên Bộ trưởng Bình đẳng giới Yong Hye-in đã từ chức vào Chủ nhật, cho biết đảng cầm quyền đã yêu cầu bà ""ra
quyết định"" vì thiếu sự chấp nhận của công chúng. Đảng cầm quyền Dân chủ chỉ trích đối lập tập trung vào cáo buộc gây sốc thay vì đánh giá năng
lực và khẳng định sẽ bảo vệ Kim Seung-won. Đảng Nhân dân Quyền lực kêu gọi Kim Seung-won từ chức và yêu cầu Tổng thống Lee Jae-myung xin
lỗi và rút đề cử, cáo buộc chính quyền đang thúc đẩy bổ nhiệm này nhằm xóa các cáo buộc hình sự đối với tổng thống sau khi ông rời nhiệm sở.
Tổng thống Lee Jae-myung đang đối mặt áp lực khi các ứng viên gặp khó khăn trong quá trình xác nhận.","quốc hội hàn quốc khởi động siêu tuần gồm bảy phiên điều trần xác nhận nội các do tổng thống lee jae myung đề cử, bắt đầu từ thứ hai. phiên.
đầu tiên là cho ứng viên thẩm phán tòa án tối cao kim sung soo, người phải đối mặt cáo buộc trốn thuế và bất thường trong giao dịch bất động.
sản liên quan đến hợp đồng jeonse, ông xin lỗi và cho biết đã bắt đầu nộp thuế quà tặng chậm. các phiên tiếp theo gồm thứ ba cho ứng viên bộ.
trưởng tư pháp kim seung won, phó thủ tướng kiêm bộ trưởng tài chính lee hyoung il và bộ trưởng doanh nghiệp nhỏ và vừa lee so young.
thứ tư cho bộ trưởng quốc phòng kang shin chul và bộ trưởng đất đai, hạ tầng và giao thông hong jee sun, và thứ năm cho ứng viên thanh tra.
độc lập choi kil su. trước đó, ứng viên bộ trưởng bình đẳng giới yong hye in đã từ chức vào chủ nhật, cho biết đảng cầm quyền đã yêu cầu bà ra.
quyết định vì thiếu sự chấp nhận của công chúng. đảng cầm quyền dân chủ chỉ trích đối lập tập trung vào cáo buộc gây sốc thay vì đánh giá năng.
lực và khẳng định sẽ bảo vệ kim seung won. đảng nhân dân quyền lực kêu gọi kim seung won từ chức và yêu cầu tổng thống lee jae myung xin.
lỗi và rút đề cử, cáo buộc chính quyền đang thúc đẩy bổ nhiệm này nhằm xóa các cáo buộc hình sự đối với tổng thống sau khi ông rời nhiệm sở.
tổng thống lee jae myung đang đối mặt áp lực khi các ứng viên gặp khó khăn trong quá trình xác nhận.",,tổng thống lee jae myung đang đối mặt áp lực khi các ứng viên gặp khó khăn trong quá trình xác nhận.,tổng thống lee jae myung đang đối mặt áp lực khi các ứng viên gặp khó khăn trong quá trình xác nhận.,True,t̪ˈo4ŋ tˈoɜŋ lˈiː jˈiː mˈaɪʌŋ ɗˌaːŋ ɗˈoɜj mˈa6t̪ ˈaːɜp lˈy6c xˌi kˌaːɜc ˈyɜŋ vˈiɛn ɣˈa6p xˈɔɜ xˈan tʃˈɔŋ kwˈaːɜ tʃˈi2ɲ sˈaːɜc ɲˈə6n.,t̪ˈo4ŋ tˈoɜŋ lˈiː jˈiː mˈaɪʌŋ ɗˌaːŋ ɗˈoɜj mˈa6t̪ ˈaːɜp lˈy6c xˌi kˌaːɜc ˈyɜŋ vˈiɛn ɣˈa6p xˈɔɜ xˈan tʃˈɔŋ kwˈaːɜ tʃˈi2ɲ sˈaːɜc ɲˈə6n.,,40F0AEAE73021A4C6447FDD39D345638AFA6AB0FE55D4F596E69E3D5E8B5F163
danhgia_tts.txt,danhgia_tts-005,Văn bản 5,danhgia_tts-005-c001,1,"Ngày 14 tháng 9 tại Bắc Kinh, Văn phòng Thông tin Quốc vụ viện tổ chức họp báo chính sách để giới thiệu công tác xử lý khó khăn trong thu hồi
công nợ của doanh nghiệp vừa và nhỏ. Người phụ trách Cục Quản lý Tài chính và Vận hành thuộc Ủy ban Quản lý và Giám sát Tài sản Nhà nước
của Quốc vụ viện Trung Quốc, Bối Nhân Toàn, cho biết các doanh nghiệp trung ương sẽ tích cực huy động vốn để đảm bảo thanh toán kịp thời cho
doanh nghiệp vừa và nhỏ. Ông Bối Nhân Toàn nhấn mạnh việc ưu tiên thanh toán bằng tiền mặt, duy trì tỷ lệ thanh toán tiền mặt hợp lý, nghiêm
ngặt quản lý chứng từ và cấm mở chứng từ mới có thời hạn trên 6 tháng. Thông báo do Văn phòng Quốc vụ viện ban hành đề ra 10 biện pháp, yêu
cầu quy định kỳ hạn thanh toán hợp lý, giới hạn kỳ hạn thanh toán cho doanh nghiệp vừa và nhỏ ở mức 60 ngày và kêu gọi doanh nghiệp dẫn đầu
thực hiện cam kết thanh toán trong 60 ngày. Phó bộ trưởng Bộ Công nghiệp và Công nghệ Thông tin Trung Quốc, Ke Jixin, nêu ra biện pháp hoàn
thiện quy tắc thanh toán ngành, yêu cầu phân ngành xác định kỳ hạn thanh toán hợp lý và ban hành quy định thanh toán phù hợp với thực tế
ngành. Ông Ke Jixin cũng đề xuất làm rõ ""bốn yếu tố then chốt của việc thanh toán"" và phát động sáng kiến các doanh nghiệp lớn thanh toán kịp
thời, đồng thời cho biết theo khảo sát ngành kỳ hạn thanh toán trung bình của các doanh nghiệp ô tô trọng điểm đã được cải thiện và tỷ lệ thanh
toán bằng chứng từ điện tử giảm rõ rệt. Bộ Công nghiệp và Công nghệ Thông tin cùng Tổng cục Quản lý Thị trường đã ban hành thông báo về việc
thúc đẩy doanh nghiệp ô tô quy phạm thanh toán cho nhà cung cấp, làm rõ yêu cầu về thời điểm bắt đầu kỳ hạn, nghiệm thu và thanh toán, thiết
lập cơ chế giám sát, kiểm tra định kỳ và sẽ tăng cường giám sát liên ngành để yêu cầu doanh nghiệp có quy mô nợ phải trả lớn, cố ý kéo dài kỳ hạn
hoặc bị khiếu nại nhiều sửa đổi.","ngày mười bốn tháng chín tại bắc kinh, văn phòng thông tin quốc vụ viện tổ chức họp báo chính sách để giới thiệu công tác xử lý khó khăn trong thu hồi.
công nợ của doanh nghiệp vừa và nhỏ. người phụ trách cục quản lý tài chính và vận hành thuộc ủy ban quản lý và giám sát tài sản nhà nước.
của quốc vụ viện trung quốc, bối nhân toàn, cho biết các doanh nghiệp trung ương sẽ tích cực huy động vốn để đảm bảo thanh toán kịp thời cho.
doanh nghiệp vừa và nhỏ. ông bối nhân toàn nhấn mạnh việc ưu tiên thanh toán bằng tiền mặt, duy trì tỷ lệ thanh toán tiền mặt hợp lý, nghiêm.
ngặt quản lý chứng từ và cấm mở chứng từ mới có thời hạn trên sáu tháng. thông báo do văn phòng quốc vụ viện ban hành đề ra mười biện pháp, yêu.
cầu quy định kỳ hạn thanh toán hợp lý, giới hạn kỳ hạn thanh toán cho doanh nghiệp vừa và nhỏ ở mức sáu mươi ngày và kêu gọi doanh nghiệp dẫn đầu.
thực hiện cam kết thanh toán trong sáu mươi ngày. phó bộ trưởng bộ công nghiệp và công nghệ thông tin trung quốc, ke jixin, nêu ra biện pháp hoàn.
thiện quy tắc thanh toán ngành, yêu cầu phân ngành xác định kỳ hạn thanh toán hợp lý và ban hành quy định thanh toán phù hợp với thực tế.
ngành, ông ke jixin cũng đề xuất làm rõ bốn yếu tố then chốt của việc thanh toán và phát động sáng kiến các doanh nghiệp lớn thanh toán kịp.
thời, đồng thời cho biết theo khảo sát ngành kỳ hạn thanh toán trung bình của các doanh nghiệp ô tô trọng điểm đã được cải thiện và tỷ lệ thanh.
toán bằng chứng từ điện tử giảm rõ rệt. bộ công nghiệp và công nghệ thông tin cùng tổng cục quản lý thị trường đã ban hành thông báo về việc.
thúc đẩy doanh nghiệp ô tô quy phạm thanh toán cho nhà cung cấp, làm rõ yêu cầu về thời điểm bắt đầu kỳ hạn, nghiệm thu và thanh toán, thiết.
lập cơ chế giám sát, kiểm tra định kỳ và sẽ tăng cường giám sát liên ngành để yêu cầu doanh nghiệp có quy mô nợ phải trả lớn, cố ý kéo dài kỳ hạn.
hoặc bị khiếu nại nhiều sửa đổi.",,"ngày mười bốn tháng chín tại bắc kinh, văn phòng thông tin quốc vụ viện tổ chức họp báo chính sách để giới thiệu công tác xử lý khó khăn trong thu hồi.","ngày mười bốn tháng chín tại bắc kinh, văn phòng thông tin quốc vụ viện tổ chức họp báo chính sách để giới thiệu công tác xử lý khó khăn trong thu hồi.",True,"ŋˈa2j mˈyə2j bˈoɜn tˈaːɜŋ tʃˈiɜn t̪ˈaː6j bˈaɜc kˈiɲ, vˈan fˈɔ2ŋ tˈoŋ t̪ˈin kˈuəɜc vˈu6 vˈiɛ6n t̪ˈo4 tʃˈyɜc hˈɔ6p bˈaːɜw tʃˈiɜɲ sˈe-ɜc ɗˌe4 zˈəːɜj tˈiɛ6w kˈoŋ t̪ˈaːɜc sˈy4 lˈiɜ xˈɔɜ xˈan tʃˈɔŋ tˈu hˈo2j.","ŋˈa2j mˈyə2j bˈoɜn tˈaːɜŋ tʃˈiɜn t̪ˈaː6j bˈaɜc kˈiɲ, vˈan fˈɔ2ŋ tˈoŋ t̪ˈin kˈuəɜc vˈu6 vˈiɛ6n t̪ˈo4 tʃˈyɜc hˈɔ6p bˈaːɜw tʃˈiɜɲ sˈe-ɜc ɗˌe4 zˈəːɜj tˈiɛ6w kˈoŋ t̪ˈaːɜc sˈy4 lˈiɜ xˈɔɜ xˈan tʃˈɔŋ tˈu hˈo2j.",para,40F0AEAE73021A4C6447FDD39D345638AFA6AB0FE55D4F596E69E3D5E8B5F163
danhgia_tts.txt,danhgia_tts-005,Văn bản 5,danhgia_tts-005-c002,2,"Ngày 14 tháng 9 tại Bắc Kinh, Văn phòng Thông tin Quốc vụ viện tổ chức họp báo chính sách để giới thiệu công tác xử lý khó khăn trong thu hồi
công nợ của doanh nghiệp vừa và nhỏ. Người phụ trách Cục Quản lý Tài chính và Vận hành thuộc Ủy ban Quản lý và Giám sát Tài sản Nhà nước
của Quốc vụ viện Trung Quốc, Bối Nhân Toàn, cho biết các doanh nghiệp trung ương sẽ tích cực huy động vốn để đảm bảo thanh toán kịp thời cho
doanh nghiệp vừa và nhỏ. Ông Bối Nhân Toàn nhấn mạnh việc ưu tiên thanh toán bằng tiền mặt, duy trì tỷ lệ thanh toán tiền mặt hợp lý, nghiêm
ngặt quản lý chứng từ và cấm mở chứng từ mới có thời hạn trên 6 tháng. Thông báo do Văn phòng Quốc vụ viện ban hành đề ra 10 biện pháp, yêu
cầu quy định kỳ hạn thanh toán hợp lý, giới hạn kỳ hạn thanh toán cho doanh nghiệp vừa và nhỏ ở mức 60 ngày và kêu gọi doanh nghiệp dẫn đầu
thực hiện cam kết thanh toán trong 60 ngày. Phó bộ trưởng Bộ Công nghiệp và Công nghệ Thông tin Trung Quốc, Ke Jixin, nêu ra biện pháp hoàn
thiện quy tắc thanh toán ngành, yêu cầu phân ngành xác định kỳ hạn thanh toán hợp lý và ban hành quy định thanh toán phù hợp với thực tế
ngành. Ông Ke Jixin cũng đề xuất làm rõ ""bốn yếu tố then chốt của việc thanh toán"" và phát động sáng kiến các doanh nghiệp lớn thanh toán kịp
thời, đồng thời cho biết theo khảo sát ngành kỳ hạn thanh toán trung bình của các doanh nghiệp ô tô trọng điểm đã được cải thiện và tỷ lệ thanh
toán bằng chứng từ điện tử giảm rõ rệt. Bộ Công nghiệp và Công nghệ Thông tin cùng Tổng cục Quản lý Thị trường đã ban hành thông báo về việc
thúc đẩy doanh nghiệp ô tô quy phạm thanh toán cho nhà cung cấp, làm rõ yêu cầu về thời điểm bắt đầu kỳ hạn, nghiệm thu và thanh toán, thiết
lập cơ chế giám sát, kiểm tra định kỳ và sẽ tăng cường giám sát liên ngành để yêu cầu doanh nghiệp có quy mô nợ phải trả lớn, cố ý kéo dài kỳ hạn
hoặc bị khiếu nại nhiều sửa đổi.","ngày mười bốn tháng chín tại bắc kinh, văn phòng thông tin quốc vụ viện tổ chức họp báo chính sách để giới thiệu công tác xử lý khó khăn trong thu hồi.
công nợ của doanh nghiệp vừa và nhỏ. người phụ trách cục quản lý tài chính và vận hành thuộc ủy ban quản lý và giám sát tài sản nhà nước.
của quốc vụ viện trung quốc, bối nhân toàn, cho biết các doanh nghiệp trung ương sẽ tích cực huy động vốn để đảm bảo thanh toán kịp thời cho.
doanh nghiệp vừa và nhỏ. ông bối nhân toàn nhấn mạnh việc ưu tiên thanh toán bằng tiền mặt, duy trì tỷ lệ thanh toán tiền mặt hợp lý, nghiêm.
ngặt quản lý chứng từ và cấm mở chứng từ mới có thời hạn trên sáu tháng. thông báo do văn phòng quốc vụ viện ban hành đề ra mười biện pháp, yêu.
cầu quy định kỳ hạn thanh toán hợp lý, giới hạn kỳ hạn thanh toán cho doanh nghiệp vừa và nhỏ ở mức sáu mươi ngày và kêu gọi doanh nghiệp dẫn đầu.
thực hiện cam kết thanh toán trong sáu mươi ngày. phó bộ trưởng bộ công nghiệp và công nghệ thông tin trung quốc, ke jixin, nêu ra biện pháp hoàn.
thiện quy tắc thanh toán ngành, yêu cầu phân ngành xác định kỳ hạn thanh toán hợp lý và ban hành quy định thanh toán phù hợp với thực tế.
ngành, ông ke jixin cũng đề xuất làm rõ bốn yếu tố then chốt của việc thanh toán và phát động sáng kiến các doanh nghiệp lớn thanh toán kịp.
thời, đồng thời cho biết theo khảo sát ngành kỳ hạn thanh toán trung bình của các doanh nghiệp ô tô trọng điểm đã được cải thiện và tỷ lệ thanh.
toán bằng chứng từ điện tử giảm rõ rệt. bộ công nghiệp và công nghệ thông tin cùng tổng cục quản lý thị trường đã ban hành thông báo về việc.
thúc đẩy doanh nghiệp ô tô quy phạm thanh toán cho nhà cung cấp, làm rõ yêu cầu về thời điểm bắt đầu kỳ hạn, nghiệm thu và thanh toán, thiết.
lập cơ chế giám sát, kiểm tra định kỳ và sẽ tăng cường giám sát liên ngành để yêu cầu doanh nghiệp có quy mô nợ phải trả lớn, cố ý kéo dài kỳ hạn.
hoặc bị khiếu nại nhiều sửa đổi.",,công nợ của doanh nghiệp vừa và nhỏ. người phụ trách cục quản lý tài chính và vận hành thuộc ủy ban quản lý và giám sát tài sản nhà nước.,công nợ của doanh nghiệp vừa và nhỏ. người phụ trách cục quản lý tài chính và vận hành thuộc ủy ban quản lý và giám sát tài sản nhà nước.,True,kˈoŋ nˈəː6 kˌuə4 zwˈe-ɲ ŋˈiɛ6p vˈyə2 vˌaː2 ɲˈɔ4. ŋˈyə2j fˈu6 tʃˈe-ɜc kˈu6c kwˈaː4n lˈiɜ t̪ˈaː2j tʃˈiɜɲ vˌaː2 vˈə6n hˈe-2ɲ tˈuə6c wˈi4 bˈaːn kwˈaː4n lˈiɜ vˌaː2 zˈaːɜm sˈaːɜt̪ t̪ˈaː2j sˈaː4n ɲˈaː2 nˈyəɜc.,kˈoŋ nˈəː6 kˌuə4 zwˈe-ɲ ŋˈiɛ6p vˈyə2 vˌaː2 ɲˈɔ4. ŋˈyə2j fˈu6 tʃˈe-ɜc kˈu6c kwˈaː4n lˈiɜ t̪ˈaː2j tʃˈiɜɲ vˌaː2 vˈə6n hˈe-2ɲ tˈuə6c wˈi4 bˈaːn kwˈaː4n lˈiɜ vˌaː2 zˈaːɜm sˈaːɜt̪ t̪ˈaː2j sˈaː4n ɲˈaː2 nˈyəɜc.,para,40F0AEAE73021A4C6447FDD39D345638AFA6AB0FE55D4F596E69E3D5E8B5F163
danhgia_tts.txt,danhgia_tts-005,Văn bản 5,danhgia_tts-005-c003,3,"Ngày 14 tháng 9 tại Bắc Kinh, Văn phòng Thông tin Quốc vụ viện tổ chức họp báo chính sách để giới thiệu công tác xử lý khó khăn trong thu hồi
công nợ của doanh nghiệp vừa và nhỏ. Người phụ trách Cục Quản lý Tài chính và Vận hành thuộc Ủy ban Quản lý và Giám sát Tài sản Nhà nước
của Quốc vụ viện Trung Quốc, Bối Nhân Toàn, cho biết các doanh nghiệp trung ương sẽ tích cực huy động vốn để đảm bảo thanh toán kịp thời cho
doanh nghiệp vừa và nhỏ. Ông Bối Nhân Toàn nhấn mạnh việc ưu tiên thanh toán bằng tiền mặt, duy trì tỷ lệ thanh toán tiền mặt hợp lý, nghiêm
ngặt quản lý chứng từ và cấm mở chứng từ mới có thời hạn trên 6 tháng. Thông báo do Văn phòng Quốc vụ viện ban hành đề ra 10 biện pháp, yêu
cầu quy định kỳ hạn thanh toán hợp lý, giới hạn kỳ hạn thanh toán cho doanh nghiệp vừa và nhỏ ở mức 60 ngày và kêu gọi doanh nghiệp dẫn đầu
thực hiện cam kết thanh toán trong 60 ngày. Phó bộ trưởng Bộ Công nghiệp và Công nghệ Thông tin Trung Quốc, Ke Jixin, nêu ra biện pháp hoàn
thiện quy tắc thanh toán ngành, yêu cầu phân ngành xác định kỳ hạn thanh toán hợp lý và ban hành quy định thanh toán phù hợp với thực tế
ngành. Ông Ke Jixin cũng đề xuất làm rõ ""bốn yếu tố then chốt của việc thanh toán"" và phát động sáng kiến các doanh nghiệp lớn thanh toán kịp
thời, đồng thời cho biết theo khảo sát ngành kỳ hạn thanh toán trung bình của các doanh nghiệp ô tô trọng điểm đã được cải thiện và tỷ lệ thanh
toán bằng chứng từ điện tử giảm rõ rệt. Bộ Công nghiệp và Công nghệ Thông tin cùng Tổng cục Quản lý Thị trường đã ban hành thông báo về việc
thúc đẩy doanh nghiệp ô tô quy phạm thanh toán cho nhà cung cấp, làm rõ yêu cầu về thời điểm bắt đầu kỳ hạn, nghiệm thu và thanh toán, thiết
lập cơ chế giám sát, kiểm tra định kỳ và sẽ tăng cường giám sát liên ngành để yêu cầu doanh nghiệp có quy mô nợ phải trả lớn, cố ý kéo dài kỳ hạn
hoặc bị khiếu nại nhiều sửa đổi.","ngày mười bốn tháng chín tại bắc kinh, văn phòng thông tin quốc vụ viện tổ chức họp báo chính sách để giới thiệu công tác xử lý khó khăn trong thu hồi.
công nợ của doanh nghiệp vừa và nhỏ. người phụ trách cục quản lý tài chính và vận hành thuộc ủy ban quản lý và giám sát tài sản nhà nước.
của quốc vụ viện trung quốc, bối nhân toàn, cho biết các doanh nghiệp trung ương sẽ tích cực huy động vốn để đảm bảo thanh toán kịp thời cho.
doanh nghiệp vừa và nhỏ. ông bối nhân toàn nhấn mạnh việc ưu tiên thanh toán bằng tiền mặt, duy trì tỷ lệ thanh toán tiền mặt hợp lý, nghiêm.
ngặt quản lý chứng từ và cấm mở chứng từ mới có thời hạn trên sáu tháng. thông báo do văn phòng quốc vụ viện ban hành đề ra mười biện pháp, yêu.
cầu quy định kỳ hạn thanh toán hợp lý, giới hạn kỳ hạn thanh toán cho doanh nghiệp vừa và nhỏ ở mức sáu mươi ngày và kêu gọi doanh nghiệp dẫn đầu.
thực hiện cam kết thanh toán trong sáu mươi ngày. phó bộ trưởng bộ công nghiệp và công nghệ thông tin trung quốc, ke jixin, nêu ra biện pháp hoàn.
thiện quy tắc thanh toán ngành, yêu cầu phân ngành xác định kỳ hạn thanh toán hợp lý và ban hành quy định thanh toán phù hợp với thực tế.
ngành, ông ke jixin cũng đề xuất làm rõ bốn yếu tố then chốt của việc thanh toán và phát động sáng kiến các doanh nghiệp lớn thanh toán kịp.
thời, đồng thời cho biết theo khảo sát ngành kỳ hạn thanh toán trung bình của các doanh nghiệp ô tô trọng điểm đã được cải thiện và tỷ lệ thanh.
toán bằng chứng từ điện tử giảm rõ rệt. bộ công nghiệp và công nghệ thông tin cùng tổng cục quản lý thị trường đã ban hành thông báo về việc.
thúc đẩy doanh nghiệp ô tô quy phạm thanh toán cho nhà cung cấp, làm rõ yêu cầu về thời điểm bắt đầu kỳ hạn, nghiệm thu và thanh toán, thiết.
lập cơ chế giám sát, kiểm tra định kỳ và sẽ tăng cường giám sát liên ngành để yêu cầu doanh nghiệp có quy mô nợ phải trả lớn, cố ý kéo dài kỳ hạn.
hoặc bị khiếu nại nhiều sửa đổi.",,"của quốc vụ viện trung quốc, bối nhân toàn, cho biết các doanh nghiệp trung ương sẽ tích cực huy động vốn để đảm bảo thanh toán kịp thời cho.","của quốc vụ viện trung quốc, bối nhân toàn, cho biết các doanh nghiệp trung ương sẽ tích cực huy động vốn để đảm bảo thanh toán kịp thời cho.",True,"kˌuə4 kˈuəɜc vˈu6 vˈiɛ6n tʃˈuŋ kˈuəɜc, bˈoɜj ɲˈən t̪wˈaː2n, tʃˌɔ bˈiɛɜt̪ kˌaːɜc zwˈe-ɲ ŋˈiɛ6p tʃˈuŋ ˈyəŋ sˌɛ5 t̪ˈiɜc kˈy6c hwˈi ɗˈo6ŋ vˈoɜn ɗˌe4 ɗˈaː4m bˈaː4w tˈe-ɲ t̪wˈaːɜn kˈi6p tˈəː2j tʃˌɔ.","kˌuə4 kˈuəɜc vˈu6 vˈiɛ6n tʃˈuŋ kˈuəɜc, bˈoɜj ɲˈən t̪wˈaː2n, tʃˌɔ bˈiɛɜt̪ kˌaːɜc zwˈe-ɲ ŋˈiɛ6p tʃˈuŋ ˈyəŋ sˌɛ5 t̪ˈiɜc kˈy6c hwˈi ɗˈo6ŋ vˈoɜn ɗˌe4 ɗˈaː4m bˈaː4w tˈe-ɲ t̪wˈaːɜn kˈi6p tˈəː2j tʃˌɔ.",para,40F0AEAE73021A4C6447FDD39D345638AFA6AB0FE55D4F596E69E3D5E8B5F163
danhgia_tts.txt,danhgia_tts-005,Văn bản 5,danhgia_tts-005-c004,4,"Ngày 14 tháng 9 tại Bắc Kinh, Văn phòng Thông tin Quốc vụ viện tổ chức họp báo chính sách để giới thiệu công tác xử lý khó khăn trong thu hồi
công nợ của doanh nghiệp vừa và nhỏ. Người phụ trách Cục Quản lý Tài chính và Vận hành thuộc Ủy ban Quản lý và Giám sát Tài sản Nhà nước
của Quốc vụ viện Trung Quốc, Bối Nhân Toàn, cho biết các doanh nghiệp trung ương sẽ tích cực huy động vốn để đảm bảo thanh toán kịp thời cho
doanh nghiệp vừa và nhỏ. Ông Bối Nhân Toàn nhấn mạnh việc ưu tiên thanh toán bằng tiền mặt, duy trì tỷ lệ thanh toán tiền mặt hợp lý, nghiêm
ngặt quản lý chứng từ và cấm mở chứng từ mới có thời hạn trên 6 tháng. Thông báo do Văn phòng Quốc vụ viện ban hành đề ra 10 biện pháp, yêu
cầu quy định kỳ hạn thanh toán hợp lý, giới hạn kỳ hạn thanh toán cho doanh nghiệp vừa và nhỏ ở mức 60 ngày và kêu gọi doanh nghiệp dẫn đầu
thực hiện cam kết thanh toán trong 60 ngày. Phó bộ trưởng Bộ Công nghiệp và Công nghệ Thông tin Trung Quốc, Ke Jixin, nêu ra biện pháp hoàn
thiện quy tắc thanh toán ngành, yêu cầu phân ngành xác định kỳ hạn thanh toán hợp lý và ban hành quy định thanh toán phù hợp với thực tế
ngành. Ông Ke Jixin cũng đề xuất làm rõ ""bốn yếu tố then chốt của việc thanh toán"" và phát động sáng kiến các doanh nghiệp lớn thanh toán kịp
thời, đồng thời cho biết theo khảo sát ngành kỳ hạn thanh toán trung bình của các doanh nghiệp ô tô trọng điểm đã được cải thiện và tỷ lệ thanh
toán bằng chứng từ điện tử giảm rõ rệt. Bộ Công nghiệp và Công nghệ Thông tin cùng Tổng cục Quản lý Thị trường đã ban hành thông báo về việc
thúc đẩy doanh nghiệp ô tô quy phạm thanh toán cho nhà cung cấp, làm rõ yêu cầu về thời điểm bắt đầu kỳ hạn, nghiệm thu và thanh toán, thiết
lập cơ chế giám sát, kiểm tra định kỳ và sẽ tăng cường giám sát liên ngành để yêu cầu doanh nghiệp có quy mô nợ phải trả lớn, cố ý kéo dài kỳ hạn
hoặc bị khiếu nại nhiều sửa đổi.","ngày mười bốn tháng chín tại bắc kinh, văn phòng thông tin quốc vụ viện tổ chức họp báo chính sách để giới thiệu công tác xử lý khó khăn trong thu hồi.
công nợ của doanh nghiệp vừa và nhỏ. người phụ trách cục quản lý tài chính và vận hành thuộc ủy ban quản lý và giám sát tài sản nhà nước.
của quốc vụ viện trung quốc, bối nhân toàn, cho biết các doanh nghiệp trung ương sẽ tích cực huy động vốn để đảm bảo thanh toán kịp thời cho.
doanh nghiệp vừa và nhỏ. ông bối nhân toàn nhấn mạnh việc ưu tiên thanh toán bằng tiền mặt, duy trì tỷ lệ thanh toán tiền mặt hợp lý, nghiêm.
ngặt quản lý chứng từ và cấm mở chứng từ mới có thời hạn trên sáu tháng. thông báo do văn phòng quốc vụ viện ban hành đề ra mười biện pháp, yêu.
cầu quy định kỳ hạn thanh toán hợp lý, giới hạn kỳ hạn thanh toán cho doanh nghiệp vừa và nhỏ ở mức sáu mươi ngày và kêu gọi doanh nghiệp dẫn đầu.
thực hiện cam kết thanh toán trong sáu mươi ngày. phó bộ trưởng bộ công nghiệp và công nghệ thông tin trung quốc, ke jixin, nêu ra biện pháp hoàn.
thiện quy tắc thanh toán ngành, yêu cầu phân ngành xác định kỳ hạn thanh toán hợp lý và ban hành quy định thanh toán phù hợp với thực tế.
ngành, ông ke jixin cũng đề xuất làm rõ bốn yếu tố then chốt của việc thanh toán và phát động sáng kiến các doanh nghiệp lớn thanh toán kịp.
thời, đồng thời cho biết theo khảo sát ngành kỳ hạn thanh toán trung bình của các doanh nghiệp ô tô trọng điểm đã được cải thiện và tỷ lệ thanh.
toán bằng chứng từ điện tử giảm rõ rệt. bộ công nghiệp và công nghệ thông tin cùng tổng cục quản lý thị trường đã ban hành thông báo về việc.
thúc đẩy doanh nghiệp ô tô quy phạm thanh toán cho nhà cung cấp, làm rõ yêu cầu về thời điểm bắt đầu kỳ hạn, nghiệm thu và thanh toán, thiết.
lập cơ chế giám sát, kiểm tra định kỳ và sẽ tăng cường giám sát liên ngành để yêu cầu doanh nghiệp có quy mô nợ phải trả lớn, cố ý kéo dài kỳ hạn.
hoặc bị khiếu nại nhiều sửa đổi.",,"doanh nghiệp vừa và nhỏ. ông bối nhân toàn nhấn mạnh việc ưu tiên thanh toán bằng tiền mặt, duy trì tỷ lệ thanh toán tiền mặt hợp lý, nghiêm.","doanh nghiệp vừa và nhỏ. ông bối nhân toàn nhấn mạnh việc ưu tiên thanh toán bằng tiền mặt, duy trì tỷ lệ thanh toán tiền mặt hợp lý, nghiêm.",True,"zwˈe-ɲ ŋˈiɛ6p vˈyə2 vˌaː2 ɲˈɔ4. ˈoŋ bˈoɜj ɲˈən t̪wˈaː2n ɲˈəɜn mˈe-6ɲ vˈiɛ6c ˈiw t̪ˈiɛn tˈe-ɲ t̪wˈaːɜn bˈa2ŋ t̪ˈiɛ2n mˈa6t̪, zwˈi tʃˈi2 t̪ˈi4 lˈe6 tˈe-ɲ t̪wˈaːɜn t̪ˈiɛ2n mˈa6t̪ hˈəː6p lˈiɜ, ŋˈiɛm.","zwˈe-ɲ ŋˈiɛ6p vˈyə2 vˌaː2 ɲˈɔ4. ˈoŋ bˈoɜj ɲˈən t̪wˈaː2n ɲˈəɜn mˈe-6ɲ vˈiɛ6c ˈiw t̪ˈiɛn tˈe-ɲ t̪wˈaːɜn bˈa2ŋ t̪ˈiɛ2n mˈa6t̪, zwˈi tʃˈi2 t̪ˈi4 lˈe6 tˈe-ɲ t̪wˈaːɜn t̪ˈiɛ2n mˈa6t̪ hˈəː6p lˈiɜ, ŋˈiɛm.",para,40F0AEAE73021A4C6447FDD39D345638AFA6AB0FE55D4F596E69E3D5E8B5F163
danhgia_tts.txt,danhgia_tts-005,Văn bản 5,danhgia_tts-005-c005,5,"Ngày 14 tháng 9 tại Bắc Kinh, Văn phòng Thông tin Quốc vụ viện tổ chức họp báo chính sách để giới thiệu công tác xử lý khó khăn trong thu hồi
công nợ của doanh nghiệp vừa và nhỏ. Người phụ trách Cục Quản lý Tài chính và Vận hành thuộc Ủy ban Quản lý và Giám sát Tài sản Nhà nước
của Quốc vụ viện Trung Quốc, Bối Nhân Toàn, cho biết các doanh nghiệp trung ương sẽ tích cực huy động vốn để đảm bảo thanh toán kịp thời cho
doanh nghiệp vừa và nhỏ. Ông Bối Nhân Toàn nhấn mạnh việc ưu tiên thanh toán bằng tiền mặt, duy trì tỷ lệ thanh toán tiền mặt hợp lý, nghiêm
ngặt quản lý chứng từ và cấm mở chứng từ mới có thời hạn trên 6 tháng. Thông báo do Văn phòng Quốc vụ viện ban hành đề ra 10 biện pháp, yêu
cầu quy định kỳ hạn thanh toán hợp lý, giới hạn kỳ hạn thanh toán cho doanh nghiệp vừa và nhỏ ở mức 60 ngày và kêu gọi doanh nghiệp dẫn đầu
thực hiện cam kết thanh toán trong 60 ngày. Phó bộ trưởng Bộ Công nghiệp và Công nghệ Thông tin Trung Quốc, Ke Jixin, nêu ra biện pháp hoàn
thiện quy tắc thanh toán ngành, yêu cầu phân ngành xác định kỳ hạn thanh toán hợp lý và ban hành quy định thanh toán phù hợp với thực tế
ngành. Ông Ke Jixin cũng đề xuất làm rõ ""bốn yếu tố then chốt của việc thanh toán"" và phát động sáng kiến các doanh nghiệp lớn thanh toán kịp
thời, đồng thời cho biết theo khảo sát ngành kỳ hạn thanh toán trung bình của các doanh nghiệp ô tô trọng điểm đã được cải thiện và tỷ lệ thanh
toán bằng chứng từ điện tử giảm rõ rệt. Bộ Công nghiệp và Công nghệ Thông tin cùng Tổng cục Quản lý Thị trường đã ban hành thông báo về việc
thúc đẩy doanh nghiệp ô tô quy phạm thanh toán cho nhà cung cấp, làm rõ yêu cầu về thời điểm bắt đầu kỳ hạn, nghiệm thu và thanh toán, thiết
lập cơ chế giám sát, kiểm tra định kỳ và sẽ tăng cường giám sát liên ngành để yêu cầu doanh nghiệp có quy mô nợ phải trả lớn, cố ý kéo dài kỳ hạn
hoặc bị khiếu nại nhiều sửa đổi.","ngày mười bốn tháng chín tại bắc kinh, văn phòng thông tin quốc vụ viện tổ chức họp báo chính sách để giới thiệu công tác xử lý khó khăn trong thu hồi.
công nợ của doanh nghiệp vừa và nhỏ. người phụ trách cục quản lý tài chính và vận hành thuộc ủy ban quản lý và giám sát tài sản nhà nước.
của quốc vụ viện trung quốc, bối nhân toàn, cho biết các doanh nghiệp trung ương sẽ tích cực huy động vốn để đảm bảo thanh toán kịp thời cho.
doanh nghiệp vừa và nhỏ. ông bối nhân toàn nhấn mạnh việc ưu tiên thanh toán bằng tiền mặt, duy trì tỷ lệ thanh toán tiền mặt hợp lý, nghiêm.
ngặt quản lý chứng từ và cấm mở chứng từ mới có thời hạn trên sáu tháng. thông báo do văn phòng quốc vụ viện ban hành đề ra mười biện pháp, yêu.
cầu quy định kỳ hạn thanh toán hợp lý, giới hạn kỳ hạn thanh toán cho doanh nghiệp vừa và nhỏ ở mức sáu mươi ngày và kêu gọi doanh nghiệp dẫn đầu.
thực hiện cam kết thanh toán trong sáu mươi ngày. phó bộ trưởng bộ công nghiệp và công nghệ thông tin trung quốc, ke jixin, nêu ra biện pháp hoàn.
thiện quy tắc thanh toán ngành, yêu cầu phân ngành xác định kỳ hạn thanh toán hợp lý và ban hành quy định thanh toán phù hợp với thực tế.
ngành, ông ke jixin cũng đề xuất làm rõ bốn yếu tố then chốt của việc thanh toán và phát động sáng kiến các doanh nghiệp lớn thanh toán kịp.
thời, đồng thời cho biết theo khảo sát ngành kỳ hạn thanh toán trung bình của các doanh nghiệp ô tô trọng điểm đã được cải thiện và tỷ lệ thanh.
toán bằng chứng từ điện tử giảm rõ rệt. bộ công nghiệp và công nghệ thông tin cùng tổng cục quản lý thị trường đã ban hành thông báo về việc.
thúc đẩy doanh nghiệp ô tô quy phạm thanh toán cho nhà cung cấp, làm rõ yêu cầu về thời điểm bắt đầu kỳ hạn, nghiệm thu và thanh toán, thiết.
lập cơ chế giám sát, kiểm tra định kỳ và sẽ tăng cường giám sát liên ngành để yêu cầu doanh nghiệp có quy mô nợ phải trả lớn, cố ý kéo dài kỳ hạn.
hoặc bị khiếu nại nhiều sửa đổi.",,"ngặt quản lý chứng từ và cấm mở chứng từ mới có thời hạn trên sáu tháng. thông báo do văn phòng quốc vụ viện ban hành đề ra mười biện pháp, yêu.","ngặt quản lý chứng từ và cấm mở chứng từ mới có thời hạn trên sáu tháng. thông báo do văn phòng quốc vụ viện ban hành đề ra mười biện pháp, yêu.",True,"ŋˈa6t̪ kwˈaː4n lˈiɜ tʃˈyɜŋ t̪ˌy2 vˌaː2 kˈəɜm mˈəː4 tʃˈyɜŋ t̪ˌy2 mˈəːɜj kˈɔɜ tˈəː2j hˈaː6n tʃˈen sˈaɜw tˈaːɜŋ. tˈoŋ bˈaːɜw zˈɔ vˈan fˈɔ2ŋ kˈuəɜc vˈu6 vˈiɛ6n bˈaːn hˈe-2ɲ ɗˈe2 ɹˈaː mˈyə2j bˈiɛ6n fˈaːɜp, ˈiɛw.","ŋˈa6t̪ kwˈaː4n lˈiɜ tʃˈyɜŋ t̪ˌy2 vˌaː2 kˈəɜm mˈəː4 tʃˈyɜŋ t̪ˌy2 mˈəːɜj kˈɔɜ tˈəː2j hˈaː6n tʃˈen sˈaɜw tˈaːɜŋ. tˈoŋ bˈaːɜw zˈɔ vˈan fˈɔ2ŋ kˈuəɜc vˈu6 vˈiɛ6n bˈaːn hˈe-2ɲ ɗˈe2 ɹˈaː mˈyə2j bˈiɛ6n fˈaːɜp, ˈiɛw.",para,40F0AEAE73021A4C6447FDD39D345638AFA6AB0FE55D4F596E69E3D5E8B5F163
danhgia_tts.txt,danhgia_tts-005,Văn bản 5,danhgia_tts-005-c006,6,"Ngày 14 tháng 9 tại Bắc Kinh, Văn phòng Thông tin Quốc vụ viện tổ chức họp báo chính sách để giới thiệu công tác xử lý khó khăn trong thu hồi
công nợ của doanh nghiệp vừa và nhỏ. Người phụ trách Cục Quản lý Tài chính và Vận hành thuộc Ủy ban Quản lý và Giám sát Tài sản Nhà nước
của Quốc vụ viện Trung Quốc, Bối Nhân Toàn, cho biết các doanh nghiệp trung ương sẽ tích cực huy động vốn để đảm bảo thanh toán kịp thời cho
doanh nghiệp vừa và nhỏ. Ông Bối Nhân Toàn nhấn mạnh việc ưu tiên thanh toán bằng tiền mặt, duy trì tỷ lệ thanh toán tiền mặt hợp lý, nghiêm
ngặt quản lý chứng từ và cấm mở chứng từ mới có thời hạn trên 6 tháng. Thông báo do Văn phòng Quốc vụ viện ban hành đề ra 10 biện pháp, yêu
cầu quy định kỳ hạn thanh toán hợp lý, giới hạn kỳ hạn thanh toán cho doanh nghiệp vừa và nhỏ ở mức 60 ngày và kêu gọi doanh nghiệp dẫn đầu
thực hiện cam kết thanh toán trong 60 ngày. Phó bộ trưởng Bộ Công nghiệp và Công nghệ Thông tin Trung Quốc, Ke Jixin, nêu ra biện pháp hoàn
thiện quy tắc thanh toán ngành, yêu cầu phân ngành xác định kỳ hạn thanh toán hợp lý và ban hành quy định thanh toán phù hợp với thực tế
ngành. Ông Ke Jixin cũng đề xuất làm rõ ""bốn yếu tố then chốt của việc thanh toán"" và phát động sáng kiến các doanh nghiệp lớn thanh toán kịp
thời, đồng thời cho biết theo khảo sát ngành kỳ hạn thanh toán trung bình của các doanh nghiệp ô tô trọng điểm đã được cải thiện và tỷ lệ thanh
toán bằng chứng từ điện tử giảm rõ rệt. Bộ Công nghiệp và Công nghệ Thông tin cùng Tổng cục Quản lý Thị trường đã ban hành thông báo về việc
thúc đẩy doanh nghiệp ô tô quy phạm thanh toán cho nhà cung cấp, làm rõ yêu cầu về thời điểm bắt đầu kỳ hạn, nghiệm thu và thanh toán, thiết
lập cơ chế giám sát, kiểm tra định kỳ và sẽ tăng cường giám sát liên ngành để yêu cầu doanh nghiệp có quy mô nợ phải trả lớn, cố ý kéo dài kỳ hạn
hoặc bị khiếu nại nhiều sửa đổi.","ngày mười bốn tháng chín tại bắc kinh, văn phòng thông tin quốc vụ viện tổ chức họp báo chính sách để giới thiệu công tác xử lý khó khăn trong thu hồi.
công nợ của doanh nghiệp vừa và nhỏ. người phụ trách cục quản lý tài chính và vận hành thuộc ủy ban quản lý và giám sát tài sản nhà nước.
của quốc vụ viện trung quốc, bối nhân toàn, cho biết các doanh nghiệp trung ương sẽ tích cực huy động vốn để đảm bảo thanh toán kịp thời cho.
doanh nghiệp vừa và nhỏ. ông bối nhân toàn nhấn mạnh việc ưu tiên thanh toán bằng tiền mặt, duy trì tỷ lệ thanh toán tiền mặt hợp lý, nghiêm.
ngặt quản lý chứng từ và cấm mở chứng từ mới có thời hạn trên sáu tháng. thông báo do văn phòng quốc vụ viện ban hành đề ra mười biện pháp, yêu.
cầu quy định kỳ hạn thanh toán hợp lý, giới hạn kỳ hạn thanh toán cho doanh nghiệp vừa và nhỏ ở mức sáu mươi ngày và kêu gọi doanh nghiệp dẫn đầu.
thực hiện cam kết thanh toán trong sáu mươi ngày. phó bộ trưởng bộ công nghiệp và công nghệ thông tin trung quốc, ke jixin, nêu ra biện pháp hoàn.
thiện quy tắc thanh toán ngành, yêu cầu phân ngành xác định kỳ hạn thanh toán hợp lý và ban hành quy định thanh toán phù hợp với thực tế.
ngành, ông ke jixin cũng đề xuất làm rõ bốn yếu tố then chốt của việc thanh toán và phát động sáng kiến các doanh nghiệp lớn thanh toán kịp.
thời, đồng thời cho biết theo khảo sát ngành kỳ hạn thanh toán trung bình của các doanh nghiệp ô tô trọng điểm đã được cải thiện và tỷ lệ thanh.
toán bằng chứng từ điện tử giảm rõ rệt. bộ công nghiệp và công nghệ thông tin cùng tổng cục quản lý thị trường đã ban hành thông báo về việc.
thúc đẩy doanh nghiệp ô tô quy phạm thanh toán cho nhà cung cấp, làm rõ yêu cầu về thời điểm bắt đầu kỳ hạn, nghiệm thu và thanh toán, thiết.
lập cơ chế giám sát, kiểm tra định kỳ và sẽ tăng cường giám sát liên ngành để yêu cầu doanh nghiệp có quy mô nợ phải trả lớn, cố ý kéo dài kỳ hạn.
hoặc bị khiếu nại nhiều sửa đổi.",,"cầu quy định kỳ hạn thanh toán hợp lý, giới hạn kỳ hạn thanh toán cho doanh nghiệp vừa và nhỏ ở mức sáu mươi ngày và kêu gọi doanh nghiệp dẫn đầu.","cầu quy định kỳ hạn thanh toán hợp lý, giới hạn kỳ hạn thanh toán cho doanh nghiệp vừa và nhỏ ở mức sáu mươi ngày và kêu gọi doanh nghiệp dẫn đầu.",True,"kˈə2w kwˈi ɗˈi6ɲ kˈi2 hˈaː6n tˈe-ɲ t̪wˈaːɜn hˈəː6p lˈiɜ, zˈəːɜj hˈaː6n kˈi2 hˈaː6n tˈe-ɲ t̪wˈaːɜn tʃˌɔ zwˈe-ɲ ŋˈiɛ6p vˈyə2 vˌaː2 ɲˈɔ4 ˈəː4 mˈyɜc sˈaɜw mˈyəj ŋˈa2j vˌaː2 kˈe1w ɣˈɔ6j zwˈe-ɲ ŋˈiɛ6p zˈə5n ɗˈə2w.","kˈə2w kwˈi ɗˈi6ɲ kˈi2 hˈaː6n tˈe-ɲ t̪wˈaːɜn hˈəː6p lˈiɜ, zˈəːɜj hˈaː6n kˈi2 hˈaː6n tˈe-ɲ t̪wˈaːɜn tʃˌɔ zwˈe-ɲ ŋˈiɛ6p vˈyə2 vˌaː2 ɲˈɔ4 ˈəː4 mˈyɜc sˈaɜw mˈyəj ŋˈa2j vˌaː2 kˈe1w ɣˈɔ6j zwˈe-ɲ ŋˈiɛ6p zˈə5n ɗˈə2w.",para,40F0AEAE73021A4C6447FDD39D345638AFA6AB0FE55D4F596E69E3D5E8B5F163
danhgia_tts.txt,danhgia_tts-005,Văn bản 5,danhgia_tts-005-c007,7,"Ngày 14 tháng 9 tại Bắc Kinh, Văn phòng Thông tin Quốc vụ viện tổ chức họp báo chính sách để giới thiệu công tác xử lý khó khăn trong thu hồi
công nợ của doanh nghiệp vừa và nhỏ. Người phụ trách Cục Quản lý Tài chính và Vận hành thuộc Ủy ban Quản lý và Giám sát Tài sản Nhà nước
của Quốc vụ viện Trung Quốc, Bối Nhân Toàn, cho biết các doanh nghiệp trung ương sẽ tích cực huy động vốn để đảm bảo thanh toán kịp thời cho
doanh nghiệp vừa và nhỏ. Ông Bối Nhân Toàn nhấn mạnh việc ưu tiên thanh toán bằng tiền mặt, duy trì tỷ lệ thanh toán tiền mặt hợp lý, nghiêm
ngặt quản lý chứng từ và cấm mở chứng từ mới có thời hạn trên 6 tháng. Thông báo do Văn phòng Quốc vụ viện ban hành đề ra 10 biện pháp, yêu
cầu quy định kỳ hạn thanh toán hợp lý, giới hạn kỳ hạn thanh toán cho doanh nghiệp vừa và nhỏ ở mức 60 ngày và kêu gọi doanh nghiệp dẫn đầu
thực hiện cam kết thanh toán trong 60 ngày. Phó bộ trưởng Bộ Công nghiệp và Công nghệ Thông tin Trung Quốc, Ke Jixin, nêu ra biện pháp hoàn
thiện quy tắc thanh toán ngành, yêu cầu phân ngành xác định kỳ hạn thanh toán hợp lý và ban hành quy định thanh toán phù hợp với thực tế
ngành. Ông Ke Jixin cũng đề xuất làm rõ ""bốn yếu tố then chốt của việc thanh toán"" và phát động sáng kiến các doanh nghiệp lớn thanh toán kịp
thời, đồng thời cho biết theo khảo sát ngành kỳ hạn thanh toán trung bình của các doanh nghiệp ô tô trọng điểm đã được cải thiện và tỷ lệ thanh
toán bằng chứng từ điện tử giảm rõ rệt. Bộ Công nghiệp và Công nghệ Thông tin cùng Tổng cục Quản lý Thị trường đã ban hành thông báo về việc
thúc đẩy doanh nghiệp ô tô quy phạm thanh toán cho nhà cung cấp, làm rõ yêu cầu về thời điểm bắt đầu kỳ hạn, nghiệm thu và thanh toán, thiết
lập cơ chế giám sát, kiểm tra định kỳ và sẽ tăng cường giám sát liên ngành để yêu cầu doanh nghiệp có quy mô nợ phải trả lớn, cố ý kéo dài kỳ hạn
hoặc bị khiếu nại nhiều sửa đổi.","ngày mười bốn tháng chín tại bắc kinh, văn phòng thông tin quốc vụ viện tổ chức họp báo chính sách để giới thiệu công tác xử lý khó khăn trong thu hồi.
công nợ của doanh nghiệp vừa và nhỏ. người phụ trách cục quản lý tài chính và vận hành thuộc ủy ban quản lý và giám sát tài sản nhà nước.
của quốc vụ viện trung quốc, bối nhân toàn, cho biết các doanh nghiệp trung ương sẽ tích cực huy động vốn để đảm bảo thanh toán kịp thời cho.
doanh nghiệp vừa và nhỏ. ông bối nhân toàn nhấn mạnh việc ưu tiên thanh toán bằng tiền mặt, duy trì tỷ lệ thanh toán tiền mặt hợp lý, nghiêm.
ngặt quản lý chứng từ và cấm mở chứng từ mới có thời hạn trên sáu tháng. thông báo do văn phòng quốc vụ viện ban hành đề ra mười biện pháp, yêu.
cầu quy định kỳ hạn thanh toán hợp lý, giới hạn kỳ hạn thanh toán cho doanh nghiệp vừa và nhỏ ở mức sáu mươi ngày và kêu gọi doanh nghiệp dẫn đầu.
thực hiện cam kết thanh toán trong sáu mươi ngày. phó bộ trưởng bộ công nghiệp và công nghệ thông tin trung quốc, ke jixin, nêu ra biện pháp hoàn.
thiện quy tắc thanh toán ngành, yêu cầu phân ngành xác định kỳ hạn thanh toán hợp lý và ban hành quy định thanh toán phù hợp với thực tế.
ngành, ông ke jixin cũng đề xuất làm rõ bốn yếu tố then chốt của việc thanh toán và phát động sáng kiến các doanh nghiệp lớn thanh toán kịp.
thời, đồng thời cho biết theo khảo sát ngành kỳ hạn thanh toán trung bình của các doanh nghiệp ô tô trọng điểm đã được cải thiện và tỷ lệ thanh.
toán bằng chứng từ điện tử giảm rõ rệt. bộ công nghiệp và công nghệ thông tin cùng tổng cục quản lý thị trường đã ban hành thông báo về việc.
thúc đẩy doanh nghiệp ô tô quy phạm thanh toán cho nhà cung cấp, làm rõ yêu cầu về thời điểm bắt đầu kỳ hạn, nghiệm thu và thanh toán, thiết.
lập cơ chế giám sát, kiểm tra định kỳ và sẽ tăng cường giám sát liên ngành để yêu cầu doanh nghiệp có quy mô nợ phải trả lớn, cố ý kéo dài kỳ hạn.
hoặc bị khiếu nại nhiều sửa đổi.",,"thực hiện cam kết thanh toán trong sáu mươi ngày. phó bộ trưởng bộ công nghiệp và công nghệ thông tin trung quốc, ke jixin, nêu ra biện pháp hoàn.","thực hiện cam kết thanh toán trong sáu mươi ngày. phó bộ trưởng bộ công nghiệp và công nghệ thông tin trung quốc, ke jixin, nêu ra biện pháp hoàn.",True,"tˈy6c hˈiɛ6n kˈaːm kˈeɜt̪ tˈe-ɲ t̪wˈaːɜn tʃˈɔŋ sˈaɜw mˈyəj ŋˈa2j. fˈɔɜ bˈo6 tʃˈyə4ŋ bˈo6 kˈoŋ ŋˈiɛ6p vˌaː2 kˈoŋ ŋˈe6 tˈoŋ t̪ˈin tʃˈuŋ kˈuəɜc, kˈɛ dʒˈɪksɪn, nˈe1w ɹˈaː bˈiɛ6n fˈaːɜp hwˈaː2n.","tˈy6c hˈiɛ6n kˈaːm kˈeɜt̪ tˈe-ɲ t̪wˈaːɜn tʃˈɔŋ sˈaɜw mˈyəj ŋˈa2j. fˈɔɜ bˈo6 tʃˈyə4ŋ bˈo6 kˈoŋ ŋˈiɛ6p vˌaː2 kˈoŋ ŋˈe6 tˈoŋ t̪ˈin tʃˈuŋ kˈuəɜc, kˈɛ dʒˈɪksɪn, nˈe1w ɹˈaː bˈiɛ6n fˈaːɜp hwˈaː2n.",para,40F0AEAE73021A4C6447FDD39D345638AFA6AB0FE55D4F596E69E3D5E8B5F163
danhgia_tts.txt,danhgia_tts-005,Văn bản 5,danhgia_tts-005-c008,8,"Ngày 14 tháng 9 tại Bắc Kinh, Văn phòng Thông tin Quốc vụ viện tổ chức họp báo chính sách để giới thiệu công tác xử lý khó khăn trong thu hồi
công nợ của doanh nghiệp vừa và nhỏ. Người phụ trách Cục Quản lý Tài chính và Vận hành thuộc Ủy ban Quản lý và Giám sát Tài sản Nhà nước
của Quốc vụ viện Trung Quốc, Bối Nhân Toàn, cho biết các doanh nghiệp trung ương sẽ tích cực huy động vốn để đảm bảo thanh toán kịp thời cho
doanh nghiệp vừa và nhỏ. Ông Bối Nhân Toàn nhấn mạnh việc ưu tiên thanh toán bằng tiền mặt, duy trì tỷ lệ thanh toán tiền mặt hợp lý, nghiêm
ngặt quản lý chứng từ và cấm mở chứng từ mới có thời hạn trên 6 tháng. Thông báo do Văn phòng Quốc vụ viện ban hành đề ra 10 biện pháp, yêu
cầu quy định kỳ hạn thanh toán hợp lý, giới hạn kỳ hạn thanh toán cho doanh nghiệp vừa và nhỏ ở mức 60 ngày và kêu gọi doanh nghiệp dẫn đầu
thực hiện cam kết thanh toán trong 60 ngày. Phó bộ trưởng Bộ Công nghiệp và Công nghệ Thông tin Trung Quốc, Ke Jixin, nêu ra biện pháp hoàn
thiện quy tắc thanh toán ngành, yêu cầu phân ngành xác định kỳ hạn thanh toán hợp lý và ban hành quy định thanh toán phù hợp với thực tế
ngành. Ông Ke Jixin cũng đề xuất làm rõ ""bốn yếu tố then chốt của việc thanh toán"" và phát động sáng kiến các doanh nghiệp lớn thanh toán kịp
thời, đồng thời cho biết theo khảo sát ngành kỳ hạn thanh toán trung bình của các doanh nghiệp ô tô trọng điểm đã được cải thiện và tỷ lệ thanh
toán bằng chứng từ điện tử giảm rõ rệt. Bộ Công nghiệp và Công nghệ Thông tin cùng Tổng cục Quản lý Thị trường đã ban hành thông báo về việc
thúc đẩy doanh nghiệp ô tô quy phạm thanh toán cho nhà cung cấp, làm rõ yêu cầu về thời điểm bắt đầu kỳ hạn, nghiệm thu và thanh toán, thiết
lập cơ chế giám sát, kiểm tra định kỳ và sẽ tăng cường giám sát liên ngành để yêu cầu doanh nghiệp có quy mô nợ phải trả lớn, cố ý kéo dài kỳ hạn
hoặc bị khiếu nại nhiều sửa đổi.","ngày mười bốn tháng chín tại bắc kinh, văn phòng thông tin quốc vụ viện tổ chức họp báo chính sách để giới thiệu công tác xử lý khó khăn trong thu hồi.
công nợ của doanh nghiệp vừa và nhỏ. người phụ trách cục quản lý tài chính và vận hành thuộc ủy ban quản lý và giám sát tài sản nhà nước.
của quốc vụ viện trung quốc, bối nhân toàn, cho biết các doanh nghiệp trung ương sẽ tích cực huy động vốn để đảm bảo thanh toán kịp thời cho.
doanh nghiệp vừa và nhỏ. ông bối nhân toàn nhấn mạnh việc ưu tiên thanh toán bằng tiền mặt, duy trì tỷ lệ thanh toán tiền mặt hợp lý, nghiêm.
ngặt quản lý chứng từ và cấm mở chứng từ mới có thời hạn trên sáu tháng. thông báo do văn phòng quốc vụ viện ban hành đề ra mười biện pháp, yêu.
cầu quy định kỳ hạn thanh toán hợp lý, giới hạn kỳ hạn thanh toán cho doanh nghiệp vừa và nhỏ ở mức sáu mươi ngày và kêu gọi doanh nghiệp dẫn đầu.
thực hiện cam kết thanh toán trong sáu mươi ngày. phó bộ trưởng bộ công nghiệp và công nghệ thông tin trung quốc, ke jixin, nêu ra biện pháp hoàn.
thiện quy tắc thanh toán ngành, yêu cầu phân ngành xác định kỳ hạn thanh toán hợp lý và ban hành quy định thanh toán phù hợp với thực tế.
ngành, ông ke jixin cũng đề xuất làm rõ bốn yếu tố then chốt của việc thanh toán và phát động sáng kiến các doanh nghiệp lớn thanh toán kịp.
thời, đồng thời cho biết theo khảo sát ngành kỳ hạn thanh toán trung bình của các doanh nghiệp ô tô trọng điểm đã được cải thiện và tỷ lệ thanh.
toán bằng chứng từ điện tử giảm rõ rệt. bộ công nghiệp và công nghệ thông tin cùng tổng cục quản lý thị trường đã ban hành thông báo về việc.
thúc đẩy doanh nghiệp ô tô quy phạm thanh toán cho nhà cung cấp, làm rõ yêu cầu về thời điểm bắt đầu kỳ hạn, nghiệm thu và thanh toán, thiết.
lập cơ chế giám sát, kiểm tra định kỳ và sẽ tăng cường giám sát liên ngành để yêu cầu doanh nghiệp có quy mô nợ phải trả lớn, cố ý kéo dài kỳ hạn.
hoặc bị khiếu nại nhiều sửa đổi.",,"thiện quy tắc thanh toán ngành, yêu cầu phân ngành xác định kỳ hạn thanh toán hợp lý và ban hành quy định thanh toán phù hợp với thực tế.","thiện quy tắc thanh toán ngành, yêu cầu phân ngành xác định kỳ hạn thanh toán hợp lý và ban hành quy định thanh toán phù hợp với thực tế.",True,"tˈiɛ6n kwˈi t̪ˈaɜc tˈe-ɲ t̪wˈaːɜn ŋˈe-2ɲ, ˈiɛw kˈə2w fˈən ŋˈe-2ɲ sˈaːɜc ɗˈi6ɲ kˈi2 hˈaː6n tˈe-ɲ t̪wˈaːɜn hˈəː6p lˈiɜ vˌaː2 bˈaːn hˈe-2ɲ kwˈi ɗˈi6ɲ tˈe-ɲ t̪wˈaːɜn fˈu2 hˈəː6p vˌəːɜj tˈy6c t̪ˈeɜ.","tˈiɛ6n kwˈi t̪ˈaɜc tˈe-ɲ t̪wˈaːɜn ŋˈe-2ɲ, ˈiɛw kˈə2w fˈən ŋˈe-2ɲ sˈaːɜc ɗˈi6ɲ kˈi2 hˈaː6n tˈe-ɲ t̪wˈaːɜn hˈəː6p lˈiɜ vˌaː2 bˈaːn hˈe-2ɲ kwˈi ɗˈi6ɲ tˈe-ɲ t̪wˈaːɜn fˈu2 hˈəː6p vˌəːɜj tˈy6c t̪ˈeɜ.",para,40F0AEAE73021A4C6447FDD39D345638AFA6AB0FE55D4F596E69E3D5E8B5F163
danhgia_tts.txt,danhgia_tts-005,Văn bản 5,danhgia_tts-005-c009,9,"Ngày 14 tháng 9 tại Bắc Kinh, Văn phòng Thông tin Quốc vụ viện tổ chức họp báo chính sách để giới thiệu công tác xử lý khó khăn trong thu hồi
công nợ của doanh nghiệp vừa và nhỏ. Người phụ trách Cục Quản lý Tài chính và Vận hành thuộc Ủy ban Quản lý và Giám sát Tài sản Nhà nước
của Quốc vụ viện Trung Quốc, Bối Nhân Toàn, cho biết các doanh nghiệp trung ương sẽ tích cực huy động vốn để đảm bảo thanh toán kịp thời cho
doanh nghiệp vừa và nhỏ. Ông Bối Nhân Toàn nhấn mạnh việc ưu tiên thanh toán bằng tiền mặt, duy trì tỷ lệ thanh toán tiền mặt hợp lý, nghiêm
ngặt quản lý chứng từ và cấm mở chứng từ mới có thời hạn trên 6 tháng. Thông báo do Văn phòng Quốc vụ viện ban hành đề ra 10 biện pháp, yêu
cầu quy định kỳ hạn thanh toán hợp lý, giới hạn kỳ hạn thanh toán cho doanh nghiệp vừa và nhỏ ở mức 60 ngày và kêu gọi doanh nghiệp dẫn đầu
thực hiện cam kết thanh toán trong 60 ngày. Phó bộ trưởng Bộ Công nghiệp và Công nghệ Thông tin Trung Quốc, Ke Jixin, nêu ra biện pháp hoàn
thiện quy tắc thanh toán ngành, yêu cầu phân ngành xác định kỳ hạn thanh toán hợp lý và ban hành quy định thanh toán phù hợp với thực tế
ngành. Ông Ke Jixin cũng đề xuất làm rõ ""bốn yếu tố then chốt của việc thanh toán"" và phát động sáng kiến các doanh nghiệp lớn thanh toán kịp
thời, đồng thời cho biết theo khảo sát ngành kỳ hạn thanh toán trung bình của các doanh nghiệp ô tô trọng điểm đã được cải thiện và tỷ lệ thanh
toán bằng chứng từ điện tử giảm rõ rệt. Bộ Công nghiệp và Công nghệ Thông tin cùng Tổng cục Quản lý Thị trường đã ban hành thông báo về việc
thúc đẩy doanh nghiệp ô tô quy phạm thanh toán cho nhà cung cấp, làm rõ yêu cầu về thời điểm bắt đầu kỳ hạn, nghiệm thu và thanh toán, thiết
lập cơ chế giám sát, kiểm tra định kỳ và sẽ tăng cường giám sát liên ngành để yêu cầu doanh nghiệp có quy mô nợ phải trả lớn, cố ý kéo dài kỳ hạn
hoặc bị khiếu nại nhiều sửa đổi.","ngày mười bốn tháng chín tại bắc kinh, văn phòng thông tin quốc vụ viện tổ chức họp báo chính sách để giới thiệu công tác xử lý khó khăn trong thu hồi.
công nợ của doanh nghiệp vừa và nhỏ. người phụ trách cục quản lý tài chính và vận hành thuộc ủy ban quản lý và giám sát tài sản nhà nước.
của quốc vụ viện trung quốc, bối nhân toàn, cho biết các doanh nghiệp trung ương sẽ tích cực huy động vốn để đảm bảo thanh toán kịp thời cho.
doanh nghiệp vừa và nhỏ. ông bối nhân toàn nhấn mạnh việc ưu tiên thanh toán bằng tiền mặt, duy trì tỷ lệ thanh toán tiền mặt hợp lý, nghiêm.
ngặt quản lý chứng từ và cấm mở chứng từ mới có thời hạn trên sáu tháng. thông báo do văn phòng quốc vụ viện ban hành đề ra mười biện pháp, yêu.
cầu quy định kỳ hạn thanh toán hợp lý, giới hạn kỳ hạn thanh toán cho doanh nghiệp vừa và nhỏ ở mức sáu mươi ngày và kêu gọi doanh nghiệp dẫn đầu.
thực hiện cam kết thanh toán trong sáu mươi ngày. phó bộ trưởng bộ công nghiệp và công nghệ thông tin trung quốc, ke jixin, nêu ra biện pháp hoàn.
thiện quy tắc thanh toán ngành, yêu cầu phân ngành xác định kỳ hạn thanh toán hợp lý và ban hành quy định thanh toán phù hợp với thực tế.
ngành, ông ke jixin cũng đề xuất làm rõ bốn yếu tố then chốt của việc thanh toán và phát động sáng kiến các doanh nghiệp lớn thanh toán kịp.
thời, đồng thời cho biết theo khảo sát ngành kỳ hạn thanh toán trung bình của các doanh nghiệp ô tô trọng điểm đã được cải thiện và tỷ lệ thanh.
toán bằng chứng từ điện tử giảm rõ rệt. bộ công nghiệp và công nghệ thông tin cùng tổng cục quản lý thị trường đã ban hành thông báo về việc.
thúc đẩy doanh nghiệp ô tô quy phạm thanh toán cho nhà cung cấp, làm rõ yêu cầu về thời điểm bắt đầu kỳ hạn, nghiệm thu và thanh toán, thiết.
lập cơ chế giám sát, kiểm tra định kỳ và sẽ tăng cường giám sát liên ngành để yêu cầu doanh nghiệp có quy mô nợ phải trả lớn, cố ý kéo dài kỳ hạn.
hoặc bị khiếu nại nhiều sửa đổi.",,"ngành, ông ke jixin cũng đề xuất làm rõ bốn yếu tố then chốt của việc thanh toán và phát động sáng kiến các doanh nghiệp lớn thanh toán kịp.","ngành, ông ke jixin cũng đề xuất làm rõ bốn yếu tố then chốt của việc thanh toán và phát động sáng kiến các doanh nghiệp lớn thanh toán kịp.",True,"ŋˈe-2ɲ, ˈoŋ kˈɛ dʒˈɪksɪn kˈu5ŋ ɗˈe2 swˈəɜt̪ lˈaː2m ɹˈɔ5 bˈoɜn ˈiɛɜw t̪ˈoɜ tˈɛn tʃˈoɜt̪ kˌuə4 vˈiɛ6c tˈe-ɲ t̪wˈaːɜn vˌaː2 fˈaːɜt̪ ɗˈo6ŋ sˈaːɜŋ kˈiɛɜn kˌaːɜc zwˈe-ɲ ŋˈiɛ6p lˈəːɜn tˈe-ɲ t̪wˈaːɜn kˈi6p.","ŋˈe-2ɲ, ˈoŋ kˈɛ dʒˈɪksɪn kˈu5ŋ ɗˈe2 swˈəɜt̪ lˈaː2m ɹˈɔ5 bˈoɜn ˈiɛɜw t̪ˈoɜ tˈɛn tʃˈoɜt̪ kˌuə4 vˈiɛ6c tˈe-ɲ t̪wˈaːɜn vˌaː2 fˈaːɜt̪ ɗˈo6ŋ sˈaːɜŋ kˈiɛɜn kˌaːɜc zwˈe-ɲ ŋˈiɛ6p lˈəːɜn tˈe-ɲ t̪wˈaːɜn kˈi6p.",para,40F0AEAE73021A4C6447FDD39D345638AFA6AB0FE55D4F596E69E3D5E8B5F163
danhgia_tts.txt,danhgia_tts-005,Văn bản 5,danhgia_tts-005-c010,10,"Ngày 14 tháng 9 tại Bắc Kinh, Văn phòng Thông tin Quốc vụ viện tổ chức họp báo chính sách để giới thiệu công tác xử lý khó khăn trong thu hồi
công nợ của doanh nghiệp vừa và nhỏ. Người phụ trách Cục Quản lý Tài chính và Vận hành thuộc Ủy ban Quản lý và Giám sát Tài sản Nhà nước
của Quốc vụ viện Trung Quốc, Bối Nhân Toàn, cho biết các doanh nghiệp trung ương sẽ tích cực huy động vốn để đảm bảo thanh toán kịp thời cho
doanh nghiệp vừa và nhỏ. Ông Bối Nhân Toàn nhấn mạnh việc ưu tiên thanh toán bằng tiền mặt, duy trì tỷ lệ thanh toán tiền mặt hợp lý, nghiêm
ngặt quản lý chứng từ và cấm mở chứng từ mới có thời hạn trên 6 tháng. Thông báo do Văn phòng Quốc vụ viện ban hành đề ra 10 biện pháp, yêu
cầu quy định kỳ hạn thanh toán hợp lý, giới hạn kỳ hạn thanh toán cho doanh nghiệp vừa và nhỏ ở mức 60 ngày và kêu gọi doanh nghiệp dẫn đầu
thực hiện cam kết thanh toán trong 60 ngày. Phó bộ trưởng Bộ Công nghiệp và Công nghệ Thông tin Trung Quốc, Ke Jixin, nêu ra biện pháp hoàn
thiện quy tắc thanh toán ngành, yêu cầu phân ngành xác định kỳ hạn thanh toán hợp lý và ban hành quy định thanh toán phù hợp với thực tế
ngành. Ông Ke Jixin cũng đề xuất làm rõ ""bốn yếu tố then chốt của việc thanh toán"" và phát động sáng kiến các doanh nghiệp lớn thanh toán kịp
thời, đồng thời cho biết theo khảo sát ngành kỳ hạn thanh toán trung bình của các doanh nghiệp ô tô trọng điểm đã được cải thiện và tỷ lệ thanh
toán bằng chứng từ điện tử giảm rõ rệt. Bộ Công nghiệp và Công nghệ Thông tin cùng Tổng cục Quản lý Thị trường đã ban hành thông báo về việc
thúc đẩy doanh nghiệp ô tô quy phạm thanh toán cho nhà cung cấp, làm rõ yêu cầu về thời điểm bắt đầu kỳ hạn, nghiệm thu và thanh toán, thiết
lập cơ chế giám sát, kiểm tra định kỳ và sẽ tăng cường giám sát liên ngành để yêu cầu doanh nghiệp có quy mô nợ phải trả lớn, cố ý kéo dài kỳ hạn
hoặc bị khiếu nại nhiều sửa đổi.","ngày mười bốn tháng chín tại bắc kinh, văn phòng thông tin quốc vụ viện tổ chức họp báo chính sách để giới thiệu công tác xử lý khó khăn trong thu hồi.
công nợ của doanh nghiệp vừa và nhỏ. người phụ trách cục quản lý tài chính và vận hành thuộc ủy ban quản lý và giám sát tài sản nhà nước.
của quốc vụ viện trung quốc, bối nhân toàn, cho biết các doanh nghiệp trung ương sẽ tích cực huy động vốn để đảm bảo thanh toán kịp thời cho.
doanh nghiệp vừa và nhỏ. ông bối nhân toàn nhấn mạnh việc ưu tiên thanh toán bằng tiền mặt, duy trì tỷ lệ thanh toán tiền mặt hợp lý, nghiêm.
ngặt quản lý chứng từ và cấm mở chứng từ mới có thời hạn trên sáu tháng. thông báo do văn phòng quốc vụ viện ban hành đề ra mười biện pháp, yêu.
cầu quy định kỳ hạn thanh toán hợp lý, giới hạn kỳ hạn thanh toán cho doanh nghiệp vừa và nhỏ ở mức sáu mươi ngày và kêu gọi doanh nghiệp dẫn đầu.
thực hiện cam kết thanh toán trong sáu mươi ngày. phó bộ trưởng bộ công nghiệp và công nghệ thông tin trung quốc, ke jixin, nêu ra biện pháp hoàn.
thiện quy tắc thanh toán ngành, yêu cầu phân ngành xác định kỳ hạn thanh toán hợp lý và ban hành quy định thanh toán phù hợp với thực tế.
ngành, ông ke jixin cũng đề xuất làm rõ bốn yếu tố then chốt của việc thanh toán và phát động sáng kiến các doanh nghiệp lớn thanh toán kịp.
thời, đồng thời cho biết theo khảo sát ngành kỳ hạn thanh toán trung bình của các doanh nghiệp ô tô trọng điểm đã được cải thiện và tỷ lệ thanh.
toán bằng chứng từ điện tử giảm rõ rệt. bộ công nghiệp và công nghệ thông tin cùng tổng cục quản lý thị trường đã ban hành thông báo về việc.
thúc đẩy doanh nghiệp ô tô quy phạm thanh toán cho nhà cung cấp, làm rõ yêu cầu về thời điểm bắt đầu kỳ hạn, nghiệm thu và thanh toán, thiết.
lập cơ chế giám sát, kiểm tra định kỳ và sẽ tăng cường giám sát liên ngành để yêu cầu doanh nghiệp có quy mô nợ phải trả lớn, cố ý kéo dài kỳ hạn.
hoặc bị khiếu nại nhiều sửa đổi.",,"thời, đồng thời cho biết theo khảo sát ngành kỳ hạn thanh toán trung bình của các doanh nghiệp ô tô trọng điểm đã được cải thiện và tỷ lệ thanh.","thời, đồng thời cho biết theo khảo sát ngành kỳ hạn thanh toán trung bình của các doanh nghiệp ô tô trọng điểm đã được cải thiện và tỷ lệ thanh.",True,"tˈəː2j, ɗˈo2ŋ tˈəː2j tʃˌɔ bˈiɛɜt̪ tˈɛw xˈaː4w sˈaːɜt̪ ŋˈe-2ɲ kˈi2 hˈaː6n tˈe-ɲ t̪wˈaːɜn tʃˈuŋ bˈi2ɲ kˌuə4 kˌaːɜc zwˈe-ɲ ŋˈiɛ6p ˈo t̪ˈo tʃˈɔ6ŋ ɗˈiɛ4m ɗˌaː5 ɗˌyə6c kˈaː4j tˈiɛ6n vˌaː2 t̪ˈi4 lˈe6 tˈe-ɲ.","tˈəː2j, ɗˈo2ŋ tˈəː2j tʃˌɔ bˈiɛɜt̪ tˈɛw xˈaː4w sˈaːɜt̪ ŋˈe-2ɲ kˈi2 hˈaː6n tˈe-ɲ t̪wˈaːɜn tʃˈuŋ bˈi2ɲ kˌuə4 kˌaːɜc zwˈe-ɲ ŋˈiɛ6p ˈo t̪ˈo tʃˈɔ6ŋ ɗˈiɛ4m ɗˌaː5 ɗˌyə6c kˈaː4j tˈiɛ6n vˌaː2 t̪ˈi4 lˈe6 tˈe-ɲ.",para,40F0AEAE73021A4C6447FDD39D345638AFA6AB0FE55D4F596E69E3D5E8B5F163
danhgia_tts.txt,danhgia_tts-005,Văn bản 5,danhgia_tts-005-c011,11,"Ngày 14 tháng 9 tại Bắc Kinh, Văn phòng Thông tin Quốc vụ viện tổ chức họp báo chính sách để giới thiệu công tác xử lý khó khăn trong thu hồi
công nợ của doanh nghiệp vừa và nhỏ. Người phụ trách Cục Quản lý Tài chính và Vận hành thuộc Ủy ban Quản lý và Giám sát Tài sản Nhà nước
của Quốc vụ viện Trung Quốc, Bối Nhân Toàn, cho biết các doanh nghiệp trung ương sẽ tích cực huy động vốn để đảm bảo thanh toán kịp thời cho
doanh nghiệp vừa và nhỏ. Ông Bối Nhân Toàn nhấn mạnh việc ưu tiên thanh toán bằng tiền mặt, duy trì tỷ lệ thanh toán tiền mặt hợp lý, nghiêm
ngặt quản lý chứng từ và cấm mở chứng từ mới có thời hạn trên 6 tháng. Thông báo do Văn phòng Quốc vụ viện ban hành đề ra 10 biện pháp, yêu
cầu quy định kỳ hạn thanh toán hợp lý, giới hạn kỳ hạn thanh toán cho doanh nghiệp vừa và nhỏ ở mức 60 ngày và kêu gọi doanh nghiệp dẫn đầu
thực hiện cam kết thanh toán trong 60 ngày. Phó bộ trưởng Bộ Công nghiệp và Công nghệ Thông tin Trung Quốc, Ke Jixin, nêu ra biện pháp hoàn
thiện quy tắc thanh toán ngành, yêu cầu phân ngành xác định kỳ hạn thanh toán hợp lý và ban hành quy định thanh toán phù hợp với thực tế
ngành. Ông Ke Jixin cũng đề xuất làm rõ ""bốn yếu tố then chốt của việc thanh toán"" và phát động sáng kiến các doanh nghiệp lớn thanh toán kịp
thời, đồng thời cho biết theo khảo sát ngành kỳ hạn thanh toán trung bình của các doanh nghiệp ô tô trọng điểm đã được cải thiện và tỷ lệ thanh
toán bằng chứng từ điện tử giảm rõ rệt. Bộ Công nghiệp và Công nghệ Thông tin cùng Tổng cục Quản lý Thị trường đã ban hành thông báo về việc
thúc đẩy doanh nghiệp ô tô quy phạm thanh toán cho nhà cung cấp, làm rõ yêu cầu về thời điểm bắt đầu kỳ hạn, nghiệm thu và thanh toán, thiết
lập cơ chế giám sát, kiểm tra định kỳ và sẽ tăng cường giám sát liên ngành để yêu cầu doanh nghiệp có quy mô nợ phải trả lớn, cố ý kéo dài kỳ hạn
hoặc bị khiếu nại nhiều sửa đổi.","ngày mười bốn tháng chín tại bắc kinh, văn phòng thông tin quốc vụ viện tổ chức họp báo chính sách để giới thiệu công tác xử lý khó khăn trong thu hồi.
công nợ của doanh nghiệp vừa và nhỏ. người phụ trách cục quản lý tài chính và vận hành thuộc ủy ban quản lý và giám sát tài sản nhà nước.
của quốc vụ viện trung quốc, bối nhân toàn, cho biết các doanh nghiệp trung ương sẽ tích cực huy động vốn để đảm bảo thanh toán kịp thời cho.
doanh nghiệp vừa và nhỏ. ông bối nhân toàn nhấn mạnh việc ưu tiên thanh toán bằng tiền mặt, duy trì tỷ lệ thanh toán tiền mặt hợp lý, nghiêm.
ngặt quản lý chứng từ và cấm mở chứng từ mới có thời hạn trên sáu tháng. thông báo do văn phòng quốc vụ viện ban hành đề ra mười biện pháp, yêu.
cầu quy định kỳ hạn thanh toán hợp lý, giới hạn kỳ hạn thanh toán cho doanh nghiệp vừa và nhỏ ở mức sáu mươi ngày và kêu gọi doanh nghiệp dẫn đầu.
thực hiện cam kết thanh toán trong sáu mươi ngày. phó bộ trưởng bộ công nghiệp và công nghệ thông tin trung quốc, ke jixin, nêu ra biện pháp hoàn.
thiện quy tắc thanh toán ngành, yêu cầu phân ngành xác định kỳ hạn thanh toán hợp lý và ban hành quy định thanh toán phù hợp với thực tế.
ngành, ông ke jixin cũng đề xuất làm rõ bốn yếu tố then chốt của việc thanh toán và phát động sáng kiến các doanh nghiệp lớn thanh toán kịp.
thời, đồng thời cho biết theo khảo sát ngành kỳ hạn thanh toán trung bình của các doanh nghiệp ô tô trọng điểm đã được cải thiện và tỷ lệ thanh.
toán bằng chứng từ điện tử giảm rõ rệt. bộ công nghiệp và công nghệ thông tin cùng tổng cục quản lý thị trường đã ban hành thông báo về việc.
thúc đẩy doanh nghiệp ô tô quy phạm thanh toán cho nhà cung cấp, làm rõ yêu cầu về thời điểm bắt đầu kỳ hạn, nghiệm thu và thanh toán, thiết.
lập cơ chế giám sát, kiểm tra định kỳ và sẽ tăng cường giám sát liên ngành để yêu cầu doanh nghiệp có quy mô nợ phải trả lớn, cố ý kéo dài kỳ hạn.
hoặc bị khiếu nại nhiều sửa đổi.",,toán bằng chứng từ điện tử giảm rõ rệt. bộ công nghiệp và công nghệ thông tin cùng tổng cục quản lý thị trường đã ban hành thông báo về việc.,toán bằng chứng từ điện tử giảm rõ rệt. bộ công nghiệp và công nghệ thông tin cùng tổng cục quản lý thị trường đã ban hành thông báo về việc.,True,t̪wˈaːɜn bˈa2ŋ tʃˈyɜŋ t̪ˌy2 ɗˈiɛ6n t̪ˈy4 zˈaː4m ɹˈɔ5 ɹˈe6t̪. bˈo6 kˈoŋ ŋˈiɛ6p vˌaː2 kˈoŋ ŋˈe6 tˈoŋ t̪ˈin kˈu2ŋ t̪ˈo4ŋ kˈu6c kwˈaː4n lˈiɜ tˈi6 tʃˈyə2ŋ ɗˌaː5 bˈaːn hˈe-2ɲ tˈoŋ bˈaːɜw vˈe2 vˈiɛ6c.,t̪wˈaːɜn bˈa2ŋ tʃˈyɜŋ t̪ˌy2 ɗˈiɛ6n t̪ˈy4 zˈaː4m ɹˈɔ5 ɹˈe6t̪. bˈo6 kˈoŋ ŋˈiɛ6p vˌaː2 kˈoŋ ŋˈe6 tˈoŋ t̪ˈin kˈu2ŋ t̪ˈo4ŋ kˈu6c kwˈaː4n lˈiɜ tˈi6 tʃˈyə2ŋ ɗˌaː5 bˈaːn hˈe-2ɲ tˈoŋ bˈaːɜw vˈe2 vˈiɛ6c.,para,40F0AEAE73021A4C6447FDD39D345638AFA6AB0FE55D4F596E69E3D5E8B5F163
danhgia_tts.txt,danhgia_tts-005,Văn bản 5,danhgia_tts-005-c012,12,"Ngày 14 tháng 9 tại Bắc Kinh, Văn phòng Thông tin Quốc vụ viện tổ chức họp báo chính sách để giới thiệu công tác xử lý khó khăn trong thu hồi
công nợ của doanh nghiệp vừa và nhỏ. Người phụ trách Cục Quản lý Tài chính và Vận hành thuộc Ủy ban Quản lý và Giám sát Tài sản Nhà nước
của Quốc vụ viện Trung Quốc, Bối Nhân Toàn, cho biết các doanh nghiệp trung ương sẽ tích cực huy động vốn để đảm bảo thanh toán kịp thời cho
doanh nghiệp vừa và nhỏ. Ông Bối Nhân Toàn nhấn mạnh việc ưu tiên thanh toán bằng tiền mặt, duy trì tỷ lệ thanh toán tiền mặt hợp lý, nghiêm
ngặt quản lý chứng từ và cấm mở chứng từ mới có thời hạn trên 6 tháng. Thông báo do Văn phòng Quốc vụ viện ban hành đề ra 10 biện pháp, yêu
cầu quy định kỳ hạn thanh toán hợp lý, giới hạn kỳ hạn thanh toán cho doanh nghiệp vừa và nhỏ ở mức 60 ngày và kêu gọi doanh nghiệp dẫn đầu
thực hiện cam kết thanh toán trong 60 ngày. Phó bộ trưởng Bộ Công nghiệp và Công nghệ Thông tin Trung Quốc, Ke Jixin, nêu ra biện pháp hoàn
thiện quy tắc thanh toán ngành, yêu cầu phân ngành xác định kỳ hạn thanh toán hợp lý và ban hành quy định thanh toán phù hợp với thực tế
ngành. Ông Ke Jixin cũng đề xuất làm rõ ""bốn yếu tố then chốt của việc thanh toán"" và phát động sáng kiến các doanh nghiệp lớn thanh toán kịp
thời, đồng thời cho biết theo khảo sát ngành kỳ hạn thanh toán trung bình của các doanh nghiệp ô tô trọng điểm đã được cải thiện và tỷ lệ thanh
toán bằng chứng từ điện tử giảm rõ rệt. Bộ Công nghiệp và Công nghệ Thông tin cùng Tổng cục Quản lý Thị trường đã ban hành thông báo về việc
thúc đẩy doanh nghiệp ô tô quy phạm thanh toán cho nhà cung cấp, làm rõ yêu cầu về thời điểm bắt đầu kỳ hạn, nghiệm thu và thanh toán, thiết
lập cơ chế giám sát, kiểm tra định kỳ và sẽ tăng cường giám sát liên ngành để yêu cầu doanh nghiệp có quy mô nợ phải trả lớn, cố ý kéo dài kỳ hạn
hoặc bị khiếu nại nhiều sửa đổi.","ngày mười bốn tháng chín tại bắc kinh, văn phòng thông tin quốc vụ viện tổ chức họp báo chính sách để giới thiệu công tác xử lý khó khăn trong thu hồi.
công nợ của doanh nghiệp vừa và nhỏ. người phụ trách cục quản lý tài chính và vận hành thuộc ủy ban quản lý và giám sát tài sản nhà nước.
của quốc vụ viện trung quốc, bối nhân toàn, cho biết các doanh nghiệp trung ương sẽ tích cực huy động vốn để đảm bảo thanh toán kịp thời cho.
doanh nghiệp vừa và nhỏ. ông bối nhân toàn nhấn mạnh việc ưu tiên thanh toán bằng tiền mặt, duy trì tỷ lệ thanh toán tiền mặt hợp lý, nghiêm.
ngặt quản lý chứng từ và cấm mở chứng từ mới có thời hạn trên sáu tháng. thông báo do văn phòng quốc vụ viện ban hành đề ra mười biện pháp, yêu.
cầu quy định kỳ hạn thanh toán hợp lý, giới hạn kỳ hạn thanh toán cho doanh nghiệp vừa và nhỏ ở mức sáu mươi ngày và kêu gọi doanh nghiệp dẫn đầu.
thực hiện cam kết thanh toán trong sáu mươi ngày. phó bộ trưởng bộ công nghiệp và công nghệ thông tin trung quốc, ke jixin, nêu ra biện pháp hoàn.
thiện quy tắc thanh toán ngành, yêu cầu phân ngành xác định kỳ hạn thanh toán hợp lý và ban hành quy định thanh toán phù hợp với thực tế.
ngành, ông ke jixin cũng đề xuất làm rõ bốn yếu tố then chốt của việc thanh toán và phát động sáng kiến các doanh nghiệp lớn thanh toán kịp.
thời, đồng thời cho biết theo khảo sát ngành kỳ hạn thanh toán trung bình của các doanh nghiệp ô tô trọng điểm đã được cải thiện và tỷ lệ thanh.
toán bằng chứng từ điện tử giảm rõ rệt. bộ công nghiệp và công nghệ thông tin cùng tổng cục quản lý thị trường đã ban hành thông báo về việc.
thúc đẩy doanh nghiệp ô tô quy phạm thanh toán cho nhà cung cấp, làm rõ yêu cầu về thời điểm bắt đầu kỳ hạn, nghiệm thu và thanh toán, thiết.
lập cơ chế giám sát, kiểm tra định kỳ và sẽ tăng cường giám sát liên ngành để yêu cầu doanh nghiệp có quy mô nợ phải trả lớn, cố ý kéo dài kỳ hạn.
hoặc bị khiếu nại nhiều sửa đổi.",,"thúc đẩy doanh nghiệp ô tô quy phạm thanh toán cho nhà cung cấp, làm rõ yêu cầu về thời điểm bắt đầu kỳ hạn, nghiệm thu và thanh toán, thiết.","thúc đẩy doanh nghiệp ô tô quy phạm thanh toán cho nhà cung cấp, làm rõ yêu cầu về thời điểm bắt đầu kỳ hạn, nghiệm thu và thanh toán, thiết.",True,"tˈuɜc ɗˈəɪ4 zwˈe-ɲ ŋˈiɛ6p ˈo t̪ˈo kwˈi fˈaː6m tˈe-ɲ t̪wˈaːɜn tʃˌɔ ɲˈaː2 kˈuŋ kˈəɜp, lˈaː2m ɹˈɔ5 ˈiɛw kˈə2w vˈe2 tˈəː2j ɗˈiɛ4m bˈaɜt̪ ɗˈə2w kˈi2 hˈaː6n, ŋˈiɛ6m tˈu vˌaː2 tˈe-ɲ t̪wˈaːɜn, tˈiɛɜt̪.","tˈuɜc ɗˈəɪ4 zwˈe-ɲ ŋˈiɛ6p ˈo t̪ˈo kwˈi fˈaː6m tˈe-ɲ t̪wˈaːɜn tʃˌɔ ɲˈaː2 kˈuŋ kˈəɜp, lˈaː2m ɹˈɔ5 ˈiɛw kˈə2w vˈe2 tˈəː2j ɗˈiɛ4m bˈaɜt̪ ɗˈə2w kˈi2 hˈaː6n, ŋˈiɛ6m tˈu vˌaː2 tˈe-ɲ t̪wˈaːɜn, tˈiɛɜt̪.",para,40F0AEAE73021A4C6447FDD39D345638AFA6AB0FE55D4F596E69E3D5E8B5F163
danhgia_tts.txt,danhgia_tts-005,Văn bản 5,danhgia_tts-005-c013,13,"Ngày 14 tháng 9 tại Bắc Kinh, Văn phòng Thông tin Quốc vụ viện tổ chức họp báo chính sách để giới thiệu công tác xử lý khó khăn trong thu hồi
công nợ của doanh nghiệp vừa và nhỏ. Người phụ trách Cục Quản lý Tài chính và Vận hành thuộc Ủy ban Quản lý và Giám sát Tài sản Nhà nước
của Quốc vụ viện Trung Quốc, Bối Nhân Toàn, cho biết các doanh nghiệp trung ương sẽ tích cực huy động vốn để đảm bảo thanh toán kịp thời cho
doanh nghiệp vừa và nhỏ. Ông Bối Nhân Toàn nhấn mạnh việc ưu tiên thanh toán bằng tiền mặt, duy trì tỷ lệ thanh toán tiền mặt hợp lý, nghiêm
ngặt quản lý chứng từ và cấm mở chứng từ mới có thời hạn trên 6 tháng. Thông báo do Văn phòng Quốc vụ viện ban hành đề ra 10 biện pháp, yêu
cầu quy định kỳ hạn thanh toán hợp lý, giới hạn kỳ hạn thanh toán cho doanh nghiệp vừa và nhỏ ở mức 60 ngày và kêu gọi doanh nghiệp dẫn đầu
thực hiện cam kết thanh toán trong 60 ngày. Phó bộ trưởng Bộ Công nghiệp và Công nghệ Thông tin Trung Quốc, Ke Jixin, nêu ra biện pháp hoàn
thiện quy tắc thanh toán ngành, yêu cầu phân ngành xác định kỳ hạn thanh toán hợp lý và ban hành quy định thanh toán phù hợp với thực tế
ngành. Ông Ke Jixin cũng đề xuất làm rõ ""bốn yếu tố then chốt của việc thanh toán"" và phát động sáng kiến các doanh nghiệp lớn thanh toán kịp
thời, đồng thời cho biết theo khảo sát ngành kỳ hạn thanh toán trung bình của các doanh nghiệp ô tô trọng điểm đã được cải thiện và tỷ lệ thanh
toán bằng chứng từ điện tử giảm rõ rệt. Bộ Công nghiệp và Công nghệ Thông tin cùng Tổng cục Quản lý Thị trường đã ban hành thông báo về việc
thúc đẩy doanh nghiệp ô tô quy phạm thanh toán cho nhà cung cấp, làm rõ yêu cầu về thời điểm bắt đầu kỳ hạn, nghiệm thu và thanh toán, thiết
lập cơ chế giám sát, kiểm tra định kỳ và sẽ tăng cường giám sát liên ngành để yêu cầu doanh nghiệp có quy mô nợ phải trả lớn, cố ý kéo dài kỳ hạn
hoặc bị khiếu nại nhiều sửa đổi.","ngày mười bốn tháng chín tại bắc kinh, văn phòng thông tin quốc vụ viện tổ chức họp báo chính sách để giới thiệu công tác xử lý khó khăn trong thu hồi.
công nợ của doanh nghiệp vừa và nhỏ. người phụ trách cục quản lý tài chính và vận hành thuộc ủy ban quản lý và giám sát tài sản nhà nước.
của quốc vụ viện trung quốc, bối nhân toàn, cho biết các doanh nghiệp trung ương sẽ tích cực huy động vốn để đảm bảo thanh toán kịp thời cho.
doanh nghiệp vừa và nhỏ. ông bối nhân toàn nhấn mạnh việc ưu tiên thanh toán bằng tiền mặt, duy trì tỷ lệ thanh toán tiền mặt hợp lý, nghiêm.
ngặt quản lý chứng từ và cấm mở chứng từ mới có thời hạn trên sáu tháng. thông báo do văn phòng quốc vụ viện ban hành đề ra mười biện pháp, yêu.
cầu quy định kỳ hạn thanh toán hợp lý, giới hạn kỳ hạn thanh toán cho doanh nghiệp vừa và nhỏ ở mức sáu mươi ngày và kêu gọi doanh nghiệp dẫn đầu.
thực hiện cam kết thanh toán trong sáu mươi ngày. phó bộ trưởng bộ công nghiệp và công nghệ thông tin trung quốc, ke jixin, nêu ra biện pháp hoàn.
thiện quy tắc thanh toán ngành, yêu cầu phân ngành xác định kỳ hạn thanh toán hợp lý và ban hành quy định thanh toán phù hợp với thực tế.
ngành, ông ke jixin cũng đề xuất làm rõ bốn yếu tố then chốt của việc thanh toán và phát động sáng kiến các doanh nghiệp lớn thanh toán kịp.
thời, đồng thời cho biết theo khảo sát ngành kỳ hạn thanh toán trung bình của các doanh nghiệp ô tô trọng điểm đã được cải thiện và tỷ lệ thanh.
toán bằng chứng từ điện tử giảm rõ rệt. bộ công nghiệp và công nghệ thông tin cùng tổng cục quản lý thị trường đã ban hành thông báo về việc.
thúc đẩy doanh nghiệp ô tô quy phạm thanh toán cho nhà cung cấp, làm rõ yêu cầu về thời điểm bắt đầu kỳ hạn, nghiệm thu và thanh toán, thiết.
lập cơ chế giám sát, kiểm tra định kỳ và sẽ tăng cường giám sát liên ngành để yêu cầu doanh nghiệp có quy mô nợ phải trả lớn, cố ý kéo dài kỳ hạn.
hoặc bị khiếu nại nhiều sửa đổi.",,"lập cơ chế giám sát, kiểm tra định kỳ và sẽ tăng cường giám sát liên ngành để yêu cầu doanh nghiệp có quy mô nợ phải trả lớn, cố ý kéo dài kỳ hạn.","lập cơ chế giám sát, kiểm tra định kỳ và sẽ tăng cường giám sát liên ngành để yêu cầu doanh nghiệp có quy mô nợ phải trả lớn, cố ý kéo dài kỳ hạn.",True,"lˈə6p kˈəː tʃˈeɜ zˈaːɜm sˈaːɜt̪, kˈiɛ4m tʃˈaː ɗˈi6ɲ kˈi2 vˌaː2 sˌɛ5 t̪ˈaŋ kˈyə2ŋ zˈaːɜm sˈaːɜt̪ lˈiɛn ŋˈe-2ɲ ɗˌe4 ˈiɛw kˈə2w zwˈe-ɲ ŋˈiɛ6p kˈɔɜ kwˈi mˈo nˈəː6 fˌaː4j tʃˈaː4 lˈəːɜn, kˈoɜ ˈiɜ kˈɛɜw zˈaː2j kˈi2 hˈaː6n.","lˈə6p kˈəː tʃˈeɜ zˈaːɜm sˈaːɜt̪, kˈiɛ4m tʃˈaː ɗˈi6ɲ kˈi2 vˌaː2 sˌɛ5 t̪ˈaŋ kˈyə2ŋ zˈaːɜm sˈaːɜt̪ lˈiɛn ŋˈe-2ɲ ɗˌe4 ˈiɛw kˈə2w zwˈe-ɲ ŋˈiɛ6p kˈɔɜ kwˈi mˈo nˈəː6 fˌaː4j tʃˈaː4 lˈəːɜn, kˈoɜ ˈiɜ kˈɛɜw zˈaː2j kˈi2 hˈaː6n.",para,40F0AEAE73021A4C6447FDD39D345638AFA6AB0FE55D4F596E69E3D5E8B5F163
danhgia_tts.txt,danhgia_tts-005,Văn bản 5,danhgia_tts-005-c014,14,"Ngày 14 tháng 9 tại Bắc Kinh, Văn phòng Thông tin Quốc vụ viện tổ chức họp báo chính sách để giới thiệu công tác xử lý khó khăn trong thu hồi
công nợ của doanh nghiệp vừa và nhỏ. Người phụ trách Cục Quản lý Tài chính và Vận hành thuộc Ủy ban Quản lý và Giám sát Tài sản Nhà nước
của Quốc vụ viện Trung Quốc, Bối Nhân Toàn, cho biết các doanh nghiệp trung ương sẽ tích cực huy động vốn để đảm bảo thanh toán kịp thời cho
doanh nghiệp vừa và nhỏ. Ông Bối Nhân Toàn nhấn mạnh việc ưu tiên thanh toán bằng tiền mặt, duy trì tỷ lệ thanh toán tiền mặt hợp lý, nghiêm
ngặt quản lý chứng từ và cấm mở chứng từ mới có thời hạn trên 6 tháng. Thông báo do Văn phòng Quốc vụ viện ban hành đề ra 10 biện pháp, yêu
cầu quy định kỳ hạn thanh toán hợp lý, giới hạn kỳ hạn thanh toán cho doanh nghiệp vừa và nhỏ ở mức 60 ngày và kêu gọi doanh nghiệp dẫn đầu
thực hiện cam kết thanh toán trong 60 ngày. Phó bộ trưởng Bộ Công nghiệp và Công nghệ Thông tin Trung Quốc, Ke Jixin, nêu ra biện pháp hoàn
thiện quy tắc thanh toán ngành, yêu cầu phân ngành xác định kỳ hạn thanh toán hợp lý và ban hành quy định thanh toán phù hợp với thực tế
ngành. Ông Ke Jixin cũng đề xuất làm rõ ""bốn yếu tố then chốt của việc thanh toán"" và phát động sáng kiến các doanh nghiệp lớn thanh toán kịp
thời, đồng thời cho biết theo khảo sát ngành kỳ hạn thanh toán trung bình của các doanh nghiệp ô tô trọng điểm đã được cải thiện và tỷ lệ thanh
toán bằng chứng từ điện tử giảm rõ rệt. Bộ Công nghiệp và Công nghệ Thông tin cùng Tổng cục Quản lý Thị trường đã ban hành thông báo về việc
thúc đẩy doanh nghiệp ô tô quy phạm thanh toán cho nhà cung cấp, làm rõ yêu cầu về thời điểm bắt đầu kỳ hạn, nghiệm thu và thanh toán, thiết
lập cơ chế giám sát, kiểm tra định kỳ và sẽ tăng cường giám sát liên ngành để yêu cầu doanh nghiệp có quy mô nợ phải trả lớn, cố ý kéo dài kỳ hạn
hoặc bị khiếu nại nhiều sửa đổi.","ngày mười bốn tháng chín tại bắc kinh, văn phòng thông tin quốc vụ viện tổ chức họp báo chính sách để giới thiệu công tác xử lý khó khăn trong thu hồi.
công nợ của doanh nghiệp vừa và nhỏ. người phụ trách cục quản lý tài chính và vận hành thuộc ủy ban quản lý và giám sát tài sản nhà nước.
của quốc vụ viện trung quốc, bối nhân toàn, cho biết các doanh nghiệp trung ương sẽ tích cực huy động vốn để đảm bảo thanh toán kịp thời cho.
doanh nghiệp vừa và nhỏ. ông bối nhân toàn nhấn mạnh việc ưu tiên thanh toán bằng tiền mặt, duy trì tỷ lệ thanh toán tiền mặt hợp lý, nghiêm.
ngặt quản lý chứng từ và cấm mở chứng từ mới có thời hạn trên sáu tháng. thông báo do văn phòng quốc vụ viện ban hành đề ra mười biện pháp, yêu.
cầu quy định kỳ hạn thanh toán hợp lý, giới hạn kỳ hạn thanh toán cho doanh nghiệp vừa và nhỏ ở mức sáu mươi ngày và kêu gọi doanh nghiệp dẫn đầu.
thực hiện cam kết thanh toán trong sáu mươi ngày. phó bộ trưởng bộ công nghiệp và công nghệ thông tin trung quốc, ke jixin, nêu ra biện pháp hoàn.
thiện quy tắc thanh toán ngành, yêu cầu phân ngành xác định kỳ hạn thanh toán hợp lý và ban hành quy định thanh toán phù hợp với thực tế.
ngành, ông ke jixin cũng đề xuất làm rõ bốn yếu tố then chốt của việc thanh toán và phát động sáng kiến các doanh nghiệp lớn thanh toán kịp.
thời, đồng thời cho biết theo khảo sát ngành kỳ hạn thanh toán trung bình của các doanh nghiệp ô tô trọng điểm đã được cải thiện và tỷ lệ thanh.
toán bằng chứng từ điện tử giảm rõ rệt. bộ công nghiệp và công nghệ thông tin cùng tổng cục quản lý thị trường đã ban hành thông báo về việc.
thúc đẩy doanh nghiệp ô tô quy phạm thanh toán cho nhà cung cấp, làm rõ yêu cầu về thời điểm bắt đầu kỳ hạn, nghiệm thu và thanh toán, thiết.
lập cơ chế giám sát, kiểm tra định kỳ và sẽ tăng cường giám sát liên ngành để yêu cầu doanh nghiệp có quy mô nợ phải trả lớn, cố ý kéo dài kỳ hạn.
hoặc bị khiếu nại nhiều sửa đổi.",,hoặc bị khiếu nại nhiều sửa đổi.,hoặc bị khiếu nại nhiều sửa đổi.,True,hwˌa6c bˌi6 xˈiɛɜw nˈaː6j ɲˈiɛ2w sˈyə4 ɗˈo4j.,hwˌa6c bˌi6 xˈiɛɜw nˈaː6j ɲˈiɛ2w sˈyə4 ɗˈo4j.,,40F0AEAE73021A4C6447FDD39D345638AFA6AB0FE55D4F596E69E3D5E8B5F163
danhgia_tts.txt,danhgia_tts-006,Văn bản 6,danhgia_tts-006-c001,1,"Thị trưởng Zohran Mamdani và Tổng chưởng lý bang Tish James của Hoa Kỳ cùng 21 tổng chưởng lý bang khác đang kiện chính quyền Tổng thống
Donald J. Trump của Hoa Kỳ về việc siết chặt quy định ""public charge"". Bài báo cho rằng quy định này yêu cầu người nhập cư mới không được trở
nên ""phụ thuộc chủ yếu"" vào chính phủ, và trích dẫn lịch sử Ellis Island những năm 1880 để phản bác việc chính quyền Trump thay đổi truyền
thống đó. Tác giả cáo buộc các nhà lãnh đạo Dân chủ đã định nghĩa lại ""dependency"" dưới thời Tổng thống Joe Biden của Hoa Kỳ, cho phép người
nhận 100% hỗ trợ từ chính phủ không bị coi là public charge. Bài viết kết luận rằng việc cho phép nhập cư để tiếp cận các chương trình phúc lợi là
sai trái và phản ánh tư tưởng cực đoan.","thị trưởng zohran mamdani và tổng chưởng lý bang tish james của hoa kỳ cùng hai mươi mốt tổng chưởng lý bang khác đang kiện chính quyền tổng thống.
donald giây trump của hoa kỳ về việc siết chặt quy định public charge. bài báo cho rằng quy định này yêu cầu người nhập cư mới không được trở.
nên phụ thuộc chủ yếu vào chính phủ, và trích dẫn lịch sử ellis island những năm một nghìn tám trăm tám mươi để phản bác việc chính quyền trump thay đổi truyền.
thống đó, tác giả cáo buộc các nhà lãnh đạo dân chủ đã định nghĩa lại dependency dưới thời tổng thống joe biden của hoa kỳ, cho phép người.
nhận một trăm phần trăm hỗ trợ từ chính phủ không bị coi là public charge. bài viết kết luận rằng việc cho phép nhập cư để tiếp cận các chương trình phúc lợi là.
sai trái và phản ánh tư tưởng cực đoan.",,thị trưởng zohran mamdani và tổng chưởng lý bang tish james của hoa kỳ cùng hai mươi mốt tổng chưởng lý bang khác đang kiện chính quyền tổng thống.,thị trưởng zohran mamdani và tổng chưởng lý bang tish james của hoa kỳ cùng hai mươi mốt tổng chưởng lý bang khác đang kiện chính quyền tổng thống.,True,tˈi6 tʃˈyə4ŋ zˈoʊ ɹˈaːn mæmdˈɑːni vˌaː2 t̪ˈo4ŋ tʃˈyə4ŋ lˈiɜ bˈæŋ tˈɪʃ dʒˈeɪmz kˌuə4 hwˈaː kˈi2 kˈu2ŋ hˈaːj mˈyəj mˈoɜt̪ t̪ˈo4ŋ tʃˈyə4ŋ lˈiɜ bˈaːŋ xˈaːɜc ɗˌaːŋ kˈiɛ6n tʃˈiɜɲ kwˈiɛ2n t̪ˈo4ŋ tˈoɜŋ.,tˈi6 tʃˈyə4ŋ zˈoʊ ɹˈaːn mæmdˈɑːni vˌaː2 t̪ˈo4ŋ tʃˈyə4ŋ lˈiɜ bˈæŋ tˈɪʃ dʒˈeɪmz kˌuə4 hwˈaː kˈi2 kˈu2ŋ hˈaːj mˈyəj mˈoɜt̪ t̪ˈo4ŋ tʃˈyə4ŋ lˈiɜ bˈaːŋ xˈaːɜc ɗˌaːŋ kˈiɛ6n tʃˈiɜɲ kwˈiɛ2n t̪ˈo4ŋ tˈoɜŋ.,para,40F0AEAE73021A4C6447FDD39D345638AFA6AB0FE55D4F596E69E3D5E8B5F163
danhgia_tts.txt,danhgia_tts-006,Văn bản 6,danhgia_tts-006-c002,2,"Thị trưởng Zohran Mamdani và Tổng chưởng lý bang Tish James của Hoa Kỳ cùng 21 tổng chưởng lý bang khác đang kiện chính quyền Tổng thống
Donald J. Trump của Hoa Kỳ về việc siết chặt quy định ""public charge"". Bài báo cho rằng quy định này yêu cầu người nhập cư mới không được trở
nên ""phụ thuộc chủ yếu"" vào chính phủ, và trích dẫn lịch sử Ellis Island những năm 1880 để phản bác việc chính quyền Trump thay đổi truyền
thống đó. Tác giả cáo buộc các nhà lãnh đạo Dân chủ đã định nghĩa lại ""dependency"" dưới thời Tổng thống Joe Biden của Hoa Kỳ, cho phép người
nhận 100% hỗ trợ từ chính phủ không bị coi là public charge. Bài viết kết luận rằng việc cho phép nhập cư để tiếp cận các chương trình phúc lợi là
sai trái và phản ánh tư tưởng cực đoan.","thị trưởng zohran mamdani và tổng chưởng lý bang tish james của hoa kỳ cùng hai mươi mốt tổng chưởng lý bang khác đang kiện chính quyền tổng thống.
donald giây trump của hoa kỳ về việc siết chặt quy định public charge. bài báo cho rằng quy định này yêu cầu người nhập cư mới không được trở.
nên phụ thuộc chủ yếu vào chính phủ, và trích dẫn lịch sử ellis island những năm một nghìn tám trăm tám mươi để phản bác việc chính quyền trump thay đổi truyền.
thống đó, tác giả cáo buộc các nhà lãnh đạo dân chủ đã định nghĩa lại dependency dưới thời tổng thống joe biden của hoa kỳ, cho phép người.
nhận một trăm phần trăm hỗ trợ từ chính phủ không bị coi là public charge. bài viết kết luận rằng việc cho phép nhập cư để tiếp cận các chương trình phúc lợi là.
sai trái và phản ánh tư tưởng cực đoan.",,donald giây trump của hoa kỳ về việc siết chặt quy định public charge. bài báo cho rằng quy định này yêu cầu người nhập cư mới không được trở.,donald giây trump của hoa kỳ về việc siết chặt quy định public charge. bài báo cho rằng quy định này yêu cầu người nhập cư mới không được trở.,True,dˈɑːnəld zˈəɪ tɹˈʌmp kˌuə4 hwˈaː kˈi2 vˈe2 vˈiɛ6c sˈiɛɜt̪ tʃˈa6t̪ kwˈi ɗˈi6ɲ pˈʌblɪk tʃˈɑːɹdʒ. bˈaː2j bˈaːɜw tʃˌɔ ɹˈa2ŋ kwˈi ɗˈi6ɲ nˈa2j ˈiɛw kˈə2w ŋˈyə2j ɲˈə6p kˈy mˈəːɜj xˌoŋ ɗˌyə6c tʃˈəː4.,dˈɑːnəld zˈəɪ tɹˈʌmp kˌuə4 hwˈaː kˈi2 vˈe2 vˈiɛ6c sˈiɛɜt̪ tʃˈa6t̪ kwˈi ɗˈi6ɲ pˈʌblɪk tʃˈɑːɹdʒ. bˈaː2j bˈaːɜw tʃˌɔ ɹˈa2ŋ kwˈi ɗˈi6ɲ nˈa2j ˈiɛw kˈə2w ŋˈyə2j ɲˈə6p kˈy mˈəːɜj xˌoŋ ɗˌyə6c tʃˈəː4.,para,40F0AEAE73021A4C6447FDD39D345638AFA6AB0FE55D4F596E69E3D5E8B5F163
danhgia_tts.txt,danhgia_tts-006,Văn bản 6,danhgia_tts-006-c003,3,"Thị trưởng Zohran Mamdani và Tổng chưởng lý bang Tish James của Hoa Kỳ cùng 21 tổng chưởng lý bang khác đang kiện chính quyền Tổng thống
Donald J. Trump của Hoa Kỳ về việc siết chặt quy định ""public charge"". Bài báo cho rằng quy định này yêu cầu người nhập cư mới không được trở
nên ""phụ thuộc chủ yếu"" vào chính phủ, và trích dẫn lịch sử Ellis Island những năm 1880 để phản bác việc chính quyền Trump thay đổi truyền
thống đó. Tác giả cáo buộc các nhà lãnh đạo Dân chủ đã định nghĩa lại ""dependency"" dưới thời Tổng thống Joe Biden của Hoa Kỳ, cho phép người
nhận 100% hỗ trợ từ chính phủ không bị coi là public charge. Bài viết kết luận rằng việc cho phép nhập cư để tiếp cận các chương trình phúc lợi là
sai trái và phản ánh tư tưởng cực đoan.","thị trưởng zohran mamdani và tổng chưởng lý bang tish james của hoa kỳ cùng hai mươi mốt tổng chưởng lý bang khác đang kiện chính quyền tổng thống.
donald giây trump của hoa kỳ về việc siết chặt quy định public charge. bài báo cho rằng quy định này yêu cầu người nhập cư mới không được trở.
nên phụ thuộc chủ yếu vào chính phủ, và trích dẫn lịch sử ellis island những năm một nghìn tám trăm tám mươi để phản bác việc chính quyền trump thay đổi truyền.
thống đó, tác giả cáo buộc các nhà lãnh đạo dân chủ đã định nghĩa lại dependency dưới thời tổng thống joe biden của hoa kỳ, cho phép người.
nhận một trăm phần trăm hỗ trợ từ chính phủ không bị coi là public charge. bài viết kết luận rằng việc cho phép nhập cư để tiếp cận các chương trình phúc lợi là.
sai trái và phản ánh tư tưởng cực đoan.",,"nên phụ thuộc chủ yếu vào chính phủ, và trích dẫn lịch sử ellis island những năm một nghìn tám trăm tám mươi để phản bác việc chính quyền trump thay đổi truyền.","nên phụ thuộc chủ yếu vào chính phủ, và trích dẫn lịch sử ellis island những năm một nghìn tám trăm tám mươi để phản bác việc chính quyền trump thay đổi truyền.",True,"nˌen fˈu6 tˈuə6c tʃˈu4 ˈiɛɜw vˈaː2w tʃˈiɜɲ fˈu4, vˌaː2 tʃˈiɜc zˈə5n lˈi6c sˈy4 ˈɛlɪs ˈaɪlənd ɲˌy5ŋ nˈam mˈo6t̪ ŋˈi2n t̪ˈaːɜm tʃˈam t̪ˈaːɜm mˈyəj ɗˌe4 fˈaː4n bˈaːɜc vˈiɛ6c tʃˈiɜɲ kwˈiɛ2n tɹˈʌmp tˈaj ɗˈo4j tʃwˈiɛ2n.","nˌen fˈu6 tˈuə6c tʃˈu4 ˈiɛɜw vˈaː2w tʃˈiɜɲ fˈu4, vˌaː2 tʃˈiɜc zˈə5n lˈi6c sˈy4 ˈɛlɪs ˈaɪlənd ɲˌy5ŋ nˈam mˈo6t̪ ŋˈi2n t̪ˈaːɜm tʃˈam t̪ˈaːɜm mˈyəj ɗˌe4 fˈaː4n bˈaːɜc vˈiɛ6c tʃˈiɜɲ kwˈiɛ2n tɹˈʌmp tˈaj ɗˈo4j tʃwˈiɛ2n.",para,40F0AEAE73021A4C6447FDD39D345638AFA6AB0FE55D4F596E69E3D5E8B5F163
danhgia_tts.txt,danhgia_tts-006,Văn bản 6,danhgia_tts-006-c004,4,"Thị trưởng Zohran Mamdani và Tổng chưởng lý bang Tish James của Hoa Kỳ cùng 21 tổng chưởng lý bang khác đang kiện chính quyền Tổng thống
Donald J. Trump của Hoa Kỳ về việc siết chặt quy định ""public charge"". Bài báo cho rằng quy định này yêu cầu người nhập cư mới không được trở
nên ""phụ thuộc chủ yếu"" vào chính phủ, và trích dẫn lịch sử Ellis Island những năm 1880 để phản bác việc chính quyền Trump thay đổi truyền
thống đó. Tác giả cáo buộc các nhà lãnh đạo Dân chủ đã định nghĩa lại ""dependency"" dưới thời Tổng thống Joe Biden của Hoa Kỳ, cho phép người
nhận 100% hỗ trợ từ chính phủ không bị coi là public charge. Bài viết kết luận rằng việc cho phép nhập cư để tiếp cận các chương trình phúc lợi là
sai trái và phản ánh tư tưởng cực đoan.","thị trưởng zohran mamdani và tổng chưởng lý bang tish james của hoa kỳ cùng hai mươi mốt tổng chưởng lý bang khác đang kiện chính quyền tổng thống.
donald giây trump của hoa kỳ về việc siết chặt quy định public charge. bài báo cho rằng quy định này yêu cầu người nhập cư mới không được trở.
nên phụ thuộc chủ yếu vào chính phủ, và trích dẫn lịch sử ellis island những năm một nghìn tám trăm tám mươi để phản bác việc chính quyền trump thay đổi truyền.
thống đó, tác giả cáo buộc các nhà lãnh đạo dân chủ đã định nghĩa lại dependency dưới thời tổng thống joe biden của hoa kỳ, cho phép người.
nhận một trăm phần trăm hỗ trợ từ chính phủ không bị coi là public charge. bài viết kết luận rằng việc cho phép nhập cư để tiếp cận các chương trình phúc lợi là.
sai trái và phản ánh tư tưởng cực đoan.",,"thống đó, tác giả cáo buộc các nhà lãnh đạo dân chủ đã định nghĩa lại dependency dưới thời tổng thống joe biden của hoa kỳ, cho phép người.","thống đó, tác giả cáo buộc các nhà lãnh đạo dân chủ đã định nghĩa lại dependency dưới thời tổng thống joe biden của hoa kỳ, cho phép người.",True,"tˈoɜŋ ɗˈɔɜ, t̪ˈaːɜc zˈaː4 kˈaːɜw bˈuə6c kˌaːɜc ɲˈaː2 lˈe-5ɲ ɗˈaː6w zˈən tʃˈu4 ɗˌaː5 ɗˈi6ɲ ŋˈiə5 lˈaː6j dᵻpˈɛndənsi zˈyəɜj tˈəː2j t̪ˈo4ŋ tˈoɜŋ dʒˈoʊ bˈaɪdən kˌuə4 hwˈaː kˈi2, tʃˌɔ fˈɛɜp ŋˈyə2j.","tˈoɜŋ ɗˈɔɜ, t̪ˈaːɜc zˈaː4 kˈaːɜw bˈuə6c kˌaːɜc ɲˈaː2 lˈe-5ɲ ɗˈaː6w zˈən tʃˈu4 ɗˌaː5 ɗˈi6ɲ ŋˈiə5 lˈaː6j dᵻpˈɛndənsi zˈyəɜj tˈəː2j t̪ˈo4ŋ tˈoɜŋ dʒˈoʊ bˈaɪdən kˌuə4 hwˈaː kˈi2, tʃˌɔ fˈɛɜp ŋˈyə2j.",para,40F0AEAE73021A4C6447FDD39D345638AFA6AB0FE55D4F596E69E3D5E8B5F163
danhgia_tts.txt,danhgia_tts-006,Văn bản 6,danhgia_tts-006-c005,5,"Thị trưởng Zohran Mamdani và Tổng chưởng lý bang Tish James của Hoa Kỳ cùng 21 tổng chưởng lý bang khác đang kiện chính quyền Tổng thống
Donald J. Trump của Hoa Kỳ về việc siết chặt quy định ""public charge"". Bài báo cho rằng quy định này yêu cầu người nhập cư mới không được trở
nên ""phụ thuộc chủ yếu"" vào chính phủ, và trích dẫn lịch sử Ellis Island những năm 1880 để phản bác việc chính quyền Trump thay đổi truyền
thống đó. Tác giả cáo buộc các nhà lãnh đạo Dân chủ đã định nghĩa lại ""dependency"" dưới thời Tổng thống Joe Biden của Hoa Kỳ, cho phép người
nhận 100% hỗ trợ từ chính phủ không bị coi là public charge. Bài viết kết luận rằng việc cho phép nhập cư để tiếp cận các chương trình phúc lợi là
sai trái và phản ánh tư tưởng cực đoan.","thị trưởng zohran mamdani và tổng chưởng lý bang tish james của hoa kỳ cùng hai mươi mốt tổng chưởng lý bang khác đang kiện chính quyền tổng thống.
donald giây trump của hoa kỳ về việc siết chặt quy định public charge. bài báo cho rằng quy định này yêu cầu người nhập cư mới không được trở.
nên phụ thuộc chủ yếu vào chính phủ, và trích dẫn lịch sử ellis island những năm một nghìn tám trăm tám mươi để phản bác việc chính quyền trump thay đổi truyền.
thống đó, tác giả cáo buộc các nhà lãnh đạo dân chủ đã định nghĩa lại dependency dưới thời tổng thống joe biden của hoa kỳ, cho phép người.
nhận một trăm phần trăm hỗ trợ từ chính phủ không bị coi là public charge. bài viết kết luận rằng việc cho phép nhập cư để tiếp cận các chương trình phúc lợi là.
sai trái và phản ánh tư tưởng cực đoan.",,nhận một trăm phần trăm hỗ trợ từ chính phủ không bị coi là public charge. bài viết kết luận rằng việc cho phép nhập cư để tiếp cận các chương trình phúc lợi là.,nhận một trăm phần trăm hỗ trợ từ chính phủ không bị coi là public charge. bài viết kết luận rằng việc cho phép nhập cư để tiếp cận các chương trình phúc lợi là.,True,ɲˈə6n mˈo6t̪ tʃˈam fˈə2n tʃˈam hˈo5 tʃˈəː6 t̪ˌy2 tʃˈiɜɲ fˈu4 xˌoŋ bˌi6 kˈɔj lˌaː2 pˈʌblɪk tʃˈɑːɹdʒ. bˈaː2j vˈiɛɜt̪ kˈeɜt̪ lwˈə6n ɹˈa2ŋ vˈiɛ6c tʃˌɔ fˈɛɜp ɲˈə6p kˈy ɗˌe4 t̪ˈiɛɜp kˈə6n kˌaːɜc tʃˈyəŋ tʃˈi2ɲ fˈuɜc lˈəː6j lˌaː2.,ɲˈə6n mˈo6t̪ tʃˈam fˈə2n tʃˈam hˈo5 tʃˈəː6 t̪ˌy2 tʃˈiɜɲ fˈu4 xˌoŋ bˌi6 kˈɔj lˌaː2 pˈʌblɪk tʃˈɑːɹdʒ. bˈaː2j vˈiɛɜt̪ kˈeɜt̪ lwˈə6n ɹˈa2ŋ vˈiɛ6c tʃˌɔ fˈɛɜp ɲˈə6p kˈy ɗˌe4 t̪ˈiɛɜp kˈə6n kˌaːɜc tʃˈyəŋ tʃˈi2ɲ fˈuɜc lˈəː6j lˌaː2.,para,40F0AEAE73021A4C6447FDD39D345638AFA6AB0FE55D4F596E69E3D5E8B5F163
danhgia_tts.txt,danhgia_tts-006,Văn bản 6,danhgia_tts-006-c006,6,"Thị trưởng Zohran Mamdani và Tổng chưởng lý bang Tish James của Hoa Kỳ cùng 21 tổng chưởng lý bang khác đang kiện chính quyền Tổng thống
Donald J. Trump của Hoa Kỳ về việc siết chặt quy định ""public charge"". Bài báo cho rằng quy định này yêu cầu người nhập cư mới không được trở
nên ""phụ thuộc chủ yếu"" vào chính phủ, và trích dẫn lịch sử Ellis Island những năm 1880 để phản bác việc chính quyền Trump thay đổi truyền
thống đó. Tác giả cáo buộc các nhà lãnh đạo Dân chủ đã định nghĩa lại ""dependency"" dưới thời Tổng thống Joe Biden của Hoa Kỳ, cho phép người
nhận 100% hỗ trợ từ chính phủ không bị coi là public charge. Bài viết kết luận rằng việc cho phép nhập cư để tiếp cận các chương trình phúc lợi là
sai trái và phản ánh tư tưởng cực đoan.","thị trưởng zohran mamdani và tổng chưởng lý bang tish james của hoa kỳ cùng hai mươi mốt tổng chưởng lý bang khác đang kiện chính quyền tổng thống.
donald giây trump của hoa kỳ về việc siết chặt quy định public charge. bài báo cho rằng quy định này yêu cầu người nhập cư mới không được trở.
nên phụ thuộc chủ yếu vào chính phủ, và trích dẫn lịch sử ellis island những năm một nghìn tám trăm tám mươi để phản bác việc chính quyền trump thay đổi truyền.
thống đó, tác giả cáo buộc các nhà lãnh đạo dân chủ đã định nghĩa lại dependency dưới thời tổng thống joe biden của hoa kỳ, cho phép người.
nhận một trăm phần trăm hỗ trợ từ chính phủ không bị coi là public charge. bài viết kết luận rằng việc cho phép nhập cư để tiếp cận các chương trình phúc lợi là.
sai trái và phản ánh tư tưởng cực đoan.",,sai trái và phản ánh tư tưởng cực đoan.,sai trái và phản ánh tư tưởng cực đoan.,True,sˈaːj tʃˈaːɜj vˌaː2 fˈaː4n ˈe-ɜɲ t̪ˈy t̪ˈyə4ŋ kˈy6c ɗwˈaːn.,sˈaːj tʃˈaːɜj vˌaː2 fˈaː4n ˈe-ɜɲ t̪ˈy t̪ˈyə4ŋ kˈy6c ɗwˈaːn.,,40F0AEAE73021A4C6447FDD39D345638AFA6AB0FE55D4F596E69E3D5E8B5F163
danhgia_tts.txt,danhgia_tts-007,Văn bản 7,danhgia_tts-007-c001,1,"Các nhà nghiên cứu tại Anthropic của Mỹ cảnh báo rằng các mô hình AI ngày càng mạnh có thể thoát khỏi kiểm soát của con người và thậm chí
dẫn tới tuyệt chủng, cảnh báo này đã thu hút sự chú ý ở Trung Quốc. Bộ trưởng An ninh Nhà nước Trung Quốc Trần Nhất Tân viết trên tạp chí
China Cyberspace rằng các mô hình tiên tiến của Mỹ như Mythos của Anthropic và GPT-5.5-Cyber của OpenAI có thể đe dọa cơ sở hạ tầng thông
tin quan trọng của Trung Quốc và kêu gọi tăng cường an ninh AI. Ông Trần Nhất Tân cũng cảnh báo về rủi ro an ninh tư tưởng, rò rỉ dữ liệu, tấn
công mạng, deepfake và việc AI có thể được lợi dụng để tiến hành chiến tranh nhận thức và thu thập thông tin nhạy cảm. Cơ quan Quản lý Không
gian mạng Trung Quốc đã đưa vào khung an toàn AI tháng 9/2024 kịch bản mất kiểm soát và mở rộng khung này tháng 9/2025, đồng thời áp dụng
nguyên tắc ""ứng dụng đáng tin cậy, ngăn mất kiểm soát"". Trung Quốc ban hành hướng dẫn tháng 5 yêu cầu nhà phát triển cải thiện khả năng phát
hiện, can thiệp và phục hồi hành vi sai của tác nhân AI, cho phép đánh giá an toàn độc lập và kiểm toán mô hình mở. Tổng bí thư, Chủ tịch Trung
Quốc Tập Cận Bình tại Hội nghị AI Thế giới ở Thượng Hải tháng 7 nhấn mạnh AI phải luôn nằm dưới kiểm soát của con người. Các quan chức và
chuyên gia Trung Quốc kêu gọi thận trọng với AI quân sự, thúc đẩy mô hình trọng lượng mở để kiểm tra an ninh nhưng cũng cảnh báo rủi ro khi
các mô hình này có thể bị sửa đổi và phân phối ít giám sát.","các nhà nghiên cứu tại anthropic của mỹ cảnh báo rằng các mô hình <en>a i</en> ngày càng mạnh có thể thoát khỏi kiểm soát của con người và thậm chí.
dẫn tới tuyệt chủng, cảnh báo này đã thu hút sự chú ý ở trung quốc. bộ trưởng an ninh nhà nước trung quốc trần nhất tân viết trên tạp chí.
china cyberspace rằng các mô hình tiên tiến của mỹ như mythos của anthropic và gờ phê tê gạch nối năm chấm năm gạch nối cyber của open <en>a i</en> có thể đe dọa cơ sở hạ tầng thông.
tin quan trọng của trung quốc và kêu gọi tăng cường an ninh <en>a i</en>. ông trần nhất tân cũng cảnh báo về rủi ro an ninh tư tưởng, rò rỉ dữ liệu, tấn.
công mạng, deepfake và việc <en>a i</en> có thể được lợi dụng để tiến hành chiến tranh nhận thức và thu thập thông tin nhạy cảm. cơ quan quản lý không.
gian mạng trung quốc đã đưa vào khung an toàn <en>a i</en> tháng chín năm hai nghìn không trăm hai mươi bốn kịch bản mất kiểm soát và mở rộng khung này tháng chín năm hai nghìn không trăm hai mươi lăm, đồng thời áp dụng.
nguyên tắc ứng dụng đáng tin cậy, ngăn mất kiểm soát. trung quốc ban hành hướng dẫn tháng năm yêu cầu nhà phát triển cải thiện khả năng phát.
hiện, can thiệp và phục hồi hành vi sai của tác nhân <en>a i</en>, cho phép đánh giá an toàn độc lập và kiểm toán mô hình mở. tổng bí thư, chủ tịch trung.
quốc tập cận bình tại hội nghị <en>a i</en> thế giới ở thượng hải tháng bảy nhấn mạnh <en>a i</en> phải luôn nằm dưới kiểm soát của con người. các quan chức và.
chuyên gia trung quốc kêu gọi thận trọng với <en>a i</en> quân sự, thúc đẩy mô hình trọng lượng mở để kiểm tra an ninh nhưng cũng cảnh báo rủi ro khi.
các mô hình này có thể bị sửa đổi và phân phối ít giám sát.",,các nhà nghiên cứu tại anthropic của mỹ cảnh báo rằng các mô hình <en>a i</en> ngày càng mạnh có thể thoát khỏi kiểm soát của con người và thậm chí.,các nhà nghiên cứu tại anthropic của mỹ cảnh báo rằng các mô hình <en>a i</en> ngày càng mạnh có thể thoát khỏi kiểm soát của con người và thậm chí.,True,kˌaːɜc ɲˈaː2 ŋˈiɛn kˈiɜw t̪ˈaː6j ænθɹˈɑːpɪk kˌuə4 mˈi5 kˈe-4ɲ bˈaːɜw ɹˈa2ŋ kˌaːɜc mˈo hˈi2ɲ ˈeɪ ˈaɪ ŋˈa2j kˈaː2ŋ mˈe-6ɲ kˈɔɜ tˈe4 twˈaːɜt̪ xˈɔ4j kˈiɛ4m swˈaːɜt̪ kˌuə4 kˌɔn ŋˈyə2j vˌaː2 tˈə6m tʃˈiɜ.,kˌaːɜc ɲˈaː2 ŋˈiɛn kˈiɜw t̪ˈaː6j ænθɹˈɑːpɪk kˌuə4 mˈi5 kˈe-4ɲ bˈaːɜw ɹˈa2ŋ kˌaːɜc mˈo hˈi2ɲ ˈeɪ ˈaɪ ŋˈa2j kˈaː2ŋ mˈe-6ɲ kˈɔɜ tˈe4 twˈaːɜt̪ xˈɔ4j kˈiɛ4m swˈaːɜt̪ kˌuə4 kˌɔn ŋˈyə2j vˌaː2 tˈə6m tʃˈiɜ.,para,40F0AEAE73021A4C6447FDD39D345638AFA6AB0FE55D4F596E69E3D5E8B5F163
danhgia_tts.txt,danhgia_tts-007,Văn bản 7,danhgia_tts-007-c002,2,"Các nhà nghiên cứu tại Anthropic của Mỹ cảnh báo rằng các mô hình AI ngày càng mạnh có thể thoát khỏi kiểm soát của con người và thậm chí
dẫn tới tuyệt chủng, cảnh báo này đã thu hút sự chú ý ở Trung Quốc. Bộ trưởng An ninh Nhà nước Trung Quốc Trần Nhất Tân viết trên tạp chí
China Cyberspace rằng các mô hình tiên tiến của Mỹ như Mythos của Anthropic và GPT-5.5-Cyber của OpenAI có thể đe dọa cơ sở hạ tầng thông
tin quan trọng của Trung Quốc và kêu gọi tăng cường an ninh AI. Ông Trần Nhất Tân cũng cảnh báo về rủi ro an ninh tư tưởng, rò rỉ dữ liệu, tấn
công mạng, deepfake và việc AI có thể được lợi dụng để tiến hành chiến tranh nhận thức và thu thập thông tin nhạy cảm. Cơ quan Quản lý Không
gian mạng Trung Quốc đã đưa vào khung an toàn AI tháng 9/2024 kịch bản mất kiểm soát và mở rộng khung này tháng 9/2025, đồng thời áp dụng
nguyên tắc ""ứng dụng đáng tin cậy, ngăn mất kiểm soát"". Trung Quốc ban hành hướng dẫn tháng 5 yêu cầu nhà phát triển cải thiện khả năng phát
hiện, can thiệp và phục hồi hành vi sai của tác nhân AI, cho phép đánh giá an toàn độc lập và kiểm toán mô hình mở. Tổng bí thư, Chủ tịch Trung
Quốc Tập Cận Bình tại Hội nghị AI Thế giới ở Thượng Hải tháng 7 nhấn mạnh AI phải luôn nằm dưới kiểm soát của con người. Các quan chức và
chuyên gia Trung Quốc kêu gọi thận trọng với AI quân sự, thúc đẩy mô hình trọng lượng mở để kiểm tra an ninh nhưng cũng cảnh báo rủi ro khi
các mô hình này có thể bị sửa đổi và phân phối ít giám sát.","các nhà nghiên cứu tại anthropic của mỹ cảnh báo rằng các mô hình <en>a i</en> ngày càng mạnh có thể thoát khỏi kiểm soát của con người và thậm chí.
dẫn tới tuyệt chủng, cảnh báo này đã thu hút sự chú ý ở trung quốc. bộ trưởng an ninh nhà nước trung quốc trần nhất tân viết trên tạp chí.
china cyberspace rằng các mô hình tiên tiến của mỹ như mythos của anthropic và gờ phê tê gạch nối năm chấm năm gạch nối cyber của open <en>a i</en> có thể đe dọa cơ sở hạ tầng thông.
tin quan trọng của trung quốc và kêu gọi tăng cường an ninh <en>a i</en>. ông trần nhất tân cũng cảnh báo về rủi ro an ninh tư tưởng, rò rỉ dữ liệu, tấn.
công mạng, deepfake và việc <en>a i</en> có thể được lợi dụng để tiến hành chiến tranh nhận thức và thu thập thông tin nhạy cảm. cơ quan quản lý không.
gian mạng trung quốc đã đưa vào khung an toàn <en>a i</en> tháng chín năm hai nghìn không trăm hai mươi bốn kịch bản mất kiểm soát và mở rộng khung này tháng chín năm hai nghìn không trăm hai mươi lăm, đồng thời áp dụng.
nguyên tắc ứng dụng đáng tin cậy, ngăn mất kiểm soát. trung quốc ban hành hướng dẫn tháng năm yêu cầu nhà phát triển cải thiện khả năng phát.
hiện, can thiệp và phục hồi hành vi sai của tác nhân <en>a i</en>, cho phép đánh giá an toàn độc lập và kiểm toán mô hình mở. tổng bí thư, chủ tịch trung.
quốc tập cận bình tại hội nghị <en>a i</en> thế giới ở thượng hải tháng bảy nhấn mạnh <en>a i</en> phải luôn nằm dưới kiểm soát của con người. các quan chức và.
chuyên gia trung quốc kêu gọi thận trọng với <en>a i</en> quân sự, thúc đẩy mô hình trọng lượng mở để kiểm tra an ninh nhưng cũng cảnh báo rủi ro khi.
các mô hình này có thể bị sửa đổi và phân phối ít giám sát.",,"dẫn tới tuyệt chủng, cảnh báo này đã thu hút sự chú ý ở trung quốc. bộ trưởng an ninh nhà nước trung quốc trần nhất tân viết trên tạp chí.","dẫn tới tuyệt chủng, cảnh báo này đã thu hút sự chú ý ở trung quốc. bộ trưởng an ninh nhà nước trung quốc trần nhất tân viết trên tạp chí.",True,"zˈə5n t̪ˌəːɜj t̪wˈiɛ6t̪ tʃˈu4ŋ, kˈe-4ɲ bˈaːɜw nˈa2j ɗˌaː5 tˈu hˈuɜt̪ sˈy6 tʃˈuɜ ˈiɜ ˈəː4 tʃˈuŋ kˈuəɜc. bˈo6 tʃˈyə4ŋ ˈaːn nˈiɲ ɲˈaː2 nˈyəɜc tʃˈuŋ kˈuəɜc tʃˈə2n ɲˈəɜt̪ t̪ˈən vˈiɛɜt̪ tʃˈen t̪ˈaː6p tʃˈiɜ.","zˈə5n t̪ˌəːɜj t̪wˈiɛ6t̪ tʃˈu4ŋ, kˈe-4ɲ bˈaːɜw nˈa2j ɗˌaː5 tˈu hˈuɜt̪ sˈy6 tʃˈuɜ ˈiɜ ˈəː4 tʃˈuŋ kˈuəɜc. bˈo6 tʃˈyə4ŋ ˈaːn nˈiɲ ɲˈaː2 nˈyəɜc tʃˈuŋ kˈuəɜc tʃˈə2n ɲˈəɜt̪ t̪ˈən vˈiɛɜt̪ tʃˈen t̪ˈaː6p tʃˈiɜ.",para,40F0AEAE73021A4C6447FDD39D345638AFA6AB0FE55D4F596E69E3D5E8B5F163
danhgia_tts.txt,danhgia_tts-007,Văn bản 7,danhgia_tts-007-c003,3,"Các nhà nghiên cứu tại Anthropic của Mỹ cảnh báo rằng các mô hình AI ngày càng mạnh có thể thoát khỏi kiểm soát của con người và thậm chí
dẫn tới tuyệt chủng, cảnh báo này đã thu hút sự chú ý ở Trung Quốc. Bộ trưởng An ninh Nhà nước Trung Quốc Trần Nhất Tân viết trên tạp chí
China Cyberspace rằng các mô hình tiên tiến của Mỹ như Mythos của Anthropic và GPT-5.5-Cyber của OpenAI có thể đe dọa cơ sở hạ tầng thông
tin quan trọng của Trung Quốc và kêu gọi tăng cường an ninh AI. Ông Trần Nhất Tân cũng cảnh báo về rủi ro an ninh tư tưởng, rò rỉ dữ liệu, tấn
công mạng, deepfake và việc AI có thể được lợi dụng để tiến hành chiến tranh nhận thức và thu thập thông tin nhạy cảm. Cơ quan Quản lý Không
gian mạng Trung Quốc đã đưa vào khung an toàn AI tháng 9/2024 kịch bản mất kiểm soát và mở rộng khung này tháng 9/2025, đồng thời áp dụng
nguyên tắc ""ứng dụng đáng tin cậy, ngăn mất kiểm soát"". Trung Quốc ban hành hướng dẫn tháng 5 yêu cầu nhà phát triển cải thiện khả năng phát
hiện, can thiệp và phục hồi hành vi sai của tác nhân AI, cho phép đánh giá an toàn độc lập và kiểm toán mô hình mở. Tổng bí thư, Chủ tịch Trung
Quốc Tập Cận Bình tại Hội nghị AI Thế giới ở Thượng Hải tháng 7 nhấn mạnh AI phải luôn nằm dưới kiểm soát của con người. Các quan chức và
chuyên gia Trung Quốc kêu gọi thận trọng với AI quân sự, thúc đẩy mô hình trọng lượng mở để kiểm tra an ninh nhưng cũng cảnh báo rủi ro khi
các mô hình này có thể bị sửa đổi và phân phối ít giám sát.","các nhà nghiên cứu tại anthropic của mỹ cảnh báo rằng các mô hình <en>a i</en> ngày càng mạnh có thể thoát khỏi kiểm soát của con người và thậm chí.
dẫn tới tuyệt chủng, cảnh báo này đã thu hút sự chú ý ở trung quốc. bộ trưởng an ninh nhà nước trung quốc trần nhất tân viết trên tạp chí.
china cyberspace rằng các mô hình tiên tiến của mỹ như mythos của anthropic và gờ phê tê gạch nối năm chấm năm gạch nối cyber của open <en>a i</en> có thể đe dọa cơ sở hạ tầng thông.
tin quan trọng của trung quốc và kêu gọi tăng cường an ninh <en>a i</en>. ông trần nhất tân cũng cảnh báo về rủi ro an ninh tư tưởng, rò rỉ dữ liệu, tấn.
công mạng, deepfake và việc <en>a i</en> có thể được lợi dụng để tiến hành chiến tranh nhận thức và thu thập thông tin nhạy cảm. cơ quan quản lý không.
gian mạng trung quốc đã đưa vào khung an toàn <en>a i</en> tháng chín năm hai nghìn không trăm hai mươi bốn kịch bản mất kiểm soát và mở rộng khung này tháng chín năm hai nghìn không trăm hai mươi lăm, đồng thời áp dụng.
nguyên tắc ứng dụng đáng tin cậy, ngăn mất kiểm soát. trung quốc ban hành hướng dẫn tháng năm yêu cầu nhà phát triển cải thiện khả năng phát.
hiện, can thiệp và phục hồi hành vi sai của tác nhân <en>a i</en>, cho phép đánh giá an toàn độc lập và kiểm toán mô hình mở. tổng bí thư, chủ tịch trung.
quốc tập cận bình tại hội nghị <en>a i</en> thế giới ở thượng hải tháng bảy nhấn mạnh <en>a i</en> phải luôn nằm dưới kiểm soát của con người. các quan chức và.
chuyên gia trung quốc kêu gọi thận trọng với <en>a i</en> quân sự, thúc đẩy mô hình trọng lượng mở để kiểm tra an ninh nhưng cũng cảnh báo rủi ro khi.
các mô hình này có thể bị sửa đổi và phân phối ít giám sát.",,china cyberspace rằng các mô hình tiên tiến của mỹ như mythos của anthropic và gờ phê tê gạch nối năm chấm năm gạch nối cyber của open <en>a i</en> có thể đe dọa cơ sở hạ tầng thông.,china cyberspace rằng các mô hình tiên tiến của mỹ như mythos của anthropic và gờ phê tê gạch nối năm chấm năm gạch nối cyber của open <en>a i</en> có thể đe dọa cơ sở hạ tầng thông.,True,tʃˈaɪnə sˈaɪbɚspˌeɪs ɹˈa2ŋ kˌaːɜc mˈo hˈi2ɲ t̪ˈiɛn t̪ˈiɛɜn kˌuə4 mˈi5 ɲˌy mˈɪθoʊz kˌuə4 ænθɹˈɑːpɪk vˌaː2 ɣˈəː2 fˈe t̪ˈe ɣˈe-6c nˈoɜj nˈam tʃˈəɜm nˈam ɣˈe-6c nˈoɜj sˈaɪbɚ kˌuə4 ˈoʊpən ˈeɪ ˈaɪ kˈɔɜ tˈe4 ɗˈɛ zˈoaː6 kˈəː sˈəː4 hˈaː6 t̪ˈə2ŋ tˈoŋ.,tʃˈaɪnə sˈaɪbɚspˌeɪs ɹˈa2ŋ kˌaːɜc mˈo hˈi2ɲ t̪ˈiɛn t̪ˈiɛɜn kˌuə4 mˈi5 ɲˌy mˈɪθoʊz kˌuə4 ænθɹˈɑːpɪk vˌaː2 ɣˈəː2 fˈe t̪ˈe ɣˈe-6c nˈoɜj nˈam tʃˈəɜm nˈam ɣˈe-6c nˈoɜj sˈaɪbɚ kˌuə4 ˈoʊpən ˈeɪ ˈaɪ kˈɔɜ tˈe4 ɗˈɛ zˈoaː6 kˈəː sˈəː4 hˈaː6 t̪ˈə2ŋ tˈoŋ.,para,40F0AEAE73021A4C6447FDD39D345638AFA6AB0FE55D4F596E69E3D5E8B5F163
danhgia_tts.txt,danhgia_tts-007,Văn bản 7,danhgia_tts-007-c004,4,"Các nhà nghiên cứu tại Anthropic của Mỹ cảnh báo rằng các mô hình AI ngày càng mạnh có thể thoát khỏi kiểm soát của con người và thậm chí
dẫn tới tuyệt chủng, cảnh báo này đã thu hút sự chú ý ở Trung Quốc. Bộ trưởng An ninh Nhà nước Trung Quốc Trần Nhất Tân viết trên tạp chí
China Cyberspace rằng các mô hình tiên tiến của Mỹ như Mythos của Anthropic và GPT-5.5-Cyber của OpenAI có thể đe dọa cơ sở hạ tầng thông
tin quan trọng của Trung Quốc và kêu gọi tăng cường an ninh AI. Ông Trần Nhất Tân cũng cảnh báo về rủi ro an ninh tư tưởng, rò rỉ dữ liệu, tấn
công mạng, deepfake và việc AI có thể được lợi dụng để tiến hành chiến tranh nhận thức và thu thập thông tin nhạy cảm. Cơ quan Quản lý Không
gian mạng Trung Quốc đã đưa vào khung an toàn AI tháng 9/2024 kịch bản mất kiểm soát và mở rộng khung này tháng 9/2025, đồng thời áp dụng
nguyên tắc ""ứng dụng đáng tin cậy, ngăn mất kiểm soát"". Trung Quốc ban hành hướng dẫn tháng 5 yêu cầu nhà phát triển cải thiện khả năng phát
hiện, can thiệp và phục hồi hành vi sai của tác nhân AI, cho phép đánh giá an toàn độc lập và kiểm toán mô hình mở. Tổng bí thư, Chủ tịch Trung
Quốc Tập Cận Bình tại Hội nghị AI Thế giới ở Thượng Hải tháng 7 nhấn mạnh AI phải luôn nằm dưới kiểm soát của con người. Các quan chức và
chuyên gia Trung Quốc kêu gọi thận trọng với AI quân sự, thúc đẩy mô hình trọng lượng mở để kiểm tra an ninh nhưng cũng cảnh báo rủi ro khi
các mô hình này có thể bị sửa đổi và phân phối ít giám sát.","các nhà nghiên cứu tại anthropic của mỹ cảnh báo rằng các mô hình <en>a i</en> ngày càng mạnh có thể thoát khỏi kiểm soát của con người và thậm chí.
dẫn tới tuyệt chủng, cảnh báo này đã thu hút sự chú ý ở trung quốc. bộ trưởng an ninh nhà nước trung quốc trần nhất tân viết trên tạp chí.
china cyberspace rằng các mô hình tiên tiến của mỹ như mythos của anthropic và gờ phê tê gạch nối năm chấm năm gạch nối cyber của open <en>a i</en> có thể đe dọa cơ sở hạ tầng thông.
tin quan trọng của trung quốc và kêu gọi tăng cường an ninh <en>a i</en>. ông trần nhất tân cũng cảnh báo về rủi ro an ninh tư tưởng, rò rỉ dữ liệu, tấn.
công mạng, deepfake và việc <en>a i</en> có thể được lợi dụng để tiến hành chiến tranh nhận thức và thu thập thông tin nhạy cảm. cơ quan quản lý không.
gian mạng trung quốc đã đưa vào khung an toàn <en>a i</en> tháng chín năm hai nghìn không trăm hai mươi bốn kịch bản mất kiểm soát và mở rộng khung này tháng chín năm hai nghìn không trăm hai mươi lăm, đồng thời áp dụng.
nguyên tắc ứng dụng đáng tin cậy, ngăn mất kiểm soát. trung quốc ban hành hướng dẫn tháng năm yêu cầu nhà phát triển cải thiện khả năng phát.
hiện, can thiệp và phục hồi hành vi sai của tác nhân <en>a i</en>, cho phép đánh giá an toàn độc lập và kiểm toán mô hình mở. tổng bí thư, chủ tịch trung.
quốc tập cận bình tại hội nghị <en>a i</en> thế giới ở thượng hải tháng bảy nhấn mạnh <en>a i</en> phải luôn nằm dưới kiểm soát của con người. các quan chức và.
chuyên gia trung quốc kêu gọi thận trọng với <en>a i</en> quân sự, thúc đẩy mô hình trọng lượng mở để kiểm tra an ninh nhưng cũng cảnh báo rủi ro khi.
các mô hình này có thể bị sửa đổi và phân phối ít giám sát.",,"tin quan trọng của trung quốc và kêu gọi tăng cường an ninh <en>a i</en>. ông trần nhất tân cũng cảnh báo về rủi ro an ninh tư tưởng, rò rỉ dữ liệu, tấn.","tin quan trọng của trung quốc và kêu gọi tăng cường an ninh <en>a i</en>. ông trần nhất tân cũng cảnh báo về rủi ro an ninh tư tưởng, rò rỉ dữ liệu, tấn.",True,"t̪ˈin kwˈaːn tʃˈɔ6ŋ kˌuə4 tʃˈuŋ kˈuəɜc vˌaː2 kˈe1w ɣˈɔ6j t̪ˈaŋ kˈyə2ŋ ˈaːn nˈiɲ ˈeɪ ˈaɪ. ˈoŋ tʃˈə2n ɲˈəɜt̪ t̪ˈən kˈu5ŋ kˈe-4ɲ bˈaːɜw vˈe2 ɹˈu4j ɹˈɔ ˈaːn nˈiɲ t̪ˈy t̪ˈyə4ŋ, ɹˈɔ2 ɹˈi4 zˈy5 lˈiɛ6w, t̪ˈəɜn.","t̪ˈin kwˈaːn tʃˈɔ6ŋ kˌuə4 tʃˈuŋ kˈuəɜc vˌaː2 kˈe1w ɣˈɔ6j t̪ˈaŋ kˈyə2ŋ ˈaːn nˈiɲ ˈeɪ ˈaɪ. ˈoŋ tʃˈə2n ɲˈəɜt̪ t̪ˈən kˈu5ŋ kˈe-4ɲ bˈaːɜw vˈe2 ɹˈu4j ɹˈɔ ˈaːn nˈiɲ t̪ˈy t̪ˈyə4ŋ, ɹˈɔ2 ɹˈi4 zˈy5 lˈiɛ6w, t̪ˈəɜn.",para,40F0AEAE73021A4C6447FDD39D345638AFA6AB0FE55D4F596E69E3D5E8B5F163
danhgia_tts.txt,danhgia_tts-007,Văn bản 7,danhgia_tts-007-c005,5,"Các nhà nghiên cứu tại Anthropic của Mỹ cảnh báo rằng các mô hình AI ngày càng mạnh có thể thoát khỏi kiểm soát của con người và thậm chí
dẫn tới tuyệt chủng, cảnh báo này đã thu hút sự chú ý ở Trung Quốc. Bộ trưởng An ninh Nhà nước Trung Quốc Trần Nhất Tân viết trên tạp chí
China Cyberspace rằng các mô hình tiên tiến của Mỹ như Mythos của Anthropic và GPT-5.5-Cyber của OpenAI có thể đe dọa cơ sở hạ tầng thông
tin quan trọng của Trung Quốc và kêu gọi tăng cường an ninh AI. Ông Trần Nhất Tân cũng cảnh báo về rủi ro an ninh tư tưởng, rò rỉ dữ liệu, tấn
công mạng, deepfake và việc AI có thể được lợi dụng để tiến hành chiến tranh nhận thức và thu thập thông tin nhạy cảm. Cơ quan Quản lý Không
gian mạng Trung Quốc đã đưa vào khung an toàn AI tháng 9/2024 kịch bản mất kiểm soát và mở rộng khung này tháng 9/2025, đồng thời áp dụng
nguyên tắc ""ứng dụng đáng tin cậy, ngăn mất kiểm soát"". Trung Quốc ban hành hướng dẫn tháng 5 yêu cầu nhà phát triển cải thiện khả năng phát
hiện, can thiệp và phục hồi hành vi sai của tác nhân AI, cho phép đánh giá an toàn độc lập và kiểm toán mô hình mở. Tổng bí thư, Chủ tịch Trung
Quốc Tập Cận Bình tại Hội nghị AI Thế giới ở Thượng Hải tháng 7 nhấn mạnh AI phải luôn nằm dưới kiểm soát của con người. Các quan chức và
chuyên gia Trung Quốc kêu gọi thận trọng với AI quân sự, thúc đẩy mô hình trọng lượng mở để kiểm tra an ninh nhưng cũng cảnh báo rủi ro khi
các mô hình này có thể bị sửa đổi và phân phối ít giám sát.","các nhà nghiên cứu tại anthropic của mỹ cảnh báo rằng các mô hình <en>a i</en> ngày càng mạnh có thể thoát khỏi kiểm soát của con người và thậm chí.
dẫn tới tuyệt chủng, cảnh báo này đã thu hút sự chú ý ở trung quốc. bộ trưởng an ninh nhà nước trung quốc trần nhất tân viết trên tạp chí.
china cyberspace rằng các mô hình tiên tiến của mỹ như mythos của anthropic và gờ phê tê gạch nối năm chấm năm gạch nối cyber của open <en>a i</en> có thể đe dọa cơ sở hạ tầng thông.
tin quan trọng của trung quốc và kêu gọi tăng cường an ninh <en>a i</en>. ông trần nhất tân cũng cảnh báo về rủi ro an ninh tư tưởng, rò rỉ dữ liệu, tấn.
công mạng, deepfake và việc <en>a i</en> có thể được lợi dụng để tiến hành chiến tranh nhận thức và thu thập thông tin nhạy cảm. cơ quan quản lý không.
gian mạng trung quốc đã đưa vào khung an toàn <en>a i</en> tháng chín năm hai nghìn không trăm hai mươi bốn kịch bản mất kiểm soát và mở rộng khung này tháng chín năm hai nghìn không trăm hai mươi lăm, đồng thời áp dụng.
nguyên tắc ứng dụng đáng tin cậy, ngăn mất kiểm soát. trung quốc ban hành hướng dẫn tháng năm yêu cầu nhà phát triển cải thiện khả năng phát.
hiện, can thiệp và phục hồi hành vi sai của tác nhân <en>a i</en>, cho phép đánh giá an toàn độc lập và kiểm toán mô hình mở. tổng bí thư, chủ tịch trung.
quốc tập cận bình tại hội nghị <en>a i</en> thế giới ở thượng hải tháng bảy nhấn mạnh <en>a i</en> phải luôn nằm dưới kiểm soát của con người. các quan chức và.
chuyên gia trung quốc kêu gọi thận trọng với <en>a i</en> quân sự, thúc đẩy mô hình trọng lượng mở để kiểm tra an ninh nhưng cũng cảnh báo rủi ro khi.
các mô hình này có thể bị sửa đổi và phân phối ít giám sát.",,"công mạng, deepfake và việc <en>a i</en> có thể được lợi dụng để tiến hành chiến tranh nhận thức và thu thập thông tin nhạy cảm. cơ quan quản lý không.","công mạng, deepfake và việc <en>a i</en> có thể được lợi dụng để tiến hành chiến tranh nhận thức và thu thập thông tin nhạy cảm. cơ quan quản lý không.",True,"kˈoŋ mˈaː6ŋ, dˈiːpfeɪk vˌaː2 vˈiɛ6c ˈeɪ ˈaɪ kˈɔɜ tˈe4 ɗˌyə6c lˈəː6j zˈu6ŋ ɗˌe4 t̪ˈiɛɜn hˈe-2ɲ tʃˈiɛɜn tʃˈe-ɲ ɲˈə6n tˈyɜc vˌaː2 tˈu tˈə6p tˈoŋ t̪ˈin ɲˈa6j kˈaː4m. kˈəː kwˈaːn kwˈaː4n lˈiɜ xˌoŋ.","kˈoŋ mˈaː6ŋ, dˈiːpfeɪk vˌaː2 vˈiɛ6c ˈeɪ ˈaɪ kˈɔɜ tˈe4 ɗˌyə6c lˈəː6j zˈu6ŋ ɗˌe4 t̪ˈiɛɜn hˈe-2ɲ tʃˈiɛɜn tʃˈe-ɲ ɲˈə6n tˈyɜc vˌaː2 tˈu tˈə6p tˈoŋ t̪ˈin ɲˈa6j kˈaː4m. kˈəː kwˈaːn kwˈaː4n lˈiɜ xˌoŋ.",para,40F0AEAE73021A4C6447FDD39D345638AFA6AB0FE55D4F596E69E3D5E8B5F163
danhgia_tts.txt,danhgia_tts-007,Văn bản 7,danhgia_tts-007-c006,6,"Các nhà nghiên cứu tại Anthropic của Mỹ cảnh báo rằng các mô hình AI ngày càng mạnh có thể thoát khỏi kiểm soát của con người và thậm chí
dẫn tới tuyệt chủng, cảnh báo này đã thu hút sự chú ý ở Trung Quốc. Bộ trưởng An ninh Nhà nước Trung Quốc Trần Nhất Tân viết trên tạp chí
China Cyberspace rằng các mô hình tiên tiến của Mỹ như Mythos của Anthropic và GPT-5.5-Cyber của OpenAI có thể đe dọa cơ sở hạ tầng thông
tin quan trọng của Trung Quốc và kêu gọi tăng cường an ninh AI. Ông Trần Nhất Tân cũng cảnh báo về rủi ro an ninh tư tưởng, rò rỉ dữ liệu, tấn
công mạng, deepfake và việc AI có thể được lợi dụng để tiến hành chiến tranh nhận thức và thu thập thông tin nhạy cảm. Cơ quan Quản lý Không
gian mạng Trung Quốc đã đưa vào khung an toàn AI tháng 9/2024 kịch bản mất kiểm soát và mở rộng khung này tháng 9/2025, đồng thời áp dụng
nguyên tắc ""ứng dụng đáng tin cậy, ngăn mất kiểm soát"". Trung Quốc ban hành hướng dẫn tháng 5 yêu cầu nhà phát triển cải thiện khả năng phát
hiện, can thiệp và phục hồi hành vi sai của tác nhân AI, cho phép đánh giá an toàn độc lập và kiểm toán mô hình mở. Tổng bí thư, Chủ tịch Trung
Quốc Tập Cận Bình tại Hội nghị AI Thế giới ở Thượng Hải tháng 7 nhấn mạnh AI phải luôn nằm dưới kiểm soát của con người. Các quan chức và
chuyên gia Trung Quốc kêu gọi thận trọng với AI quân sự, thúc đẩy mô hình trọng lượng mở để kiểm tra an ninh nhưng cũng cảnh báo rủi ro khi
các mô hình này có thể bị sửa đổi và phân phối ít giám sát.","các nhà nghiên cứu tại anthropic của mỹ cảnh báo rằng các mô hình <en>a i</en> ngày càng mạnh có thể thoát khỏi kiểm soát của con người và thậm chí.
dẫn tới tuyệt chủng, cảnh báo này đã thu hút sự chú ý ở trung quốc. bộ trưởng an ninh nhà nước trung quốc trần nhất tân viết trên tạp chí.
china cyberspace rằng các mô hình tiên tiến của mỹ như mythos của anthropic và gờ phê tê gạch nối năm chấm năm gạch nối cyber của open <en>a i</en> có thể đe dọa cơ sở hạ tầng thông.
tin quan trọng của trung quốc và kêu gọi tăng cường an ninh <en>a i</en>. ông trần nhất tân cũng cảnh báo về rủi ro an ninh tư tưởng, rò rỉ dữ liệu, tấn.
công mạng, deepfake và việc <en>a i</en> có thể được lợi dụng để tiến hành chiến tranh nhận thức và thu thập thông tin nhạy cảm. cơ quan quản lý không.
gian mạng trung quốc đã đưa vào khung an toàn <en>a i</en> tháng chín năm hai nghìn không trăm hai mươi bốn kịch bản mất kiểm soát và mở rộng khung này tháng chín năm hai nghìn không trăm hai mươi lăm, đồng thời áp dụng.
nguyên tắc ứng dụng đáng tin cậy, ngăn mất kiểm soát. trung quốc ban hành hướng dẫn tháng năm yêu cầu nhà phát triển cải thiện khả năng phát.
hiện, can thiệp và phục hồi hành vi sai của tác nhân <en>a i</en>, cho phép đánh giá an toàn độc lập và kiểm toán mô hình mở. tổng bí thư, chủ tịch trung.
quốc tập cận bình tại hội nghị <en>a i</en> thế giới ở thượng hải tháng bảy nhấn mạnh <en>a i</en> phải luôn nằm dưới kiểm soát của con người. các quan chức và.
chuyên gia trung quốc kêu gọi thận trọng với <en>a i</en> quân sự, thúc đẩy mô hình trọng lượng mở để kiểm tra an ninh nhưng cũng cảnh báo rủi ro khi.
các mô hình này có thể bị sửa đổi và phân phối ít giám sát.",,"gian mạng trung quốc đã đưa vào khung an toàn <en>a i</en> tháng chín năm hai nghìn không trăm hai mươi bốn kịch bản mất kiểm soát và mở rộng khung này tháng chín năm hai nghìn không trăm hai mươi lăm, đồng thời áp dụng.","gian mạng trung quốc đã đưa vào khung an toàn <en>a i</en> tháng chín năm hai nghìn không trăm hai mươi bốn kịch bản mất kiểm soát và mở rộng khung này tháng chín năm hai nghìn không trăm hai mươi lăm, đồng thời áp dụng.",True,"zˈaːn mˈaː6ŋ tʃˈuŋ kˈuəɜc ɗˌaː5 ɗˈyə vˈaː2w xˈuŋ ˈaːn t̪wˈaː2n ˈeɪ ˈaɪ tˈaːɜŋ tʃˈiɜn nˈam hˈaːj ŋˈi2n xˌoŋ tʃˈam hˈaːj mˈyəj bˈoɜn kˈi6c bˈaː4n mˈəɜt̪ kˈiɛ4m swˈaːɜt̪ vˌaː2 mˈəː4 ɹˈo6ŋ xˈuŋ nˈa2j tˈaːɜŋ tʃˈiɜn nˈam hˈaːj ŋˈi2n xˌoŋ tʃˈam hˈaːj mˈyəj lˈam, ɗˈo2ŋ tˈəː2j ˈaːɜp zˈu6ŋ.","zˈaːn mˈaː6ŋ tʃˈuŋ kˈuəɜc ɗˌaː5 ɗˈyə vˈaː2w xˈuŋ ˈaːn t̪wˈaː2n ˈeɪ ˈaɪ tˈaːɜŋ tʃˈiɜn nˈam hˈaːj ŋˈi2n xˌoŋ tʃˈam hˈaːj mˈyəj bˈoɜn kˈi6c bˈaː4n mˈəɜt̪ kˈiɛ4m swˈaːɜt̪ vˌaː2 mˈəː4 ɹˈo6ŋ xˈuŋ nˈa2j tˈaːɜŋ tʃˈiɜn nˈam hˈaːj ŋˈi2n xˌoŋ tʃˈam hˈaːj mˈyəj lˈam, ɗˈo2ŋ tˈəː2j ˈaːɜp zˈu6ŋ.",para,40F0AEAE73021A4C6447FDD39D345638AFA6AB0FE55D4F596E69E3D5E8B5F163
danhgia_tts.txt,danhgia_tts-007,Văn bản 7,danhgia_tts-007-c007,7,"Các nhà nghiên cứu tại Anthropic của Mỹ cảnh báo rằng các mô hình AI ngày càng mạnh có thể thoát khỏi kiểm soát của con người và thậm chí
dẫn tới tuyệt chủng, cảnh báo này đã thu hút sự chú ý ở Trung Quốc. Bộ trưởng An ninh Nhà nước Trung Quốc Trần Nhất Tân viết trên tạp chí
China Cyberspace rằng các mô hình tiên tiến của Mỹ như Mythos của Anthropic và GPT-5.5-Cyber của OpenAI có thể đe dọa cơ sở hạ tầng thông
tin quan trọng của Trung Quốc và kêu gọi tăng cường an ninh AI. Ông Trần Nhất Tân cũng cảnh báo về rủi ro an ninh tư tưởng, rò rỉ dữ liệu, tấn
công mạng, deepfake và việc AI có thể được lợi dụng để tiến hành chiến tranh nhận thức và thu thập thông tin nhạy cảm. Cơ quan Quản lý Không
gian mạng Trung Quốc đã đưa vào khung an toàn AI tháng 9/2024 kịch bản mất kiểm soát và mở rộng khung này tháng 9/2025, đồng thời áp dụng
nguyên tắc ""ứng dụng đáng tin cậy, ngăn mất kiểm soát"". Trung Quốc ban hành hướng dẫn tháng 5 yêu cầu nhà phát triển cải thiện khả năng phát
hiện, can thiệp và phục hồi hành vi sai của tác nhân AI, cho phép đánh giá an toàn độc lập và kiểm toán mô hình mở. Tổng bí thư, Chủ tịch Trung
Quốc Tập Cận Bình tại Hội nghị AI Thế giới ở Thượng Hải tháng 7 nhấn mạnh AI phải luôn nằm dưới kiểm soát của con người. Các quan chức và
chuyên gia Trung Quốc kêu gọi thận trọng với AI quân sự, thúc đẩy mô hình trọng lượng mở để kiểm tra an ninh nhưng cũng cảnh báo rủi ro khi
các mô hình này có thể bị sửa đổi và phân phối ít giám sát.","các nhà nghiên cứu tại anthropic của mỹ cảnh báo rằng các mô hình <en>a i</en> ngày càng mạnh có thể thoát khỏi kiểm soát của con người và thậm chí.
dẫn tới tuyệt chủng, cảnh báo này đã thu hút sự chú ý ở trung quốc. bộ trưởng an ninh nhà nước trung quốc trần nhất tân viết trên tạp chí.
china cyberspace rằng các mô hình tiên tiến của mỹ như mythos của anthropic và gờ phê tê gạch nối năm chấm năm gạch nối cyber của open <en>a i</en> có thể đe dọa cơ sở hạ tầng thông.
tin quan trọng của trung quốc và kêu gọi tăng cường an ninh <en>a i</en>. ông trần nhất tân cũng cảnh báo về rủi ro an ninh tư tưởng, rò rỉ dữ liệu, tấn.
công mạng, deepfake và việc <en>a i</en> có thể được lợi dụng để tiến hành chiến tranh nhận thức và thu thập thông tin nhạy cảm. cơ quan quản lý không.
gian mạng trung quốc đã đưa vào khung an toàn <en>a i</en> tháng chín năm hai nghìn không trăm hai mươi bốn kịch bản mất kiểm soát và mở rộng khung này tháng chín năm hai nghìn không trăm hai mươi lăm, đồng thời áp dụng.
nguyên tắc ứng dụng đáng tin cậy, ngăn mất kiểm soát. trung quốc ban hành hướng dẫn tháng năm yêu cầu nhà phát triển cải thiện khả năng phát.
hiện, can thiệp và phục hồi hành vi sai của tác nhân <en>a i</en>, cho phép đánh giá an toàn độc lập và kiểm toán mô hình mở. tổng bí thư, chủ tịch trung.
quốc tập cận bình tại hội nghị <en>a i</en> thế giới ở thượng hải tháng bảy nhấn mạnh <en>a i</en> phải luôn nằm dưới kiểm soát của con người. các quan chức và.
chuyên gia trung quốc kêu gọi thận trọng với <en>a i</en> quân sự, thúc đẩy mô hình trọng lượng mở để kiểm tra an ninh nhưng cũng cảnh báo rủi ro khi.
các mô hình này có thể bị sửa đổi và phân phối ít giám sát.",,"nguyên tắc ứng dụng đáng tin cậy, ngăn mất kiểm soát. trung quốc ban hành hướng dẫn tháng năm yêu cầu nhà phát triển cải thiện khả năng phát.","nguyên tắc ứng dụng đáng tin cậy, ngăn mất kiểm soát. trung quốc ban hành hướng dẫn tháng năm yêu cầu nhà phát triển cải thiện khả năng phát.",True,"ŋwˈiɛn t̪ˈaɜc ˈyɜŋ zˈu6ŋ ɗˈaːɜŋ t̪ˈin kˈəɪ6, ŋˈan mˈəɜt̪ kˈiɛ4m swˈaːɜt̪. tʃˈuŋ kˈuəɜc bˈaːn hˈe-2ɲ hˈyəɜŋ zˈə5n tˈaːɜŋ nˈam ˈiɛw kˈə2w ɲˈaː2 fˈaːɜt̪ tʃˈiɛ4n kˈaː4j tˈiɛ6n xˈaː4 nˈaŋ fˈaːɜt̪.","ŋwˈiɛn t̪ˈaɜc ˈyɜŋ zˈu6ŋ ɗˈaːɜŋ t̪ˈin kˈəɪ6, ŋˈan mˈəɜt̪ kˈiɛ4m swˈaːɜt̪. tʃˈuŋ kˈuəɜc bˈaːn hˈe-2ɲ hˈyəɜŋ zˈə5n tˈaːɜŋ nˈam ˈiɛw kˈə2w ɲˈaː2 fˈaːɜt̪ tʃˈiɛ4n kˈaː4j tˈiɛ6n xˈaː4 nˈaŋ fˈaːɜt̪.",para,40F0AEAE73021A4C6447FDD39D345638AFA6AB0FE55D4F596E69E3D5E8B5F163
danhgia_tts.txt,danhgia_tts-007,Văn bản 7,danhgia_tts-007-c008,8,"Các nhà nghiên cứu tại Anthropic của Mỹ cảnh báo rằng các mô hình AI ngày càng mạnh có thể thoát khỏi kiểm soát của con người và thậm chí
dẫn tới tuyệt chủng, cảnh báo này đã thu hút sự chú ý ở Trung Quốc. Bộ trưởng An ninh Nhà nước Trung Quốc Trần Nhất Tân viết trên tạp chí
China Cyberspace rằng các mô hình tiên tiến của Mỹ như Mythos của Anthropic và GPT-5.5-Cyber của OpenAI có thể đe dọa cơ sở hạ tầng thông
tin quan trọng của Trung Quốc và kêu gọi tăng cường an ninh AI. Ông Trần Nhất Tân cũng cảnh báo về rủi ro an ninh tư tưởng, rò rỉ dữ liệu, tấn
công mạng, deepfake và việc AI có thể được lợi dụng để tiến hành chiến tranh nhận thức và thu thập thông tin nhạy cảm. Cơ quan Quản lý Không
gian mạng Trung Quốc đã đưa vào khung an toàn AI tháng 9/2024 kịch bản mất kiểm soát và mở rộng khung này tháng 9/2025, đồng thời áp dụng
nguyên tắc ""ứng dụng đáng tin cậy, ngăn mất kiểm soát"". Trung Quốc ban hành hướng dẫn tháng 5 yêu cầu nhà phát triển cải thiện khả năng phát
hiện, can thiệp và phục hồi hành vi sai của tác nhân AI, cho phép đánh giá an toàn độc lập và kiểm toán mô hình mở. Tổng bí thư, Chủ tịch Trung
Quốc Tập Cận Bình tại Hội nghị AI Thế giới ở Thượng Hải tháng 7 nhấn mạnh AI phải luôn nằm dưới kiểm soát của con người. Các quan chức và
chuyên gia Trung Quốc kêu gọi thận trọng với AI quân sự, thúc đẩy mô hình trọng lượng mở để kiểm tra an ninh nhưng cũng cảnh báo rủi ro khi
các mô hình này có thể bị sửa đổi và phân phối ít giám sát.","các nhà nghiên cứu tại anthropic của mỹ cảnh báo rằng các mô hình <en>a i</en> ngày càng mạnh có thể thoát khỏi kiểm soát của con người và thậm chí.
dẫn tới tuyệt chủng, cảnh báo này đã thu hút sự chú ý ở trung quốc. bộ trưởng an ninh nhà nước trung quốc trần nhất tân viết trên tạp chí.
china cyberspace rằng các mô hình tiên tiến của mỹ như mythos của anthropic và gờ phê tê gạch nối năm chấm năm gạch nối cyber của open <en>a i</en> có thể đe dọa cơ sở hạ tầng thông.
tin quan trọng của trung quốc và kêu gọi tăng cường an ninh <en>a i</en>. ông trần nhất tân cũng cảnh báo về rủi ro an ninh tư tưởng, rò rỉ dữ liệu, tấn.
công mạng, deepfake và việc <en>a i</en> có thể được lợi dụng để tiến hành chiến tranh nhận thức và thu thập thông tin nhạy cảm. cơ quan quản lý không.
gian mạng trung quốc đã đưa vào khung an toàn <en>a i</en> tháng chín năm hai nghìn không trăm hai mươi bốn kịch bản mất kiểm soát và mở rộng khung này tháng chín năm hai nghìn không trăm hai mươi lăm, đồng thời áp dụng.
nguyên tắc ứng dụng đáng tin cậy, ngăn mất kiểm soát. trung quốc ban hành hướng dẫn tháng năm yêu cầu nhà phát triển cải thiện khả năng phát.
hiện, can thiệp và phục hồi hành vi sai của tác nhân <en>a i</en>, cho phép đánh giá an toàn độc lập và kiểm toán mô hình mở. tổng bí thư, chủ tịch trung.
quốc tập cận bình tại hội nghị <en>a i</en> thế giới ở thượng hải tháng bảy nhấn mạnh <en>a i</en> phải luôn nằm dưới kiểm soát của con người. các quan chức và.
chuyên gia trung quốc kêu gọi thận trọng với <en>a i</en> quân sự, thúc đẩy mô hình trọng lượng mở để kiểm tra an ninh nhưng cũng cảnh báo rủi ro khi.
các mô hình này có thể bị sửa đổi và phân phối ít giám sát.",,"hiện, can thiệp và phục hồi hành vi sai của tác nhân <en>a i</en>, cho phép đánh giá an toàn độc lập và kiểm toán mô hình mở. tổng bí thư, chủ tịch trung.","hiện, can thiệp và phục hồi hành vi sai của tác nhân <en>a i</en>, cho phép đánh giá an toàn độc lập và kiểm toán mô hình mở. tổng bí thư, chủ tịch trung.",True,"hˈiɛ6n, kˈaːn tˈiɛ6p vˌaː2 fˈu6c hˈo2j hˈe-2ɲ vˈi sˈaːj kˌuə4 t̪ˈaːɜc ɲˈən ˈeɪ ˈaɪ, tʃˌɔ fˈɛɜp ɗˈe-ɜɲ zˈaːɜ ˈaːn t̪wˈaː2n ɗˈo6k lˈə6p vˌaː2 kˈiɛ4m t̪wˈaːɜn mˈo hˈi2ɲ mˈəː4. t̪ˈo4ŋ bˈiɜ tˈy, tʃˈu4 t̪ˈi6c tʃˈuŋ.","hˈiɛ6n, kˈaːn tˈiɛ6p vˌaː2 fˈu6c hˈo2j hˈe-2ɲ vˈi sˈaːj kˌuə4 t̪ˈaːɜc ɲˈən ˈeɪ ˈaɪ, tʃˌɔ fˈɛɜp ɗˈe-ɜɲ zˈaːɜ ˈaːn t̪wˈaː2n ɗˈo6k lˈə6p vˌaː2 kˈiɛ4m t̪wˈaːɜn mˈo hˈi2ɲ mˈəː4. t̪ˈo4ŋ bˈiɜ tˈy, tʃˈu4 t̪ˈi6c tʃˈuŋ.",para,40F0AEAE73021A4C6447FDD39D345638AFA6AB0FE55D4F596E69E3D5E8B5F163
danhgia_tts.txt,danhgia_tts-007,Văn bản 7,danhgia_tts-007-c009,9,"Các nhà nghiên cứu tại Anthropic của Mỹ cảnh báo rằng các mô hình AI ngày càng mạnh có thể thoát khỏi kiểm soát của con người và thậm chí
dẫn tới tuyệt chủng, cảnh báo này đã thu hút sự chú ý ở Trung Quốc. Bộ trưởng An ninh Nhà nước Trung Quốc Trần Nhất Tân viết trên tạp chí
China Cyberspace rằng các mô hình tiên tiến của Mỹ như Mythos của Anthropic và GPT-5.5-Cyber của OpenAI có thể đe dọa cơ sở hạ tầng thông
tin quan trọng của Trung Quốc và kêu gọi tăng cường an ninh AI. Ông Trần Nhất Tân cũng cảnh báo về rủi ro an ninh tư tưởng, rò rỉ dữ liệu, tấn
công mạng, deepfake và việc AI có thể được lợi dụng để tiến hành chiến tranh nhận thức và thu thập thông tin nhạy cảm. Cơ quan Quản lý Không
gian mạng Trung Quốc đã đưa vào khung an toàn AI tháng 9/2024 kịch bản mất kiểm soát và mở rộng khung này tháng 9/2025, đồng thời áp dụng
nguyên tắc ""ứng dụng đáng tin cậy, ngăn mất kiểm soát"". Trung Quốc ban hành hướng dẫn tháng 5 yêu cầu nhà phát triển cải thiện khả năng phát
hiện, can thiệp và phục hồi hành vi sai của tác nhân AI, cho phép đánh giá an toàn độc lập và kiểm toán mô hình mở. Tổng bí thư, Chủ tịch Trung
Quốc Tập Cận Bình tại Hội nghị AI Thế giới ở Thượng Hải tháng 7 nhấn mạnh AI phải luôn nằm dưới kiểm soát của con người. Các quan chức và
chuyên gia Trung Quốc kêu gọi thận trọng với AI quân sự, thúc đẩy mô hình trọng lượng mở để kiểm tra an ninh nhưng cũng cảnh báo rủi ro khi
các mô hình này có thể bị sửa đổi và phân phối ít giám sát.","các nhà nghiên cứu tại anthropic của mỹ cảnh báo rằng các mô hình <en>a i</en> ngày càng mạnh có thể thoát khỏi kiểm soát của con người và thậm chí.
dẫn tới tuyệt chủng, cảnh báo này đã thu hút sự chú ý ở trung quốc. bộ trưởng an ninh nhà nước trung quốc trần nhất tân viết trên tạp chí.
china cyberspace rằng các mô hình tiên tiến của mỹ như mythos của anthropic và gờ phê tê gạch nối năm chấm năm gạch nối cyber của open <en>a i</en> có thể đe dọa cơ sở hạ tầng thông.
tin quan trọng của trung quốc và kêu gọi tăng cường an ninh <en>a i</en>. ông trần nhất tân cũng cảnh báo về rủi ro an ninh tư tưởng, rò rỉ dữ liệu, tấn.
công mạng, deepfake và việc <en>a i</en> có thể được lợi dụng để tiến hành chiến tranh nhận thức và thu thập thông tin nhạy cảm. cơ quan quản lý không.
gian mạng trung quốc đã đưa vào khung an toàn <en>a i</en> tháng chín năm hai nghìn không trăm hai mươi bốn kịch bản mất kiểm soát và mở rộng khung này tháng chín năm hai nghìn không trăm hai mươi lăm, đồng thời áp dụng.
nguyên tắc ứng dụng đáng tin cậy, ngăn mất kiểm soát. trung quốc ban hành hướng dẫn tháng năm yêu cầu nhà phát triển cải thiện khả năng phát.
hiện, can thiệp và phục hồi hành vi sai của tác nhân <en>a i</en>, cho phép đánh giá an toàn độc lập và kiểm toán mô hình mở. tổng bí thư, chủ tịch trung.
quốc tập cận bình tại hội nghị <en>a i</en> thế giới ở thượng hải tháng bảy nhấn mạnh <en>a i</en> phải luôn nằm dưới kiểm soát của con người. các quan chức và.
chuyên gia trung quốc kêu gọi thận trọng với <en>a i</en> quân sự, thúc đẩy mô hình trọng lượng mở để kiểm tra an ninh nhưng cũng cảnh báo rủi ro khi.
các mô hình này có thể bị sửa đổi và phân phối ít giám sát.",,quốc tập cận bình tại hội nghị <en>a i</en> thế giới ở thượng hải tháng bảy nhấn mạnh <en>a i</en> phải luôn nằm dưới kiểm soát của con người. các quan chức và.,quốc tập cận bình tại hội nghị <en>a i</en> thế giới ở thượng hải tháng bảy nhấn mạnh <en>a i</en> phải luôn nằm dưới kiểm soát của con người. các quan chức và.,True,kˈuəɜc t̪ˈə6p kˈə6n bˈi2ɲ t̪ˈaː6j hˈo6j ŋˈi6 ˈeɪ ˈaɪ tˈeɜ zˈəːɜj ˈəː4 tˈyə6ŋ hˈaː4j tˈaːɜŋ bˈa4j ɲˈəɜn mˈe-6ɲ ˈeɪ ˈaɪ fˌaː4j lˈuən nˈa2m zˈyəɜj kˈiɛ4m swˈaːɜt̪ kˌuə4 kˌɔn ŋˈyə2j. kˌaːɜc kwˈaːn tʃˈyɜc vˌaː2.,kˈuəɜc t̪ˈə6p kˈə6n bˈi2ɲ t̪ˈaː6j hˈo6j ŋˈi6 ˈeɪ ˈaɪ tˈeɜ zˈəːɜj ˈəː4 tˈyə6ŋ hˈaː4j tˈaːɜŋ bˈa4j ɲˈəɜn mˈe-6ɲ ˈeɪ ˈaɪ fˌaː4j lˈuən nˈa2m zˈyəɜj kˈiɛ4m swˈaːɜt̪ kˌuə4 kˌɔn ŋˈyə2j. kˌaːɜc kwˈaːn tʃˈyɜc vˌaː2.,para,40F0AEAE73021A4C6447FDD39D345638AFA6AB0FE55D4F596E69E3D5E8B5F163
danhgia_tts.txt,danhgia_tts-007,Văn bản 7,danhgia_tts-007-c010,10,"Các nhà nghiên cứu tại Anthropic của Mỹ cảnh báo rằng các mô hình AI ngày càng mạnh có thể thoát khỏi kiểm soát của con người và thậm chí
dẫn tới tuyệt chủng, cảnh báo này đã thu hút sự chú ý ở Trung Quốc. Bộ trưởng An ninh Nhà nước Trung Quốc Trần Nhất Tân viết trên tạp chí
China Cyberspace rằng các mô hình tiên tiến của Mỹ như Mythos của Anthropic và GPT-5.5-Cyber của OpenAI có thể đe dọa cơ sở hạ tầng thông
tin quan trọng của Trung Quốc và kêu gọi tăng cường an ninh AI. Ông Trần Nhất Tân cũng cảnh báo về rủi ro an ninh tư tưởng, rò rỉ dữ liệu, tấn
công mạng, deepfake và việc AI có thể được lợi dụng để tiến hành chiến tranh nhận thức và thu thập thông tin nhạy cảm. Cơ quan Quản lý Không
gian mạng Trung Quốc đã đưa vào khung an toàn AI tháng 9/2024 kịch bản mất kiểm soát và mở rộng khung này tháng 9/2025, đồng thời áp dụng
nguyên tắc ""ứng dụng đáng tin cậy, ngăn mất kiểm soát"". Trung Quốc ban hành hướng dẫn tháng 5 yêu cầu nhà phát triển cải thiện khả năng phát
hiện, can thiệp và phục hồi hành vi sai của tác nhân AI, cho phép đánh giá an toàn độc lập và kiểm toán mô hình mở. Tổng bí thư, Chủ tịch Trung
Quốc Tập Cận Bình tại Hội nghị AI Thế giới ở Thượng Hải tháng 7 nhấn mạnh AI phải luôn nằm dưới kiểm soát của con người. Các quan chức và
chuyên gia Trung Quốc kêu gọi thận trọng với AI quân sự, thúc đẩy mô hình trọng lượng mở để kiểm tra an ninh nhưng cũng cảnh báo rủi ro khi
các mô hình này có thể bị sửa đổi và phân phối ít giám sát.","các nhà nghiên cứu tại anthropic của mỹ cảnh báo rằng các mô hình <en>a i</en> ngày càng mạnh có thể thoát khỏi kiểm soát của con người và thậm chí.
dẫn tới tuyệt chủng, cảnh báo này đã thu hút sự chú ý ở trung quốc. bộ trưởng an ninh nhà nước trung quốc trần nhất tân viết trên tạp chí.
china cyberspace rằng các mô hình tiên tiến của mỹ như mythos của anthropic và gờ phê tê gạch nối năm chấm năm gạch nối cyber của open <en>a i</en> có thể đe dọa cơ sở hạ tầng thông.
tin quan trọng của trung quốc và kêu gọi tăng cường an ninh <en>a i</en>. ông trần nhất tân cũng cảnh báo về rủi ro an ninh tư tưởng, rò rỉ dữ liệu, tấn.
công mạng, deepfake và việc <en>a i</en> có thể được lợi dụng để tiến hành chiến tranh nhận thức và thu thập thông tin nhạy cảm. cơ quan quản lý không.
gian mạng trung quốc đã đưa vào khung an toàn <en>a i</en> tháng chín năm hai nghìn không trăm hai mươi bốn kịch bản mất kiểm soát và mở rộng khung này tháng chín năm hai nghìn không trăm hai mươi lăm, đồng thời áp dụng.
nguyên tắc ứng dụng đáng tin cậy, ngăn mất kiểm soát. trung quốc ban hành hướng dẫn tháng năm yêu cầu nhà phát triển cải thiện khả năng phát.
hiện, can thiệp và phục hồi hành vi sai của tác nhân <en>a i</en>, cho phép đánh giá an toàn độc lập và kiểm toán mô hình mở. tổng bí thư, chủ tịch trung.
quốc tập cận bình tại hội nghị <en>a i</en> thế giới ở thượng hải tháng bảy nhấn mạnh <en>a i</en> phải luôn nằm dưới kiểm soát của con người. các quan chức và.
chuyên gia trung quốc kêu gọi thận trọng với <en>a i</en> quân sự, thúc đẩy mô hình trọng lượng mở để kiểm tra an ninh nhưng cũng cảnh báo rủi ro khi.
các mô hình này có thể bị sửa đổi và phân phối ít giám sát.",,"chuyên gia trung quốc kêu gọi thận trọng với <en>a i</en> quân sự, thúc đẩy mô hình trọng lượng mở để kiểm tra an ninh nhưng cũng cảnh báo rủi ro khi.","chuyên gia trung quốc kêu gọi thận trọng với <en>a i</en> quân sự, thúc đẩy mô hình trọng lượng mở để kiểm tra an ninh nhưng cũng cảnh báo rủi ro khi.",True,"tʃwˈiɛn zˈaː tʃˈuŋ kˈuəɜc kˈe1w ɣˈɔ6j tˈə6n tʃˈɔ6ŋ vˌəːɜj ˈeɪ ˈaɪ kwˈən sˈy6, tˈuɜc ɗˈəɪ4 mˈo hˈi2ɲ tʃˈɔ6ŋ lˈyə6ŋ mˈəː4 ɗˌe4 kˈiɛ4m tʃˈaː ˈaːn nˈiɲ ɲˌyŋ kˈu5ŋ kˈe-4ɲ bˈaːɜw ɹˈu4j ɹˈɔ xˌi.","tʃwˈiɛn zˈaː tʃˈuŋ kˈuəɜc kˈe1w ɣˈɔ6j tˈə6n tʃˈɔ6ŋ vˌəːɜj ˈeɪ ˈaɪ kwˈən sˈy6, tˈuɜc ɗˈəɪ4 mˈo hˈi2ɲ tʃˈɔ6ŋ lˈyə6ŋ mˈəː4 ɗˌe4 kˈiɛ4m tʃˈaː ˈaːn nˈiɲ ɲˌyŋ kˈu5ŋ kˈe-4ɲ bˈaːɜw ɹˈu4j ɹˈɔ xˌi.",para,40F0AEAE73021A4C6447FDD39D345638AFA6AB0FE55D4F596E69E3D5E8B5F163
danhgia_tts.txt,danhgia_tts-007,Văn bản 7,danhgia_tts-007-c011,11,"Các nhà nghiên cứu tại Anthropic của Mỹ cảnh báo rằng các mô hình AI ngày càng mạnh có thể thoát khỏi kiểm soát của con người và thậm chí
dẫn tới tuyệt chủng, cảnh báo này đã thu hút sự chú ý ở Trung Quốc. Bộ trưởng An ninh Nhà nước Trung Quốc Trần Nhất Tân viết trên tạp chí
China Cyberspace rằng các mô hình tiên tiến của Mỹ như Mythos của Anthropic và GPT-5.5-Cyber của OpenAI có thể đe dọa cơ sở hạ tầng thông
tin quan trọng của Trung Quốc và kêu gọi tăng cường an ninh AI. Ông Trần Nhất Tân cũng cảnh báo về rủi ro an ninh tư tưởng, rò rỉ dữ liệu, tấn
công mạng, deepfake và việc AI có thể được lợi dụng để tiến hành chiến tranh nhận thức và thu thập thông tin nhạy cảm. Cơ quan Quản lý Không
gian mạng Trung Quốc đã đưa vào khung an toàn AI tháng 9/2024 kịch bản mất kiểm soát và mở rộng khung này tháng 9/2025, đồng thời áp dụng
nguyên tắc ""ứng dụng đáng tin cậy, ngăn mất kiểm soát"". Trung Quốc ban hành hướng dẫn tháng 5 yêu cầu nhà phát triển cải thiện khả năng phát
hiện, can thiệp và phục hồi hành vi sai của tác nhân AI, cho phép đánh giá an toàn độc lập và kiểm toán mô hình mở. Tổng bí thư, Chủ tịch Trung
Quốc Tập Cận Bình tại Hội nghị AI Thế giới ở Thượng Hải tháng 7 nhấn mạnh AI phải luôn nằm dưới kiểm soát của con người. Các quan chức và
chuyên gia Trung Quốc kêu gọi thận trọng với AI quân sự, thúc đẩy mô hình trọng lượng mở để kiểm tra an ninh nhưng cũng cảnh báo rủi ro khi
các mô hình này có thể bị sửa đổi và phân phối ít giám sát.","các nhà nghiên cứu tại anthropic của mỹ cảnh báo rằng các mô hình <en>a i</en> ngày càng mạnh có thể thoát khỏi kiểm soát của con người và thậm chí.
dẫn tới tuyệt chủng, cảnh báo này đã thu hút sự chú ý ở trung quốc. bộ trưởng an ninh nhà nước trung quốc trần nhất tân viết trên tạp chí.
china cyberspace rằng các mô hình tiên tiến của mỹ như mythos của anthropic và gờ phê tê gạch nối năm chấm năm gạch nối cyber của open <en>a i</en> có thể đe dọa cơ sở hạ tầng thông.
tin quan trọng của trung quốc và kêu gọi tăng cường an ninh <en>a i</en>. ông trần nhất tân cũng cảnh báo về rủi ro an ninh tư tưởng, rò rỉ dữ liệu, tấn.
công mạng, deepfake và việc <en>a i</en> có thể được lợi dụng để tiến hành chiến tranh nhận thức và thu thập thông tin nhạy cảm. cơ quan quản lý không.
gian mạng trung quốc đã đưa vào khung an toàn <en>a i</en> tháng chín năm hai nghìn không trăm hai mươi bốn kịch bản mất kiểm soát và mở rộng khung này tháng chín năm hai nghìn không trăm hai mươi lăm, đồng thời áp dụng.
nguyên tắc ứng dụng đáng tin cậy, ngăn mất kiểm soát. trung quốc ban hành hướng dẫn tháng năm yêu cầu nhà phát triển cải thiện khả năng phát.
hiện, can thiệp và phục hồi hành vi sai của tác nhân <en>a i</en>, cho phép đánh giá an toàn độc lập và kiểm toán mô hình mở. tổng bí thư, chủ tịch trung.
quốc tập cận bình tại hội nghị <en>a i</en> thế giới ở thượng hải tháng bảy nhấn mạnh <en>a i</en> phải luôn nằm dưới kiểm soát của con người. các quan chức và.
chuyên gia trung quốc kêu gọi thận trọng với <en>a i</en> quân sự, thúc đẩy mô hình trọng lượng mở để kiểm tra an ninh nhưng cũng cảnh báo rủi ro khi.
các mô hình này có thể bị sửa đổi và phân phối ít giám sát.",,các mô hình này có thể bị sửa đổi và phân phối ít giám sát.,các mô hình này có thể bị sửa đổi và phân phối ít giám sát.,True,kˌaːɜc mˈo hˈi2ɲ nˈa2j kˈɔɜ tˈe4 bˌi6 sˈyə4 ɗˈo4j vˌaː2 fˈən fˈoɜj ˈiɜt̪ zˈaːɜm sˈaːɜt̪.,kˌaːɜc mˈo hˈi2ɲ nˈa2j kˈɔɜ tˈe4 bˌi6 sˈyə4 ɗˈo4j vˌaː2 fˈən fˈoɜj ˈiɜt̪ zˈaːɜm sˈaːɜt̪.,,40F0AEAE73021A4C6447FDD39D345638AFA6AB0FE55D4F596E69E3D5E8B5F163
danhgia_tts.txt,danhgia_tts-008,Văn bản 8,danhgia_tts-008-c001,1,"Tòa án Tối cao Hoa Kỳ hôm thứ Hai bác yêu cầu của Tổng thống Donald J. Trump nhằm hạn chế phiếu bầu qua thư trước cuộc bầu cử giữa nhiệm
kỳ tháng 11. Phán quyết cho phép các bang tiếp tục gửi phiếu bầu qua thư theo quy trình cũ, trong khi chính quyền Trump yêu cầu các bang dùng
phong bì thống nhất và nộp danh sách cử tri lên cổng trực tuyến để Dịch vụ Bưu chính có thể từ chối giao phiếu nếu không tuân thủ. Thẩm phán
Samuel A. Alito, Jr. và Clarence Thomas phản đối, còn Thẩm phán Brett M. Kavanaugh đồng ý không áp dụng hạn chế cho cuộc bầu cử giữa nhiệm
kỳ nhưng để ngỏ khả năng ủng hộ chính quyền sau này. Các quan chức bang thuộc đảng Dân chủ và nhóm bảo vệ quyền bầu cử đã kiện, cho rằng
tổng thống không có thẩm quyền và việc thay đổi hệ thống trong vài tuần trước bầu cử là không khả thi. Một báo cáo của người tố giác cảnh báo hệ
thống cổng trực tuyến chưa hoàn thiện và lỗi mã vạch có thể khiến hàng triệu phiếu không được gửi. Nhiều tòa án cấp dưới, trong đó có Thẩm
phán Liên bang Indira Talwani tại Boston và Thẩm phán Carl Nichols tại Washington, D.C., đã ra lệnh tạm đình chỉ các yêu cầu này. Một số bang
như Alabama, North Carolina và Wisconsin đã bắt đầu gửi phiếu qua thư trong khi kế hoạch chưa có hiệu lực.","tòa án tối cao hoa kỳ hôm thứ hai bác yêu cầu của tổng thống donald giây trump nhằm hạn chế phiếu bầu qua thư trước cuộc bầu cử giữa nhiệm.
kỳ tháng mười một. phán quyết cho phép các bang tiếp tục gửi phiếu bầu qua thư theo quy trình cũ, trong khi chính quyền trump yêu cầu các bang dùng.
phong bì thống nhất và nộp danh sách cử tri lên cổng trực tuyến để dịch vụ bưu chính có thể từ chối giao phiếu nếu không tuân thủ. thẩm phán.
samuel a alito, jr. và clarence thomas phản đối, còn thẩm phán brett mờ kavanaugh đồng ý không áp dụng hạn chế cho cuộc bầu cử giữa nhiệm.
kỳ nhưng để ngỏ khả năng ủng hộ chính quyền sau này. các quan chức bang thuộc đảng dân chủ và nhóm bảo vệ quyền bầu cử đã kiện, cho rằng.
tổng thống không có thẩm quyền và việc thay đổi hệ thống trong vài tuần trước bầu cử là không khả thi. một báo cáo của người tố giác cảnh báo hệ.
thống cổng trực tuyến chưa hoàn thiện và lỗi mã vạch có thể khiến hàng triệu phiếu không được gửi. nhiều tòa án cấp dưới, trong đó có thẩm.
phán liên bang indira talwani tại boston và thẩm phán carl nichols tại washington, đê xê, đã ra lệnh tạm đình chỉ các yêu cầu này. một số bang.
như alabama, north carolina và wisconsin đã bắt đầu gửi phiếu qua thư trong khi kế hoạch chưa có hiệu lực.",,tòa án tối cao hoa kỳ hôm thứ hai bác yêu cầu của tổng thống donald giây trump nhằm hạn chế phiếu bầu qua thư trước cuộc bầu cử giữa nhiệm.,tòa án tối cao hoa kỳ hôm thứ hai bác yêu cầu của tổng thống donald giây trump nhằm hạn chế phiếu bầu qua thư trước cuộc bầu cử giữa nhiệm.,True,t̪wˈaː2 ˈaːɜn t̪ˈoɜj kˈaːw hwˈaː kˈi2 hˈom tˈyɜ hˈaːj bˈaːɜc ˈiɛw kˈə2w kˌuə4 t̪ˈo4ŋ tˈoɜŋ dˈɑːnəld zˈəɪ tɹˈʌmp ɲˈa2m hˈaː6n tʃˈeɜ fˈiɛɜw bˈə2w kwˈaː tˈy tʃˈyəɜc kˈuə6c bˈə2w kˈy4 zˈyə5 ɲˈiɛ6m.,t̪wˈaː2 ˈaːɜn t̪ˈoɜj kˈaːw hwˈaː kˈi2 hˈom tˈyɜ hˈaːj bˈaːɜc ˈiɛw kˈə2w kˌuə4 t̪ˈo4ŋ tˈoɜŋ dˈɑːnəld zˈəɪ tɹˈʌmp ɲˈa2m hˈaː6n tʃˈeɜ fˈiɛɜw bˈə2w kwˈaː tˈy tʃˈyəɜc kˈuə6c bˈə2w kˈy4 zˈyə5 ɲˈiɛ6m.,para,40F0AEAE73021A4C6447FDD39D345638AFA6AB0FE55D4F596E69E3D5E8B5F163
danhgia_tts.txt,danhgia_tts-008,Văn bản 8,danhgia_tts-008-c002,2,"Tòa án Tối cao Hoa Kỳ hôm thứ Hai bác yêu cầu của Tổng thống Donald J. Trump nhằm hạn chế phiếu bầu qua thư trước cuộc bầu cử giữa nhiệm
kỳ tháng 11. Phán quyết cho phép các bang tiếp tục gửi phiếu bầu qua thư theo quy trình cũ, trong khi chính quyền Trump yêu cầu các bang dùng
phong bì thống nhất và nộp danh sách cử tri lên cổng trực tuyến để Dịch vụ Bưu chính có thể từ chối giao phiếu nếu không tuân thủ. Thẩm phán
Samuel A. Alito, Jr. và Clarence Thomas phản đối, còn Thẩm phán Brett M. Kavanaugh đồng ý không áp dụng hạn chế cho cuộc bầu cử giữa nhiệm
kỳ nhưng để ngỏ khả năng ủng hộ chính quyền sau này. Các quan chức bang thuộc đảng Dân chủ và nhóm bảo vệ quyền bầu cử đã kiện, cho rằng
tổng thống không có thẩm quyền và việc thay đổi hệ thống trong vài tuần trước bầu cử là không khả thi. Một báo cáo của người tố giác cảnh báo hệ
thống cổng trực tuyến chưa hoàn thiện và lỗi mã vạch có thể khiến hàng triệu phiếu không được gửi. Nhiều tòa án cấp dưới, trong đó có Thẩm
phán Liên bang Indira Talwani tại Boston và Thẩm phán Carl Nichols tại Washington, D.C., đã ra lệnh tạm đình chỉ các yêu cầu này. Một số bang
như Alabama, North Carolina và Wisconsin đã bắt đầu gửi phiếu qua thư trong khi kế hoạch chưa có hiệu lực.","tòa án tối cao hoa kỳ hôm thứ hai bác yêu cầu của tổng thống donald giây trump nhằm hạn chế phiếu bầu qua thư trước cuộc bầu cử giữa nhiệm.
kỳ tháng mười một. phán quyết cho phép các bang tiếp tục gửi phiếu bầu qua thư theo quy trình cũ, trong khi chính quyền trump yêu cầu các bang dùng.
phong bì thống nhất và nộp danh sách cử tri lên cổng trực tuyến để dịch vụ bưu chính có thể từ chối giao phiếu nếu không tuân thủ. thẩm phán.
samuel a alito, jr. và clarence thomas phản đối, còn thẩm phán brett mờ kavanaugh đồng ý không áp dụng hạn chế cho cuộc bầu cử giữa nhiệm.
kỳ nhưng để ngỏ khả năng ủng hộ chính quyền sau này. các quan chức bang thuộc đảng dân chủ và nhóm bảo vệ quyền bầu cử đã kiện, cho rằng.
tổng thống không có thẩm quyền và việc thay đổi hệ thống trong vài tuần trước bầu cử là không khả thi. một báo cáo của người tố giác cảnh báo hệ.
thống cổng trực tuyến chưa hoàn thiện và lỗi mã vạch có thể khiến hàng triệu phiếu không được gửi. nhiều tòa án cấp dưới, trong đó có thẩm.
phán liên bang indira talwani tại boston và thẩm phán carl nichols tại washington, đê xê, đã ra lệnh tạm đình chỉ các yêu cầu này. một số bang.
như alabama, north carolina và wisconsin đã bắt đầu gửi phiếu qua thư trong khi kế hoạch chưa có hiệu lực.",,"kỳ tháng mười một. phán quyết cho phép các bang tiếp tục gửi phiếu bầu qua thư theo quy trình cũ, trong khi chính quyền trump yêu cầu các bang dùng.","kỳ tháng mười một. phán quyết cho phép các bang tiếp tục gửi phiếu bầu qua thư theo quy trình cũ, trong khi chính quyền trump yêu cầu các bang dùng.",True,"kˈi2 tˈaːɜŋ mˈyə2j mˈo6t̪. fˈaːɜn kwˈiɛɜt̪ tʃˌɔ fˈɛɜp kˌaːɜc bˈaːŋ t̪ˈiɛɜp t̪ˈu6c ɣˈy4j fˈiɛɜw bˈə2w kwˈaː tˈy tˈɛw kwˈi tʃˈi2ɲ kˈu5, tʃˈɔŋ xˌi tʃˈiɜɲ kwˈiɛ2n tɹˈʌmp ˈiɛw kˈə2w kˌaːɜc bˈaːŋ zˈu2ŋ.","kˈi2 tˈaːɜŋ mˈyə2j mˈo6t̪. fˈaːɜn kwˈiɛɜt̪ tʃˌɔ fˈɛɜp kˌaːɜc bˈaːŋ t̪ˈiɛɜp t̪ˈu6c ɣˈy4j fˈiɛɜw bˈə2w kwˈaː tˈy tˈɛw kwˈi tʃˈi2ɲ kˈu5, tʃˈɔŋ xˌi tʃˈiɜɲ kwˈiɛ2n tɹˈʌmp ˈiɛw kˈə2w kˌaːɜc bˈaːŋ zˈu2ŋ.",para,40F0AEAE73021A4C6447FDD39D345638AFA6AB0FE55D4F596E69E3D5E8B5F163
danhgia_tts.txt,danhgia_tts-008,Văn bản 8,danhgia_tts-008-c003,3,"Tòa án Tối cao Hoa Kỳ hôm thứ Hai bác yêu cầu của Tổng thống Donald J. Trump nhằm hạn chế phiếu bầu qua thư trước cuộc bầu cử giữa nhiệm
kỳ tháng 11. Phán quyết cho phép các bang tiếp tục gửi phiếu bầu qua thư theo quy trình cũ, trong khi chính quyền Trump yêu cầu các bang dùng
phong bì thống nhất và nộp danh sách cử tri lên cổng trực tuyến để Dịch vụ Bưu chính có thể từ chối giao phiếu nếu không tuân thủ. Thẩm phán
Samuel A. Alito, Jr. và Clarence Thomas phản đối, còn Thẩm phán Brett M. Kavanaugh đồng ý không áp dụng hạn chế cho cuộc bầu cử giữa nhiệm
kỳ nhưng để ngỏ khả năng ủng hộ chính quyền sau này. Các quan chức bang thuộc đảng Dân chủ và nhóm bảo vệ quyền bầu cử đã kiện, cho rằng
tổng thống không có thẩm quyền và việc thay đổi hệ thống trong vài tuần trước bầu cử là không khả thi. Một báo cáo của người tố giác cảnh báo hệ
thống cổng trực tuyến chưa hoàn thiện và lỗi mã vạch có thể khiến hàng triệu phiếu không được gửi. Nhiều tòa án cấp dưới, trong đó có Thẩm
phán Liên bang Indira Talwani tại Boston và Thẩm phán Carl Nichols tại Washington, D.C., đã ra lệnh tạm đình chỉ các yêu cầu này. Một số bang
như Alabama, North Carolina và Wisconsin đã bắt đầu gửi phiếu qua thư trong khi kế hoạch chưa có hiệu lực.","tòa án tối cao hoa kỳ hôm thứ hai bác yêu cầu của tổng thống donald giây trump nhằm hạn chế phiếu bầu qua thư trước cuộc bầu cử giữa nhiệm.
kỳ tháng mười một. phán quyết cho phép các bang tiếp tục gửi phiếu bầu qua thư theo quy trình cũ, trong khi chính quyền trump yêu cầu các bang dùng.
phong bì thống nhất và nộp danh sách cử tri lên cổng trực tuyến để dịch vụ bưu chính có thể từ chối giao phiếu nếu không tuân thủ. thẩm phán.
samuel a alito, jr. và clarence thomas phản đối, còn thẩm phán brett mờ kavanaugh đồng ý không áp dụng hạn chế cho cuộc bầu cử giữa nhiệm.
kỳ nhưng để ngỏ khả năng ủng hộ chính quyền sau này. các quan chức bang thuộc đảng dân chủ và nhóm bảo vệ quyền bầu cử đã kiện, cho rằng.
tổng thống không có thẩm quyền và việc thay đổi hệ thống trong vài tuần trước bầu cử là không khả thi. một báo cáo của người tố giác cảnh báo hệ.
thống cổng trực tuyến chưa hoàn thiện và lỗi mã vạch có thể khiến hàng triệu phiếu không được gửi. nhiều tòa án cấp dưới, trong đó có thẩm.
phán liên bang indira talwani tại boston và thẩm phán carl nichols tại washington, đê xê, đã ra lệnh tạm đình chỉ các yêu cầu này. một số bang.
như alabama, north carolina và wisconsin đã bắt đầu gửi phiếu qua thư trong khi kế hoạch chưa có hiệu lực.",,phong bì thống nhất và nộp danh sách cử tri lên cổng trực tuyến để dịch vụ bưu chính có thể từ chối giao phiếu nếu không tuân thủ. thẩm phán.,phong bì thống nhất và nộp danh sách cử tri lên cổng trực tuyến để dịch vụ bưu chính có thể từ chối giao phiếu nếu không tuân thủ. thẩm phán.,True,fˈɔŋ bˈi2 tˈoɜŋ ɲˈəɜt̪ vˌaː2 nˈo6p zˈe-ɲ sˈe-ɜc kˈy4 tʃˈi lˈen kˈo4ŋ tʃˈy6c t̪wˈiɛɜn ɗˌe4 zˈi6c vˈu6 bˈiw tʃˈiɜɲ kˈɔɜ tˈe4 t̪ˌy2 tʃˈoɜj zˈaːw fˈiɛɜw nˌeɜw xˌoŋ t̪wˈən tˈu4. tˈə4m fˈaːɜn.,fˈɔŋ bˈi2 tˈoɜŋ ɲˈəɜt̪ vˌaː2 nˈo6p zˈe-ɲ sˈe-ɜc kˈy4 tʃˈi lˈen kˈo4ŋ tʃˈy6c t̪wˈiɛɜn ɗˌe4 zˈi6c vˈu6 bˈiw tʃˈiɜɲ kˈɔɜ tˈe4 t̪ˌy2 tʃˈoɜj zˈaːw fˈiɛɜw nˌeɜw xˌoŋ t̪wˈən tˈu4. tˈə4m fˈaːɜn.,para,40F0AEAE73021A4C6447FDD39D345638AFA6AB0FE55D4F596E69E3D5E8B5F163
danhgia_tts.txt,danhgia_tts-008,Văn bản 8,danhgia_tts-008-c004,4,"Tòa án Tối cao Hoa Kỳ hôm thứ Hai bác yêu cầu của Tổng thống Donald J. Trump nhằm hạn chế phiếu bầu qua thư trước cuộc bầu cử giữa nhiệm
kỳ tháng 11. Phán quyết cho phép các bang tiếp tục gửi phiếu bầu qua thư theo quy trình cũ, trong khi chính quyền Trump yêu cầu các bang dùng
phong bì thống nhất và nộp danh sách cử tri lên cổng trực tuyến để Dịch vụ Bưu chính có thể từ chối giao phiếu nếu không tuân thủ. Thẩm phán
Samuel A. Alito, Jr. và Clarence Thomas phản đối, còn Thẩm phán Brett M. Kavanaugh đồng ý không áp dụng hạn chế cho cuộc bầu cử giữa nhiệm
kỳ nhưng để ngỏ khả năng ủng hộ chính quyền sau này. Các quan chức bang thuộc đảng Dân chủ và nhóm bảo vệ quyền bầu cử đã kiện, cho rằng
tổng thống không có thẩm quyền và việc thay đổi hệ thống trong vài tuần trước bầu cử là không khả thi. Một báo cáo của người tố giác cảnh báo hệ
thống cổng trực tuyến chưa hoàn thiện và lỗi mã vạch có thể khiến hàng triệu phiếu không được gửi. Nhiều tòa án cấp dưới, trong đó có Thẩm
phán Liên bang Indira Talwani tại Boston và Thẩm phán Carl Nichols tại Washington, D.C., đã ra lệnh tạm đình chỉ các yêu cầu này. Một số bang
như Alabama, North Carolina và Wisconsin đã bắt đầu gửi phiếu qua thư trong khi kế hoạch chưa có hiệu lực.","tòa án tối cao hoa kỳ hôm thứ hai bác yêu cầu của tổng thống donald giây trump nhằm hạn chế phiếu bầu qua thư trước cuộc bầu cử giữa nhiệm.
kỳ tháng mười một. phán quyết cho phép các bang tiếp tục gửi phiếu bầu qua thư theo quy trình cũ, trong khi chính quyền trump yêu cầu các bang dùng.
phong bì thống nhất và nộp danh sách cử tri lên cổng trực tuyến để dịch vụ bưu chính có thể từ chối giao phiếu nếu không tuân thủ. thẩm phán.
samuel a alito, jr. và clarence thomas phản đối, còn thẩm phán brett mờ kavanaugh đồng ý không áp dụng hạn chế cho cuộc bầu cử giữa nhiệm.
kỳ nhưng để ngỏ khả năng ủng hộ chính quyền sau này. các quan chức bang thuộc đảng dân chủ và nhóm bảo vệ quyền bầu cử đã kiện, cho rằng.
tổng thống không có thẩm quyền và việc thay đổi hệ thống trong vài tuần trước bầu cử là không khả thi. một báo cáo của người tố giác cảnh báo hệ.
thống cổng trực tuyến chưa hoàn thiện và lỗi mã vạch có thể khiến hàng triệu phiếu không được gửi. nhiều tòa án cấp dưới, trong đó có thẩm.
phán liên bang indira talwani tại boston và thẩm phán carl nichols tại washington, đê xê, đã ra lệnh tạm đình chỉ các yêu cầu này. một số bang.
như alabama, north carolina và wisconsin đã bắt đầu gửi phiếu qua thư trong khi kế hoạch chưa có hiệu lực.",,"samuel a alito, jr. và clarence thomas phản đối, còn thẩm phán brett mờ kavanaugh đồng ý không áp dụng hạn chế cho cuộc bầu cử giữa nhiệm.","samuel a alito, jr. và clarence thomas phản đối, còn thẩm phán brett mờ kavanaugh đồng ý không áp dụng hạn chế cho cuộc bầu cử giữa nhiệm.",True,"sˈæmjuːl ɐ ælˈiːɾoʊ, dʒˌeɪˈɑːɹ. vˌaː2 klˈæɹəns tˈɑːməs fˈaː4n ɗˈoɜj, kˌɔ2n tˈə4m fˈaːɜn bɹˈɛt mˈəː2 kˈævɐnˌɔː ɗˈo2ŋ ˈiɜ xˌoŋ ˈaːɜp zˈu6ŋ hˈaː6n tʃˈeɜ tʃˌɔ kˈuə6c bˈə2w kˈy4 zˈyə5 ɲˈiɛ6m.","sˈæmjuːl ɐ ælˈiːɾoʊ, dʒˌeɪˈɑːɹ. vˌaː2 klˈæɹəns tˈɑːməs fˈaː4n ɗˈoɜj, kˌɔ2n tˈə4m fˈaːɜn bɹˈɛt mˈəː2 kˈævɐnˌɔː ɗˈo2ŋ ˈiɜ xˌoŋ ˈaːɜp zˈu6ŋ hˈaː6n tʃˈeɜ tʃˌɔ kˈuə6c bˈə2w kˈy4 zˈyə5 ɲˈiɛ6m.",para,40F0AEAE73021A4C6447FDD39D345638AFA6AB0FE55D4F596E69E3D5E8B5F163
danhgia_tts.txt,danhgia_tts-008,Văn bản 8,danhgia_tts-008-c005,5,"Tòa án Tối cao Hoa Kỳ hôm thứ Hai bác yêu cầu của Tổng thống Donald J. Trump nhằm hạn chế phiếu bầu qua thư trước cuộc bầu cử giữa nhiệm
kỳ tháng 11. Phán quyết cho phép các bang tiếp tục gửi phiếu bầu qua thư theo quy trình cũ, trong khi chính quyền Trump yêu cầu các bang dùng
phong bì thống nhất và nộp danh sách cử tri lên cổng trực tuyến để Dịch vụ Bưu chính có thể từ chối giao phiếu nếu không tuân thủ. Thẩm phán
Samuel A. Alito, Jr. và Clarence Thomas phản đối, còn Thẩm phán Brett M. Kavanaugh đồng ý không áp dụng hạn chế cho cuộc bầu cử giữa nhiệm
kỳ nhưng để ngỏ khả năng ủng hộ chính quyền sau này. Các quan chức bang thuộc đảng Dân chủ và nhóm bảo vệ quyền bầu cử đã kiện, cho rằng
tổng thống không có thẩm quyền và việc thay đổi hệ thống trong vài tuần trước bầu cử là không khả thi. Một báo cáo của người tố giác cảnh báo hệ
thống cổng trực tuyến chưa hoàn thiện và lỗi mã vạch có thể khiến hàng triệu phiếu không được gửi. Nhiều tòa án cấp dưới, trong đó có Thẩm
phán Liên bang Indira Talwani tại Boston và Thẩm phán Carl Nichols tại Washington, D.C., đã ra lệnh tạm đình chỉ các yêu cầu này. Một số bang
như Alabama, North Carolina và Wisconsin đã bắt đầu gửi phiếu qua thư trong khi kế hoạch chưa có hiệu lực.","tòa án tối cao hoa kỳ hôm thứ hai bác yêu cầu của tổng thống donald giây trump nhằm hạn chế phiếu bầu qua thư trước cuộc bầu cử giữa nhiệm.
kỳ tháng mười một. phán quyết cho phép các bang tiếp tục gửi phiếu bầu qua thư theo quy trình cũ, trong khi chính quyền trump yêu cầu các bang dùng.
phong bì thống nhất và nộp danh sách cử tri lên cổng trực tuyến để dịch vụ bưu chính có thể từ chối giao phiếu nếu không tuân thủ. thẩm phán.
samuel a alito, jr. và clarence thomas phản đối, còn thẩm phán brett mờ kavanaugh đồng ý không áp dụng hạn chế cho cuộc bầu cử giữa nhiệm.
kỳ nhưng để ngỏ khả năng ủng hộ chính quyền sau này. các quan chức bang thuộc đảng dân chủ và nhóm bảo vệ quyền bầu cử đã kiện, cho rằng.
tổng thống không có thẩm quyền và việc thay đổi hệ thống trong vài tuần trước bầu cử là không khả thi. một báo cáo của người tố giác cảnh báo hệ.
thống cổng trực tuyến chưa hoàn thiện và lỗi mã vạch có thể khiến hàng triệu phiếu không được gửi. nhiều tòa án cấp dưới, trong đó có thẩm.
phán liên bang indira talwani tại boston và thẩm phán carl nichols tại washington, đê xê, đã ra lệnh tạm đình chỉ các yêu cầu này. một số bang.
như alabama, north carolina và wisconsin đã bắt đầu gửi phiếu qua thư trong khi kế hoạch chưa có hiệu lực.",,"kỳ nhưng để ngỏ khả năng ủng hộ chính quyền sau này. các quan chức bang thuộc đảng dân chủ và nhóm bảo vệ quyền bầu cử đã kiện, cho rằng.","kỳ nhưng để ngỏ khả năng ủng hộ chính quyền sau này. các quan chức bang thuộc đảng dân chủ và nhóm bảo vệ quyền bầu cử đã kiện, cho rằng.",True,"kˈi2 ɲˌyŋ ɗˌe4 ŋˈɔ4 xˈaː4 nˈaŋ ˈu4ŋ hˈo6 tʃˈiɜɲ kwˈiɛ2n sˈaw nˈa2j. kˌaːɜc kwˈaːn tʃˈyɜc bˈaːŋ tˈuə6c ɗˈaː4ŋ zˈən tʃˈu4 vˌaː2 ɲˈɔɜm bˈaː4w vˈe6 kwˈiɛ2n bˈə2w kˈy4 ɗˌaː5 kˈiɛ6n, tʃˌɔ ɹˈa2ŋ.","kˈi2 ɲˌyŋ ɗˌe4 ŋˈɔ4 xˈaː4 nˈaŋ ˈu4ŋ hˈo6 tʃˈiɜɲ kwˈiɛ2n sˈaw nˈa2j. kˌaːɜc kwˈaːn tʃˈyɜc bˈaːŋ tˈuə6c ɗˈaː4ŋ zˈən tʃˈu4 vˌaː2 ɲˈɔɜm bˈaː4w vˈe6 kwˈiɛ2n bˈə2w kˈy4 ɗˌaː5 kˈiɛ6n, tʃˌɔ ɹˈa2ŋ.",para,40F0AEAE73021A4C6447FDD39D345638AFA6AB0FE55D4F596E69E3D5E8B5F163
danhgia_tts.txt,danhgia_tts-008,Văn bản 8,danhgia_tts-008-c006,6,"Tòa án Tối cao Hoa Kỳ hôm thứ Hai bác yêu cầu của Tổng thống Donald J. Trump nhằm hạn chế phiếu bầu qua thư trước cuộc bầu cử giữa nhiệm
kỳ tháng 11. Phán quyết cho phép các bang tiếp tục gửi phiếu bầu qua thư theo quy trình cũ, trong khi chính quyền Trump yêu cầu các bang dùng
phong bì thống nhất và nộp danh sách cử tri lên cổng trực tuyến để Dịch vụ Bưu chính có thể từ chối giao phiếu nếu không tuân thủ. Thẩm phán
Samuel A. Alito, Jr. và Clarence Thomas phản đối, còn Thẩm phán Brett M. Kavanaugh đồng ý không áp dụng hạn chế cho cuộc bầu cử giữa nhiệm
kỳ nhưng để ngỏ khả năng ủng hộ chính quyền sau này. Các quan chức bang thuộc đảng Dân chủ và nhóm bảo vệ quyền bầu cử đã kiện, cho rằng
tổng thống không có thẩm quyền và việc thay đổi hệ thống trong vài tuần trước bầu cử là không khả thi. Một báo cáo của người tố giác cảnh báo hệ
thống cổng trực tuyến chưa hoàn thiện và lỗi mã vạch có thể khiến hàng triệu phiếu không được gửi. Nhiều tòa án cấp dưới, trong đó có Thẩm
phán Liên bang Indira Talwani tại Boston và Thẩm phán Carl Nichols tại Washington, D.C., đã ra lệnh tạm đình chỉ các yêu cầu này. Một số bang
như Alabama, North Carolina và Wisconsin đã bắt đầu gửi phiếu qua thư trong khi kế hoạch chưa có hiệu lực.","tòa án tối cao hoa kỳ hôm thứ hai bác yêu cầu của tổng thống donald giây trump nhằm hạn chế phiếu bầu qua thư trước cuộc bầu cử giữa nhiệm.
kỳ tháng mười một. phán quyết cho phép các bang tiếp tục gửi phiếu bầu qua thư theo quy trình cũ, trong khi chính quyền trump yêu cầu các bang dùng.
phong bì thống nhất và nộp danh sách cử tri lên cổng trực tuyến để dịch vụ bưu chính có thể từ chối giao phiếu nếu không tuân thủ. thẩm phán.
samuel a alito, jr. và clarence thomas phản đối, còn thẩm phán brett mờ kavanaugh đồng ý không áp dụng hạn chế cho cuộc bầu cử giữa nhiệm.
kỳ nhưng để ngỏ khả năng ủng hộ chính quyền sau này. các quan chức bang thuộc đảng dân chủ và nhóm bảo vệ quyền bầu cử đã kiện, cho rằng.
tổng thống không có thẩm quyền và việc thay đổi hệ thống trong vài tuần trước bầu cử là không khả thi. một báo cáo của người tố giác cảnh báo hệ.
thống cổng trực tuyến chưa hoàn thiện và lỗi mã vạch có thể khiến hàng triệu phiếu không được gửi. nhiều tòa án cấp dưới, trong đó có thẩm.
phán liên bang indira talwani tại boston và thẩm phán carl nichols tại washington, đê xê, đã ra lệnh tạm đình chỉ các yêu cầu này. một số bang.
như alabama, north carolina và wisconsin đã bắt đầu gửi phiếu qua thư trong khi kế hoạch chưa có hiệu lực.",,tổng thống không có thẩm quyền và việc thay đổi hệ thống trong vài tuần trước bầu cử là không khả thi. một báo cáo của người tố giác cảnh báo hệ.,tổng thống không có thẩm quyền và việc thay đổi hệ thống trong vài tuần trước bầu cử là không khả thi. một báo cáo của người tố giác cảnh báo hệ.,True,t̪ˈo4ŋ tˈoɜŋ xˌoŋ kˈɔɜ tˈə4m kwˈiɛ2n vˌaː2 vˈiɛ6c tˈaj ɗˈo4j hˈe6 tˈoɜŋ tʃˈɔŋ vˈaː2j t̪wˈə2n tʃˈyəɜc bˈə2w kˈy4 lˌaː2 xˌoŋ xˈaː4 tˈi. mˈo6t̪ bˈaːɜw kˈaːɜw kˌuə4 ŋˈyə2j t̪ˈoɜ zˈaːɜc kˈe-4ɲ bˈaːɜw hˈe6.,t̪ˈo4ŋ tˈoɜŋ xˌoŋ kˈɔɜ tˈə4m kwˈiɛ2n vˌaː2 vˈiɛ6c tˈaj ɗˈo4j hˈe6 tˈoɜŋ tʃˈɔŋ vˈaː2j t̪wˈə2n tʃˈyəɜc bˈə2w kˈy4 lˌaː2 xˌoŋ xˈaː4 tˈi. mˈo6t̪ bˈaːɜw kˈaːɜw kˌuə4 ŋˈyə2j t̪ˈoɜ zˈaːɜc kˈe-4ɲ bˈaːɜw hˈe6.,para,40F0AEAE73021A4C6447FDD39D345638AFA6AB0FE55D4F596E69E3D5E8B5F163
danhgia_tts.txt,danhgia_tts-008,Văn bản 8,danhgia_tts-008-c007,7,"Tòa án Tối cao Hoa Kỳ hôm thứ Hai bác yêu cầu của Tổng thống Donald J. Trump nhằm hạn chế phiếu bầu qua thư trước cuộc bầu cử giữa nhiệm
kỳ tháng 11. Phán quyết cho phép các bang tiếp tục gửi phiếu bầu qua thư theo quy trình cũ, trong khi chính quyền Trump yêu cầu các bang dùng
phong bì thống nhất và nộp danh sách cử tri lên cổng trực tuyến để Dịch vụ Bưu chính có thể từ chối giao phiếu nếu không tuân thủ. Thẩm phán
Samuel A. Alito, Jr. và Clarence Thomas phản đối, còn Thẩm phán Brett M. Kavanaugh đồng ý không áp dụng hạn chế cho cuộc bầu cử giữa nhiệm
kỳ nhưng để ngỏ khả năng ủng hộ chính quyền sau này. Các quan chức bang thuộc đảng Dân chủ và nhóm bảo vệ quyền bầu cử đã kiện, cho rằng
tổng thống không có thẩm quyền và việc thay đổi hệ thống trong vài tuần trước bầu cử là không khả thi. Một báo cáo của người tố giác cảnh báo hệ
thống cổng trực tuyến chưa hoàn thiện và lỗi mã vạch có thể khiến hàng triệu phiếu không được gửi. Nhiều tòa án cấp dưới, trong đó có Thẩm
phán Liên bang Indira Talwani tại Boston và Thẩm phán Carl Nichols tại Washington, D.C., đã ra lệnh tạm đình chỉ các yêu cầu này. Một số bang
như Alabama, North Carolina và Wisconsin đã bắt đầu gửi phiếu qua thư trong khi kế hoạch chưa có hiệu lực.","tòa án tối cao hoa kỳ hôm thứ hai bác yêu cầu của tổng thống donald giây trump nhằm hạn chế phiếu bầu qua thư trước cuộc bầu cử giữa nhiệm.
kỳ tháng mười một. phán quyết cho phép các bang tiếp tục gửi phiếu bầu qua thư theo quy trình cũ, trong khi chính quyền trump yêu cầu các bang dùng.
phong bì thống nhất và nộp danh sách cử tri lên cổng trực tuyến để dịch vụ bưu chính có thể từ chối giao phiếu nếu không tuân thủ. thẩm phán.
samuel a alito, jr. và clarence thomas phản đối, còn thẩm phán brett mờ kavanaugh đồng ý không áp dụng hạn chế cho cuộc bầu cử giữa nhiệm.
kỳ nhưng để ngỏ khả năng ủng hộ chính quyền sau này. các quan chức bang thuộc đảng dân chủ và nhóm bảo vệ quyền bầu cử đã kiện, cho rằng.
tổng thống không có thẩm quyền và việc thay đổi hệ thống trong vài tuần trước bầu cử là không khả thi. một báo cáo của người tố giác cảnh báo hệ.
thống cổng trực tuyến chưa hoàn thiện và lỗi mã vạch có thể khiến hàng triệu phiếu không được gửi. nhiều tòa án cấp dưới, trong đó có thẩm.
phán liên bang indira talwani tại boston và thẩm phán carl nichols tại washington, đê xê, đã ra lệnh tạm đình chỉ các yêu cầu này. một số bang.
như alabama, north carolina và wisconsin đã bắt đầu gửi phiếu qua thư trong khi kế hoạch chưa có hiệu lực.",,"thống cổng trực tuyến chưa hoàn thiện và lỗi mã vạch có thể khiến hàng triệu phiếu không được gửi. nhiều tòa án cấp dưới, trong đó có thẩm.","thống cổng trực tuyến chưa hoàn thiện và lỗi mã vạch có thể khiến hàng triệu phiếu không được gửi. nhiều tòa án cấp dưới, trong đó có thẩm.",True,"tˈoɜŋ kˈo4ŋ tʃˈy6c t̪wˈiɛɜn tʃˌyə hwˈaː2n tˈiɛ6n vˌaː2 lˈo5j mˈaː5 vˈe-6c kˈɔɜ tˈe4 xˈiɛɜn hˈaː2ŋ tʃˈiɛ6w fˈiɛɜw xˌoŋ ɗˌyə6c ɣˈy4j. ɲˈiɛ2w t̪wˈaː2 ˈaːɜn kˈəɜp zˈyəɜj, tʃˈɔŋ ɗˈɔɜ kˈɔɜ tˈə4m.","tˈoɜŋ kˈo4ŋ tʃˈy6c t̪wˈiɛɜn tʃˌyə hwˈaː2n tˈiɛ6n vˌaː2 lˈo5j mˈaː5 vˈe-6c kˈɔɜ tˈe4 xˈiɛɜn hˈaː2ŋ tʃˈiɛ6w fˈiɛɜw xˌoŋ ɗˌyə6c ɣˈy4j. ɲˈiɛ2w t̪wˈaː2 ˈaːɜn kˈəɜp zˈyəɜj, tʃˈɔŋ ɗˈɔɜ kˈɔɜ tˈə4m.",para,40F0AEAE73021A4C6447FDD39D345638AFA6AB0FE55D4F596E69E3D5E8B5F163
danhgia_tts.txt,danhgia_tts-008,Văn bản 8,danhgia_tts-008-c008,8,"Tòa án Tối cao Hoa Kỳ hôm thứ Hai bác yêu cầu của Tổng thống Donald J. Trump nhằm hạn chế phiếu bầu qua thư trước cuộc bầu cử giữa nhiệm
kỳ tháng 11. Phán quyết cho phép các bang tiếp tục gửi phiếu bầu qua thư theo quy trình cũ, trong khi chính quyền Trump yêu cầu các bang dùng
phong bì thống nhất và nộp danh sách cử tri lên cổng trực tuyến để Dịch vụ Bưu chính có thể từ chối giao phiếu nếu không tuân thủ. Thẩm phán
Samuel A. Alito, Jr. và Clarence Thomas phản đối, còn Thẩm phán Brett M. Kavanaugh đồng ý không áp dụng hạn chế cho cuộc bầu cử giữa nhiệm
kỳ nhưng để ngỏ khả năng ủng hộ chính quyền sau này. Các quan chức bang thuộc đảng Dân chủ và nhóm bảo vệ quyền bầu cử đã kiện, cho rằng
tổng thống không có thẩm quyền và việc thay đổi hệ thống trong vài tuần trước bầu cử là không khả thi. Một báo cáo của người tố giác cảnh báo hệ
thống cổng trực tuyến chưa hoàn thiện và lỗi mã vạch có thể khiến hàng triệu phiếu không được gửi. Nhiều tòa án cấp dưới, trong đó có Thẩm
phán Liên bang Indira Talwani tại Boston và Thẩm phán Carl Nichols tại Washington, D.C., đã ra lệnh tạm đình chỉ các yêu cầu này. Một số bang
như Alabama, North Carolina và Wisconsin đã bắt đầu gửi phiếu qua thư trong khi kế hoạch chưa có hiệu lực.","tòa án tối cao hoa kỳ hôm thứ hai bác yêu cầu của tổng thống donald giây trump nhằm hạn chế phiếu bầu qua thư trước cuộc bầu cử giữa nhiệm.
kỳ tháng mười một. phán quyết cho phép các bang tiếp tục gửi phiếu bầu qua thư theo quy trình cũ, trong khi chính quyền trump yêu cầu các bang dùng.
phong bì thống nhất và nộp danh sách cử tri lên cổng trực tuyến để dịch vụ bưu chính có thể từ chối giao phiếu nếu không tuân thủ. thẩm phán.
samuel a alito, jr. và clarence thomas phản đối, còn thẩm phán brett mờ kavanaugh đồng ý không áp dụng hạn chế cho cuộc bầu cử giữa nhiệm.
kỳ nhưng để ngỏ khả năng ủng hộ chính quyền sau này. các quan chức bang thuộc đảng dân chủ và nhóm bảo vệ quyền bầu cử đã kiện, cho rằng.
tổng thống không có thẩm quyền và việc thay đổi hệ thống trong vài tuần trước bầu cử là không khả thi. một báo cáo của người tố giác cảnh báo hệ.
thống cổng trực tuyến chưa hoàn thiện và lỗi mã vạch có thể khiến hàng triệu phiếu không được gửi. nhiều tòa án cấp dưới, trong đó có thẩm.
phán liên bang indira talwani tại boston và thẩm phán carl nichols tại washington, đê xê, đã ra lệnh tạm đình chỉ các yêu cầu này. một số bang.
như alabama, north carolina và wisconsin đã bắt đầu gửi phiếu qua thư trong khi kế hoạch chưa có hiệu lực.",,"phán liên bang indira talwani tại boston và thẩm phán carl nichols tại washington, đê xê, đã ra lệnh tạm đình chỉ các yêu cầu này. một số bang.","phán liên bang indira talwani tại boston và thẩm phán carl nichols tại washington, đê xê, đã ra lệnh tạm đình chỉ các yêu cầu này. một số bang.",True,"fˈaːɜn lˈiɛn bˈæŋ ɪndˈiəɹə tˈælwə nˈi t̪ˈaː6j bˈɔstən vˌaː2 tˈə4m fˈaːɜn kˈɑːɹl nˈɪkəlz t̪ˈaː6j wˈɑːʃɪŋtən, ɗˈe sˈe, ɗˌaː5 ɹˈaː lˈe6ɲ t̪ˈaː6m ɗˈi2ɲ tʃˈi4 kˌaːɜc ˈiɛw kˈə2w nˈa2j. mˈo6t̪ sˈoɜ bˈaːŋ.","fˈaːɜn lˈiɛn bˈæŋ ɪndˈiəɹə tˈælwə nˈi t̪ˈaː6j bˈɔstən vˌaː2 tˈə4m fˈaːɜn kˈɑːɹl nˈɪkəlz t̪ˈaː6j wˈɑːʃɪŋtən, ɗˈe sˈe, ɗˌaː5 ɹˈaː lˈe6ɲ t̪ˈaː6m ɗˈi2ɲ tʃˈi4 kˌaːɜc ˈiɛw kˈə2w nˈa2j. mˈo6t̪ sˈoɜ bˈaːŋ.",para,40F0AEAE73021A4C6447FDD39D345638AFA6AB0FE55D4F596E69E3D5E8B5F163
danhgia_tts.txt,danhgia_tts-008,Văn bản 8,danhgia_tts-008-c009,9,"Tòa án Tối cao Hoa Kỳ hôm thứ Hai bác yêu cầu của Tổng thống Donald J. Trump nhằm hạn chế phiếu bầu qua thư trước cuộc bầu cử giữa nhiệm
kỳ tháng 11. Phán quyết cho phép các bang tiếp tục gửi phiếu bầu qua thư theo quy trình cũ, trong khi chính quyền Trump yêu cầu các bang dùng
phong bì thống nhất và nộp danh sách cử tri lên cổng trực tuyến để Dịch vụ Bưu chính có thể từ chối giao phiếu nếu không tuân thủ. Thẩm phán
Samuel A. Alito, Jr. và Clarence Thomas phản đối, còn Thẩm phán Brett M. Kavanaugh đồng ý không áp dụng hạn chế cho cuộc bầu cử giữa nhiệm
kỳ nhưng để ngỏ khả năng ủng hộ chính quyền sau này. Các quan chức bang thuộc đảng Dân chủ và nhóm bảo vệ quyền bầu cử đã kiện, cho rằng
tổng thống không có thẩm quyền và việc thay đổi hệ thống trong vài tuần trước bầu cử là không khả thi. Một báo cáo của người tố giác cảnh báo hệ
thống cổng trực tuyến chưa hoàn thiện và lỗi mã vạch có thể khiến hàng triệu phiếu không được gửi. Nhiều tòa án cấp dưới, trong đó có Thẩm
phán Liên bang Indira Talwani tại Boston và Thẩm phán Carl Nichols tại Washington, D.C., đã ra lệnh tạm đình chỉ các yêu cầu này. Một số bang
như Alabama, North Carolina và Wisconsin đã bắt đầu gửi phiếu qua thư trong khi kế hoạch chưa có hiệu lực.","tòa án tối cao hoa kỳ hôm thứ hai bác yêu cầu của tổng thống donald giây trump nhằm hạn chế phiếu bầu qua thư trước cuộc bầu cử giữa nhiệm.
kỳ tháng mười một. phán quyết cho phép các bang tiếp tục gửi phiếu bầu qua thư theo quy trình cũ, trong khi chính quyền trump yêu cầu các bang dùng.
phong bì thống nhất và nộp danh sách cử tri lên cổng trực tuyến để dịch vụ bưu chính có thể từ chối giao phiếu nếu không tuân thủ. thẩm phán.
samuel a alito, jr. và clarence thomas phản đối, còn thẩm phán brett mờ kavanaugh đồng ý không áp dụng hạn chế cho cuộc bầu cử giữa nhiệm.
kỳ nhưng để ngỏ khả năng ủng hộ chính quyền sau này. các quan chức bang thuộc đảng dân chủ và nhóm bảo vệ quyền bầu cử đã kiện, cho rằng.
tổng thống không có thẩm quyền và việc thay đổi hệ thống trong vài tuần trước bầu cử là không khả thi. một báo cáo của người tố giác cảnh báo hệ.
thống cổng trực tuyến chưa hoàn thiện và lỗi mã vạch có thể khiến hàng triệu phiếu không được gửi. nhiều tòa án cấp dưới, trong đó có thẩm.
phán liên bang indira talwani tại boston và thẩm phán carl nichols tại washington, đê xê, đã ra lệnh tạm đình chỉ các yêu cầu này. một số bang.
như alabama, north carolina và wisconsin đã bắt đầu gửi phiếu qua thư trong khi kế hoạch chưa có hiệu lực.",,"như alabama, north carolina và wisconsin đã bắt đầu gửi phiếu qua thư trong khi kế hoạch chưa có hiệu lực.","như alabama, north carolina và wisconsin đã bắt đầu gửi phiếu qua thư trong khi kế hoạch chưa có hiệu lực.",True,"ɲˌy ˌæləbˈæmə, nˈɔːɹθ kˌæɹəlˈaɪnə vˌaː2 wɪskˈɑːnsɪn ɗˌaː5 bˈaɜt̪ ɗˈə2w ɣˈy4j fˈiɛɜw kwˈaː tˈy tʃˈɔŋ xˌi kˈeɜ hwˈe-6c tʃˌyə kˈɔɜ hˈiɛ6w lˈy6c.","ɲˌy ˌæləbˈæmə, nˈɔːɹθ kˌæɹəlˈaɪnə vˌaː2 wɪskˈɑːnsɪn ɗˌaː5 bˈaɜt̪ ɗˈə2w ɣˈy4j fˈiɛɜw kwˈaː tˈy tʃˈɔŋ xˌi kˈeɜ hwˈe-6c tʃˌyə kˈɔɜ hˈiɛ6w lˈy6c.",,40F0AEAE73021A4C6447FDD39D345638AFA6AB0FE55D4F596E69E3D5E8B5F163
danhgia_tts.txt,danhgia_tts-009,Văn bản 9,danhgia_tts-009-c001,1,"Thủ tướng Đức Friedrich Merz hôm 14 tháng 9 tại Rovaniemi, Phần Lan, tuyên bố chính phủ ông sẽ tiếp tục làm mọi việc có thể để hỗ trợ Ukraine
trong cuộc chiến chống lại cuộc xâm lược. Ông cảnh báo cuộc chiến có thể bước vào những tuần hoặc tháng quyết định và nhấn mạnh châu Âu cần
duy trì hỗ trợ cho Kyiv cho đến khi kết thúc chiến tranh. Merz cho biết Đức sẽ tăng cường bảo vệ lãnh thổ và cơ sở hạ tầng quan trọng trước các
cuộc tấn công hỗn hợp và dự kiến thay đổi luật pháp điều chỉnh hoạt động của các cơ quan an ninh. Ông cũng kêu gọi thành lập hạm đội tàu phá
băng chung cho các nước phía bắc và cho biết Đức, là nhà tài trợ lớn nhất cho Ukraine, đang chuẩn bị tài trợ mới, trong đó có 60 triệu euro cho nhu
cầu nhân đạo. Merz thừa nhận chỉ trích về việc tài trợ cho Kyiv đang ảnh hưởng tới cử tri của đảng cực hữu Alternative for Germany (AfD) sau khi
đảng này giành thắng lợi ở bang Saxony-Anhalt ngày 21 tháng 9. Ông khẳng định sẽ giữ quyền lực và không lùi bước trước nguy cơ hậu quả không
lường trước nếu Nga thành công. Thủ tướng Latvia Andris Kulsbergs cho rằng nhờ Ukraine mà phần còn lại của châu Âu có thời gian chuẩn bị
nhưng thời gian đó đang bị sử dụng sai cách, và Thủ tướng Ba Lan Donald Tusk cảnh báo những tuần và tháng tới sẽ là giai đoạn hành động rất tích
cực của Nga và không thể loại trừ các cuộc tấn công nghiêm trọng hơn trên lãnh thổ Ba Lan.","thủ tướng đức friedrich merz hôm mười bốn tháng chín tại rovaniemi, phần lan, tuyên bố chính phủ ông sẽ tiếp tục làm mọi việc có thể để hỗ trợ ukraine.
trong cuộc chiến chống lại cuộc xâm lược. ông cảnh báo cuộc chiến có thể bước vào những tuần hoặc tháng quyết định và nhấn mạnh châu âu cần.
duy trì hỗ trợ cho kyiv cho đến khi kết thúc chiến tranh. merz cho biết đức sẽ tăng cường bảo vệ lãnh thổ và cơ sở hạ tầng quan trọng trước các.
cuộc tấn công hỗn hợp và dự kiến thay đổi luật pháp điều chỉnh hoạt động của các cơ quan an ninh. ông cũng kêu gọi thành lập hạm đội tàu phá.
băng chung cho các nước phía bắc và cho biết đức, là nhà tài trợ lớn nhất cho ukraine, đang chuẩn bị tài trợ mới, trong đó có sáu mươi triệu <en>euro</en> cho nhu.
cầu nhân đạo. merz thừa nhận chỉ trích về việc tài trợ cho kyiv đang ảnh hưởng tới cử tri của đảng cực hữu alternative for germany, a ép đê, sau khi.
đảng này giành thắng lợi ở bang saxony anhalt ngày hai mươi mốt tháng chín. ông khẳng định sẽ giữ quyền lực và không lùi bước trước nguy cơ hậu quả không.
lường trước nếu nga thành công. thủ tướng latvia andris kulsbergs cho rằng nhờ ukraine mà phần còn lại của châu âu có thời gian chuẩn bị.
nhưng thời gian đó đang bị sử dụng sai cách, và thủ tướng ba lan donald tusk cảnh báo những tuần và tháng tới sẽ là giai đoạn hành động rất tích.
cực của nga và không thể loại trừ các cuộc tấn công nghiêm trọng hơn trên lãnh thổ ba lan.",,"thủ tướng đức friedrich merz hôm mười bốn tháng chín tại rovaniemi, phần lan, tuyên bố chính phủ ông sẽ tiếp tục làm mọi việc có thể để hỗ trợ ukraine.","thủ tướng đức friedrich merz hôm mười bốn tháng chín tại rovaniemi, phần lan, tuyên bố chính phủ ông sẽ tiếp tục làm mọi việc có thể để hỗ trợ ukraine.",True,"tˈu4 t̪ˈyəɜŋ ɗˈyɜc fɹˈiːdɹɪtʃ mˈɜːz hˈom mˈyə2j bˈoɜn tˈaːɜŋ tʃˈiɜn t̪ˈaː6j ɹˈɑːvɐnˌɪmi, fˈə2n lˈaːn, t̪wˈiɛn bˈoɜ tʃˈiɜɲ fˈu4 ˈoŋ sˌɛ5 t̪ˈiɛɜp t̪ˈu6c lˈaː2m mˌɔ6j vˈiɛ6c kˈɔɜ tˈe4 ɗˌe4 hˈo5 tʃˈəː6 juːkɹˈeɪn.","tˈu4 t̪ˈyəɜŋ ɗˈyɜc fɹˈiːdɹɪtʃ mˈɜːz hˈom mˈyə2j bˈoɜn tˈaːɜŋ tʃˈiɜn t̪ˈaː6j ɹˈɑːvɐnˌɪmi, fˈə2n lˈaːn, t̪wˈiɛn bˈoɜ tʃˈiɜɲ fˈu4 ˈoŋ sˌɛ5 t̪ˈiɛɜp t̪ˈu6c lˈaː2m mˌɔ6j vˈiɛ6c kˈɔɜ tˈe4 ɗˌe4 hˈo5 tʃˈəː6 juːkɹˈeɪn.",para,40F0AEAE73021A4C6447FDD39D345638AFA6AB0FE55D4F596E69E3D5E8B5F163
danhgia_tts.txt,danhgia_tts-009,Văn bản 9,danhgia_tts-009-c002,2,"Thủ tướng Đức Friedrich Merz hôm 14 tháng 9 tại Rovaniemi, Phần Lan, tuyên bố chính phủ ông sẽ tiếp tục làm mọi việc có thể để hỗ trợ Ukraine
trong cuộc chiến chống lại cuộc xâm lược. Ông cảnh báo cuộc chiến có thể bước vào những tuần hoặc tháng quyết định và nhấn mạnh châu Âu cần
duy trì hỗ trợ cho Kyiv cho đến khi kết thúc chiến tranh. Merz cho biết Đức sẽ tăng cường bảo vệ lãnh thổ và cơ sở hạ tầng quan trọng trước các
cuộc tấn công hỗn hợp và dự kiến thay đổi luật pháp điều chỉnh hoạt động của các cơ quan an ninh. Ông cũng kêu gọi thành lập hạm đội tàu phá
băng chung cho các nước phía bắc và cho biết Đức, là nhà tài trợ lớn nhất cho Ukraine, đang chuẩn bị tài trợ mới, trong đó có 60 triệu euro cho nhu
cầu nhân đạo. Merz thừa nhận chỉ trích về việc tài trợ cho Kyiv đang ảnh hưởng tới cử tri của đảng cực hữu Alternative for Germany (AfD) sau khi
đảng này giành thắng lợi ở bang Saxony-Anhalt ngày 21 tháng 9. Ông khẳng định sẽ giữ quyền lực và không lùi bước trước nguy cơ hậu quả không
lường trước nếu Nga thành công. Thủ tướng Latvia Andris Kulsbergs cho rằng nhờ Ukraine mà phần còn lại của châu Âu có thời gian chuẩn bị
nhưng thời gian đó đang bị sử dụng sai cách, và Thủ tướng Ba Lan Donald Tusk cảnh báo những tuần và tháng tới sẽ là giai đoạn hành động rất tích
cực của Nga và không thể loại trừ các cuộc tấn công nghiêm trọng hơn trên lãnh thổ Ba Lan.","thủ tướng đức friedrich merz hôm mười bốn tháng chín tại rovaniemi, phần lan, tuyên bố chính phủ ông sẽ tiếp tục làm mọi việc có thể để hỗ trợ ukraine.
trong cuộc chiến chống lại cuộc xâm lược. ông cảnh báo cuộc chiến có thể bước vào những tuần hoặc tháng quyết định và nhấn mạnh châu âu cần.
duy trì hỗ trợ cho kyiv cho đến khi kết thúc chiến tranh. merz cho biết đức sẽ tăng cường bảo vệ lãnh thổ và cơ sở hạ tầng quan trọng trước các.
cuộc tấn công hỗn hợp và dự kiến thay đổi luật pháp điều chỉnh hoạt động của các cơ quan an ninh. ông cũng kêu gọi thành lập hạm đội tàu phá.
băng chung cho các nước phía bắc và cho biết đức, là nhà tài trợ lớn nhất cho ukraine, đang chuẩn bị tài trợ mới, trong đó có sáu mươi triệu <en>euro</en> cho nhu.
cầu nhân đạo. merz thừa nhận chỉ trích về việc tài trợ cho kyiv đang ảnh hưởng tới cử tri của đảng cực hữu alternative for germany, a ép đê, sau khi.
đảng này giành thắng lợi ở bang saxony anhalt ngày hai mươi mốt tháng chín. ông khẳng định sẽ giữ quyền lực và không lùi bước trước nguy cơ hậu quả không.
lường trước nếu nga thành công. thủ tướng latvia andris kulsbergs cho rằng nhờ ukraine mà phần còn lại của châu âu có thời gian chuẩn bị.
nhưng thời gian đó đang bị sử dụng sai cách, và thủ tướng ba lan donald tusk cảnh báo những tuần và tháng tới sẽ là giai đoạn hành động rất tích.
cực của nga và không thể loại trừ các cuộc tấn công nghiêm trọng hơn trên lãnh thổ ba lan.",,trong cuộc chiến chống lại cuộc xâm lược. ông cảnh báo cuộc chiến có thể bước vào những tuần hoặc tháng quyết định và nhấn mạnh châu âu cần.,trong cuộc chiến chống lại cuộc xâm lược. ông cảnh báo cuộc chiến có thể bước vào những tuần hoặc tháng quyết định và nhấn mạnh châu âu cần.,True,tʃˈɔŋ kˈuə6c tʃˈiɛɜn tʃˈoɜŋ lˈaː6j kˈuə6c sˈəm lˈyə6c. ˈoŋ kˈe-4ɲ bˈaːɜw kˈuə6c tʃˈiɛɜn kˈɔɜ tˈe4 bˈyəɜc vˈaː2w ɲˌy5ŋ t̪wˈə2n hwˌa6c tˈaːɜŋ kwˈiɛɜt̪ ɗˈi6ɲ vˌaː2 ɲˈəɜn mˈe-6ɲ tʃˈə1w ˈə1w kˈə2n.,tʃˈɔŋ kˈuə6c tʃˈiɛɜn tʃˈoɜŋ lˈaː6j kˈuə6c sˈəm lˈyə6c. ˈoŋ kˈe-4ɲ bˈaːɜw kˈuə6c tʃˈiɛɜn kˈɔɜ tˈe4 bˈyəɜc vˈaː2w ɲˌy5ŋ t̪wˈə2n hwˌa6c tˈaːɜŋ kwˈiɛɜt̪ ɗˈi6ɲ vˌaː2 ɲˈəɜn mˈe-6ɲ tʃˈə1w ˈə1w kˈə2n.,para,40F0AEAE73021A4C6447FDD39D345638AFA6AB0FE55D4F596E69E3D5E8B5F163
danhgia_tts.txt,danhgia_tts-009,Văn bản 9,danhgia_tts-009-c003,3,"Thủ tướng Đức Friedrich Merz hôm 14 tháng 9 tại Rovaniemi, Phần Lan, tuyên bố chính phủ ông sẽ tiếp tục làm mọi việc có thể để hỗ trợ Ukraine
trong cuộc chiến chống lại cuộc xâm lược. Ông cảnh báo cuộc chiến có thể bước vào những tuần hoặc tháng quyết định và nhấn mạnh châu Âu cần
duy trì hỗ trợ cho Kyiv cho đến khi kết thúc chiến tranh. Merz cho biết Đức sẽ tăng cường bảo vệ lãnh thổ và cơ sở hạ tầng quan trọng trước các
cuộc tấn công hỗn hợp và dự kiến thay đổi luật pháp điều chỉnh hoạt động của các cơ quan an ninh. Ông cũng kêu gọi thành lập hạm đội tàu phá
băng chung cho các nước phía bắc và cho biết Đức, là nhà tài trợ lớn nhất cho Ukraine, đang chuẩn bị tài trợ mới, trong đó có 60 triệu euro cho nhu
cầu nhân đạo. Merz thừa nhận chỉ trích về việc tài trợ cho Kyiv đang ảnh hưởng tới cử tri của đảng cực hữu Alternative for Germany (AfD) sau khi
đảng này giành thắng lợi ở bang Saxony-Anhalt ngày 21 tháng 9. Ông khẳng định sẽ giữ quyền lực và không lùi bước trước nguy cơ hậu quả không
lường trước nếu Nga thành công. Thủ tướng Latvia Andris Kulsbergs cho rằng nhờ Ukraine mà phần còn lại của châu Âu có thời gian chuẩn bị
nhưng thời gian đó đang bị sử dụng sai cách, và Thủ tướng Ba Lan Donald Tusk cảnh báo những tuần và tháng tới sẽ là giai đoạn hành động rất tích
cực của Nga và không thể loại trừ các cuộc tấn công nghiêm trọng hơn trên lãnh thổ Ba Lan.","thủ tướng đức friedrich merz hôm mười bốn tháng chín tại rovaniemi, phần lan, tuyên bố chính phủ ông sẽ tiếp tục làm mọi việc có thể để hỗ trợ ukraine.
trong cuộc chiến chống lại cuộc xâm lược. ông cảnh báo cuộc chiến có thể bước vào những tuần hoặc tháng quyết định và nhấn mạnh châu âu cần.
duy trì hỗ trợ cho kyiv cho đến khi kết thúc chiến tranh. merz cho biết đức sẽ tăng cường bảo vệ lãnh thổ và cơ sở hạ tầng quan trọng trước các.
cuộc tấn công hỗn hợp và dự kiến thay đổi luật pháp điều chỉnh hoạt động của các cơ quan an ninh. ông cũng kêu gọi thành lập hạm đội tàu phá.
băng chung cho các nước phía bắc và cho biết đức, là nhà tài trợ lớn nhất cho ukraine, đang chuẩn bị tài trợ mới, trong đó có sáu mươi triệu <en>euro</en> cho nhu.
cầu nhân đạo. merz thừa nhận chỉ trích về việc tài trợ cho kyiv đang ảnh hưởng tới cử tri của đảng cực hữu alternative for germany, a ép đê, sau khi.
đảng này giành thắng lợi ở bang saxony anhalt ngày hai mươi mốt tháng chín. ông khẳng định sẽ giữ quyền lực và không lùi bước trước nguy cơ hậu quả không.
lường trước nếu nga thành công. thủ tướng latvia andris kulsbergs cho rằng nhờ ukraine mà phần còn lại của châu âu có thời gian chuẩn bị.
nhưng thời gian đó đang bị sử dụng sai cách, và thủ tướng ba lan donald tusk cảnh báo những tuần và tháng tới sẽ là giai đoạn hành động rất tích.
cực của nga và không thể loại trừ các cuộc tấn công nghiêm trọng hơn trên lãnh thổ ba lan.",,duy trì hỗ trợ cho kyiv cho đến khi kết thúc chiến tranh. merz cho biết đức sẽ tăng cường bảo vệ lãnh thổ và cơ sở hạ tầng quan trọng trước các.,duy trì hỗ trợ cho kyiv cho đến khi kết thúc chiến tranh. merz cho biết đức sẽ tăng cường bảo vệ lãnh thổ và cơ sở hạ tầng quan trọng trước các.,True,zwˈi tʃˈi2 hˈo5 tʃˈəː6 tʃˌɔ kjˈɪv tʃˌɔ ɗˌeɜn xˌi kˈeɜt̪ tˈuɜc tʃˈiɛɜn tʃˈe-ɲ. mˈɜːz tʃˌɔ bˈiɛɜt̪ ɗˈyɜc sˌɛ5 t̪ˈaŋ kˈyə2ŋ bˈaː4w vˈe6 lˈe-5ɲ tˈo4 vˌaː2 kˈəː sˈəː4 hˈaː6 t̪ˈə2ŋ kwˈaːn tʃˈɔ6ŋ tʃˈyəɜc kˌaːɜc.,zwˈi tʃˈi2 hˈo5 tʃˈəː6 tʃˌɔ kjˈɪv tʃˌɔ ɗˌeɜn xˌi kˈeɜt̪ tˈuɜc tʃˈiɛɜn tʃˈe-ɲ. mˈɜːz tʃˌɔ bˈiɛɜt̪ ɗˈyɜc sˌɛ5 t̪ˈaŋ kˈyə2ŋ bˈaː4w vˈe6 lˈe-5ɲ tˈo4 vˌaː2 kˈəː sˈəː4 hˈaː6 t̪ˈə2ŋ kwˈaːn tʃˈɔ6ŋ tʃˈyəɜc kˌaːɜc.,para,40F0AEAE73021A4C6447FDD39D345638AFA6AB0FE55D4F596E69E3D5E8B5F163
danhgia_tts.txt,danhgia_tts-009,Văn bản 9,danhgia_tts-009-c004,4,"Thủ tướng Đức Friedrich Merz hôm 14 tháng 9 tại Rovaniemi, Phần Lan, tuyên bố chính phủ ông sẽ tiếp tục làm mọi việc có thể để hỗ trợ Ukraine
trong cuộc chiến chống lại cuộc xâm lược. Ông cảnh báo cuộc chiến có thể bước vào những tuần hoặc tháng quyết định và nhấn mạnh châu Âu cần
duy trì hỗ trợ cho Kyiv cho đến khi kết thúc chiến tranh. Merz cho biết Đức sẽ tăng cường bảo vệ lãnh thổ và cơ sở hạ tầng quan trọng trước các
cuộc tấn công hỗn hợp và dự kiến thay đổi luật pháp điều chỉnh hoạt động của các cơ quan an ninh. Ông cũng kêu gọi thành lập hạm đội tàu phá
băng chung cho các nước phía bắc và cho biết Đức, là nhà tài trợ lớn nhất cho Ukraine, đang chuẩn bị tài trợ mới, trong đó có 60 triệu euro cho nhu
cầu nhân đạo. Merz thừa nhận chỉ trích về việc tài trợ cho Kyiv đang ảnh hưởng tới cử tri của đảng cực hữu Alternative for Germany (AfD) sau khi
đảng này giành thắng lợi ở bang Saxony-Anhalt ngày 21 tháng 9. Ông khẳng định sẽ giữ quyền lực và không lùi bước trước nguy cơ hậu quả không
lường trước nếu Nga thành công. Thủ tướng Latvia Andris Kulsbergs cho rằng nhờ Ukraine mà phần còn lại của châu Âu có thời gian chuẩn bị
nhưng thời gian đó đang bị sử dụng sai cách, và Thủ tướng Ba Lan Donald Tusk cảnh báo những tuần và tháng tới sẽ là giai đoạn hành động rất tích
cực của Nga và không thể loại trừ các cuộc tấn công nghiêm trọng hơn trên lãnh thổ Ba Lan.","thủ tướng đức friedrich merz hôm mười bốn tháng chín tại rovaniemi, phần lan, tuyên bố chính phủ ông sẽ tiếp tục làm mọi việc có thể để hỗ trợ ukraine.
trong cuộc chiến chống lại cuộc xâm lược. ông cảnh báo cuộc chiến có thể bước vào những tuần hoặc tháng quyết định và nhấn mạnh châu âu cần.
duy trì hỗ trợ cho kyiv cho đến khi kết thúc chiến tranh. merz cho biết đức sẽ tăng cường bảo vệ lãnh thổ và cơ sở hạ tầng quan trọng trước các.
cuộc tấn công hỗn hợp và dự kiến thay đổi luật pháp điều chỉnh hoạt động của các cơ quan an ninh. ông cũng kêu gọi thành lập hạm đội tàu phá.
băng chung cho các nước phía bắc và cho biết đức, là nhà tài trợ lớn nhất cho ukraine, đang chuẩn bị tài trợ mới, trong đó có sáu mươi triệu <en>euro</en> cho nhu.
cầu nhân đạo. merz thừa nhận chỉ trích về việc tài trợ cho kyiv đang ảnh hưởng tới cử tri của đảng cực hữu alternative for germany, a ép đê, sau khi.
đảng này giành thắng lợi ở bang saxony anhalt ngày hai mươi mốt tháng chín. ông khẳng định sẽ giữ quyền lực và không lùi bước trước nguy cơ hậu quả không.
lường trước nếu nga thành công. thủ tướng latvia andris kulsbergs cho rằng nhờ ukraine mà phần còn lại của châu âu có thời gian chuẩn bị.
nhưng thời gian đó đang bị sử dụng sai cách, và thủ tướng ba lan donald tusk cảnh báo những tuần và tháng tới sẽ là giai đoạn hành động rất tích.
cực của nga và không thể loại trừ các cuộc tấn công nghiêm trọng hơn trên lãnh thổ ba lan.",,cuộc tấn công hỗn hợp và dự kiến thay đổi luật pháp điều chỉnh hoạt động của các cơ quan an ninh. ông cũng kêu gọi thành lập hạm đội tàu phá.,cuộc tấn công hỗn hợp và dự kiến thay đổi luật pháp điều chỉnh hoạt động của các cơ quan an ninh. ông cũng kêu gọi thành lập hạm đội tàu phá.,True,kˈuə6c t̪ˈəɜn kˈoŋ hˈo5n hˈəː6p vˌaː2 zˈy6 kˈiɛɜn tˈaj ɗˈo4j lwˈə6t̪ fˈaːɜp ɗˈiɛ2w tʃˈi4ɲ hwˈaː6t̪ ɗˈo6ŋ kˌuə4 kˌaːɜc kˈəː kwˈaːn ˈaːn nˈiɲ. ˈoŋ kˈu5ŋ kˈe1w ɣˈɔ6j tˈe-2ɲ lˈə6p hˈaː6m ɗˈo6j t̪ˈa2w fˈaːɜ.,kˈuə6c t̪ˈəɜn kˈoŋ hˈo5n hˈəː6p vˌaː2 zˈy6 kˈiɛɜn tˈaj ɗˈo4j lwˈə6t̪ fˈaːɜp ɗˈiɛ2w tʃˈi4ɲ hwˈaː6t̪ ɗˈo6ŋ kˌuə4 kˌaːɜc kˈəː kwˈaːn ˈaːn nˈiɲ. ˈoŋ kˈu5ŋ kˈe1w ɣˈɔ6j tˈe-2ɲ lˈə6p hˈaː6m ɗˈo6j t̪ˈa2w fˈaːɜ.,para,40F0AEAE73021A4C6447FDD39D345638AFA6AB0FE55D4F596E69E3D5E8B5F163
danhgia_tts.txt,danhgia_tts-009,Văn bản 9,danhgia_tts-009-c005,5,"Thủ tướng Đức Friedrich Merz hôm 14 tháng 9 tại Rovaniemi, Phần Lan, tuyên bố chính phủ ông sẽ tiếp tục làm mọi việc có thể để hỗ trợ Ukraine
trong cuộc chiến chống lại cuộc xâm lược. Ông cảnh báo cuộc chiến có thể bước vào những tuần hoặc tháng quyết định và nhấn mạnh châu Âu cần
duy trì hỗ trợ cho Kyiv cho đến khi kết thúc chiến tranh. Merz cho biết Đức sẽ tăng cường bảo vệ lãnh thổ và cơ sở hạ tầng quan trọng trước các
cuộc tấn công hỗn hợp và dự kiến thay đổi luật pháp điều chỉnh hoạt động của các cơ quan an ninh. Ông cũng kêu gọi thành lập hạm đội tàu phá
băng chung cho các nước phía bắc và cho biết Đức, là nhà tài trợ lớn nhất cho Ukraine, đang chuẩn bị tài trợ mới, trong đó có 60 triệu euro cho nhu
cầu nhân đạo. Merz thừa nhận chỉ trích về việc tài trợ cho Kyiv đang ảnh hưởng tới cử tri của đảng cực hữu Alternative for Germany (AfD) sau khi
đảng này giành thắng lợi ở bang Saxony-Anhalt ngày 21 tháng 9. Ông khẳng định sẽ giữ quyền lực và không lùi bước trước nguy cơ hậu quả không
lường trước nếu Nga thành công. Thủ tướng Latvia Andris Kulsbergs cho rằng nhờ Ukraine mà phần còn lại của châu Âu có thời gian chuẩn bị
nhưng thời gian đó đang bị sử dụng sai cách, và Thủ tướng Ba Lan Donald Tusk cảnh báo những tuần và tháng tới sẽ là giai đoạn hành động rất tích
cực của Nga và không thể loại trừ các cuộc tấn công nghiêm trọng hơn trên lãnh thổ Ba Lan.","thủ tướng đức friedrich merz hôm mười bốn tháng chín tại rovaniemi, phần lan, tuyên bố chính phủ ông sẽ tiếp tục làm mọi việc có thể để hỗ trợ ukraine.
trong cuộc chiến chống lại cuộc xâm lược. ông cảnh báo cuộc chiến có thể bước vào những tuần hoặc tháng quyết định và nhấn mạnh châu âu cần.
duy trì hỗ trợ cho kyiv cho đến khi kết thúc chiến tranh. merz cho biết đức sẽ tăng cường bảo vệ lãnh thổ và cơ sở hạ tầng quan trọng trước các.
cuộc tấn công hỗn hợp và dự kiến thay đổi luật pháp điều chỉnh hoạt động của các cơ quan an ninh. ông cũng kêu gọi thành lập hạm đội tàu phá.
băng chung cho các nước phía bắc và cho biết đức, là nhà tài trợ lớn nhất cho ukraine, đang chuẩn bị tài trợ mới, trong đó có sáu mươi triệu <en>euro</en> cho nhu.
cầu nhân đạo. merz thừa nhận chỉ trích về việc tài trợ cho kyiv đang ảnh hưởng tới cử tri của đảng cực hữu alternative for germany, a ép đê, sau khi.
đảng này giành thắng lợi ở bang saxony anhalt ngày hai mươi mốt tháng chín. ông khẳng định sẽ giữ quyền lực và không lùi bước trước nguy cơ hậu quả không.
lường trước nếu nga thành công. thủ tướng latvia andris kulsbergs cho rằng nhờ ukraine mà phần còn lại của châu âu có thời gian chuẩn bị.
nhưng thời gian đó đang bị sử dụng sai cách, và thủ tướng ba lan donald tusk cảnh báo những tuần và tháng tới sẽ là giai đoạn hành động rất tích.
cực của nga và không thể loại trừ các cuộc tấn công nghiêm trọng hơn trên lãnh thổ ba lan.",,"băng chung cho các nước phía bắc và cho biết đức, là nhà tài trợ lớn nhất cho ukraine, đang chuẩn bị tài trợ mới, trong đó có sáu mươi triệu <en>euro</en> cho nhu.","băng chung cho các nước phía bắc và cho biết đức, là nhà tài trợ lớn nhất cho ukraine, đang chuẩn bị tài trợ mới, trong đó có sáu mươi triệu <en>euro</en> cho nhu.",True,"bˈaŋ tʃˈuŋ tʃˌɔ kˌaːɜc nˈyəɜc fˈiəɜ bˈaɜc vˌaː2 tʃˌɔ bˈiɛɜt̪ ɗˈyɜc, lˌaː2 ɲˈaː2 t̪ˈaː2j tʃˈəː6 lˈəːɜn ɲˈəɜt̪ tʃˌɔ juːkɹˈeɪn, ɗˌaːŋ tʃwˈə4n bˌi6 t̪ˈaː2j tʃˈəː6 mˈəːɜj, tʃˈɔŋ ɗˈɔɜ kˈɔɜ sˈaɜw mˈyəj tʃˈiɛ6w jˈʊɹɹoʊ tʃˌɔ ɲˈu.","bˈaŋ tʃˈuŋ tʃˌɔ kˌaːɜc nˈyəɜc fˈiəɜ bˈaɜc vˌaː2 tʃˌɔ bˈiɛɜt̪ ɗˈyɜc, lˌaː2 ɲˈaː2 t̪ˈaː2j tʃˈəː6 lˈəːɜn ɲˈəɜt̪ tʃˌɔ juːkɹˈeɪn, ɗˌaːŋ tʃwˈə4n bˌi6 t̪ˈaː2j tʃˈəː6 mˈəːɜj, tʃˈɔŋ ɗˈɔɜ kˈɔɜ sˈaɜw mˈyəj tʃˈiɛ6w jˈʊɹɹoʊ tʃˌɔ ɲˈu.",para,40F0AEAE73021A4C6447FDD39D345638AFA6AB0FE55D4F596E69E3D5E8B5F163
danhgia_tts.txt,danhgia_tts-009,Văn bản 9,danhgia_tts-009-c006,6,"Thủ tướng Đức Friedrich Merz hôm 14 tháng 9 tại Rovaniemi, Phần Lan, tuyên bố chính phủ ông sẽ tiếp tục làm mọi việc có thể để hỗ trợ Ukraine
trong cuộc chiến chống lại cuộc xâm lược. Ông cảnh báo cuộc chiến có thể bước vào những tuần hoặc tháng quyết định và nhấn mạnh châu Âu cần
duy trì hỗ trợ cho Kyiv cho đến khi kết thúc chiến tranh. Merz cho biết Đức sẽ tăng cường bảo vệ lãnh thổ và cơ sở hạ tầng quan trọng trước các
cuộc tấn công hỗn hợp và dự kiến thay đổi luật pháp điều chỉnh hoạt động của các cơ quan an ninh. Ông cũng kêu gọi thành lập hạm đội tàu phá
băng chung cho các nước phía bắc và cho biết Đức, là nhà tài trợ lớn nhất cho Ukraine, đang chuẩn bị tài trợ mới, trong đó có 60 triệu euro cho nhu
cầu nhân đạo. Merz thừa nhận chỉ trích về việc tài trợ cho Kyiv đang ảnh hưởng tới cử tri của đảng cực hữu Alternative for Germany (AfD) sau khi
đảng này giành thắng lợi ở bang Saxony-Anhalt ngày 21 tháng 9. Ông khẳng định sẽ giữ quyền lực và không lùi bước trước nguy cơ hậu quả không
lường trước nếu Nga thành công. Thủ tướng Latvia Andris Kulsbergs cho rằng nhờ Ukraine mà phần còn lại của châu Âu có thời gian chuẩn bị
nhưng thời gian đó đang bị sử dụng sai cách, và Thủ tướng Ba Lan Donald Tusk cảnh báo những tuần và tháng tới sẽ là giai đoạn hành động rất tích
cực của Nga và không thể loại trừ các cuộc tấn công nghiêm trọng hơn trên lãnh thổ Ba Lan.","thủ tướng đức friedrich merz hôm mười bốn tháng chín tại rovaniemi, phần lan, tuyên bố chính phủ ông sẽ tiếp tục làm mọi việc có thể để hỗ trợ ukraine.
trong cuộc chiến chống lại cuộc xâm lược. ông cảnh báo cuộc chiến có thể bước vào những tuần hoặc tháng quyết định và nhấn mạnh châu âu cần.
duy trì hỗ trợ cho kyiv cho đến khi kết thúc chiến tranh. merz cho biết đức sẽ tăng cường bảo vệ lãnh thổ và cơ sở hạ tầng quan trọng trước các.
cuộc tấn công hỗn hợp và dự kiến thay đổi luật pháp điều chỉnh hoạt động của các cơ quan an ninh. ông cũng kêu gọi thành lập hạm đội tàu phá.
băng chung cho các nước phía bắc và cho biết đức, là nhà tài trợ lớn nhất cho ukraine, đang chuẩn bị tài trợ mới, trong đó có sáu mươi triệu <en>euro</en> cho nhu.
cầu nhân đạo. merz thừa nhận chỉ trích về việc tài trợ cho kyiv đang ảnh hưởng tới cử tri của đảng cực hữu alternative for germany, a ép đê, sau khi.
đảng này giành thắng lợi ở bang saxony anhalt ngày hai mươi mốt tháng chín. ông khẳng định sẽ giữ quyền lực và không lùi bước trước nguy cơ hậu quả không.
lường trước nếu nga thành công. thủ tướng latvia andris kulsbergs cho rằng nhờ ukraine mà phần còn lại của châu âu có thời gian chuẩn bị.
nhưng thời gian đó đang bị sử dụng sai cách, và thủ tướng ba lan donald tusk cảnh báo những tuần và tháng tới sẽ là giai đoạn hành động rất tích.
cực của nga và không thể loại trừ các cuộc tấn công nghiêm trọng hơn trên lãnh thổ ba lan.",,"cầu nhân đạo. merz thừa nhận chỉ trích về việc tài trợ cho kyiv đang ảnh hưởng tới cử tri của đảng cực hữu alternative for germany, a ép đê, sau khi.","cầu nhân đạo. merz thừa nhận chỉ trích về việc tài trợ cho kyiv đang ảnh hưởng tới cử tri của đảng cực hữu alternative for germany, a ép đê, sau khi.",True,"kˈə2w ɲˈən ɗˈaː6w. mˈɜːz tˈyə2 ɲˈə6n tʃˈi4 tʃˈiɜc vˈe2 vˈiɛ6c t̪ˈaː2j tʃˈəː6 tʃˌɔ kjˈɪv ɗˌaːŋ ˈe-4ɲ hˈyə4ŋ t̪ˌəːɜj kˈy4 tʃˈi kˌuə4 ɗˈaː4ŋ kˈy6c hˈi5w ɔːltˈɜːnətˌɪv fɔːɹ dʒˈɜːməni, ˈaː ˈɛɜp ɗˈe, sˈaw xˌi.","kˈə2w ɲˈən ɗˈaː6w. mˈɜːz tˈyə2 ɲˈə6n tʃˈi4 tʃˈiɜc vˈe2 vˈiɛ6c t̪ˈaː2j tʃˈəː6 tʃˌɔ kjˈɪv ɗˌaːŋ ˈe-4ɲ hˈyə4ŋ t̪ˌəːɜj kˈy4 tʃˈi kˌuə4 ɗˈaː4ŋ kˈy6c hˈi5w ɔːltˈɜːnətˌɪv fɔːɹ dʒˈɜːməni, ˈaː ˈɛɜp ɗˈe, sˈaw xˌi.",para,40F0AEAE73021A4C6447FDD39D345638AFA6AB0FE55D4F596E69E3D5E8B5F163
danhgia_tts.txt,danhgia_tts-009,Văn bản 9,danhgia_tts-009-c007,7,"Thủ tướng Đức Friedrich Merz hôm 14 tháng 9 tại Rovaniemi, Phần Lan, tuyên bố chính phủ ông sẽ tiếp tục làm mọi việc có thể để hỗ trợ Ukraine
trong cuộc chiến chống lại cuộc xâm lược. Ông cảnh báo cuộc chiến có thể bước vào những tuần hoặc tháng quyết định và nhấn mạnh châu Âu cần
duy trì hỗ trợ cho Kyiv cho đến khi kết thúc chiến tranh. Merz cho biết Đức sẽ tăng cường bảo vệ lãnh thổ và cơ sở hạ tầng quan trọng trước các
cuộc tấn công hỗn hợp và dự kiến thay đổi luật pháp điều chỉnh hoạt động của các cơ quan an ninh. Ông cũng kêu gọi thành lập hạm đội tàu phá
băng chung cho các nước phía bắc và cho biết Đức, là nhà tài trợ lớn nhất cho Ukraine, đang chuẩn bị tài trợ mới, trong đó có 60 triệu euro cho nhu
cầu nhân đạo. Merz thừa nhận chỉ trích về việc tài trợ cho Kyiv đang ảnh hưởng tới cử tri của đảng cực hữu Alternative for Germany (AfD) sau khi
đảng này giành thắng lợi ở bang Saxony-Anhalt ngày 21 tháng 9. Ông khẳng định sẽ giữ quyền lực và không lùi bước trước nguy cơ hậu quả không
lường trước nếu Nga thành công. Thủ tướng Latvia Andris Kulsbergs cho rằng nhờ Ukraine mà phần còn lại của châu Âu có thời gian chuẩn bị
nhưng thời gian đó đang bị sử dụng sai cách, và Thủ tướng Ba Lan Donald Tusk cảnh báo những tuần và tháng tới sẽ là giai đoạn hành động rất tích
cực của Nga và không thể loại trừ các cuộc tấn công nghiêm trọng hơn trên lãnh thổ Ba Lan.","thủ tướng đức friedrich merz hôm mười bốn tháng chín tại rovaniemi, phần lan, tuyên bố chính phủ ông sẽ tiếp tục làm mọi việc có thể để hỗ trợ ukraine.
trong cuộc chiến chống lại cuộc xâm lược. ông cảnh báo cuộc chiến có thể bước vào những tuần hoặc tháng quyết định và nhấn mạnh châu âu cần.
duy trì hỗ trợ cho kyiv cho đến khi kết thúc chiến tranh. merz cho biết đức sẽ tăng cường bảo vệ lãnh thổ và cơ sở hạ tầng quan trọng trước các.
cuộc tấn công hỗn hợp và dự kiến thay đổi luật pháp điều chỉnh hoạt động của các cơ quan an ninh. ông cũng kêu gọi thành lập hạm đội tàu phá.
băng chung cho các nước phía bắc và cho biết đức, là nhà tài trợ lớn nhất cho ukraine, đang chuẩn bị tài trợ mới, trong đó có sáu mươi triệu <en>euro</en> cho nhu.
cầu nhân đạo. merz thừa nhận chỉ trích về việc tài trợ cho kyiv đang ảnh hưởng tới cử tri của đảng cực hữu alternative for germany, a ép đê, sau khi.
đảng này giành thắng lợi ở bang saxony anhalt ngày hai mươi mốt tháng chín. ông khẳng định sẽ giữ quyền lực và không lùi bước trước nguy cơ hậu quả không.
lường trước nếu nga thành công. thủ tướng latvia andris kulsbergs cho rằng nhờ ukraine mà phần còn lại của châu âu có thời gian chuẩn bị.
nhưng thời gian đó đang bị sử dụng sai cách, và thủ tướng ba lan donald tusk cảnh báo những tuần và tháng tới sẽ là giai đoạn hành động rất tích.
cực của nga và không thể loại trừ các cuộc tấn công nghiêm trọng hơn trên lãnh thổ ba lan.",,đảng này giành thắng lợi ở bang saxony anhalt ngày hai mươi mốt tháng chín. ông khẳng định sẽ giữ quyền lực và không lùi bước trước nguy cơ hậu quả không.,đảng này giành thắng lợi ở bang saxony anhalt ngày hai mươi mốt tháng chín. ông khẳng định sẽ giữ quyền lực và không lùi bước trước nguy cơ hậu quả không.,True,ɗˈaː4ŋ nˈa2j zˈe-2ɲ tˈaɜŋ lˈəː6j ˈəː4 bˈæŋ sˈæksəni ˈænhɔlt ŋˈa2j hˈaːj mˈyəj mˈoɜt̪ tˈaːɜŋ tʃˈiɜn. ˈoŋ xˈa4ŋ ɗˈi6ɲ sˌɛ5 zˈy5 kwˈiɛ2n lˈy6c vˌaː2 xˌoŋ lˈu2j bˈyəɜc tʃˈyəɜc ŋwˈi kˈəː hˈə6w kwˈaː4 xˌoŋ.,ɗˈaː4ŋ nˈa2j zˈe-2ɲ tˈaɜŋ lˈəː6j ˈəː4 bˈæŋ sˈæksəni ˈænhɔlt ŋˈa2j hˈaːj mˈyəj mˈoɜt̪ tˈaːɜŋ tʃˈiɜn. ˈoŋ xˈa4ŋ ɗˈi6ɲ sˌɛ5 zˈy5 kwˈiɛ2n lˈy6c vˌaː2 xˌoŋ lˈu2j bˈyəɜc tʃˈyəɜc ŋwˈi kˈəː hˈə6w kwˈaː4 xˌoŋ.,para,40F0AEAE73021A4C6447FDD39D345638AFA6AB0FE55D4F596E69E3D5E8B5F163
danhgia_tts.txt,danhgia_tts-009,Văn bản 9,danhgia_tts-009-c008,8,"Thủ tướng Đức Friedrich Merz hôm 14 tháng 9 tại Rovaniemi, Phần Lan, tuyên bố chính phủ ông sẽ tiếp tục làm mọi việc có thể để hỗ trợ Ukraine
trong cuộc chiến chống lại cuộc xâm lược. Ông cảnh báo cuộc chiến có thể bước vào những tuần hoặc tháng quyết định và nhấn mạnh châu Âu cần
duy trì hỗ trợ cho Kyiv cho đến khi kết thúc chiến tranh. Merz cho biết Đức sẽ tăng cường bảo vệ lãnh thổ và cơ sở hạ tầng quan trọng trước các
cuộc tấn công hỗn hợp và dự kiến thay đổi luật pháp điều chỉnh hoạt động của các cơ quan an ninh. Ông cũng kêu gọi thành lập hạm đội tàu phá
băng chung cho các nước phía bắc và cho biết Đức, là nhà tài trợ lớn nhất cho Ukraine, đang chuẩn bị tài trợ mới, trong đó có 60 triệu euro cho nhu
cầu nhân đạo. Merz thừa nhận chỉ trích về việc tài trợ cho Kyiv đang ảnh hưởng tới cử tri của đảng cực hữu Alternative for Germany (AfD) sau khi
đảng này giành thắng lợi ở bang Saxony-Anhalt ngày 21 tháng 9. Ông khẳng định sẽ giữ quyền lực và không lùi bước trước nguy cơ hậu quả không
lường trước nếu Nga thành công. Thủ tướng Latvia Andris Kulsbergs cho rằng nhờ Ukraine mà phần còn lại của châu Âu có thời gian chuẩn bị
nhưng thời gian đó đang bị sử dụng sai cách, và Thủ tướng Ba Lan Donald Tusk cảnh báo những tuần và tháng tới sẽ là giai đoạn hành động rất tích
cực của Nga và không thể loại trừ các cuộc tấn công nghiêm trọng hơn trên lãnh thổ Ba Lan.","thủ tướng đức friedrich merz hôm mười bốn tháng chín tại rovaniemi, phần lan, tuyên bố chính phủ ông sẽ tiếp tục làm mọi việc có thể để hỗ trợ ukraine.
trong cuộc chiến chống lại cuộc xâm lược. ông cảnh báo cuộc chiến có thể bước vào những tuần hoặc tháng quyết định và nhấn mạnh châu âu cần.
duy trì hỗ trợ cho kyiv cho đến khi kết thúc chiến tranh. merz cho biết đức sẽ tăng cường bảo vệ lãnh thổ và cơ sở hạ tầng quan trọng trước các.
cuộc tấn công hỗn hợp và dự kiến thay đổi luật pháp điều chỉnh hoạt động của các cơ quan an ninh. ông cũng kêu gọi thành lập hạm đội tàu phá.
băng chung cho các nước phía bắc và cho biết đức, là nhà tài trợ lớn nhất cho ukraine, đang chuẩn bị tài trợ mới, trong đó có sáu mươi triệu <en>euro</en> cho nhu.
cầu nhân đạo. merz thừa nhận chỉ trích về việc tài trợ cho kyiv đang ảnh hưởng tới cử tri của đảng cực hữu alternative for germany, a ép đê, sau khi.
đảng này giành thắng lợi ở bang saxony anhalt ngày hai mươi mốt tháng chín. ông khẳng định sẽ giữ quyền lực và không lùi bước trước nguy cơ hậu quả không.
lường trước nếu nga thành công. thủ tướng latvia andris kulsbergs cho rằng nhờ ukraine mà phần còn lại của châu âu có thời gian chuẩn bị.
nhưng thời gian đó đang bị sử dụng sai cách, và thủ tướng ba lan donald tusk cảnh báo những tuần và tháng tới sẽ là giai đoạn hành động rất tích.
cực của nga và không thể loại trừ các cuộc tấn công nghiêm trọng hơn trên lãnh thổ ba lan.",,lường trước nếu nga thành công. thủ tướng latvia andris kulsbergs cho rằng nhờ ukraine mà phần còn lại của châu âu có thời gian chuẩn bị.,lường trước nếu nga thành công. thủ tướng latvia andris kulsbergs cho rằng nhờ ukraine mà phần còn lại của châu âu có thời gian chuẩn bị.,True,lˈyə2ŋ tʃˈyəɜc nˌeɜw ŋˈaː tˈe-2ɲ kˈoŋ. tˈu4 t̪ˈyəɜŋ lˈætviə ˈændɹɪs kˈʌlz bˈɜːɡz tʃˌɔ ɹˈa2ŋ ɲˈəː2 juːkɹˈeɪn mˌaː2 fˈə2n kˌɔ2n lˈaː6j kˌuə4 tʃˈə1w ˈə1w kˈɔɜ tˈəː2j zˈaːn tʃwˈə4n bˌi6.,lˈyə2ŋ tʃˈyəɜc nˌeɜw ŋˈaː tˈe-2ɲ kˈoŋ. tˈu4 t̪ˈyəɜŋ lˈætviə ˈændɹɪs kˈʌlz bˈɜːɡz tʃˌɔ ɹˈa2ŋ ɲˈəː2 juːkɹˈeɪn mˌaː2 fˈə2n kˌɔ2n lˈaː6j kˌuə4 tʃˈə1w ˈə1w kˈɔɜ tˈəː2j zˈaːn tʃwˈə4n bˌi6.,para,40F0AEAE73021A4C6447FDD39D345638AFA6AB0FE55D4F596E69E3D5E8B5F163
danhgia_tts.txt,danhgia_tts-009,Văn bản 9,danhgia_tts-009-c009,9,"Thủ tướng Đức Friedrich Merz hôm 14 tháng 9 tại Rovaniemi, Phần Lan, tuyên bố chính phủ ông sẽ tiếp tục làm mọi việc có thể để hỗ trợ Ukraine
trong cuộc chiến chống lại cuộc xâm lược. Ông cảnh báo cuộc chiến có thể bước vào những tuần hoặc tháng quyết định và nhấn mạnh châu Âu cần
duy trì hỗ trợ cho Kyiv cho đến khi kết thúc chiến tranh. Merz cho biết Đức sẽ tăng cường bảo vệ lãnh thổ và cơ sở hạ tầng quan trọng trước các
cuộc tấn công hỗn hợp và dự kiến thay đổi luật pháp điều chỉnh hoạt động của các cơ quan an ninh. Ông cũng kêu gọi thành lập hạm đội tàu phá
băng chung cho các nước phía bắc và cho biết Đức, là nhà tài trợ lớn nhất cho Ukraine, đang chuẩn bị tài trợ mới, trong đó có 60 triệu euro cho nhu
cầu nhân đạo. Merz thừa nhận chỉ trích về việc tài trợ cho Kyiv đang ảnh hưởng tới cử tri của đảng cực hữu Alternative for Germany (AfD) sau khi
đảng này giành thắng lợi ở bang Saxony-Anhalt ngày 21 tháng 9. Ông khẳng định sẽ giữ quyền lực và không lùi bước trước nguy cơ hậu quả không
lường trước nếu Nga thành công. Thủ tướng Latvia Andris Kulsbergs cho rằng nhờ Ukraine mà phần còn lại của châu Âu có thời gian chuẩn bị
nhưng thời gian đó đang bị sử dụng sai cách, và Thủ tướng Ba Lan Donald Tusk cảnh báo những tuần và tháng tới sẽ là giai đoạn hành động rất tích
cực của Nga và không thể loại trừ các cuộc tấn công nghiêm trọng hơn trên lãnh thổ Ba Lan.","thủ tướng đức friedrich merz hôm mười bốn tháng chín tại rovaniemi, phần lan, tuyên bố chính phủ ông sẽ tiếp tục làm mọi việc có thể để hỗ trợ ukraine.
trong cuộc chiến chống lại cuộc xâm lược. ông cảnh báo cuộc chiến có thể bước vào những tuần hoặc tháng quyết định và nhấn mạnh châu âu cần.
duy trì hỗ trợ cho kyiv cho đến khi kết thúc chiến tranh. merz cho biết đức sẽ tăng cường bảo vệ lãnh thổ và cơ sở hạ tầng quan trọng trước các.
cuộc tấn công hỗn hợp và dự kiến thay đổi luật pháp điều chỉnh hoạt động của các cơ quan an ninh. ông cũng kêu gọi thành lập hạm đội tàu phá.
băng chung cho các nước phía bắc và cho biết đức, là nhà tài trợ lớn nhất cho ukraine, đang chuẩn bị tài trợ mới, trong đó có sáu mươi triệu <en>euro</en> cho nhu.
cầu nhân đạo. merz thừa nhận chỉ trích về việc tài trợ cho kyiv đang ảnh hưởng tới cử tri của đảng cực hữu alternative for germany, a ép đê, sau khi.
đảng này giành thắng lợi ở bang saxony anhalt ngày hai mươi mốt tháng chín. ông khẳng định sẽ giữ quyền lực và không lùi bước trước nguy cơ hậu quả không.
lường trước nếu nga thành công. thủ tướng latvia andris kulsbergs cho rằng nhờ ukraine mà phần còn lại của châu âu có thời gian chuẩn bị.
nhưng thời gian đó đang bị sử dụng sai cách, và thủ tướng ba lan donald tusk cảnh báo những tuần và tháng tới sẽ là giai đoạn hành động rất tích.
cực của nga và không thể loại trừ các cuộc tấn công nghiêm trọng hơn trên lãnh thổ ba lan.",,"nhưng thời gian đó đang bị sử dụng sai cách, và thủ tướng ba lan donald tusk cảnh báo những tuần và tháng tới sẽ là giai đoạn hành động rất tích.","nhưng thời gian đó đang bị sử dụng sai cách, và thủ tướng ba lan donald tusk cảnh báo những tuần và tháng tới sẽ là giai đoạn hành động rất tích.",True,"ɲˌyŋ tˈəː2j zˈaːn ɗˈɔɜ ɗˌaːŋ bˌi6 sˈy4 zˈu6ŋ sˈaːj kˈe-ɜc, vˌaː2 tˈu4 t̪ˈyəɜŋ bˈaː lˈaːn dˈɑːnəld tˈʌsk kˈe-4ɲ bˈaːɜw ɲˌy5ŋ t̪wˈə2n vˌaː2 tˈaːɜŋ t̪ˌəːɜj sˌɛ5 lˌaː2 zˈaːj ɗwˈaː6n hˈe-2ɲ ɗˈo6ŋ ɹˈəɜt̪ t̪ˈiɜc.","ɲˌyŋ tˈəː2j zˈaːn ɗˈɔɜ ɗˌaːŋ bˌi6 sˈy4 zˈu6ŋ sˈaːj kˈe-ɜc, vˌaː2 tˈu4 t̪ˈyəɜŋ bˈaː lˈaːn dˈɑːnəld tˈʌsk kˈe-4ɲ bˈaːɜw ɲˌy5ŋ t̪wˈə2n vˌaː2 tˈaːɜŋ t̪ˌəːɜj sˌɛ5 lˌaː2 zˈaːj ɗwˈaː6n hˈe-2ɲ ɗˈo6ŋ ɹˈəɜt̪ t̪ˈiɜc.",para,40F0AEAE73021A4C6447FDD39D345638AFA6AB0FE55D4F596E69E3D5E8B5F163
danhgia_tts.txt,danhgia_tts-009,Văn bản 9,danhgia_tts-009-c010,10,"Thủ tướng Đức Friedrich Merz hôm 14 tháng 9 tại Rovaniemi, Phần Lan, tuyên bố chính phủ ông sẽ tiếp tục làm mọi việc có thể để hỗ trợ Ukraine
trong cuộc chiến chống lại cuộc xâm lược. Ông cảnh báo cuộc chiến có thể bước vào những tuần hoặc tháng quyết định và nhấn mạnh châu Âu cần
duy trì hỗ trợ cho Kyiv cho đến khi kết thúc chiến tranh. Merz cho biết Đức sẽ tăng cường bảo vệ lãnh thổ và cơ sở hạ tầng quan trọng trước các
cuộc tấn công hỗn hợp và dự kiến thay đổi luật pháp điều chỉnh hoạt động của các cơ quan an ninh. Ông cũng kêu gọi thành lập hạm đội tàu phá
băng chung cho các nước phía bắc và cho biết Đức, là nhà tài trợ lớn nhất cho Ukraine, đang chuẩn bị tài trợ mới, trong đó có 60 triệu euro cho nhu
cầu nhân đạo. Merz thừa nhận chỉ trích về việc tài trợ cho Kyiv đang ảnh hưởng tới cử tri của đảng cực hữu Alternative for Germany (AfD) sau khi
đảng này giành thắng lợi ở bang Saxony-Anhalt ngày 21 tháng 9. Ông khẳng định sẽ giữ quyền lực và không lùi bước trước nguy cơ hậu quả không
lường trước nếu Nga thành công. Thủ tướng Latvia Andris Kulsbergs cho rằng nhờ Ukraine mà phần còn lại của châu Âu có thời gian chuẩn bị
nhưng thời gian đó đang bị sử dụng sai cách, và Thủ tướng Ba Lan Donald Tusk cảnh báo những tuần và tháng tới sẽ là giai đoạn hành động rất tích
cực của Nga và không thể loại trừ các cuộc tấn công nghiêm trọng hơn trên lãnh thổ Ba Lan.","thủ tướng đức friedrich merz hôm mười bốn tháng chín tại rovaniemi, phần lan, tuyên bố chính phủ ông sẽ tiếp tục làm mọi việc có thể để hỗ trợ ukraine.
trong cuộc chiến chống lại cuộc xâm lược. ông cảnh báo cuộc chiến có thể bước vào những tuần hoặc tháng quyết định và nhấn mạnh châu âu cần.
duy trì hỗ trợ cho kyiv cho đến khi kết thúc chiến tranh. merz cho biết đức sẽ tăng cường bảo vệ lãnh thổ và cơ sở hạ tầng quan trọng trước các.
cuộc tấn công hỗn hợp và dự kiến thay đổi luật pháp điều chỉnh hoạt động của các cơ quan an ninh. ông cũng kêu gọi thành lập hạm đội tàu phá.
băng chung cho các nước phía bắc và cho biết đức, là nhà tài trợ lớn nhất cho ukraine, đang chuẩn bị tài trợ mới, trong đó có sáu mươi triệu <en>euro</en> cho nhu.
cầu nhân đạo. merz thừa nhận chỉ trích về việc tài trợ cho kyiv đang ảnh hưởng tới cử tri của đảng cực hữu alternative for germany, a ép đê, sau khi.
đảng này giành thắng lợi ở bang saxony anhalt ngày hai mươi mốt tháng chín. ông khẳng định sẽ giữ quyền lực và không lùi bước trước nguy cơ hậu quả không.
lường trước nếu nga thành công. thủ tướng latvia andris kulsbergs cho rằng nhờ ukraine mà phần còn lại của châu âu có thời gian chuẩn bị.
nhưng thời gian đó đang bị sử dụng sai cách, và thủ tướng ba lan donald tusk cảnh báo những tuần và tháng tới sẽ là giai đoạn hành động rất tích.
cực của nga và không thể loại trừ các cuộc tấn công nghiêm trọng hơn trên lãnh thổ ba lan.",,cực của nga và không thể loại trừ các cuộc tấn công nghiêm trọng hơn trên lãnh thổ ba lan.,cực của nga và không thể loại trừ các cuộc tấn công nghiêm trọng hơn trên lãnh thổ ba lan.,True,kˈy6c kˌuə4 ŋˈaː vˌaː2 xˌoŋ tˈe4 lwˈaː6j tʃˈy2 kˌaːɜc kˈuə6c t̪ˈəɜn kˈoŋ ŋˈiɛm tʃˈɔ6ŋ hˈəːn tʃˈen lˈe-5ɲ tˈo4 bˈaː lˈaːn.,kˈy6c kˌuə4 ŋˈaː vˌaː2 xˌoŋ tˈe4 lwˈaː6j tʃˈy2 kˌaːɜc kˈuə6c t̪ˈəɜn kˈoŋ ŋˈiɛm tʃˈɔ6ŋ hˈəːn tʃˈen lˈe-5ɲ tˈo4 bˈaː lˈaːn.,,40F0AEAE73021A4C6447FDD39D345638AFA6AB0FE55D4F596E69E3D5E8B5F163
danhgia_tts.txt,danhgia_tts-010,Văn bản 10,danhgia_tts-010-c001,1,"Nhà vua Vương quốc Thái Lan Maha Vajiralongkorn và Hoàng hậu sẽ thăm cấp Nhà nước tới Việt Nam từ ngày 14 đến 16/9/2026 theo lời mời của
Tổng Bí thư, Chủ tịch nước Tô Lâm. Chuyến thăm diễn ra trong bối cảnh hai nước kỷ niệm 50 năm thiết lập quan hệ ngoại giao (6/8/1976-6/8
/2026) và quan hệ đã được nâng cấp lên Đối tác Chiến lược Toàn diện vào tháng 5/2025. Trong ba ngày, hai vị sẽ đặt vòng hoa tại Đài tưởng niệm
liệt sĩ Bắc Sơn và Lăng Chủ tịch Hồ Chí Minh, tham dự lễ đón chính thức, gặp Tô Lâm, tiếp kiến Thủ tướng Lê Minh Hưng và Chủ tịch Quốc hội Trần
Thanh Mẫn, dự tiệc chiêu đãi tại Phủ Toàn quyền và thăm các địa điểm văn hóa như chùa Ngọc Sơn, chùa Quán Sứ và Trung tâm Văn hóa Thái tại
Đại học Hà Nội. Đoàn tháp tùng gồm Thủ tướng, Bộ trưởng tháp tùng Anutin Charnvirakul của Thái Lan, Đại sứ Thái Lan tại Việt Nam Urawadee
Sriphiromya, Tổng Thư ký Văn phòng Hoàng gia, Thư ký của Nhà vua, Tướng Không quân Satitpong Sukvimol, Phó Tổng Thư ký Hoàng gia, Trung
tá Somchai Kanjanamanee cùng các sĩ quan tuỳ tùng. Chuyến thăm được đánh giá là dấu mốc lịch sử, lần đầu tiên một quốc vương Thái Lan thăm
chính thức Việt Nam kể từ khi hai nước thiết lập quan hệ ngoại giao năm 1976, và dự kiến mở ra chương mới cho 50 năm tiếp theo của quan hệ
song phương. Hai bên sẽ thúc đẩy hợp tác trên các lĩnh vực chính trị, kinh tế, quốc phòng-an ninh, du lịch, lao động và giáo dục, trong đó hợp tác
kinh tế được nêu là điểm sáng với Thái Lan là đối tác thương mại lớn nhất của Việt Nam trong ASEAN và kim ngạch thương mại hai chiều năm
2025 đạt 22,1 tỷ USD. Các hoạt động hợp tác khác được đề cập gồm kết nối kinh tế, chương trình hành động triển khai quan hệ Đối tác chiến lược
toàn diện giai đoạn 2026-2031, các cơ chế như Ủy ban hỗn hợp Thương mại và Diễn đàn Năng lượng, cùng các dự án giao lưu văn hóa và hỗ trợ bảo
tồn di tích liên quan đến Chủ tịch Hồ Chí Minh và phố Việt Nam tại tỉnh Udon Thani.","nhà vua vương quốc thái lan maha vajiralongkorn và hoàng hậu sẽ thăm cấp nhà nước tới việt nam từ ngày mười bốn đến ngày mười sáu tháng chín năm hai nghìn không trăm hai mươi sáu theo lời mời của.
tổng bí thư, chủ tịch nước tô lâm. chuyến thăm diễn ra trong bối cảnh hai nước kỷ niệm năm mươi năm thiết lập quan hệ ngoại giao ngày sáu tháng tám năm một nghìn chín trăm bảy mươi sáu sáu trên tám.
gạch chéo hai không hai sáu và quan hệ đã được nâng cấp lên đối tác chiến lược toàn diện vào tháng năm hai nghìn không trăm hai mươi lăm. trong ba ngày, hai vị sẽ đặt vòng hoa tại đài tưởng niệm.
liệt sĩ bắc sơn và lăng chủ tịch hồ chí minh, tham dự lễ đón chính thức, gặp tô lâm, tiếp kiến thủ tướng lê minh hưng và chủ tịch quốc hội trần.
thanh mẫn, dự tiệc chiêu đãi tại phủ toàn quyền và thăm các địa điểm văn hóa như chùa ngọc sơn, chùa quán sứ và trung tâm văn hóa thái tại.
đại học hà nội. đoàn tháp tùng gồm thủ tướng, bộ trưởng tháp tùng anutin charnvirakul của thái lan, đại sứ thái lan tại việt nam urawadee.
sriphiromya, tổng thư ký văn phòng hoàng gia, thư ký của nhà vua, tướng không quân satitpong sukvimol, phó tổng thư ký hoàng gia, trung.
tá somchai kanjanamanee cùng các sĩ quan tuỳ tùng. chuyến thăm được đánh giá là dấu mốc lịch sử, lần đầu tiên một quốc vương thái lan thăm.
chính thức việt nam kể từ khi hai nước thiết lập quan hệ ngoại giao năm một nghìn chín trăm bảy mươi sáu, và dự kiến mở ra chương mới cho năm mươi năm tiếp theo của quan hệ.
song phương, hai bên sẽ thúc đẩy hợp tác trên các lĩnh vực chính trị, kinh tế, quốc phòng an ninh, du lịch, lao động và giáo dục, trong đó hợp tác.
kinh tế được nêu là điểm sáng với thái lan là đối tác thương mại lớn nhất của việt nam trong <en>asean</en> và kim ngạch thương mại hai chiều năm.
hai nghìn không trăm hai mươi lăm đạt hai mươi hai phẩy một tỷ <en>u s d</en>. các hoạt động hợp tác khác được đề cập gồm kết nối kinh tế, chương trình hành động triển khai quan hệ đối tác chiến lược.
toàn diện giai đoạn hai nghìn không trăm hai mươi sáu đến hai nghìn không trăm ba mươi mốt, các cơ chế như ủy ban hỗn hợp thương mại và diễn đàn năng lượng, cùng các dự án giao lưu văn hóa và hỗ trợ bảo.
tồn di tích liên quan đến chủ tịch hồ chí minh và phố việt nam tại tỉnh udon thani.",,nhà vua vương quốc thái lan maha vajiralongkorn và hoàng hậu sẽ thăm cấp nhà nước tới việt nam từ ngày mười bốn đến ngày mười sáu tháng chín năm hai nghìn không trăm hai mươi sáu theo lời mời của.,nhà vua vương quốc thái lan maha vajiralongkorn và hoàng hậu sẽ thăm cấp nhà nước tới việt nam từ ngày mười bốn đến ngày mười sáu tháng chín năm hai nghìn không trăm hai mươi sáu theo lời mời của.,True,ɲˈaː2 vˈuə vˈyəŋ kˈuəɜc tˈaːɜj lˈaːn mˈɑːhə vˈædʒɚɹɐlˌɔŋkɔːɹn vˌaː2 hwˈaː2ŋ hˈə6w sˌɛ5 tˈam kˈəɜp ɲˈaː2 nˈyəɜc t̪ˌəːɜj vˈiɛ6t̪ nˈaːm t̪ˌy2 ŋˈa2j mˈyə2j bˈoɜn ɗˌeɜn ŋˈa2j mˈyə2j sˈaɜw tˈaːɜŋ tʃˈiɜn nˈam hˈaːj ŋˈi2n xˌoŋ tʃˈam hˈaːj mˈyəj sˈaɜw tˈɛw lˈəː2j mˈəː2j kˌuə4.,ɲˈaː2 vˈuə vˈyəŋ kˈuəɜc tˈaːɜj lˈaːn mˈɑːhə vˈædʒɚɹɐlˌɔŋkɔːɹn vˌaː2 hwˈaː2ŋ hˈə6w sˌɛ5 tˈam kˈəɜp ɲˈaː2 nˈyəɜc t̪ˌəːɜj vˈiɛ6t̪ nˈaːm t̪ˌy2 ŋˈa2j mˈyə2j bˈoɜn ɗˌeɜn ŋˈa2j mˈyə2j sˈaɜw tˈaːɜŋ tʃˈiɜn nˈam hˈaːj ŋˈi2n xˌoŋ tʃˈam hˈaːj mˈyəj sˈaɜw tˈɛw lˈəː2j mˈəː2j kˌuə4.,para,40F0AEAE73021A4C6447FDD39D345638AFA6AB0FE55D4F596E69E3D5E8B5F163
danhgia_tts.txt,danhgia_tts-010,Văn bản 10,danhgia_tts-010-c002,2,"Nhà vua Vương quốc Thái Lan Maha Vajiralongkorn và Hoàng hậu sẽ thăm cấp Nhà nước tới Việt Nam từ ngày 14 đến 16/9/2026 theo lời mời của
Tổng Bí thư, Chủ tịch nước Tô Lâm. Chuyến thăm diễn ra trong bối cảnh hai nước kỷ niệm 50 năm thiết lập quan hệ ngoại giao (6/8/1976-6/8
/2026) và quan hệ đã được nâng cấp lên Đối tác Chiến lược Toàn diện vào tháng 5/2025. Trong ba ngày, hai vị sẽ đặt vòng hoa tại Đài tưởng niệm
liệt sĩ Bắc Sơn và Lăng Chủ tịch Hồ Chí Minh, tham dự lễ đón chính thức, gặp Tô Lâm, tiếp kiến Thủ tướng Lê Minh Hưng và Chủ tịch Quốc hội Trần
Thanh Mẫn, dự tiệc chiêu đãi tại Phủ Toàn quyền và thăm các địa điểm văn hóa như chùa Ngọc Sơn, chùa Quán Sứ và Trung tâm Văn hóa Thái tại
Đại học Hà Nội. Đoàn tháp tùng gồm Thủ tướng, Bộ trưởng tháp tùng Anutin Charnvirakul của Thái Lan, Đại sứ Thái Lan tại Việt Nam Urawadee
Sriphiromya, Tổng Thư ký Văn phòng Hoàng gia, Thư ký của Nhà vua, Tướng Không quân Satitpong Sukvimol, Phó Tổng Thư ký Hoàng gia, Trung
tá Somchai Kanjanamanee cùng các sĩ quan tuỳ tùng. Chuyến thăm được đánh giá là dấu mốc lịch sử, lần đầu tiên một quốc vương Thái Lan thăm
chính thức Việt Nam kể từ khi hai nước thiết lập quan hệ ngoại giao năm 1976, và dự kiến mở ra chương mới cho 50 năm tiếp theo của quan hệ
song phương. Hai bên sẽ thúc đẩy hợp tác trên các lĩnh vực chính trị, kinh tế, quốc phòng-an ninh, du lịch, lao động và giáo dục, trong đó hợp tác
kinh tế được nêu là điểm sáng với Thái Lan là đối tác thương mại lớn nhất của Việt Nam trong ASEAN và kim ngạch thương mại hai chiều năm
2025 đạt 22,1 tỷ USD. Các hoạt động hợp tác khác được đề cập gồm kết nối kinh tế, chương trình hành động triển khai quan hệ Đối tác chiến lược
toàn diện giai đoạn 2026-2031, các cơ chế như Ủy ban hỗn hợp Thương mại và Diễn đàn Năng lượng, cùng các dự án giao lưu văn hóa và hỗ trợ bảo
tồn di tích liên quan đến Chủ tịch Hồ Chí Minh và phố Việt Nam tại tỉnh Udon Thani.","nhà vua vương quốc thái lan maha vajiralongkorn và hoàng hậu sẽ thăm cấp nhà nước tới việt nam từ ngày mười bốn đến ngày mười sáu tháng chín năm hai nghìn không trăm hai mươi sáu theo lời mời của.
tổng bí thư, chủ tịch nước tô lâm. chuyến thăm diễn ra trong bối cảnh hai nước kỷ niệm năm mươi năm thiết lập quan hệ ngoại giao ngày sáu tháng tám năm một nghìn chín trăm bảy mươi sáu sáu trên tám.
gạch chéo hai không hai sáu và quan hệ đã được nâng cấp lên đối tác chiến lược toàn diện vào tháng năm hai nghìn không trăm hai mươi lăm. trong ba ngày, hai vị sẽ đặt vòng hoa tại đài tưởng niệm.
liệt sĩ bắc sơn và lăng chủ tịch hồ chí minh, tham dự lễ đón chính thức, gặp tô lâm, tiếp kiến thủ tướng lê minh hưng và chủ tịch quốc hội trần.
thanh mẫn, dự tiệc chiêu đãi tại phủ toàn quyền và thăm các địa điểm văn hóa như chùa ngọc sơn, chùa quán sứ và trung tâm văn hóa thái tại.
đại học hà nội. đoàn tháp tùng gồm thủ tướng, bộ trưởng tháp tùng anutin charnvirakul của thái lan, đại sứ thái lan tại việt nam urawadee.
sriphiromya, tổng thư ký văn phòng hoàng gia, thư ký của nhà vua, tướng không quân satitpong sukvimol, phó tổng thư ký hoàng gia, trung.
tá somchai kanjanamanee cùng các sĩ quan tuỳ tùng. chuyến thăm được đánh giá là dấu mốc lịch sử, lần đầu tiên một quốc vương thái lan thăm.
chính thức việt nam kể từ khi hai nước thiết lập quan hệ ngoại giao năm một nghìn chín trăm bảy mươi sáu, và dự kiến mở ra chương mới cho năm mươi năm tiếp theo của quan hệ.
song phương, hai bên sẽ thúc đẩy hợp tác trên các lĩnh vực chính trị, kinh tế, quốc phòng an ninh, du lịch, lao động và giáo dục, trong đó hợp tác.
kinh tế được nêu là điểm sáng với thái lan là đối tác thương mại lớn nhất của việt nam trong <en>asean</en> và kim ngạch thương mại hai chiều năm.
hai nghìn không trăm hai mươi lăm đạt hai mươi hai phẩy một tỷ <en>u s d</en>. các hoạt động hợp tác khác được đề cập gồm kết nối kinh tế, chương trình hành động triển khai quan hệ đối tác chiến lược.
toàn diện giai đoạn hai nghìn không trăm hai mươi sáu đến hai nghìn không trăm ba mươi mốt, các cơ chế như ủy ban hỗn hợp thương mại và diễn đàn năng lượng, cùng các dự án giao lưu văn hóa và hỗ trợ bảo.
tồn di tích liên quan đến chủ tịch hồ chí minh và phố việt nam tại tỉnh udon thani.",,"tổng bí thư, chủ tịch nước tô lâm. chuyến thăm diễn ra trong bối cảnh hai nước kỷ niệm năm mươi năm thiết lập quan hệ ngoại giao ngày sáu tháng tám năm một nghìn chín trăm bảy mươi sáu sáu trên tám.","tổng bí thư, chủ tịch nước tô lâm. chuyến thăm diễn ra trong bối cảnh hai nước kỷ niệm năm mươi năm thiết lập quan hệ ngoại giao ngày sáu tháng tám năm một nghìn chín trăm bảy mươi sáu sáu trên tám.",True,"t̪ˈo4ŋ bˈiɜ tˈy, tʃˈu4 t̪ˈi6c nˈyəɜc t̪ˈo lˈəm. tʃwˈiɛɜn tˈam zˈiɛ5n ɹˈaː tʃˈɔŋ bˈoɜj kˈe-4ɲ hˈaːj nˈyəɜc kˈi4 nˈiɛ6m nˈam mˈyəj nˈam tˈiɛɜt̪ lˈə6p kwˈaːn hˈe6 ŋwˈaː6j zˈaːw ŋˈa2j sˈaɜw tˈaːɜŋ t̪ˈaːɜm nˈam mˈo6t̪ ŋˈi2n tʃˈiɜn tʃˈam bˈa4j mˈyəj sˈaɜw sˈaɜw tʃˈen t̪ˈaːɜm.","t̪ˈo4ŋ bˈiɜ tˈy, tʃˈu4 t̪ˈi6c nˈyəɜc t̪ˈo lˈəm. tʃwˈiɛɜn tˈam zˈiɛ5n ɹˈaː tʃˈɔŋ bˈoɜj kˈe-4ɲ hˈaːj nˈyəɜc kˈi4 nˈiɛ6m nˈam mˈyəj nˈam tˈiɛɜt̪ lˈə6p kwˈaːn hˈe6 ŋwˈaː6j zˈaːw ŋˈa2j sˈaɜw tˈaːɜŋ t̪ˈaːɜm nˈam mˈo6t̪ ŋˈi2n tʃˈiɜn tʃˈam bˈa4j mˈyəj sˈaɜw sˈaɜw tʃˈen t̪ˈaːɜm.",para,40F0AEAE73021A4C6447FDD39D345638AFA6AB0FE55D4F596E69E3D5E8B5F163
danhgia_tts.txt,danhgia_tts-010,Văn bản 10,danhgia_tts-010-c003,3,"Nhà vua Vương quốc Thái Lan Maha Vajiralongkorn và Hoàng hậu sẽ thăm cấp Nhà nước tới Việt Nam từ ngày 14 đến 16/9/2026 theo lời mời của
Tổng Bí thư, Chủ tịch nước Tô Lâm. Chuyến thăm diễn ra trong bối cảnh hai nước kỷ niệm 50 năm thiết lập quan hệ ngoại giao (6/8/1976-6/8
/2026) và quan hệ đã được nâng cấp lên Đối tác Chiến lược Toàn diện vào tháng 5/2025. Trong ba ngày, hai vị sẽ đặt vòng hoa tại Đài tưởng niệm
liệt sĩ Bắc Sơn và Lăng Chủ tịch Hồ Chí Minh, tham dự lễ đón chính thức, gặp Tô Lâm, tiếp kiến Thủ tướng Lê Minh Hưng và Chủ tịch Quốc hội Trần
Thanh Mẫn, dự tiệc chiêu đãi tại Phủ Toàn quyền và thăm các địa điểm văn hóa như chùa Ngọc Sơn, chùa Quán Sứ và Trung tâm Văn hóa Thái tại
Đại học Hà Nội. Đoàn tháp tùng gồm Thủ tướng, Bộ trưởng tháp tùng Anutin Charnvirakul của Thái Lan, Đại sứ Thái Lan tại Việt Nam Urawadee
Sriphiromya, Tổng Thư ký Văn phòng Hoàng gia, Thư ký của Nhà vua, Tướng Không quân Satitpong Sukvimol, Phó Tổng Thư ký Hoàng gia, Trung
tá Somchai Kanjanamanee cùng các sĩ quan tuỳ tùng. Chuyến thăm được đánh giá là dấu mốc lịch sử, lần đầu tiên một quốc vương Thái Lan thăm
chính thức Việt Nam kể từ khi hai nước thiết lập quan hệ ngoại giao năm 1976, và dự kiến mở ra chương mới cho 50 năm tiếp theo của quan hệ
song phương. Hai bên sẽ thúc đẩy hợp tác trên các lĩnh vực chính trị, kinh tế, quốc phòng-an ninh, du lịch, lao động và giáo dục, trong đó hợp tác
kinh tế được nêu là điểm sáng với Thái Lan là đối tác thương mại lớn nhất của Việt Nam trong ASEAN và kim ngạch thương mại hai chiều năm
2025 đạt 22,1 tỷ USD. Các hoạt động hợp tác khác được đề cập gồm kết nối kinh tế, chương trình hành động triển khai quan hệ Đối tác chiến lược
toàn diện giai đoạn 2026-2031, các cơ chế như Ủy ban hỗn hợp Thương mại và Diễn đàn Năng lượng, cùng các dự án giao lưu văn hóa và hỗ trợ bảo
tồn di tích liên quan đến Chủ tịch Hồ Chí Minh và phố Việt Nam tại tỉnh Udon Thani.","nhà vua vương quốc thái lan maha vajiralongkorn và hoàng hậu sẽ thăm cấp nhà nước tới việt nam từ ngày mười bốn đến ngày mười sáu tháng chín năm hai nghìn không trăm hai mươi sáu theo lời mời của.
tổng bí thư, chủ tịch nước tô lâm. chuyến thăm diễn ra trong bối cảnh hai nước kỷ niệm năm mươi năm thiết lập quan hệ ngoại giao ngày sáu tháng tám năm một nghìn chín trăm bảy mươi sáu sáu trên tám.
gạch chéo hai không hai sáu và quan hệ đã được nâng cấp lên đối tác chiến lược toàn diện vào tháng năm hai nghìn không trăm hai mươi lăm. trong ba ngày, hai vị sẽ đặt vòng hoa tại đài tưởng niệm.
liệt sĩ bắc sơn và lăng chủ tịch hồ chí minh, tham dự lễ đón chính thức, gặp tô lâm, tiếp kiến thủ tướng lê minh hưng và chủ tịch quốc hội trần.
thanh mẫn, dự tiệc chiêu đãi tại phủ toàn quyền và thăm các địa điểm văn hóa như chùa ngọc sơn, chùa quán sứ và trung tâm văn hóa thái tại.
đại học hà nội. đoàn tháp tùng gồm thủ tướng, bộ trưởng tháp tùng anutin charnvirakul của thái lan, đại sứ thái lan tại việt nam urawadee.
sriphiromya, tổng thư ký văn phòng hoàng gia, thư ký của nhà vua, tướng không quân satitpong sukvimol, phó tổng thư ký hoàng gia, trung.
tá somchai kanjanamanee cùng các sĩ quan tuỳ tùng. chuyến thăm được đánh giá là dấu mốc lịch sử, lần đầu tiên một quốc vương thái lan thăm.
chính thức việt nam kể từ khi hai nước thiết lập quan hệ ngoại giao năm một nghìn chín trăm bảy mươi sáu, và dự kiến mở ra chương mới cho năm mươi năm tiếp theo của quan hệ.
song phương, hai bên sẽ thúc đẩy hợp tác trên các lĩnh vực chính trị, kinh tế, quốc phòng an ninh, du lịch, lao động và giáo dục, trong đó hợp tác.
kinh tế được nêu là điểm sáng với thái lan là đối tác thương mại lớn nhất của việt nam trong <en>asean</en> và kim ngạch thương mại hai chiều năm.
hai nghìn không trăm hai mươi lăm đạt hai mươi hai phẩy một tỷ <en>u s d</en>. các hoạt động hợp tác khác được đề cập gồm kết nối kinh tế, chương trình hành động triển khai quan hệ đối tác chiến lược.
toàn diện giai đoạn hai nghìn không trăm hai mươi sáu đến hai nghìn không trăm ba mươi mốt, các cơ chế như ủy ban hỗn hợp thương mại và diễn đàn năng lượng, cùng các dự án giao lưu văn hóa và hỗ trợ bảo.
tồn di tích liên quan đến chủ tịch hồ chí minh và phố việt nam tại tỉnh udon thani.",,"gạch chéo hai không hai sáu và quan hệ đã được nâng cấp lên đối tác chiến lược toàn diện vào tháng năm hai nghìn không trăm hai mươi lăm. trong ba ngày, hai vị sẽ đặt vòng hoa tại đài tưởng niệm.","gạch chéo hai không hai sáu và quan hệ đã được nâng cấp lên đối tác chiến lược toàn diện vào tháng năm hai nghìn không trăm hai mươi lăm. trong ba ngày, hai vị sẽ đặt vòng hoa tại đài tưởng niệm.",True,"ɣˈe-6c tʃˈɛɜw hˈaːj xˌoŋ hˈaːj sˈaɜw vˌaː2 kwˈaːn hˈe6 ɗˌaː5 ɗˌyə6c nˈəŋ kˈəɜp lˈen ɗˈoɜj t̪ˈaːɜc tʃˈiɛɜn lˈyə6c t̪wˈaː2n zˈiɛ6n vˈaː2w tˈaːɜŋ nˈam hˈaːj ŋˈi2n xˌoŋ tʃˈam hˈaːj mˈyəj lˈam. tʃˈɔŋ bˈaː ŋˈa2j, hˈaːj vˈi6 sˌɛ5 ɗˈa6t̪ vˈɔ2ŋ hwˈaː t̪ˈaː6j ɗˈaː2j t̪ˈyə4ŋ nˈiɛ6m.","ɣˈe-6c tʃˈɛɜw hˈaːj xˌoŋ hˈaːj sˈaɜw vˌaː2 kwˈaːn hˈe6 ɗˌaː5 ɗˌyə6c nˈəŋ kˈəɜp lˈen ɗˈoɜj t̪ˈaːɜc tʃˈiɛɜn lˈyə6c t̪wˈaː2n zˈiɛ6n vˈaː2w tˈaːɜŋ nˈam hˈaːj ŋˈi2n xˌoŋ tʃˈam hˈaːj mˈyəj lˈam. tʃˈɔŋ bˈaː ŋˈa2j, hˈaːj vˈi6 sˌɛ5 ɗˈa6t̪ vˈɔ2ŋ hwˈaː t̪ˈaː6j ɗˈaː2j t̪ˈyə4ŋ nˈiɛ6m.",para,40F0AEAE73021A4C6447FDD39D345638AFA6AB0FE55D4F596E69E3D5E8B5F163
danhgia_tts.txt,danhgia_tts-010,Văn bản 10,danhgia_tts-010-c004,4,"Nhà vua Vương quốc Thái Lan Maha Vajiralongkorn và Hoàng hậu sẽ thăm cấp Nhà nước tới Việt Nam từ ngày 14 đến 16/9/2026 theo lời mời của
Tổng Bí thư, Chủ tịch nước Tô Lâm. Chuyến thăm diễn ra trong bối cảnh hai nước kỷ niệm 50 năm thiết lập quan hệ ngoại giao (6/8/1976-6/8
/2026) và quan hệ đã được nâng cấp lên Đối tác Chiến lược Toàn diện vào tháng 5/2025. Trong ba ngày, hai vị sẽ đặt vòng hoa tại Đài tưởng niệm
liệt sĩ Bắc Sơn và Lăng Chủ tịch Hồ Chí Minh, tham dự lễ đón chính thức, gặp Tô Lâm, tiếp kiến Thủ tướng Lê Minh Hưng và Chủ tịch Quốc hội Trần
Thanh Mẫn, dự tiệc chiêu đãi tại Phủ Toàn quyền và thăm các địa điểm văn hóa như chùa Ngọc Sơn, chùa Quán Sứ và Trung tâm Văn hóa Thái tại
Đại học Hà Nội. Đoàn tháp tùng gồm Thủ tướng, Bộ trưởng tháp tùng Anutin Charnvirakul của Thái Lan, Đại sứ Thái Lan tại Việt Nam Urawadee
Sriphiromya, Tổng Thư ký Văn phòng Hoàng gia, Thư ký của Nhà vua, Tướng Không quân Satitpong Sukvimol, Phó Tổng Thư ký Hoàng gia, Trung
tá Somchai Kanjanamanee cùng các sĩ quan tuỳ tùng. Chuyến thăm được đánh giá là dấu mốc lịch sử, lần đầu tiên một quốc vương Thái Lan thăm
chính thức Việt Nam kể từ khi hai nước thiết lập quan hệ ngoại giao năm 1976, và dự kiến mở ra chương mới cho 50 năm tiếp theo của quan hệ
song phương. Hai bên sẽ thúc đẩy hợp tác trên các lĩnh vực chính trị, kinh tế, quốc phòng-an ninh, du lịch, lao động và giáo dục, trong đó hợp tác
kinh tế được nêu là điểm sáng với Thái Lan là đối tác thương mại lớn nhất của Việt Nam trong ASEAN và kim ngạch thương mại hai chiều năm
2025 đạt 22,1 tỷ USD. Các hoạt động hợp tác khác được đề cập gồm kết nối kinh tế, chương trình hành động triển khai quan hệ Đối tác chiến lược
toàn diện giai đoạn 2026-2031, các cơ chế như Ủy ban hỗn hợp Thương mại và Diễn đàn Năng lượng, cùng các dự án giao lưu văn hóa và hỗ trợ bảo
tồn di tích liên quan đến Chủ tịch Hồ Chí Minh và phố Việt Nam tại tỉnh Udon Thani.","nhà vua vương quốc thái lan maha vajiralongkorn và hoàng hậu sẽ thăm cấp nhà nước tới việt nam từ ngày mười bốn đến ngày mười sáu tháng chín năm hai nghìn không trăm hai mươi sáu theo lời mời của.
tổng bí thư, chủ tịch nước tô lâm. chuyến thăm diễn ra trong bối cảnh hai nước kỷ niệm năm mươi năm thiết lập quan hệ ngoại giao ngày sáu tháng tám năm một nghìn chín trăm bảy mươi sáu sáu trên tám.
gạch chéo hai không hai sáu và quan hệ đã được nâng cấp lên đối tác chiến lược toàn diện vào tháng năm hai nghìn không trăm hai mươi lăm. trong ba ngày, hai vị sẽ đặt vòng hoa tại đài tưởng niệm.
liệt sĩ bắc sơn và lăng chủ tịch hồ chí minh, tham dự lễ đón chính thức, gặp tô lâm, tiếp kiến thủ tướng lê minh hưng và chủ tịch quốc hội trần.
thanh mẫn, dự tiệc chiêu đãi tại phủ toàn quyền và thăm các địa điểm văn hóa như chùa ngọc sơn, chùa quán sứ và trung tâm văn hóa thái tại.
đại học hà nội. đoàn tháp tùng gồm thủ tướng, bộ trưởng tháp tùng anutin charnvirakul của thái lan, đại sứ thái lan tại việt nam urawadee.
sriphiromya, tổng thư ký văn phòng hoàng gia, thư ký của nhà vua, tướng không quân satitpong sukvimol, phó tổng thư ký hoàng gia, trung.
tá somchai kanjanamanee cùng các sĩ quan tuỳ tùng. chuyến thăm được đánh giá là dấu mốc lịch sử, lần đầu tiên một quốc vương thái lan thăm.
chính thức việt nam kể từ khi hai nước thiết lập quan hệ ngoại giao năm một nghìn chín trăm bảy mươi sáu, và dự kiến mở ra chương mới cho năm mươi năm tiếp theo của quan hệ.
song phương, hai bên sẽ thúc đẩy hợp tác trên các lĩnh vực chính trị, kinh tế, quốc phòng an ninh, du lịch, lao động và giáo dục, trong đó hợp tác.
kinh tế được nêu là điểm sáng với thái lan là đối tác thương mại lớn nhất của việt nam trong <en>asean</en> và kim ngạch thương mại hai chiều năm.
hai nghìn không trăm hai mươi lăm đạt hai mươi hai phẩy một tỷ <en>u s d</en>. các hoạt động hợp tác khác được đề cập gồm kết nối kinh tế, chương trình hành động triển khai quan hệ đối tác chiến lược.
toàn diện giai đoạn hai nghìn không trăm hai mươi sáu đến hai nghìn không trăm ba mươi mốt, các cơ chế như ủy ban hỗn hợp thương mại và diễn đàn năng lượng, cùng các dự án giao lưu văn hóa và hỗ trợ bảo.
tồn di tích liên quan đến chủ tịch hồ chí minh và phố việt nam tại tỉnh udon thani.",,"liệt sĩ bắc sơn và lăng chủ tịch hồ chí minh, tham dự lễ đón chính thức, gặp tô lâm, tiếp kiến thủ tướng lê minh hưng và chủ tịch quốc hội trần.","liệt sĩ bắc sơn và lăng chủ tịch hồ chí minh, tham dự lễ đón chính thức, gặp tô lâm, tiếp kiến thủ tướng lê minh hưng và chủ tịch quốc hội trần.",True,"lˈiɛ6t̪ sˈi5 bˈaɜc sˈəːn vˌaː2 lˈaŋ tʃˈu4 t̪ˈi6c hˈo2 tʃˈiɜ mˈiɲ, tˈaːm zˈy6 lˈe5 ɗˈɔɜn tʃˈiɜɲ tˈyɜc, ɣˈa6p t̪ˈo lˈəm, t̪ˈiɛɜp kˈiɛɜn tˈu4 t̪ˈyəɜŋ lˈe mˈiɲ hˈyŋ vˌaː2 tʃˈu4 t̪ˈi6c kˈuəɜc hˈo6j tʃˈə2n.","lˈiɛ6t̪ sˈi5 bˈaɜc sˈəːn vˌaː2 lˈaŋ tʃˈu4 t̪ˈi6c hˈo2 tʃˈiɜ mˈiɲ, tˈaːm zˈy6 lˈe5 ɗˈɔɜn tʃˈiɜɲ tˈyɜc, ɣˈa6p t̪ˈo lˈəm, t̪ˈiɛɜp kˈiɛɜn tˈu4 t̪ˈyəɜŋ lˈe mˈiɲ hˈyŋ vˌaː2 tʃˈu4 t̪ˈi6c kˈuəɜc hˈo6j tʃˈə2n.",para,40F0AEAE73021A4C6447FDD39D345638AFA6AB0FE55D4F596E69E3D5E8B5F163
danhgia_tts.txt,danhgia_tts-010,Văn bản 10,danhgia_tts-010-c005,5,"Nhà vua Vương quốc Thái Lan Maha Vajiralongkorn và Hoàng hậu sẽ thăm cấp Nhà nước tới Việt Nam từ ngày 14 đến 16/9/2026 theo lời mời của
Tổng Bí thư, Chủ tịch nước Tô Lâm. Chuyến thăm diễn ra trong bối cảnh hai nước kỷ niệm 50 năm thiết lập quan hệ ngoại giao (6/8/1976-6/8
/2026) và quan hệ đã được nâng cấp lên Đối tác Chiến lược Toàn diện vào tháng 5/2025. Trong ba ngày, hai vị sẽ đặt vòng hoa tại Đài tưởng niệm
liệt sĩ Bắc Sơn và Lăng Chủ tịch Hồ Chí Minh, tham dự lễ đón chính thức, gặp Tô Lâm, tiếp kiến Thủ tướng Lê Minh Hưng và Chủ tịch Quốc hội Trần
Thanh Mẫn, dự tiệc chiêu đãi tại Phủ Toàn quyền và thăm các địa điểm văn hóa như chùa Ngọc Sơn, chùa Quán Sứ và Trung tâm Văn hóa Thái tại
Đại học Hà Nội. Đoàn tháp tùng gồm Thủ tướng, Bộ trưởng tháp tùng Anutin Charnvirakul của Thái Lan, Đại sứ Thái Lan tại Việt Nam Urawadee
Sriphiromya, Tổng Thư ký Văn phòng Hoàng gia, Thư ký của Nhà vua, Tướng Không quân Satitpong Sukvimol, Phó Tổng Thư ký Hoàng gia, Trung
tá Somchai Kanjanamanee cùng các sĩ quan tuỳ tùng. Chuyến thăm được đánh giá là dấu mốc lịch sử, lần đầu tiên một quốc vương Thái Lan thăm
chính thức Việt Nam kể từ khi hai nước thiết lập quan hệ ngoại giao năm 1976, và dự kiến mở ra chương mới cho 50 năm tiếp theo của quan hệ
song phương. Hai bên sẽ thúc đẩy hợp tác trên các lĩnh vực chính trị, kinh tế, quốc phòng-an ninh, du lịch, lao động và giáo dục, trong đó hợp tác
kinh tế được nêu là điểm sáng với Thái Lan là đối tác thương mại lớn nhất của Việt Nam trong ASEAN và kim ngạch thương mại hai chiều năm
2025 đạt 22,1 tỷ USD. Các hoạt động hợp tác khác được đề cập gồm kết nối kinh tế, chương trình hành động triển khai quan hệ Đối tác chiến lược
toàn diện giai đoạn 2026-2031, các cơ chế như Ủy ban hỗn hợp Thương mại và Diễn đàn Năng lượng, cùng các dự án giao lưu văn hóa và hỗ trợ bảo
tồn di tích liên quan đến Chủ tịch Hồ Chí Minh và phố Việt Nam tại tỉnh Udon Thani.","nhà vua vương quốc thái lan maha vajiralongkorn và hoàng hậu sẽ thăm cấp nhà nước tới việt nam từ ngày mười bốn đến ngày mười sáu tháng chín năm hai nghìn không trăm hai mươi sáu theo lời mời của.
tổng bí thư, chủ tịch nước tô lâm. chuyến thăm diễn ra trong bối cảnh hai nước kỷ niệm năm mươi năm thiết lập quan hệ ngoại giao ngày sáu tháng tám năm một nghìn chín trăm bảy mươi sáu sáu trên tám.
gạch chéo hai không hai sáu và quan hệ đã được nâng cấp lên đối tác chiến lược toàn diện vào tháng năm hai nghìn không trăm hai mươi lăm. trong ba ngày, hai vị sẽ đặt vòng hoa tại đài tưởng niệm.
liệt sĩ bắc sơn và lăng chủ tịch hồ chí minh, tham dự lễ đón chính thức, gặp tô lâm, tiếp kiến thủ tướng lê minh hưng và chủ tịch quốc hội trần.
thanh mẫn, dự tiệc chiêu đãi tại phủ toàn quyền và thăm các địa điểm văn hóa như chùa ngọc sơn, chùa quán sứ và trung tâm văn hóa thái tại.
đại học hà nội. đoàn tháp tùng gồm thủ tướng, bộ trưởng tháp tùng anutin charnvirakul của thái lan, đại sứ thái lan tại việt nam urawadee.
sriphiromya, tổng thư ký văn phòng hoàng gia, thư ký của nhà vua, tướng không quân satitpong sukvimol, phó tổng thư ký hoàng gia, trung.
tá somchai kanjanamanee cùng các sĩ quan tuỳ tùng. chuyến thăm được đánh giá là dấu mốc lịch sử, lần đầu tiên một quốc vương thái lan thăm.
chính thức việt nam kể từ khi hai nước thiết lập quan hệ ngoại giao năm một nghìn chín trăm bảy mươi sáu, và dự kiến mở ra chương mới cho năm mươi năm tiếp theo của quan hệ.
song phương, hai bên sẽ thúc đẩy hợp tác trên các lĩnh vực chính trị, kinh tế, quốc phòng an ninh, du lịch, lao động và giáo dục, trong đó hợp tác.
kinh tế được nêu là điểm sáng với thái lan là đối tác thương mại lớn nhất của việt nam trong <en>asean</en> và kim ngạch thương mại hai chiều năm.
hai nghìn không trăm hai mươi lăm đạt hai mươi hai phẩy một tỷ <en>u s d</en>. các hoạt động hợp tác khác được đề cập gồm kết nối kinh tế, chương trình hành động triển khai quan hệ đối tác chiến lược.
toàn diện giai đoạn hai nghìn không trăm hai mươi sáu đến hai nghìn không trăm ba mươi mốt, các cơ chế như ủy ban hỗn hợp thương mại và diễn đàn năng lượng, cùng các dự án giao lưu văn hóa và hỗ trợ bảo.
tồn di tích liên quan đến chủ tịch hồ chí minh và phố việt nam tại tỉnh udon thani.",,"thanh mẫn, dự tiệc chiêu đãi tại phủ toàn quyền và thăm các địa điểm văn hóa như chùa ngọc sơn, chùa quán sứ và trung tâm văn hóa thái tại.","thanh mẫn, dự tiệc chiêu đãi tại phủ toàn quyền và thăm các địa điểm văn hóa như chùa ngọc sơn, chùa quán sứ và trung tâm văn hóa thái tại.",True,"tˈe-ɲ mˈə5n, zˈy6 t̪ˈiɛ6c tʃˈiɛw ɗˈaː5j t̪ˈaː6j fˈu4 t̪wˈaː2n kwˈiɛ2n vˌaː2 tˈam kˌaːɜc ɗˈiə6 ɗˈiɛ4m vˈan hwˈaːɜ ɲˌy tʃˈuə2 ŋˈɔ6k sˈəːn, tʃˈuə2 kwˈaːɜn sˈyɜ vˌaː2 tʃˈuŋ t̪ˈəm vˈan hwˈaːɜ tˈaːɜj t̪ˈaː6j.","tˈe-ɲ mˈə5n, zˈy6 t̪ˈiɛ6c tʃˈiɛw ɗˈaː5j t̪ˈaː6j fˈu4 t̪wˈaː2n kwˈiɛ2n vˌaː2 tˈam kˌaːɜc ɗˈiə6 ɗˈiɛ4m vˈan hwˈaːɜ ɲˌy tʃˈuə2 ŋˈɔ6k sˈəːn, tʃˈuə2 kwˈaːɜn sˈyɜ vˌaː2 tʃˈuŋ t̪ˈəm vˈan hwˈaːɜ tˈaːɜj t̪ˈaː6j.",para,40F0AEAE73021A4C6447FDD39D345638AFA6AB0FE55D4F596E69E3D5E8B5F163
danhgia_tts.txt,danhgia_tts-010,Văn bản 10,danhgia_tts-010-c006,6,"Nhà vua Vương quốc Thái Lan Maha Vajiralongkorn và Hoàng hậu sẽ thăm cấp Nhà nước tới Việt Nam từ ngày 14 đến 16/9/2026 theo lời mời của
Tổng Bí thư, Chủ tịch nước Tô Lâm. Chuyến thăm diễn ra trong bối cảnh hai nước kỷ niệm 50 năm thiết lập quan hệ ngoại giao (6/8/1976-6/8
/2026) và quan hệ đã được nâng cấp lên Đối tác Chiến lược Toàn diện vào tháng 5/2025. Trong ba ngày, hai vị sẽ đặt vòng hoa tại Đài tưởng niệm
liệt sĩ Bắc Sơn và Lăng Chủ tịch Hồ Chí Minh, tham dự lễ đón chính thức, gặp Tô Lâm, tiếp kiến Thủ tướng Lê Minh Hưng và Chủ tịch Quốc hội Trần
Thanh Mẫn, dự tiệc chiêu đãi tại Phủ Toàn quyền và thăm các địa điểm văn hóa như chùa Ngọc Sơn, chùa Quán Sứ và Trung tâm Văn hóa Thái tại
Đại học Hà Nội. Đoàn tháp tùng gồm Thủ tướng, Bộ trưởng tháp tùng Anutin Charnvirakul của Thái Lan, Đại sứ Thái Lan tại Việt Nam Urawadee
Sriphiromya, Tổng Thư ký Văn phòng Hoàng gia, Thư ký của Nhà vua, Tướng Không quân Satitpong Sukvimol, Phó Tổng Thư ký Hoàng gia, Trung
tá Somchai Kanjanamanee cùng các sĩ quan tuỳ tùng. Chuyến thăm được đánh giá là dấu mốc lịch sử, lần đầu tiên một quốc vương Thái Lan thăm
chính thức Việt Nam kể từ khi hai nước thiết lập quan hệ ngoại giao năm 1976, và dự kiến mở ra chương mới cho 50 năm tiếp theo của quan hệ
song phương. Hai bên sẽ thúc đẩy hợp tác trên các lĩnh vực chính trị, kinh tế, quốc phòng-an ninh, du lịch, lao động và giáo dục, trong đó hợp tác
kinh tế được nêu là điểm sáng với Thái Lan là đối tác thương mại lớn nhất của Việt Nam trong ASEAN và kim ngạch thương mại hai chiều năm
2025 đạt 22,1 tỷ USD. Các hoạt động hợp tác khác được đề cập gồm kết nối kinh tế, chương trình hành động triển khai quan hệ Đối tác chiến lược
toàn diện giai đoạn 2026-2031, các cơ chế như Ủy ban hỗn hợp Thương mại và Diễn đàn Năng lượng, cùng các dự án giao lưu văn hóa và hỗ trợ bảo
tồn di tích liên quan đến Chủ tịch Hồ Chí Minh và phố Việt Nam tại tỉnh Udon Thani.","nhà vua vương quốc thái lan maha vajiralongkorn và hoàng hậu sẽ thăm cấp nhà nước tới việt nam từ ngày mười bốn đến ngày mười sáu tháng chín năm hai nghìn không trăm hai mươi sáu theo lời mời của.
tổng bí thư, chủ tịch nước tô lâm. chuyến thăm diễn ra trong bối cảnh hai nước kỷ niệm năm mươi năm thiết lập quan hệ ngoại giao ngày sáu tháng tám năm một nghìn chín trăm bảy mươi sáu sáu trên tám.
gạch chéo hai không hai sáu và quan hệ đã được nâng cấp lên đối tác chiến lược toàn diện vào tháng năm hai nghìn không trăm hai mươi lăm. trong ba ngày, hai vị sẽ đặt vòng hoa tại đài tưởng niệm.
liệt sĩ bắc sơn và lăng chủ tịch hồ chí minh, tham dự lễ đón chính thức, gặp tô lâm, tiếp kiến thủ tướng lê minh hưng và chủ tịch quốc hội trần.
thanh mẫn, dự tiệc chiêu đãi tại phủ toàn quyền và thăm các địa điểm văn hóa như chùa ngọc sơn, chùa quán sứ và trung tâm văn hóa thái tại.
đại học hà nội. đoàn tháp tùng gồm thủ tướng, bộ trưởng tháp tùng anutin charnvirakul của thái lan, đại sứ thái lan tại việt nam urawadee.
sriphiromya, tổng thư ký văn phòng hoàng gia, thư ký của nhà vua, tướng không quân satitpong sukvimol, phó tổng thư ký hoàng gia, trung.
tá somchai kanjanamanee cùng các sĩ quan tuỳ tùng. chuyến thăm được đánh giá là dấu mốc lịch sử, lần đầu tiên một quốc vương thái lan thăm.
chính thức việt nam kể từ khi hai nước thiết lập quan hệ ngoại giao năm một nghìn chín trăm bảy mươi sáu, và dự kiến mở ra chương mới cho năm mươi năm tiếp theo của quan hệ.
song phương, hai bên sẽ thúc đẩy hợp tác trên các lĩnh vực chính trị, kinh tế, quốc phòng an ninh, du lịch, lao động và giáo dục, trong đó hợp tác.
kinh tế được nêu là điểm sáng với thái lan là đối tác thương mại lớn nhất của việt nam trong <en>asean</en> và kim ngạch thương mại hai chiều năm.
hai nghìn không trăm hai mươi lăm đạt hai mươi hai phẩy một tỷ <en>u s d</en>. các hoạt động hợp tác khác được đề cập gồm kết nối kinh tế, chương trình hành động triển khai quan hệ đối tác chiến lược.
toàn diện giai đoạn hai nghìn không trăm hai mươi sáu đến hai nghìn không trăm ba mươi mốt, các cơ chế như ủy ban hỗn hợp thương mại và diễn đàn năng lượng, cùng các dự án giao lưu văn hóa và hỗ trợ bảo.
tồn di tích liên quan đến chủ tịch hồ chí minh và phố việt nam tại tỉnh udon thani.",,"đại học hà nội. đoàn tháp tùng gồm thủ tướng, bộ trưởng tháp tùng anutin charnvirakul của thái lan, đại sứ thái lan tại việt nam urawadee.","đại học hà nội. đoàn tháp tùng gồm thủ tướng, bộ trưởng tháp tùng anutin charnvirakul của thái lan, đại sứ thái lan tại việt nam urawadee.",True,"ɗˈaː6j hˈɔ6k hˈaː2 nˈo6j. ɗwˈaː2n tˈaːɜp t̪ˈu2ŋ ɣˈo2m tˈu4 t̪ˈyəɜŋ, bˈo6 tʃˈyə4ŋ tˈaːɜp t̪ˈu2ŋ ˈænuːtˌɪn tʃˈɑːɹn vˈi ɹˈækʌl kˌuə4 tˈaːɜj lˈaːn, ɗˈaː6j sˈyɜ tˈaːɜj lˈaːn t̪ˈaː6j vˈiɛ6t̪ nˈaːm jʊɹɹˈɑːwə dˈiː.","ɗˈaː6j hˈɔ6k hˈaː2 nˈo6j. ɗwˈaː2n tˈaːɜp t̪ˈu2ŋ ɣˈo2m tˈu4 t̪ˈyəɜŋ, bˈo6 tʃˈyə4ŋ tˈaːɜp t̪ˈu2ŋ ˈænuːtˌɪn tʃˈɑːɹn vˈi ɹˈækʌl kˌuə4 tˈaːɜj lˈaːn, ɗˈaː6j sˈyɜ tˈaːɜj lˈaːn t̪ˈaː6j vˈiɛ6t̪ nˈaːm jʊɹɹˈɑːwə dˈiː.",para,40F0AEAE73021A4C6447FDD39D345638AFA6AB0FE55D4F596E69E3D5E8B5F163
danhgia_tts.txt,danhgia_tts-010,Văn bản 10,danhgia_tts-010-c007,7,"Nhà vua Vương quốc Thái Lan Maha Vajiralongkorn và Hoàng hậu sẽ thăm cấp Nhà nước tới Việt Nam từ ngày 14 đến 16/9/2026 theo lời mời của
Tổng Bí thư, Chủ tịch nước Tô Lâm. Chuyến thăm diễn ra trong bối cảnh hai nước kỷ niệm 50 năm thiết lập quan hệ ngoại giao (6/8/1976-6/8
/2026) và quan hệ đã được nâng cấp lên Đối tác Chiến lược Toàn diện vào tháng 5/2025. Trong ba ngày, hai vị sẽ đặt vòng hoa tại Đài tưởng niệm
liệt sĩ Bắc Sơn và Lăng Chủ tịch Hồ Chí Minh, tham dự lễ đón chính thức, gặp Tô Lâm, tiếp kiến Thủ tướng Lê Minh Hưng và Chủ tịch Quốc hội Trần
Thanh Mẫn, dự tiệc chiêu đãi tại Phủ Toàn quyền và thăm các địa điểm văn hóa như chùa Ngọc Sơn, chùa Quán Sứ và Trung tâm Văn hóa Thái tại
Đại học Hà Nội. Đoàn tháp tùng gồm Thủ tướng, Bộ trưởng tháp tùng Anutin Charnvirakul của Thái Lan, Đại sứ Thái Lan tại Việt Nam Urawadee
Sriphiromya, Tổng Thư ký Văn phòng Hoàng gia, Thư ký của Nhà vua, Tướng Không quân Satitpong Sukvimol, Phó Tổng Thư ký Hoàng gia, Trung
tá Somchai Kanjanamanee cùng các sĩ quan tuỳ tùng. Chuyến thăm được đánh giá là dấu mốc lịch sử, lần đầu tiên một quốc vương Thái Lan thăm
chính thức Việt Nam kể từ khi hai nước thiết lập quan hệ ngoại giao năm 1976, và dự kiến mở ra chương mới cho 50 năm tiếp theo của quan hệ
song phương. Hai bên sẽ thúc đẩy hợp tác trên các lĩnh vực chính trị, kinh tế, quốc phòng-an ninh, du lịch, lao động và giáo dục, trong đó hợp tác
kinh tế được nêu là điểm sáng với Thái Lan là đối tác thương mại lớn nhất của Việt Nam trong ASEAN và kim ngạch thương mại hai chiều năm
2025 đạt 22,1 tỷ USD. Các hoạt động hợp tác khác được đề cập gồm kết nối kinh tế, chương trình hành động triển khai quan hệ Đối tác chiến lược
toàn diện giai đoạn 2026-2031, các cơ chế như Ủy ban hỗn hợp Thương mại và Diễn đàn Năng lượng, cùng các dự án giao lưu văn hóa và hỗ trợ bảo
tồn di tích liên quan đến Chủ tịch Hồ Chí Minh và phố Việt Nam tại tỉnh Udon Thani.","nhà vua vương quốc thái lan maha vajiralongkorn và hoàng hậu sẽ thăm cấp nhà nước tới việt nam từ ngày mười bốn đến ngày mười sáu tháng chín năm hai nghìn không trăm hai mươi sáu theo lời mời của.
tổng bí thư, chủ tịch nước tô lâm. chuyến thăm diễn ra trong bối cảnh hai nước kỷ niệm năm mươi năm thiết lập quan hệ ngoại giao ngày sáu tháng tám năm một nghìn chín trăm bảy mươi sáu sáu trên tám.
gạch chéo hai không hai sáu và quan hệ đã được nâng cấp lên đối tác chiến lược toàn diện vào tháng năm hai nghìn không trăm hai mươi lăm. trong ba ngày, hai vị sẽ đặt vòng hoa tại đài tưởng niệm.
liệt sĩ bắc sơn và lăng chủ tịch hồ chí minh, tham dự lễ đón chính thức, gặp tô lâm, tiếp kiến thủ tướng lê minh hưng và chủ tịch quốc hội trần.
thanh mẫn, dự tiệc chiêu đãi tại phủ toàn quyền và thăm các địa điểm văn hóa như chùa ngọc sơn, chùa quán sứ và trung tâm văn hóa thái tại.
đại học hà nội. đoàn tháp tùng gồm thủ tướng, bộ trưởng tháp tùng anutin charnvirakul của thái lan, đại sứ thái lan tại việt nam urawadee.
sriphiromya, tổng thư ký văn phòng hoàng gia, thư ký của nhà vua, tướng không quân satitpong sukvimol, phó tổng thư ký hoàng gia, trung.
tá somchai kanjanamanee cùng các sĩ quan tuỳ tùng. chuyến thăm được đánh giá là dấu mốc lịch sử, lần đầu tiên một quốc vương thái lan thăm.
chính thức việt nam kể từ khi hai nước thiết lập quan hệ ngoại giao năm một nghìn chín trăm bảy mươi sáu, và dự kiến mở ra chương mới cho năm mươi năm tiếp theo của quan hệ.
song phương, hai bên sẽ thúc đẩy hợp tác trên các lĩnh vực chính trị, kinh tế, quốc phòng an ninh, du lịch, lao động và giáo dục, trong đó hợp tác.
kinh tế được nêu là điểm sáng với thái lan là đối tác thương mại lớn nhất của việt nam trong <en>asean</en> và kim ngạch thương mại hai chiều năm.
hai nghìn không trăm hai mươi lăm đạt hai mươi hai phẩy một tỷ <en>u s d</en>. các hoạt động hợp tác khác được đề cập gồm kết nối kinh tế, chương trình hành động triển khai quan hệ đối tác chiến lược.
toàn diện giai đoạn hai nghìn không trăm hai mươi sáu đến hai nghìn không trăm ba mươi mốt, các cơ chế như ủy ban hỗn hợp thương mại và diễn đàn năng lượng, cùng các dự án giao lưu văn hóa và hỗ trợ bảo.
tồn di tích liên quan đến chủ tịch hồ chí minh và phố việt nam tại tỉnh udon thani.",,"sriphiromya, tổng thư ký văn phòng hoàng gia, thư ký của nhà vua, tướng không quân satitpong sukvimol, phó tổng thư ký hoàng gia, trung.","sriphiromya, tổng thư ký văn phòng hoàng gia, thư ký của nhà vua, tướng không quân satitpong sukvimol, phó tổng thư ký hoàng gia, trung.",True,"sɹˌiː fˈɜː ˈɑːmɪə, t̪ˈo4ŋ tˈy kˈiɜ vˈan fˈɔ2ŋ hwˈaː2ŋ zˈaː, tˈy kˈiɜ kˌuə4 ɲˈaː2 vˈuə, t̪ˈyəɜŋ xˌoŋ kwˈən sætˈiːt pˈɑːŋ sˈʌk vˈi mˈɑːl, fˈɔɜ t̪ˈo4ŋ tˈy kˈiɜ hwˈaː2ŋ zˈaː, tʃˈuŋ.","sɹˌiː fˈɜː ˈɑːmɪə, t̪ˈo4ŋ tˈy kˈiɜ vˈan fˈɔ2ŋ hwˈaː2ŋ zˈaː, tˈy kˈiɜ kˌuə4 ɲˈaː2 vˈuə, t̪ˈyəɜŋ xˌoŋ kwˈən sætˈiːt pˈɑːŋ sˈʌk vˈi mˈɑːl, fˈɔɜ t̪ˈo4ŋ tˈy kˈiɜ hwˈaː2ŋ zˈaː, tʃˈuŋ.",para,40F0AEAE73021A4C6447FDD39D345638AFA6AB0FE55D4F596E69E3D5E8B5F163
danhgia_tts.txt,danhgia_tts-010,Văn bản 10,danhgia_tts-010-c008,8,"Nhà vua Vương quốc Thái Lan Maha Vajiralongkorn và Hoàng hậu sẽ thăm cấp Nhà nước tới Việt Nam từ ngày 14 đến 16/9/2026 theo lời mời của
Tổng Bí thư, Chủ tịch nước Tô Lâm. Chuyến thăm diễn ra trong bối cảnh hai nước kỷ niệm 50 năm thiết lập quan hệ ngoại giao (6/8/1976-6/8
/2026) và quan hệ đã được nâng cấp lên Đối tác Chiến lược Toàn diện vào tháng 5/2025. Trong ba ngày, hai vị sẽ đặt vòng hoa tại Đài tưởng niệm
liệt sĩ Bắc Sơn và Lăng Chủ tịch Hồ Chí Minh, tham dự lễ đón chính thức, gặp Tô Lâm, tiếp kiến Thủ tướng Lê Minh Hưng và Chủ tịch Quốc hội Trần
Thanh Mẫn, dự tiệc chiêu đãi tại Phủ Toàn quyền và thăm các địa điểm văn hóa như chùa Ngọc Sơn, chùa Quán Sứ và Trung tâm Văn hóa Thái tại
Đại học Hà Nội. Đoàn tháp tùng gồm Thủ tướng, Bộ trưởng tháp tùng Anutin Charnvirakul của Thái Lan, Đại sứ Thái Lan tại Việt Nam Urawadee
Sriphiromya, Tổng Thư ký Văn phòng Hoàng gia, Thư ký của Nhà vua, Tướng Không quân Satitpong Sukvimol, Phó Tổng Thư ký Hoàng gia, Trung
tá Somchai Kanjanamanee cùng các sĩ quan tuỳ tùng. Chuyến thăm được đánh giá là dấu mốc lịch sử, lần đầu tiên một quốc vương Thái Lan thăm
chính thức Việt Nam kể từ khi hai nước thiết lập quan hệ ngoại giao năm 1976, và dự kiến mở ra chương mới cho 50 năm tiếp theo của quan hệ
song phương. Hai bên sẽ thúc đẩy hợp tác trên các lĩnh vực chính trị, kinh tế, quốc phòng-an ninh, du lịch, lao động và giáo dục, trong đó hợp tác
kinh tế được nêu là điểm sáng với Thái Lan là đối tác thương mại lớn nhất của Việt Nam trong ASEAN và kim ngạch thương mại hai chiều năm
2025 đạt 22,1 tỷ USD. Các hoạt động hợp tác khác được đề cập gồm kết nối kinh tế, chương trình hành động triển khai quan hệ Đối tác chiến lược
toàn diện giai đoạn 2026-2031, các cơ chế như Ủy ban hỗn hợp Thương mại và Diễn đàn Năng lượng, cùng các dự án giao lưu văn hóa và hỗ trợ bảo
tồn di tích liên quan đến Chủ tịch Hồ Chí Minh và phố Việt Nam tại tỉnh Udon Thani.","nhà vua vương quốc thái lan maha vajiralongkorn và hoàng hậu sẽ thăm cấp nhà nước tới việt nam từ ngày mười bốn đến ngày mười sáu tháng chín năm hai nghìn không trăm hai mươi sáu theo lời mời của.
tổng bí thư, chủ tịch nước tô lâm. chuyến thăm diễn ra trong bối cảnh hai nước kỷ niệm năm mươi năm thiết lập quan hệ ngoại giao ngày sáu tháng tám năm một nghìn chín trăm bảy mươi sáu sáu trên tám.
gạch chéo hai không hai sáu và quan hệ đã được nâng cấp lên đối tác chiến lược toàn diện vào tháng năm hai nghìn không trăm hai mươi lăm. trong ba ngày, hai vị sẽ đặt vòng hoa tại đài tưởng niệm.
liệt sĩ bắc sơn và lăng chủ tịch hồ chí minh, tham dự lễ đón chính thức, gặp tô lâm, tiếp kiến thủ tướng lê minh hưng và chủ tịch quốc hội trần.
thanh mẫn, dự tiệc chiêu đãi tại phủ toàn quyền và thăm các địa điểm văn hóa như chùa ngọc sơn, chùa quán sứ và trung tâm văn hóa thái tại.
đại học hà nội. đoàn tháp tùng gồm thủ tướng, bộ trưởng tháp tùng anutin charnvirakul của thái lan, đại sứ thái lan tại việt nam urawadee.
sriphiromya, tổng thư ký văn phòng hoàng gia, thư ký của nhà vua, tướng không quân satitpong sukvimol, phó tổng thư ký hoàng gia, trung.
tá somchai kanjanamanee cùng các sĩ quan tuỳ tùng. chuyến thăm được đánh giá là dấu mốc lịch sử, lần đầu tiên một quốc vương thái lan thăm.
chính thức việt nam kể từ khi hai nước thiết lập quan hệ ngoại giao năm một nghìn chín trăm bảy mươi sáu, và dự kiến mở ra chương mới cho năm mươi năm tiếp theo của quan hệ.
song phương, hai bên sẽ thúc đẩy hợp tác trên các lĩnh vực chính trị, kinh tế, quốc phòng an ninh, du lịch, lao động và giáo dục, trong đó hợp tác.
kinh tế được nêu là điểm sáng với thái lan là đối tác thương mại lớn nhất của việt nam trong <en>asean</en> và kim ngạch thương mại hai chiều năm.
hai nghìn không trăm hai mươi lăm đạt hai mươi hai phẩy một tỷ <en>u s d</en>. các hoạt động hợp tác khác được đề cập gồm kết nối kinh tế, chương trình hành động triển khai quan hệ đối tác chiến lược.
toàn diện giai đoạn hai nghìn không trăm hai mươi sáu đến hai nghìn không trăm ba mươi mốt, các cơ chế như ủy ban hỗn hợp thương mại và diễn đàn năng lượng, cùng các dự án giao lưu văn hóa và hỗ trợ bảo.
tồn di tích liên quan đến chủ tịch hồ chí minh và phố việt nam tại tỉnh udon thani.",,"tá somchai kanjanamanee cùng các sĩ quan tuỳ tùng. chuyến thăm được đánh giá là dấu mốc lịch sử, lần đầu tiên một quốc vương thái lan thăm.","tá somchai kanjanamanee cùng các sĩ quan tuỳ tùng. chuyến thăm được đánh giá là dấu mốc lịch sử, lần đầu tiên một quốc vương thái lan thăm.",True,"t̪ˈaːɜ sˈɑːmtʃaɪ kˈæn dʒænˈɑːmə nˈiː kˈu2ŋ kˌaːɜc sˈi5 kwˈaːn t̪wˈi2 t̪ˈu2ŋ. tʃwˈiɛɜn tˈam ɗˌyə6c ɗˈe-ɜɲ zˈaːɜ lˌaː2 zˈəɜw mˈoɜk lˈi6c sˈy4, lˈə2n ɗˈə2w t̪ˈiɛn mˈo6t̪ kˈuəɜc vˈyəŋ tˈaːɜj lˈaːn tˈam.","t̪ˈaːɜ sˈɑːmtʃaɪ kˈæn dʒænˈɑːmə nˈiː kˈu2ŋ kˌaːɜc sˈi5 kwˈaːn t̪wˈi2 t̪ˈu2ŋ. tʃwˈiɛɜn tˈam ɗˌyə6c ɗˈe-ɜɲ zˈaːɜ lˌaː2 zˈəɜw mˈoɜk lˈi6c sˈy4, lˈə2n ɗˈə2w t̪ˈiɛn mˈo6t̪ kˈuəɜc vˈyəŋ tˈaːɜj lˈaːn tˈam.",para,40F0AEAE73021A4C6447FDD39D345638AFA6AB0FE55D4F596E69E3D5E8B5F163
danhgia_tts.txt,danhgia_tts-010,Văn bản 10,danhgia_tts-010-c009,9,"Nhà vua Vương quốc Thái Lan Maha Vajiralongkorn và Hoàng hậu sẽ thăm cấp Nhà nước tới Việt Nam từ ngày 14 đến 16/9/2026 theo lời mời của
Tổng Bí thư, Chủ tịch nước Tô Lâm. Chuyến thăm diễn ra trong bối cảnh hai nước kỷ niệm 50 năm thiết lập quan hệ ngoại giao (6/8/1976-6/8
/2026) và quan hệ đã được nâng cấp lên Đối tác Chiến lược Toàn diện vào tháng 5/2025. Trong ba ngày, hai vị sẽ đặt vòng hoa tại Đài tưởng niệm
liệt sĩ Bắc Sơn và Lăng Chủ tịch Hồ Chí Minh, tham dự lễ đón chính thức, gặp Tô Lâm, tiếp kiến Thủ tướng Lê Minh Hưng và Chủ tịch Quốc hội Trần
Thanh Mẫn, dự tiệc chiêu đãi tại Phủ Toàn quyền và thăm các địa điểm văn hóa như chùa Ngọc Sơn, chùa Quán Sứ và Trung tâm Văn hóa Thái tại
Đại học Hà Nội. Đoàn tháp tùng gồm Thủ tướng, Bộ trưởng tháp tùng Anutin Charnvirakul của Thái Lan, Đại sứ Thái Lan tại Việt Nam Urawadee
Sriphiromya, Tổng Thư ký Văn phòng Hoàng gia, Thư ký của Nhà vua, Tướng Không quân Satitpong Sukvimol, Phó Tổng Thư ký Hoàng gia, Trung
tá Somchai Kanjanamanee cùng các sĩ quan tuỳ tùng. Chuyến thăm được đánh giá là dấu mốc lịch sử, lần đầu tiên một quốc vương Thái Lan thăm
chính thức Việt Nam kể từ khi hai nước thiết lập quan hệ ngoại giao năm 1976, và dự kiến mở ra chương mới cho 50 năm tiếp theo của quan hệ
song phương. Hai bên sẽ thúc đẩy hợp tác trên các lĩnh vực chính trị, kinh tế, quốc phòng-an ninh, du lịch, lao động và giáo dục, trong đó hợp tác
kinh tế được nêu là điểm sáng với Thái Lan là đối tác thương mại lớn nhất của Việt Nam trong ASEAN và kim ngạch thương mại hai chiều năm
2025 đạt 22,1 tỷ USD. Các hoạt động hợp tác khác được đề cập gồm kết nối kinh tế, chương trình hành động triển khai quan hệ Đối tác chiến lược
toàn diện giai đoạn 2026-2031, các cơ chế như Ủy ban hỗn hợp Thương mại và Diễn đàn Năng lượng, cùng các dự án giao lưu văn hóa và hỗ trợ bảo
tồn di tích liên quan đến Chủ tịch Hồ Chí Minh và phố Việt Nam tại tỉnh Udon Thani.","nhà vua vương quốc thái lan maha vajiralongkorn và hoàng hậu sẽ thăm cấp nhà nước tới việt nam từ ngày mười bốn đến ngày mười sáu tháng chín năm hai nghìn không trăm hai mươi sáu theo lời mời của.
tổng bí thư, chủ tịch nước tô lâm. chuyến thăm diễn ra trong bối cảnh hai nước kỷ niệm năm mươi năm thiết lập quan hệ ngoại giao ngày sáu tháng tám năm một nghìn chín trăm bảy mươi sáu sáu trên tám.
gạch chéo hai không hai sáu và quan hệ đã được nâng cấp lên đối tác chiến lược toàn diện vào tháng năm hai nghìn không trăm hai mươi lăm. trong ba ngày, hai vị sẽ đặt vòng hoa tại đài tưởng niệm.
liệt sĩ bắc sơn và lăng chủ tịch hồ chí minh, tham dự lễ đón chính thức, gặp tô lâm, tiếp kiến thủ tướng lê minh hưng và chủ tịch quốc hội trần.
thanh mẫn, dự tiệc chiêu đãi tại phủ toàn quyền và thăm các địa điểm văn hóa như chùa ngọc sơn, chùa quán sứ và trung tâm văn hóa thái tại.
đại học hà nội. đoàn tháp tùng gồm thủ tướng, bộ trưởng tháp tùng anutin charnvirakul của thái lan, đại sứ thái lan tại việt nam urawadee.
sriphiromya, tổng thư ký văn phòng hoàng gia, thư ký của nhà vua, tướng không quân satitpong sukvimol, phó tổng thư ký hoàng gia, trung.
tá somchai kanjanamanee cùng các sĩ quan tuỳ tùng. chuyến thăm được đánh giá là dấu mốc lịch sử, lần đầu tiên một quốc vương thái lan thăm.
chính thức việt nam kể từ khi hai nước thiết lập quan hệ ngoại giao năm một nghìn chín trăm bảy mươi sáu, và dự kiến mở ra chương mới cho năm mươi năm tiếp theo của quan hệ.
song phương, hai bên sẽ thúc đẩy hợp tác trên các lĩnh vực chính trị, kinh tế, quốc phòng an ninh, du lịch, lao động và giáo dục, trong đó hợp tác.
kinh tế được nêu là điểm sáng với thái lan là đối tác thương mại lớn nhất của việt nam trong <en>asean</en> và kim ngạch thương mại hai chiều năm.
hai nghìn không trăm hai mươi lăm đạt hai mươi hai phẩy một tỷ <en>u s d</en>. các hoạt động hợp tác khác được đề cập gồm kết nối kinh tế, chương trình hành động triển khai quan hệ đối tác chiến lược.
toàn diện giai đoạn hai nghìn không trăm hai mươi sáu đến hai nghìn không trăm ba mươi mốt, các cơ chế như ủy ban hỗn hợp thương mại và diễn đàn năng lượng, cùng các dự án giao lưu văn hóa và hỗ trợ bảo.
tồn di tích liên quan đến chủ tịch hồ chí minh và phố việt nam tại tỉnh udon thani.",,"chính thức việt nam kể từ khi hai nước thiết lập quan hệ ngoại giao năm một nghìn chín trăm bảy mươi sáu, và dự kiến mở ra chương mới cho năm mươi năm tiếp theo của quan hệ.","chính thức việt nam kể từ khi hai nước thiết lập quan hệ ngoại giao năm một nghìn chín trăm bảy mươi sáu, và dự kiến mở ra chương mới cho năm mươi năm tiếp theo của quan hệ.",True,"tʃˈiɜɲ tˈyɜc vˈiɛ6t̪ nˈaːm kˈe4 t̪ˌy2 xˌi hˈaːj nˈyəɜc tˈiɛɜt̪ lˈə6p kwˈaːn hˈe6 ŋwˈaː6j zˈaːw nˈam mˈo6t̪ ŋˈi2n tʃˈiɜn tʃˈam bˈa4j mˈyəj sˈaɜw, vˌaː2 zˈy6 kˈiɛɜn mˈəː4 ɹˈaː tʃˈyəŋ mˈəːɜj tʃˌɔ nˈam mˈyəj nˈam t̪ˈiɛɜp tˈɛw kˌuə4 kwˈaːn hˈe6.","tʃˈiɜɲ tˈyɜc vˈiɛ6t̪ nˈaːm kˈe4 t̪ˌy2 xˌi hˈaːj nˈyəɜc tˈiɛɜt̪ lˈə6p kwˈaːn hˈe6 ŋwˈaː6j zˈaːw nˈam mˈo6t̪ ŋˈi2n tʃˈiɜn tʃˈam bˈa4j mˈyəj sˈaɜw, vˌaː2 zˈy6 kˈiɛɜn mˈəː4 ɹˈaː tʃˈyəŋ mˈəːɜj tʃˌɔ nˈam mˈyəj nˈam t̪ˈiɛɜp tˈɛw kˌuə4 kwˈaːn hˈe6.",para,40F0AEAE73021A4C6447FDD39D345638AFA6AB0FE55D4F596E69E3D5E8B5F163
danhgia_tts.txt,danhgia_tts-010,Văn bản 10,danhgia_tts-010-c010,10,"Nhà vua Vương quốc Thái Lan Maha Vajiralongkorn và Hoàng hậu sẽ thăm cấp Nhà nước tới Việt Nam từ ngày 14 đến 16/9/2026 theo lời mời của
Tổng Bí thư, Chủ tịch nước Tô Lâm. Chuyến thăm diễn ra trong bối cảnh hai nước kỷ niệm 50 năm thiết lập quan hệ ngoại giao (6/8/1976-6/8
/2026) và quan hệ đã được nâng cấp lên Đối tác Chiến lược Toàn diện vào tháng 5/2025. Trong ba ngày, hai vị sẽ đặt vòng hoa tại Đài tưởng niệm
liệt sĩ Bắc Sơn và Lăng Chủ tịch Hồ Chí Minh, tham dự lễ đón chính thức, gặp Tô Lâm, tiếp kiến Thủ tướng Lê Minh Hưng và Chủ tịch Quốc hội Trần
Thanh Mẫn, dự tiệc chiêu đãi tại Phủ Toàn quyền và thăm các địa điểm văn hóa như chùa Ngọc Sơn, chùa Quán Sứ và Trung tâm Văn hóa Thái tại
Đại học Hà Nội. Đoàn tháp tùng gồm Thủ tướng, Bộ trưởng tháp tùng Anutin Charnvirakul của Thái Lan, Đại sứ Thái Lan tại Việt Nam Urawadee
Sriphiromya, Tổng Thư ký Văn phòng Hoàng gia, Thư ký của Nhà vua, Tướng Không quân Satitpong Sukvimol, Phó Tổng Thư ký Hoàng gia, Trung
tá Somchai Kanjanamanee cùng các sĩ quan tuỳ tùng. Chuyến thăm được đánh giá là dấu mốc lịch sử, lần đầu tiên một quốc vương Thái Lan thăm
chính thức Việt Nam kể từ khi hai nước thiết lập quan hệ ngoại giao năm 1976, và dự kiến mở ra chương mới cho 50 năm tiếp theo của quan hệ
song phương. Hai bên sẽ thúc đẩy hợp tác trên các lĩnh vực chính trị, kinh tế, quốc phòng-an ninh, du lịch, lao động và giáo dục, trong đó hợp tác
kinh tế được nêu là điểm sáng với Thái Lan là đối tác thương mại lớn nhất của Việt Nam trong ASEAN và kim ngạch thương mại hai chiều năm
2025 đạt 22,1 tỷ USD. Các hoạt động hợp tác khác được đề cập gồm kết nối kinh tế, chương trình hành động triển khai quan hệ Đối tác chiến lược
toàn diện giai đoạn 2026-2031, các cơ chế như Ủy ban hỗn hợp Thương mại và Diễn đàn Năng lượng, cùng các dự án giao lưu văn hóa và hỗ trợ bảo
tồn di tích liên quan đến Chủ tịch Hồ Chí Minh và phố Việt Nam tại tỉnh Udon Thani.","nhà vua vương quốc thái lan maha vajiralongkorn và hoàng hậu sẽ thăm cấp nhà nước tới việt nam từ ngày mười bốn đến ngày mười sáu tháng chín năm hai nghìn không trăm hai mươi sáu theo lời mời của.
tổng bí thư, chủ tịch nước tô lâm. chuyến thăm diễn ra trong bối cảnh hai nước kỷ niệm năm mươi năm thiết lập quan hệ ngoại giao ngày sáu tháng tám năm một nghìn chín trăm bảy mươi sáu sáu trên tám.
gạch chéo hai không hai sáu và quan hệ đã được nâng cấp lên đối tác chiến lược toàn diện vào tháng năm hai nghìn không trăm hai mươi lăm. trong ba ngày, hai vị sẽ đặt vòng hoa tại đài tưởng niệm.
liệt sĩ bắc sơn và lăng chủ tịch hồ chí minh, tham dự lễ đón chính thức, gặp tô lâm, tiếp kiến thủ tướng lê minh hưng và chủ tịch quốc hội trần.
thanh mẫn, dự tiệc chiêu đãi tại phủ toàn quyền và thăm các địa điểm văn hóa như chùa ngọc sơn, chùa quán sứ và trung tâm văn hóa thái tại.
đại học hà nội. đoàn tháp tùng gồm thủ tướng, bộ trưởng tháp tùng anutin charnvirakul của thái lan, đại sứ thái lan tại việt nam urawadee.
sriphiromya, tổng thư ký văn phòng hoàng gia, thư ký của nhà vua, tướng không quân satitpong sukvimol, phó tổng thư ký hoàng gia, trung.
tá somchai kanjanamanee cùng các sĩ quan tuỳ tùng. chuyến thăm được đánh giá là dấu mốc lịch sử, lần đầu tiên một quốc vương thái lan thăm.
chính thức việt nam kể từ khi hai nước thiết lập quan hệ ngoại giao năm một nghìn chín trăm bảy mươi sáu, và dự kiến mở ra chương mới cho năm mươi năm tiếp theo của quan hệ.
song phương, hai bên sẽ thúc đẩy hợp tác trên các lĩnh vực chính trị, kinh tế, quốc phòng an ninh, du lịch, lao động và giáo dục, trong đó hợp tác.
kinh tế được nêu là điểm sáng với thái lan là đối tác thương mại lớn nhất của việt nam trong <en>asean</en> và kim ngạch thương mại hai chiều năm.
hai nghìn không trăm hai mươi lăm đạt hai mươi hai phẩy một tỷ <en>u s d</en>. các hoạt động hợp tác khác được đề cập gồm kết nối kinh tế, chương trình hành động triển khai quan hệ đối tác chiến lược.
toàn diện giai đoạn hai nghìn không trăm hai mươi sáu đến hai nghìn không trăm ba mươi mốt, các cơ chế như ủy ban hỗn hợp thương mại và diễn đàn năng lượng, cùng các dự án giao lưu văn hóa và hỗ trợ bảo.
tồn di tích liên quan đến chủ tịch hồ chí minh và phố việt nam tại tỉnh udon thani.",,"song phương, hai bên sẽ thúc đẩy hợp tác trên các lĩnh vực chính trị, kinh tế, quốc phòng an ninh, du lịch, lao động và giáo dục, trong đó hợp tác.","song phương, hai bên sẽ thúc đẩy hợp tác trên các lĩnh vực chính trị, kinh tế, quốc phòng an ninh, du lịch, lao động và giáo dục, trong đó hợp tác.",True,"sˈɔŋ fˈyəŋ, hˈaːj bˈen sˌɛ5 tˈuɜc ɗˈəɪ4 hˈəː6p t̪ˈaːɜc tʃˈen kˌaːɜc lˈi5ɲ vˈy6c tʃˈiɜɲ tʃˈi6, kˈiɲ t̪ˈeɜ, kˈuəɜc fˈɔ2ŋ ˈaːn nˈiɲ, zˈu lˈi6c, lˈaːw ɗˈo6ŋ vˌaː2 zˈaːɜw zˈu6c, tʃˈɔŋ ɗˈɔɜ hˈəː6p t̪ˈaːɜc.","sˈɔŋ fˈyəŋ, hˈaːj bˈen sˌɛ5 tˈuɜc ɗˈəɪ4 hˈəː6p t̪ˈaːɜc tʃˈen kˌaːɜc lˈi5ɲ vˈy6c tʃˈiɜɲ tʃˈi6, kˈiɲ t̪ˈeɜ, kˈuəɜc fˈɔ2ŋ ˈaːn nˈiɲ, zˈu lˈi6c, lˈaːw ɗˈo6ŋ vˌaː2 zˈaːɜw zˈu6c, tʃˈɔŋ ɗˈɔɜ hˈəː6p t̪ˈaːɜc.",para,40F0AEAE73021A4C6447FDD39D345638AFA6AB0FE55D4F596E69E3D5E8B5F163
danhgia_tts.txt,danhgia_tts-010,Văn bản 10,danhgia_tts-010-c011,11,"Nhà vua Vương quốc Thái Lan Maha Vajiralongkorn và Hoàng hậu sẽ thăm cấp Nhà nước tới Việt Nam từ ngày 14 đến 16/9/2026 theo lời mời của
Tổng Bí thư, Chủ tịch nước Tô Lâm. Chuyến thăm diễn ra trong bối cảnh hai nước kỷ niệm 50 năm thiết lập quan hệ ngoại giao (6/8/1976-6/8
/2026) và quan hệ đã được nâng cấp lên Đối tác Chiến lược Toàn diện vào tháng 5/2025. Trong ba ngày, hai vị sẽ đặt vòng hoa tại Đài tưởng niệm
liệt sĩ Bắc Sơn và Lăng Chủ tịch Hồ Chí Minh, tham dự lễ đón chính thức, gặp Tô Lâm, tiếp kiến Thủ tướng Lê Minh Hưng và Chủ tịch Quốc hội Trần
Thanh Mẫn, dự tiệc chiêu đãi tại Phủ Toàn quyền và thăm các địa điểm văn hóa như chùa Ngọc Sơn, chùa Quán Sứ và Trung tâm Văn hóa Thái tại
Đại học Hà Nội. Đoàn tháp tùng gồm Thủ tướng, Bộ trưởng tháp tùng Anutin Charnvirakul của Thái Lan, Đại sứ Thái Lan tại Việt Nam Urawadee
Sriphiromya, Tổng Thư ký Văn phòng Hoàng gia, Thư ký của Nhà vua, Tướng Không quân Satitpong Sukvimol, Phó Tổng Thư ký Hoàng gia, Trung
tá Somchai Kanjanamanee cùng các sĩ quan tuỳ tùng. Chuyến thăm được đánh giá là dấu mốc lịch sử, lần đầu tiên một quốc vương Thái Lan thăm
chính thức Việt Nam kể từ khi hai nước thiết lập quan hệ ngoại giao năm 1976, và dự kiến mở ra chương mới cho 50 năm tiếp theo của quan hệ
song phương. Hai bên sẽ thúc đẩy hợp tác trên các lĩnh vực chính trị, kinh tế, quốc phòng-an ninh, du lịch, lao động và giáo dục, trong đó hợp tác
kinh tế được nêu là điểm sáng với Thái Lan là đối tác thương mại lớn nhất của Việt Nam trong ASEAN và kim ngạch thương mại hai chiều năm
2025 đạt 22,1 tỷ USD. Các hoạt động hợp tác khác được đề cập gồm kết nối kinh tế, chương trình hành động triển khai quan hệ Đối tác chiến lược
toàn diện giai đoạn 2026-2031, các cơ chế như Ủy ban hỗn hợp Thương mại và Diễn đàn Năng lượng, cùng các dự án giao lưu văn hóa và hỗ trợ bảo
tồn di tích liên quan đến Chủ tịch Hồ Chí Minh và phố Việt Nam tại tỉnh Udon Thani.","nhà vua vương quốc thái lan maha vajiralongkorn và hoàng hậu sẽ thăm cấp nhà nước tới việt nam từ ngày mười bốn đến ngày mười sáu tháng chín năm hai nghìn không trăm hai mươi sáu theo lời mời của.
tổng bí thư, chủ tịch nước tô lâm. chuyến thăm diễn ra trong bối cảnh hai nước kỷ niệm năm mươi năm thiết lập quan hệ ngoại giao ngày sáu tháng tám năm một nghìn chín trăm bảy mươi sáu sáu trên tám.
gạch chéo hai không hai sáu và quan hệ đã được nâng cấp lên đối tác chiến lược toàn diện vào tháng năm hai nghìn không trăm hai mươi lăm. trong ba ngày, hai vị sẽ đặt vòng hoa tại đài tưởng niệm.
liệt sĩ bắc sơn và lăng chủ tịch hồ chí minh, tham dự lễ đón chính thức, gặp tô lâm, tiếp kiến thủ tướng lê minh hưng và chủ tịch quốc hội trần.
thanh mẫn, dự tiệc chiêu đãi tại phủ toàn quyền và thăm các địa điểm văn hóa như chùa ngọc sơn, chùa quán sứ và trung tâm văn hóa thái tại.
đại học hà nội. đoàn tháp tùng gồm thủ tướng, bộ trưởng tháp tùng anutin charnvirakul của thái lan, đại sứ thái lan tại việt nam urawadee.
sriphiromya, tổng thư ký văn phòng hoàng gia, thư ký của nhà vua, tướng không quân satitpong sukvimol, phó tổng thư ký hoàng gia, trung.
tá somchai kanjanamanee cùng các sĩ quan tuỳ tùng. chuyến thăm được đánh giá là dấu mốc lịch sử, lần đầu tiên một quốc vương thái lan thăm.
chính thức việt nam kể từ khi hai nước thiết lập quan hệ ngoại giao năm một nghìn chín trăm bảy mươi sáu, và dự kiến mở ra chương mới cho năm mươi năm tiếp theo của quan hệ.
song phương, hai bên sẽ thúc đẩy hợp tác trên các lĩnh vực chính trị, kinh tế, quốc phòng an ninh, du lịch, lao động và giáo dục, trong đó hợp tác.
kinh tế được nêu là điểm sáng với thái lan là đối tác thương mại lớn nhất của việt nam trong <en>asean</en> và kim ngạch thương mại hai chiều năm.
hai nghìn không trăm hai mươi lăm đạt hai mươi hai phẩy một tỷ <en>u s d</en>. các hoạt động hợp tác khác được đề cập gồm kết nối kinh tế, chương trình hành động triển khai quan hệ đối tác chiến lược.
toàn diện giai đoạn hai nghìn không trăm hai mươi sáu đến hai nghìn không trăm ba mươi mốt, các cơ chế như ủy ban hỗn hợp thương mại và diễn đàn năng lượng, cùng các dự án giao lưu văn hóa và hỗ trợ bảo.
tồn di tích liên quan đến chủ tịch hồ chí minh và phố việt nam tại tỉnh udon thani.",,kinh tế được nêu là điểm sáng với thái lan là đối tác thương mại lớn nhất của việt nam trong <en>asean</en> và kim ngạch thương mại hai chiều năm.,kinh tế được nêu là điểm sáng với thái lan là đối tác thương mại lớn nhất của việt nam trong <en>asean</en> và kim ngạch thương mại hai chiều năm.,True,kˈiɲ t̪ˈeɜ ɗˌyə6c nˈe1w lˌaː2 ɗˈiɛ4m sˈaːɜŋ vˌəːɜj tˈaːɜj lˈaːn lˌaː2 ɗˈoɜj t̪ˈaːɜc tˈyəŋ mˈaː6j lˈəːɜn ɲˈəɜt̪ kˌuə4 vˈiɛ6t̪ nˈaːm tʃˈɔŋ ˈæsiən vˌaː2 kˈim ŋˈe-6c tˈyəŋ mˈaː6j hˈaːj tʃˈiɛ2w nˈam.,kˈiɲ t̪ˈeɜ ɗˌyə6c nˈe1w lˌaː2 ɗˈiɛ4m sˈaːɜŋ vˌəːɜj tˈaːɜj lˈaːn lˌaː2 ɗˈoɜj t̪ˈaːɜc tˈyəŋ mˈaː6j lˈəːɜn ɲˈəɜt̪ kˌuə4 vˈiɛ6t̪ nˈaːm tʃˈɔŋ ˈæsiən vˌaː2 kˈim ŋˈe-6c tˈyəŋ mˈaː6j hˈaːj tʃˈiɛ2w nˈam.,para,40F0AEAE73021A4C6447FDD39D345638AFA6AB0FE55D4F596E69E3D5E8B5F163
danhgia_tts.txt,danhgia_tts-010,Văn bản 10,danhgia_tts-010-c012,12,"Nhà vua Vương quốc Thái Lan Maha Vajiralongkorn và Hoàng hậu sẽ thăm cấp Nhà nước tới Việt Nam từ ngày 14 đến 16/9/2026 theo lời mời của
Tổng Bí thư, Chủ tịch nước Tô Lâm. Chuyến thăm diễn ra trong bối cảnh hai nước kỷ niệm 50 năm thiết lập quan hệ ngoại giao (6/8/1976-6/8
/2026) và quan hệ đã được nâng cấp lên Đối tác Chiến lược Toàn diện vào tháng 5/2025. Trong ba ngày, hai vị sẽ đặt vòng hoa tại Đài tưởng niệm
liệt sĩ Bắc Sơn và Lăng Chủ tịch Hồ Chí Minh, tham dự lễ đón chính thức, gặp Tô Lâm, tiếp kiến Thủ tướng Lê Minh Hưng và Chủ tịch Quốc hội Trần
Thanh Mẫn, dự tiệc chiêu đãi tại Phủ Toàn quyền và thăm các địa điểm văn hóa như chùa Ngọc Sơn, chùa Quán Sứ và Trung tâm Văn hóa Thái tại
Đại học Hà Nội. Đoàn tháp tùng gồm Thủ tướng, Bộ trưởng tháp tùng Anutin Charnvirakul của Thái Lan, Đại sứ Thái Lan tại Việt Nam Urawadee
Sriphiromya, Tổng Thư ký Văn phòng Hoàng gia, Thư ký của Nhà vua, Tướng Không quân Satitpong Sukvimol, Phó Tổng Thư ký Hoàng gia, Trung
tá Somchai Kanjanamanee cùng các sĩ quan tuỳ tùng. Chuyến thăm được đánh giá là dấu mốc lịch sử, lần đầu tiên một quốc vương Thái Lan thăm
chính thức Việt Nam kể từ khi hai nước thiết lập quan hệ ngoại giao năm 1976, và dự kiến mở ra chương mới cho 50 năm tiếp theo của quan hệ
song phương. Hai bên sẽ thúc đẩy hợp tác trên các lĩnh vực chính trị, kinh tế, quốc phòng-an ninh, du lịch, lao động và giáo dục, trong đó hợp tác
kinh tế được nêu là điểm sáng với Thái Lan là đối tác thương mại lớn nhất của Việt Nam trong ASEAN và kim ngạch thương mại hai chiều năm
2025 đạt 22,1 tỷ USD. Các hoạt động hợp tác khác được đề cập gồm kết nối kinh tế, chương trình hành động triển khai quan hệ Đối tác chiến lược
toàn diện giai đoạn 2026-2031, các cơ chế như Ủy ban hỗn hợp Thương mại và Diễn đàn Năng lượng, cùng các dự án giao lưu văn hóa và hỗ trợ bảo
tồn di tích liên quan đến Chủ tịch Hồ Chí Minh và phố Việt Nam tại tỉnh Udon Thani.","nhà vua vương quốc thái lan maha vajiralongkorn và hoàng hậu sẽ thăm cấp nhà nước tới việt nam từ ngày mười bốn đến ngày mười sáu tháng chín năm hai nghìn không trăm hai mươi sáu theo lời mời của.
tổng bí thư, chủ tịch nước tô lâm. chuyến thăm diễn ra trong bối cảnh hai nước kỷ niệm năm mươi năm thiết lập quan hệ ngoại giao ngày sáu tháng tám năm một nghìn chín trăm bảy mươi sáu sáu trên tám.
gạch chéo hai không hai sáu và quan hệ đã được nâng cấp lên đối tác chiến lược toàn diện vào tháng năm hai nghìn không trăm hai mươi lăm. trong ba ngày, hai vị sẽ đặt vòng hoa tại đài tưởng niệm.
liệt sĩ bắc sơn và lăng chủ tịch hồ chí minh, tham dự lễ đón chính thức, gặp tô lâm, tiếp kiến thủ tướng lê minh hưng và chủ tịch quốc hội trần.
thanh mẫn, dự tiệc chiêu đãi tại phủ toàn quyền và thăm các địa điểm văn hóa như chùa ngọc sơn, chùa quán sứ và trung tâm văn hóa thái tại.
đại học hà nội. đoàn tháp tùng gồm thủ tướng, bộ trưởng tháp tùng anutin charnvirakul của thái lan, đại sứ thái lan tại việt nam urawadee.
sriphiromya, tổng thư ký văn phòng hoàng gia, thư ký của nhà vua, tướng không quân satitpong sukvimol, phó tổng thư ký hoàng gia, trung.
tá somchai kanjanamanee cùng các sĩ quan tuỳ tùng. chuyến thăm được đánh giá là dấu mốc lịch sử, lần đầu tiên một quốc vương thái lan thăm.
chính thức việt nam kể từ khi hai nước thiết lập quan hệ ngoại giao năm một nghìn chín trăm bảy mươi sáu, và dự kiến mở ra chương mới cho năm mươi năm tiếp theo của quan hệ.
song phương, hai bên sẽ thúc đẩy hợp tác trên các lĩnh vực chính trị, kinh tế, quốc phòng an ninh, du lịch, lao động và giáo dục, trong đó hợp tác.
kinh tế được nêu là điểm sáng với thái lan là đối tác thương mại lớn nhất của việt nam trong <en>asean</en> và kim ngạch thương mại hai chiều năm.
hai nghìn không trăm hai mươi lăm đạt hai mươi hai phẩy một tỷ <en>u s d</en>. các hoạt động hợp tác khác được đề cập gồm kết nối kinh tế, chương trình hành động triển khai quan hệ đối tác chiến lược.
toàn diện giai đoạn hai nghìn không trăm hai mươi sáu đến hai nghìn không trăm ba mươi mốt, các cơ chế như ủy ban hỗn hợp thương mại và diễn đàn năng lượng, cùng các dự án giao lưu văn hóa và hỗ trợ bảo.
tồn di tích liên quan đến chủ tịch hồ chí minh và phố việt nam tại tỉnh udon thani.",,"hai nghìn không trăm hai mươi lăm đạt hai mươi hai phẩy một tỷ <en>u s d</en>. các hoạt động hợp tác khác được đề cập gồm kết nối kinh tế, chương trình hành động triển khai quan hệ đối tác chiến lược.","hai nghìn không trăm hai mươi lăm đạt hai mươi hai phẩy một tỷ <en>u s d</en>. các hoạt động hợp tác khác được đề cập gồm kết nối kinh tế, chương trình hành động triển khai quan hệ đối tác chiến lược.",True,"hˈaːj ŋˈi2n xˌoŋ tʃˈam hˈaːj mˈyəj lˈam ɗˈaː6t̪ hˈaːj mˈyəj hˈaːj fˈəɪ4 mˈo6t̪ t̪ˈi4 jˈuː ˈɛs dˈiː. kˌaːɜc hwˈaː6t̪ ɗˈo6ŋ hˈəː6p t̪ˈaːɜc xˈaːɜc ɗˌyə6c ɗˈe2 kˈə6p ɣˈo2m kˈeɜt̪ nˈoɜj kˈiɲ t̪ˈeɜ, tʃˈyəŋ tʃˈi2ɲ hˈe-2ɲ ɗˈo6ŋ tʃˈiɛ4n xˈaːj kwˈaːn hˈe6 ɗˈoɜj t̪ˈaːɜc tʃˈiɛɜn lˈyə6c.","hˈaːj ŋˈi2n xˌoŋ tʃˈam hˈaːj mˈyəj lˈam ɗˈaː6t̪ hˈaːj mˈyəj hˈaːj fˈəɪ4 mˈo6t̪ t̪ˈi4 jˈuː ˈɛs dˈiː. kˌaːɜc hwˈaː6t̪ ɗˈo6ŋ hˈəː6p t̪ˈaːɜc xˈaːɜc ɗˌyə6c ɗˈe2 kˈə6p ɣˈo2m kˈeɜt̪ nˈoɜj kˈiɲ t̪ˈeɜ, tʃˈyəŋ tʃˈi2ɲ hˈe-2ɲ ɗˈo6ŋ tʃˈiɛ4n xˈaːj kwˈaːn hˈe6 ɗˈoɜj t̪ˈaːɜc tʃˈiɛɜn lˈyə6c.",para,40F0AEAE73021A4C6447FDD39D345638AFA6AB0FE55D4F596E69E3D5E8B5F163
danhgia_tts.txt,danhgia_tts-010,Văn bản 10,danhgia_tts-010-c013,13,"Nhà vua Vương quốc Thái Lan Maha Vajiralongkorn và Hoàng hậu sẽ thăm cấp Nhà nước tới Việt Nam từ ngày 14 đến 16/9/2026 theo lời mời của
Tổng Bí thư, Chủ tịch nước Tô Lâm. Chuyến thăm diễn ra trong bối cảnh hai nước kỷ niệm 50 năm thiết lập quan hệ ngoại giao (6/8/1976-6/8
/2026) và quan hệ đã được nâng cấp lên Đối tác Chiến lược Toàn diện vào tháng 5/2025. Trong ba ngày, hai vị sẽ đặt vòng hoa tại Đài tưởng niệm
liệt sĩ Bắc Sơn và Lăng Chủ tịch Hồ Chí Minh, tham dự lễ đón chính thức, gặp Tô Lâm, tiếp kiến Thủ tướng Lê Minh Hưng và Chủ tịch Quốc hội Trần
Thanh Mẫn, dự tiệc chiêu đãi tại Phủ Toàn quyền và thăm các địa điểm văn hóa như chùa Ngọc Sơn, chùa Quán Sứ và Trung tâm Văn hóa Thái tại
Đại học Hà Nội. Đoàn tháp tùng gồm Thủ tướng, Bộ trưởng tháp tùng Anutin Charnvirakul của Thái Lan, Đại sứ Thái Lan tại Việt Nam Urawadee
Sriphiromya, Tổng Thư ký Văn phòng Hoàng gia, Thư ký của Nhà vua, Tướng Không quân Satitpong Sukvimol, Phó Tổng Thư ký Hoàng gia, Trung
tá Somchai Kanjanamanee cùng các sĩ quan tuỳ tùng. Chuyến thăm được đánh giá là dấu mốc lịch sử, lần đầu tiên một quốc vương Thái Lan thăm
chính thức Việt Nam kể từ khi hai nước thiết lập quan hệ ngoại giao năm 1976, và dự kiến mở ra chương mới cho 50 năm tiếp theo của quan hệ
song phương. Hai bên sẽ thúc đẩy hợp tác trên các lĩnh vực chính trị, kinh tế, quốc phòng-an ninh, du lịch, lao động và giáo dục, trong đó hợp tác
kinh tế được nêu là điểm sáng với Thái Lan là đối tác thương mại lớn nhất của Việt Nam trong ASEAN và kim ngạch thương mại hai chiều năm
2025 đạt 22,1 tỷ USD. Các hoạt động hợp tác khác được đề cập gồm kết nối kinh tế, chương trình hành động triển khai quan hệ Đối tác chiến lược
toàn diện giai đoạn 2026-2031, các cơ chế như Ủy ban hỗn hợp Thương mại và Diễn đàn Năng lượng, cùng các dự án giao lưu văn hóa và hỗ trợ bảo
tồn di tích liên quan đến Chủ tịch Hồ Chí Minh và phố Việt Nam tại tỉnh Udon Thani.","nhà vua vương quốc thái lan maha vajiralongkorn và hoàng hậu sẽ thăm cấp nhà nước tới việt nam từ ngày mười bốn đến ngày mười sáu tháng chín năm hai nghìn không trăm hai mươi sáu theo lời mời của.
tổng bí thư, chủ tịch nước tô lâm. chuyến thăm diễn ra trong bối cảnh hai nước kỷ niệm năm mươi năm thiết lập quan hệ ngoại giao ngày sáu tháng tám năm một nghìn chín trăm bảy mươi sáu sáu trên tám.
gạch chéo hai không hai sáu và quan hệ đã được nâng cấp lên đối tác chiến lược toàn diện vào tháng năm hai nghìn không trăm hai mươi lăm. trong ba ngày, hai vị sẽ đặt vòng hoa tại đài tưởng niệm.
liệt sĩ bắc sơn và lăng chủ tịch hồ chí minh, tham dự lễ đón chính thức, gặp tô lâm, tiếp kiến thủ tướng lê minh hưng và chủ tịch quốc hội trần.
thanh mẫn, dự tiệc chiêu đãi tại phủ toàn quyền và thăm các địa điểm văn hóa như chùa ngọc sơn, chùa quán sứ và trung tâm văn hóa thái tại.
đại học hà nội. đoàn tháp tùng gồm thủ tướng, bộ trưởng tháp tùng anutin charnvirakul của thái lan, đại sứ thái lan tại việt nam urawadee.
sriphiromya, tổng thư ký văn phòng hoàng gia, thư ký của nhà vua, tướng không quân satitpong sukvimol, phó tổng thư ký hoàng gia, trung.
tá somchai kanjanamanee cùng các sĩ quan tuỳ tùng. chuyến thăm được đánh giá là dấu mốc lịch sử, lần đầu tiên một quốc vương thái lan thăm.
chính thức việt nam kể từ khi hai nước thiết lập quan hệ ngoại giao năm một nghìn chín trăm bảy mươi sáu, và dự kiến mở ra chương mới cho năm mươi năm tiếp theo của quan hệ.
song phương, hai bên sẽ thúc đẩy hợp tác trên các lĩnh vực chính trị, kinh tế, quốc phòng an ninh, du lịch, lao động và giáo dục, trong đó hợp tác.
kinh tế được nêu là điểm sáng với thái lan là đối tác thương mại lớn nhất của việt nam trong <en>asean</en> và kim ngạch thương mại hai chiều năm.
hai nghìn không trăm hai mươi lăm đạt hai mươi hai phẩy một tỷ <en>u s d</en>. các hoạt động hợp tác khác được đề cập gồm kết nối kinh tế, chương trình hành động triển khai quan hệ đối tác chiến lược.
toàn diện giai đoạn hai nghìn không trăm hai mươi sáu đến hai nghìn không trăm ba mươi mốt, các cơ chế như ủy ban hỗn hợp thương mại và diễn đàn năng lượng, cùng các dự án giao lưu văn hóa và hỗ trợ bảo.
tồn di tích liên quan đến chủ tịch hồ chí minh và phố việt nam tại tỉnh udon thani.",,"toàn diện giai đoạn hai nghìn không trăm hai mươi sáu đến hai nghìn không trăm ba mươi mốt, các cơ chế như ủy ban hỗn hợp thương mại và diễn đàn năng lượng, cùng các dự án giao lưu văn hóa và hỗ trợ bảo.","toàn diện giai đoạn hai nghìn không trăm hai mươi sáu đến hai nghìn không trăm ba mươi mốt, các cơ chế như ủy ban hỗn hợp thương mại và diễn đàn năng lượng, cùng các dự án giao lưu văn hóa và hỗ trợ bảo.",True,"t̪wˈaː2n zˈiɛ6n zˈaːj ɗwˈaː6n hˈaːj ŋˈi2n xˌoŋ tʃˈam hˈaːj mˈyəj sˈaɜw ɗˌeɜn hˈaːj ŋˈi2n xˌoŋ tʃˈam bˈaː mˈyəj mˈoɜt̪, kˌaːɜc kˈəː tʃˈeɜ ɲˌy wˈi4 bˈaːn hˈo5n hˈəː6p tˈyəŋ mˈaː6j vˌaː2 zˈiɛ5n ɗˈaː2n nˈaŋ lˈyə6ŋ, kˈu2ŋ kˌaːɜc zˈy6 ˈaːɜn zˈaːw lˈiw vˈan hwˈaːɜ vˌaː2 hˈo5 tʃˈəː6 bˈaː4w.","t̪wˈaː2n zˈiɛ6n zˈaːj ɗwˈaː6n hˈaːj ŋˈi2n xˌoŋ tʃˈam hˈaːj mˈyəj sˈaɜw ɗˌeɜn hˈaːj ŋˈi2n xˌoŋ tʃˈam bˈaː mˈyəj mˈoɜt̪, kˌaːɜc kˈəː tʃˈeɜ ɲˌy wˈi4 bˈaːn hˈo5n hˈəː6p tˈyəŋ mˈaː6j vˌaː2 zˈiɛ5n ɗˈaː2n nˈaŋ lˈyə6ŋ, kˈu2ŋ kˌaːɜc zˈy6 ˈaːɜn zˈaːw lˈiw vˈan hwˈaːɜ vˌaː2 hˈo5 tʃˈəː6 bˈaː4w.",para,40F0AEAE73021A4C6447FDD39D345638AFA6AB0FE55D4F596E69E3D5E8B5F163
danhgia_tts.txt,danhgia_tts-010,Văn bản 10,danhgia_tts-010-c014,14,"Nhà vua Vương quốc Thái Lan Maha Vajiralongkorn và Hoàng hậu sẽ thăm cấp Nhà nước tới Việt Nam từ ngày 14 đến 16/9/2026 theo lời mời của
Tổng Bí thư, Chủ tịch nước Tô Lâm. Chuyến thăm diễn ra trong bối cảnh hai nước kỷ niệm 50 năm thiết lập quan hệ ngoại giao (6/8/1976-6/8
/2026) và quan hệ đã được nâng cấp lên Đối tác Chiến lược Toàn diện vào tháng 5/2025. Trong ba ngày, hai vị sẽ đặt vòng hoa tại Đài tưởng niệm
liệt sĩ Bắc Sơn và Lăng Chủ tịch Hồ Chí Minh, tham dự lễ đón chính thức, gặp Tô Lâm, tiếp kiến Thủ tướng Lê Minh Hưng và Chủ tịch Quốc hội Trần
Thanh Mẫn, dự tiệc chiêu đãi tại Phủ Toàn quyền và thăm các địa điểm văn hóa như chùa Ngọc Sơn, chùa Quán Sứ và Trung tâm Văn hóa Thái tại
Đại học Hà Nội. Đoàn tháp tùng gồm Thủ tướng, Bộ trưởng tháp tùng Anutin Charnvirakul của Thái Lan, Đại sứ Thái Lan tại Việt Nam Urawadee
Sriphiromya, Tổng Thư ký Văn phòng Hoàng gia, Thư ký của Nhà vua, Tướng Không quân Satitpong Sukvimol, Phó Tổng Thư ký Hoàng gia, Trung
tá Somchai Kanjanamanee cùng các sĩ quan tuỳ tùng. Chuyến thăm được đánh giá là dấu mốc lịch sử, lần đầu tiên một quốc vương Thái Lan thăm
chính thức Việt Nam kể từ khi hai nước thiết lập quan hệ ngoại giao năm 1976, và dự kiến mở ra chương mới cho 50 năm tiếp theo của quan hệ
song phương. Hai bên sẽ thúc đẩy hợp tác trên các lĩnh vực chính trị, kinh tế, quốc phòng-an ninh, du lịch, lao động và giáo dục, trong đó hợp tác
kinh tế được nêu là điểm sáng với Thái Lan là đối tác thương mại lớn nhất của Việt Nam trong ASEAN và kim ngạch thương mại hai chiều năm
2025 đạt 22,1 tỷ USD. Các hoạt động hợp tác khác được đề cập gồm kết nối kinh tế, chương trình hành động triển khai quan hệ Đối tác chiến lược
toàn diện giai đoạn 2026-2031, các cơ chế như Ủy ban hỗn hợp Thương mại và Diễn đàn Năng lượng, cùng các dự án giao lưu văn hóa và hỗ trợ bảo
tồn di tích liên quan đến Chủ tịch Hồ Chí Minh và phố Việt Nam tại tỉnh Udon Thani.","nhà vua vương quốc thái lan maha vajiralongkorn và hoàng hậu sẽ thăm cấp nhà nước tới việt nam từ ngày mười bốn đến ngày mười sáu tháng chín năm hai nghìn không trăm hai mươi sáu theo lời mời của.
tổng bí thư, chủ tịch nước tô lâm. chuyến thăm diễn ra trong bối cảnh hai nước kỷ niệm năm mươi năm thiết lập quan hệ ngoại giao ngày sáu tháng tám năm một nghìn chín trăm bảy mươi sáu sáu trên tám.
gạch chéo hai không hai sáu và quan hệ đã được nâng cấp lên đối tác chiến lược toàn diện vào tháng năm hai nghìn không trăm hai mươi lăm. trong ba ngày, hai vị sẽ đặt vòng hoa tại đài tưởng niệm.
liệt sĩ bắc sơn và lăng chủ tịch hồ chí minh, tham dự lễ đón chính thức, gặp tô lâm, tiếp kiến thủ tướng lê minh hưng và chủ tịch quốc hội trần.
thanh mẫn, dự tiệc chiêu đãi tại phủ toàn quyền và thăm các địa điểm văn hóa như chùa ngọc sơn, chùa quán sứ và trung tâm văn hóa thái tại.
đại học hà nội. đoàn tháp tùng gồm thủ tướng, bộ trưởng tháp tùng anutin charnvirakul của thái lan, đại sứ thái lan tại việt nam urawadee.
sriphiromya, tổng thư ký văn phòng hoàng gia, thư ký của nhà vua, tướng không quân satitpong sukvimol, phó tổng thư ký hoàng gia, trung.
tá somchai kanjanamanee cùng các sĩ quan tuỳ tùng. chuyến thăm được đánh giá là dấu mốc lịch sử, lần đầu tiên một quốc vương thái lan thăm.
chính thức việt nam kể từ khi hai nước thiết lập quan hệ ngoại giao năm một nghìn chín trăm bảy mươi sáu, và dự kiến mở ra chương mới cho năm mươi năm tiếp theo của quan hệ.
song phương, hai bên sẽ thúc đẩy hợp tác trên các lĩnh vực chính trị, kinh tế, quốc phòng an ninh, du lịch, lao động và giáo dục, trong đó hợp tác.
kinh tế được nêu là điểm sáng với thái lan là đối tác thương mại lớn nhất của việt nam trong <en>asean</en> và kim ngạch thương mại hai chiều năm.
hai nghìn không trăm hai mươi lăm đạt hai mươi hai phẩy một tỷ <en>u s d</en>. các hoạt động hợp tác khác được đề cập gồm kết nối kinh tế, chương trình hành động triển khai quan hệ đối tác chiến lược.
toàn diện giai đoạn hai nghìn không trăm hai mươi sáu đến hai nghìn không trăm ba mươi mốt, các cơ chế như ủy ban hỗn hợp thương mại và diễn đàn năng lượng, cùng các dự án giao lưu văn hóa và hỗ trợ bảo.
tồn di tích liên quan đến chủ tịch hồ chí minh và phố việt nam tại tỉnh udon thani.",,tồn di tích liên quan đến chủ tịch hồ chí minh và phố việt nam tại tỉnh udon thani.,tồn di tích liên quan đến chủ tịch hồ chí minh và phố việt nam tại tỉnh udon thani.,True,t̪ˈo2n zˈi t̪ˈiɜc lˈiɛn kwˈaːn ɗˌeɜn tʃˈu4 t̪ˈi6c hˈo2 tʃˈiɜ mˈiɲ vˌaː2 fˈoɜ vˈiɛ6t̪ nˈaːm t̪ˈaː6j t̪ˈi4ɲ jˈuːdɑːn θˈæni.,t̪ˈo2n zˈi t̪ˈiɜc lˈiɛn kwˈaːn ɗˌeɜn tʃˈu4 t̪ˈi6c hˈo2 tʃˈiɜ mˈiɲ vˌaː2 fˈoɜ vˈiɛ6t̪ nˈaːm t̪ˈaː6j t̪ˈi4ɲ jˈuːdɑːn θˈæni.,,40F0AEAE73021A4C6447FDD39D345638AFA6AB0FE55D4F596E69E3D5E8B5F163
danhgia_tts.txt,danhgia_tts-011,Văn bản 11,danhgia_tts-011-c001,1,"Thượng nghị sĩ Tim Kaine (D-Va.) hôm thứ Tư kêu gọi chính quyền Trump nhanh chóng chấm dứt các hoạt động quân sự của Mỹ chống Iran, gọi cuộc xung đột là ""ba lần bất hợp pháp"" sau khi Hạ viện thông qua ba nghị quyết về quyền chiến tranh. Ông cho biết Thượng viện đã thông qua một nghị quyết do ông đề xuất hồi tháng Sáu và có khả năng thông qua một nghị quyết khác sớm, trong khi bốn thượng nghị sĩ Cộng hòa đã bỏ phiếu ủng hộ nghị quyết đầu tiên. Kaine thừa nhận chính quyền Trump kháng cự áp lực công chúng và nói rằng ông không nghĩ tổng thống sẽ tự chấm dứt chiến tranh. Chủ tịch Hạ viện Hoa Kỳ Mike Johnson kêu gọi ""một giải pháp"" cho cuộc chiến ở Iran, cho rằng chiến dịch Epic Fury đã thành công nhưng cần kết thúc xung đột và không yêu cầu chấm dứt ngay lập tức. Đại diện Hoa Kỳ Ashley Hinson (R-Iowa), ứng cử viên Thượng viện, kêu gọi tạm dừng thuế xăng liên bang và ngừng xuất khẩu dầu diesel để hạ giá tiêu dùng. Lãnh đạo phe thiểu số Hạ viện Hoa Kỳ Hakeem Jeffries (D-N.Y.) chỉ trích các nghị sĩ Cộng hòa đang kêu gọi kết thúc chiến tranh vì áp lực trước cuộc bầu cử giữa kỳ, trong khi Đảng Dân chủ nhấn mạnh mối liên hệ giữa xung đột và tăng giá nhiên liệu. Bài báo cũng nêu các chỉ trích về thương vong của binh sĩ Mỹ, việc đóng cửa Eo biển Hormuz làm tăng giá năng lượng toàn cầu và giá xăng ở Mỹ tăng lên khoảng $4,47/gallon.","thượng nghị sĩ tim kaine, đê va. , hôm thứ tư kêu gọi chính quyền trump nhanh chóng chấm dứt các hoạt động quân sự của mỹ chống iran, gọi cuộc xung đột là ba lần bất hợp pháp sau khi hạ viện thông qua ba nghị quyết về quyền chiến tranh. ông cho biết thượng viện đã thông qua một nghị quyết do ông đề xuất hồi tháng sáu và có khả năng thông qua một nghị quyết khác sớm, trong khi bốn thượng nghị sĩ cộng hòa đã bỏ phiếu ủng hộ nghị quyết đầu tiên. kaine thừa nhận chính quyền trump kháng cự áp lực công chúng và nói rằng ông không nghĩ tổng thống sẽ tự chấm dứt chiến tranh. chủ tịch hạ viện hoa kỳ mike johnson kêu gọi một giải pháp cho cuộc chiến ở iran, cho rằng chiến dịch epic fury đã thành công nhưng cần kết thúc xung đột và không yêu cầu chấm dứt ngay lập tức. đại diện hoa kỳ ashley hinson, rờ iowa, ứng cử viên thượng viện, kêu gọi tạm dừng thuế xăng liên bang và ngừng xuất khẩu dầu diesel để hạ giá tiêu dùng. lãnh đạo phe thiểu số hạ viện hoa kỳ hakeem jeffries, đê gạch nối nờ chấm y. , chỉ trích các nghị sĩ cộng hòa đang kêu gọi kết thúc chiến tranh vì áp lực trước cuộc bầu cử giữa kỳ, trong khi đảng dân chủ nhấn mạnh mối liên hệ giữa xung đột và tăng giá nhiên liệu. bài báo cũng nêu các chỉ trích về thương vong của binh sĩ mỹ, việc đóng cửa eo biển hormuz làm tăng giá năng lượng toàn cầu và giá xăng ở mỹ tăng lên khoảng bốn phẩy bốn bảy <en>u s d</en> trên gallon.",,"thượng nghị sĩ tim kaine, đê va. , hôm thứ tư kêu gọi chính quyền trump nhanh chóng chấm dứt các hoạt động quân sự của mỹ chống iran, gọi cuộc xung đột là ba lần bất hợp pháp sau khi hạ viện thông qua ba nghị quyết về quyền chiến tranh.","thượng nghị sĩ tim kaine, đê va. , hôm thứ tư kêu gọi chính quyền trump nhanh chóng chấm dứt các hoạt động quân sự của mỹ chống iran, gọi cuộc xung đột là ba lần bất hợp pháp sau khi hạ viện thông qua ba nghị quyết về quyền chiến tranh.",True,"tˈyə6ŋ ŋˈi6 sˈi5 t̪ˈim kˈaɪn, ɗˈe vˈaː., hˈom tˈyɜ t̪ˈy kˈe1w ɣˈɔ6j tʃˈiɜɲ kwˈiɛ2n tɹˈʌmp ɲˈe-ɲ tʃˈɔɜŋ tʃˈəɜm zˈyɜt̪ kˌaːɜc hwˈaː6t̪ ɗˈo6ŋ kwˈən sˈy6 kˌuə4 mˈi5 tʃˈoɜŋ ɪɹˈæn, ɣˈɔ6j kˈuə6c sˈuŋ ɗˈo6t̪ lˌaː2 bˈaː lˈə2n bˈəɜt̪ hˈəː6p fˈaːɜp sˈaw xˌi hˈaː6 vˈiɛ6n tˈoŋ kwˈaː bˈaː ŋˈi6 kwˈiɛɜt̪ vˈe2 kwˈiɛ2n tʃˈiɛɜn tʃˈe-ɲ.","tˈyə6ŋ ŋˈi6 sˈi5 t̪ˈim kˈaɪn, ɗˈe vˈaː., hˈom tˈyɜ t̪ˈy kˈe1w ɣˈɔ6j tʃˈiɜɲ kwˈiɛ2n tɹˈʌmp ɲˈe-ɲ tʃˈɔɜŋ tʃˈəɜm zˈyɜt̪ kˌaːɜc hwˈaː6t̪ ɗˈo6ŋ kwˈən sˈy6 kˌuə4 mˈi5 tʃˈoɜŋ ɪɹˈæn, ɣˈɔ6j kˈuə6c sˈuŋ ɗˈo6t̪ lˌaː2 bˈaː lˈə2n bˈəɜt̪ hˈəː6p fˈaːɜp sˈaw xˌi hˈaː6 vˈiɛ6n tˈoŋ kwˈaː bˈaː ŋˈi6 kwˈiɛɜt̪ vˈe2 kwˈiɛ2n tʃˈiɛɜn tʃˈe-ɲ.",sentence,40F0AEAE73021A4C6447FDD39D345638AFA6AB0FE55D4F596E69E3D5E8B5F163
danhgia_tts.txt,danhgia_tts-011,Văn bản 11,danhgia_tts-011-c002,2,"Thượng nghị sĩ Tim Kaine (D-Va.) hôm thứ Tư kêu gọi chính quyền Trump nhanh chóng chấm dứt các hoạt động quân sự của Mỹ chống Iran, gọi cuộc xung đột là ""ba lần bất hợp pháp"" sau khi Hạ viện thông qua ba nghị quyết về quyền chiến tranh. Ông cho biết Thượng viện đã thông qua một nghị quyết do ông đề xuất hồi tháng Sáu và có khả năng thông qua một nghị quyết khác sớm, trong khi bốn thượng nghị sĩ Cộng hòa đã bỏ phiếu ủng hộ nghị quyết đầu tiên. Kaine thừa nhận chính quyền Trump kháng cự áp lực công chúng và nói rằng ông không nghĩ tổng thống sẽ tự chấm dứt chiến tranh. Chủ tịch Hạ viện Hoa Kỳ Mike Johnson kêu gọi ""một giải pháp"" cho cuộc chiến ở Iran, cho rằng chiến dịch Epic Fury đã thành công nhưng cần kết thúc xung đột và không yêu cầu chấm dứt ngay lập tức. Đại diện Hoa Kỳ Ashley Hinson (R-Iowa), ứng cử viên Thượng viện, kêu gọi tạm dừng thuế xăng liên bang và ngừng xuất khẩu dầu diesel để hạ giá tiêu dùng. Lãnh đạo phe thiểu số Hạ viện Hoa Kỳ Hakeem Jeffries (D-N.Y.) chỉ trích các nghị sĩ Cộng hòa đang kêu gọi kết thúc chiến tranh vì áp lực trước cuộc bầu cử giữa kỳ, trong khi Đảng Dân chủ nhấn mạnh mối liên hệ giữa xung đột và tăng giá nhiên liệu. Bài báo cũng nêu các chỉ trích về thương vong của binh sĩ Mỹ, việc đóng cửa Eo biển Hormuz làm tăng giá năng lượng toàn cầu và giá xăng ở Mỹ tăng lên khoảng $4,47/gallon.","thượng nghị sĩ tim kaine, đê va. , hôm thứ tư kêu gọi chính quyền trump nhanh chóng chấm dứt các hoạt động quân sự của mỹ chống iran, gọi cuộc xung đột là ba lần bất hợp pháp sau khi hạ viện thông qua ba nghị quyết về quyền chiến tranh. ông cho biết thượng viện đã thông qua một nghị quyết do ông đề xuất hồi tháng sáu và có khả năng thông qua một nghị quyết khác sớm, trong khi bốn thượng nghị sĩ cộng hòa đã bỏ phiếu ủng hộ nghị quyết đầu tiên. kaine thừa nhận chính quyền trump kháng cự áp lực công chúng và nói rằng ông không nghĩ tổng thống sẽ tự chấm dứt chiến tranh. chủ tịch hạ viện hoa kỳ mike johnson kêu gọi một giải pháp cho cuộc chiến ở iran, cho rằng chiến dịch epic fury đã thành công nhưng cần kết thúc xung đột và không yêu cầu chấm dứt ngay lập tức. đại diện hoa kỳ ashley hinson, rờ iowa, ứng cử viên thượng viện, kêu gọi tạm dừng thuế xăng liên bang và ngừng xuất khẩu dầu diesel để hạ giá tiêu dùng. lãnh đạo phe thiểu số hạ viện hoa kỳ hakeem jeffries, đê gạch nối nờ chấm y. , chỉ trích các nghị sĩ cộng hòa đang kêu gọi kết thúc chiến tranh vì áp lực trước cuộc bầu cử giữa kỳ, trong khi đảng dân chủ nhấn mạnh mối liên hệ giữa xung đột và tăng giá nhiên liệu. bài báo cũng nêu các chỉ trích về thương vong của binh sĩ mỹ, việc đóng cửa eo biển hormuz làm tăng giá năng lượng toàn cầu và giá xăng ở mỹ tăng lên khoảng bốn phẩy bốn bảy <en>u s d</en> trên gallon.",,"ông cho biết thượng viện đã thông qua một nghị quyết do ông đề xuất hồi tháng sáu và có khả năng thông qua một nghị quyết khác sớm, trong khi bốn thượng nghị sĩ cộng hòa đã bỏ phiếu ủng hộ nghị quyết đầu tiên.","ông cho biết thượng viện đã thông qua một nghị quyết do ông đề xuất hồi tháng sáu và có khả năng thông qua một nghị quyết khác sớm, trong khi bốn thượng nghị sĩ cộng hòa đã bỏ phiếu ủng hộ nghị quyết đầu tiên.",True,"ˈoŋ tʃˌɔ bˈiɛɜt̪ tˈyə6ŋ vˈiɛ6n ɗˌaː5 tˈoŋ kwˈaː mˈo6t̪ ŋˈi6 kwˈiɛɜt̪ zˈɔ ˈoŋ ɗˈe2 swˈəɜt̪ hˈo2j tˈaːɜŋ sˈaɜw vˌaː2 kˈɔɜ xˈaː4 nˈaŋ tˈoŋ kwˈaː mˈo6t̪ ŋˈi6 kwˈiɛɜt̪ xˈaːɜc sˈəːɜm, tʃˈɔŋ xˌi bˈoɜn tˈyə6ŋ ŋˈi6 sˈi5 kˈo6ŋ hwˈaː2 ɗˌaː5 bˈɔ4 fˈiɛɜw ˈu4ŋ hˈo6 ŋˈi6 kwˈiɛɜt̪ ɗˈə2w t̪ˈiɛn.","ˈoŋ tʃˌɔ bˈiɛɜt̪ tˈyə6ŋ vˈiɛ6n ɗˌaː5 tˈoŋ kwˈaː mˈo6t̪ ŋˈi6 kwˈiɛɜt̪ zˈɔ ˈoŋ ɗˈe2 swˈəɜt̪ hˈo2j tˈaːɜŋ sˈaɜw vˌaː2 kˈɔɜ xˈaː4 nˈaŋ tˈoŋ kwˈaː mˈo6t̪ ŋˈi6 kwˈiɛɜt̪ xˈaːɜc sˈəːɜm, tʃˈɔŋ xˌi bˈoɜn tˈyə6ŋ ŋˈi6 sˈi5 kˈo6ŋ hwˈaː2 ɗˌaː5 bˈɔ4 fˈiɛɜw ˈu4ŋ hˈo6 ŋˈi6 kwˈiɛɜt̪ ɗˈə2w t̪ˈiɛn.",sentence,40F0AEAE73021A4C6447FDD39D345638AFA6AB0FE55D4F596E69E3D5E8B5F163
danhgia_tts.txt,danhgia_tts-011,Văn bản 11,danhgia_tts-011-c003,3,"Thượng nghị sĩ Tim Kaine (D-Va.) hôm thứ Tư kêu gọi chính quyền Trump nhanh chóng chấm dứt các hoạt động quân sự của Mỹ chống Iran, gọi cuộc xung đột là ""ba lần bất hợp pháp"" sau khi Hạ viện thông qua ba nghị quyết về quyền chiến tranh. Ông cho biết Thượng viện đã thông qua một nghị quyết do ông đề xuất hồi tháng Sáu và có khả năng thông qua một nghị quyết khác sớm, trong khi bốn thượng nghị sĩ Cộng hòa đã bỏ phiếu ủng hộ nghị quyết đầu tiên. Kaine thừa nhận chính quyền Trump kháng cự áp lực công chúng và nói rằng ông không nghĩ tổng thống sẽ tự chấm dứt chiến tranh. Chủ tịch Hạ viện Hoa Kỳ Mike Johnson kêu gọi ""một giải pháp"" cho cuộc chiến ở Iran, cho rằng chiến dịch Epic Fury đã thành công nhưng cần kết thúc xung đột và không yêu cầu chấm dứt ngay lập tức. Đại diện Hoa Kỳ Ashley Hinson (R-Iowa), ứng cử viên Thượng viện, kêu gọi tạm dừng thuế xăng liên bang và ngừng xuất khẩu dầu diesel để hạ giá tiêu dùng. Lãnh đạo phe thiểu số Hạ viện Hoa Kỳ Hakeem Jeffries (D-N.Y.) chỉ trích các nghị sĩ Cộng hòa đang kêu gọi kết thúc chiến tranh vì áp lực trước cuộc bầu cử giữa kỳ, trong khi Đảng Dân chủ nhấn mạnh mối liên hệ giữa xung đột và tăng giá nhiên liệu. Bài báo cũng nêu các chỉ trích về thương vong của binh sĩ Mỹ, việc đóng cửa Eo biển Hormuz làm tăng giá năng lượng toàn cầu và giá xăng ở Mỹ tăng lên khoảng $4,47/gallon.","thượng nghị sĩ tim kaine, đê va. , hôm thứ tư kêu gọi chính quyền trump nhanh chóng chấm dứt các hoạt động quân sự của mỹ chống iran, gọi cuộc xung đột là ba lần bất hợp pháp sau khi hạ viện thông qua ba nghị quyết về quyền chiến tranh. ông cho biết thượng viện đã thông qua một nghị quyết do ông đề xuất hồi tháng sáu và có khả năng thông qua một nghị quyết khác sớm, trong khi bốn thượng nghị sĩ cộng hòa đã bỏ phiếu ủng hộ nghị quyết đầu tiên. kaine thừa nhận chính quyền trump kháng cự áp lực công chúng và nói rằng ông không nghĩ tổng thống sẽ tự chấm dứt chiến tranh. chủ tịch hạ viện hoa kỳ mike johnson kêu gọi một giải pháp cho cuộc chiến ở iran, cho rằng chiến dịch epic fury đã thành công nhưng cần kết thúc xung đột và không yêu cầu chấm dứt ngay lập tức. đại diện hoa kỳ ashley hinson, rờ iowa, ứng cử viên thượng viện, kêu gọi tạm dừng thuế xăng liên bang và ngừng xuất khẩu dầu diesel để hạ giá tiêu dùng. lãnh đạo phe thiểu số hạ viện hoa kỳ hakeem jeffries, đê gạch nối nờ chấm y. , chỉ trích các nghị sĩ cộng hòa đang kêu gọi kết thúc chiến tranh vì áp lực trước cuộc bầu cử giữa kỳ, trong khi đảng dân chủ nhấn mạnh mối liên hệ giữa xung đột và tăng giá nhiên liệu. bài báo cũng nêu các chỉ trích về thương vong của binh sĩ mỹ, việc đóng cửa eo biển hormuz làm tăng giá năng lượng toàn cầu và giá xăng ở mỹ tăng lên khoảng bốn phẩy bốn bảy <en>u s d</en> trên gallon.",,kaine thừa nhận chính quyền trump kháng cự áp lực công chúng và nói rằng ông không nghĩ tổng thống sẽ tự chấm dứt chiến tranh.,kaine thừa nhận chính quyền trump kháng cự áp lực công chúng và nói rằng ông không nghĩ tổng thống sẽ tự chấm dứt chiến tranh.,True,kˈaɪn tˈyə2 ɲˈə6n tʃˈiɜɲ kwˈiɛ2n tɹˈʌmp xˈaːɜŋ kˈy6 ˈaːɜp lˈy6c kˈoŋ tʃˈuɜŋ vˌaː2 nˈɔɜj ɹˈa2ŋ ˈoŋ xˌoŋ ŋˈi5 t̪ˈo4ŋ tˈoɜŋ sˌɛ5 t̪ˈy6 tʃˈəɜm zˈyɜt̪ tʃˈiɛɜn tʃˈe-ɲ.,kˈaɪn tˈyə2 ɲˈə6n tʃˈiɜɲ kwˈiɛ2n tɹˈʌmp xˈaːɜŋ kˈy6 ˈaːɜp lˈy6c kˈoŋ tʃˈuɜŋ vˌaː2 nˈɔɜj ɹˈa2ŋ ˈoŋ xˌoŋ ŋˈi5 t̪ˈo4ŋ tˈoɜŋ sˌɛ5 t̪ˈy6 tʃˈəɜm zˈyɜt̪ tʃˈiɛɜn tʃˈe-ɲ.,sentence,40F0AEAE73021A4C6447FDD39D345638AFA6AB0FE55D4F596E69E3D5E8B5F163
danhgia_tts.txt,danhgia_tts-011,Văn bản 11,danhgia_tts-011-c004,4,"Thượng nghị sĩ Tim Kaine (D-Va.) hôm thứ Tư kêu gọi chính quyền Trump nhanh chóng chấm dứt các hoạt động quân sự của Mỹ chống Iran, gọi cuộc xung đột là ""ba lần bất hợp pháp"" sau khi Hạ viện thông qua ba nghị quyết về quyền chiến tranh. Ông cho biết Thượng viện đã thông qua một nghị quyết do ông đề xuất hồi tháng Sáu và có khả năng thông qua một nghị quyết khác sớm, trong khi bốn thượng nghị sĩ Cộng hòa đã bỏ phiếu ủng hộ nghị quyết đầu tiên. Kaine thừa nhận chính quyền Trump kháng cự áp lực công chúng và nói rằng ông không nghĩ tổng thống sẽ tự chấm dứt chiến tranh. Chủ tịch Hạ viện Hoa Kỳ Mike Johnson kêu gọi ""một giải pháp"" cho cuộc chiến ở Iran, cho rằng chiến dịch Epic Fury đã thành công nhưng cần kết thúc xung đột và không yêu cầu chấm dứt ngay lập tức. Đại diện Hoa Kỳ Ashley Hinson (R-Iowa), ứng cử viên Thượng viện, kêu gọi tạm dừng thuế xăng liên bang và ngừng xuất khẩu dầu diesel để hạ giá tiêu dùng. Lãnh đạo phe thiểu số Hạ viện Hoa Kỳ Hakeem Jeffries (D-N.Y.) chỉ trích các nghị sĩ Cộng hòa đang kêu gọi kết thúc chiến tranh vì áp lực trước cuộc bầu cử giữa kỳ, trong khi Đảng Dân chủ nhấn mạnh mối liên hệ giữa xung đột và tăng giá nhiên liệu. Bài báo cũng nêu các chỉ trích về thương vong của binh sĩ Mỹ, việc đóng cửa Eo biển Hormuz làm tăng giá năng lượng toàn cầu và giá xăng ở Mỹ tăng lên khoảng $4,47/gallon.","thượng nghị sĩ tim kaine, đê va. , hôm thứ tư kêu gọi chính quyền trump nhanh chóng chấm dứt các hoạt động quân sự của mỹ chống iran, gọi cuộc xung đột là ba lần bất hợp pháp sau khi hạ viện thông qua ba nghị quyết về quyền chiến tranh. ông cho biết thượng viện đã thông qua một nghị quyết do ông đề xuất hồi tháng sáu và có khả năng thông qua một nghị quyết khác sớm, trong khi bốn thượng nghị sĩ cộng hòa đã bỏ phiếu ủng hộ nghị quyết đầu tiên. kaine thừa nhận chính quyền trump kháng cự áp lực công chúng và nói rằng ông không nghĩ tổng thống sẽ tự chấm dứt chiến tranh. chủ tịch hạ viện hoa kỳ mike johnson kêu gọi một giải pháp cho cuộc chiến ở iran, cho rằng chiến dịch epic fury đã thành công nhưng cần kết thúc xung đột và không yêu cầu chấm dứt ngay lập tức. đại diện hoa kỳ ashley hinson, rờ iowa, ứng cử viên thượng viện, kêu gọi tạm dừng thuế xăng liên bang và ngừng xuất khẩu dầu diesel để hạ giá tiêu dùng. lãnh đạo phe thiểu số hạ viện hoa kỳ hakeem jeffries, đê gạch nối nờ chấm y. , chỉ trích các nghị sĩ cộng hòa đang kêu gọi kết thúc chiến tranh vì áp lực trước cuộc bầu cử giữa kỳ, trong khi đảng dân chủ nhấn mạnh mối liên hệ giữa xung đột và tăng giá nhiên liệu. bài báo cũng nêu các chỉ trích về thương vong của binh sĩ mỹ, việc đóng cửa eo biển hormuz làm tăng giá năng lượng toàn cầu và giá xăng ở mỹ tăng lên khoảng bốn phẩy bốn bảy <en>u s d</en> trên gallon.",,"chủ tịch hạ viện hoa kỳ mike johnson kêu gọi một giải pháp cho cuộc chiến ở iran, cho rằng chiến dịch epic fury đã thành công nhưng cần kết thúc xung đột và không yêu cầu chấm dứt ngay lập tức.","chủ tịch hạ viện hoa kỳ mike johnson kêu gọi một giải pháp cho cuộc chiến ở iran, cho rằng chiến dịch epic fury đã thành công nhưng cần kết thúc xung đột và không yêu cầu chấm dứt ngay lập tức.",True,"tʃˈu4 t̪ˈi6c hˈaː6 vˈiɛ6n hwˈaː kˈi2 mˈaɪk dʒˈɑːnsən kˈe1w ɣˈɔ6j mˈo6t̪ zˈaː4j fˈaːɜp tʃˌɔ kˈuə6c tʃˈiɛɜn ˈəː4 ɪɹˈæn, tʃˌɔ ɹˈa2ŋ tʃˈiɛɜn zˈi6c ˈɛpɪk fjˈʊɹɹi ɗˌaː5 tˈe-2ɲ kˈoŋ ɲˌyŋ kˈə2n kˈeɜt̪ tˈuɜc sˈuŋ ɗˈo6t̪ vˌaː2 xˌoŋ ˈiɛw kˈə2w tʃˈəɜm zˈyɜt̪ ŋˈaj lˈə6p t̪ˈyɜc.","tʃˈu4 t̪ˈi6c hˈaː6 vˈiɛ6n hwˈaː kˈi2 mˈaɪk dʒˈɑːnsən kˈe1w ɣˈɔ6j mˈo6t̪ zˈaː4j fˈaːɜp tʃˌɔ kˈuə6c tʃˈiɛɜn ˈəː4 ɪɹˈæn, tʃˌɔ ɹˈa2ŋ tʃˈiɛɜn zˈi6c ˈɛpɪk fjˈʊɹɹi ɗˌaː5 tˈe-2ɲ kˈoŋ ɲˌyŋ kˈə2n kˈeɜt̪ tˈuɜc sˈuŋ ɗˈo6t̪ vˌaː2 xˌoŋ ˈiɛw kˈə2w tʃˈəɜm zˈyɜt̪ ŋˈaj lˈə6p t̪ˈyɜc.",sentence,40F0AEAE73021A4C6447FDD39D345638AFA6AB0FE55D4F596E69E3D5E8B5F163
danhgia_tts.txt,danhgia_tts-011,Văn bản 11,danhgia_tts-011-c005,5,"Thượng nghị sĩ Tim Kaine (D-Va.) hôm thứ Tư kêu gọi chính quyền Trump nhanh chóng chấm dứt các hoạt động quân sự của Mỹ chống Iran, gọi cuộc xung đột là ""ba lần bất hợp pháp"" sau khi Hạ viện thông qua ba nghị quyết về quyền chiến tranh. Ông cho biết Thượng viện đã thông qua một nghị quyết do ông đề xuất hồi tháng Sáu và có khả năng thông qua một nghị quyết khác sớm, trong khi bốn thượng nghị sĩ Cộng hòa đã bỏ phiếu ủng hộ nghị quyết đầu tiên. Kaine thừa nhận chính quyền Trump kháng cự áp lực công chúng và nói rằng ông không nghĩ tổng thống sẽ tự chấm dứt chiến tranh. Chủ tịch Hạ viện Hoa Kỳ Mike Johnson kêu gọi ""một giải pháp"" cho cuộc chiến ở Iran, cho rằng chiến dịch Epic Fury đã thành công nhưng cần kết thúc xung đột và không yêu cầu chấm dứt ngay lập tức. Đại diện Hoa Kỳ Ashley Hinson (R-Iowa), ứng cử viên Thượng viện, kêu gọi tạm dừng thuế xăng liên bang và ngừng xuất khẩu dầu diesel để hạ giá tiêu dùng. Lãnh đạo phe thiểu số Hạ viện Hoa Kỳ Hakeem Jeffries (D-N.Y.) chỉ trích các nghị sĩ Cộng hòa đang kêu gọi kết thúc chiến tranh vì áp lực trước cuộc bầu cử giữa kỳ, trong khi Đảng Dân chủ nhấn mạnh mối liên hệ giữa xung đột và tăng giá nhiên liệu. Bài báo cũng nêu các chỉ trích về thương vong của binh sĩ Mỹ, việc đóng cửa Eo biển Hormuz làm tăng giá năng lượng toàn cầu và giá xăng ở Mỹ tăng lên khoảng $4,47/gallon.","thượng nghị sĩ tim kaine, đê va. , hôm thứ tư kêu gọi chính quyền trump nhanh chóng chấm dứt các hoạt động quân sự của mỹ chống iran, gọi cuộc xung đột là ba lần bất hợp pháp sau khi hạ viện thông qua ba nghị quyết về quyền chiến tranh. ông cho biết thượng viện đã thông qua một nghị quyết do ông đề xuất hồi tháng sáu và có khả năng thông qua một nghị quyết khác sớm, trong khi bốn thượng nghị sĩ cộng hòa đã bỏ phiếu ủng hộ nghị quyết đầu tiên. kaine thừa nhận chính quyền trump kháng cự áp lực công chúng và nói rằng ông không nghĩ tổng thống sẽ tự chấm dứt chiến tranh. chủ tịch hạ viện hoa kỳ mike johnson kêu gọi một giải pháp cho cuộc chiến ở iran, cho rằng chiến dịch epic fury đã thành công nhưng cần kết thúc xung đột và không yêu cầu chấm dứt ngay lập tức. đại diện hoa kỳ ashley hinson, rờ iowa, ứng cử viên thượng viện, kêu gọi tạm dừng thuế xăng liên bang và ngừng xuất khẩu dầu diesel để hạ giá tiêu dùng. lãnh đạo phe thiểu số hạ viện hoa kỳ hakeem jeffries, đê gạch nối nờ chấm y. , chỉ trích các nghị sĩ cộng hòa đang kêu gọi kết thúc chiến tranh vì áp lực trước cuộc bầu cử giữa kỳ, trong khi đảng dân chủ nhấn mạnh mối liên hệ giữa xung đột và tăng giá nhiên liệu. bài báo cũng nêu các chỉ trích về thương vong của binh sĩ mỹ, việc đóng cửa eo biển hormuz làm tăng giá năng lượng toàn cầu và giá xăng ở mỹ tăng lên khoảng bốn phẩy bốn bảy <en>u s d</en> trên gallon.",,"đại diện hoa kỳ ashley hinson, rờ iowa, ứng cử viên thượng viện, kêu gọi tạm dừng thuế xăng liên bang và ngừng xuất khẩu dầu diesel để hạ giá tiêu dùng. lãnh đạo phe thiểu số hạ viện hoa kỳ hakeem jeffries, đê gạch nối nờ chấm y.","đại diện hoa kỳ ashley hinson, rờ iowa, ứng cử viên thượng viện, kêu gọi tạm dừng thuế xăng liên bang và ngừng xuất khẩu dầu diesel để hạ giá tiêu dùng. lãnh đạo phe thiểu số hạ viện hoa kỳ hakeem jeffries, đê gạch nối nờ chấm y.",True,"ɗˈaː6j zˈiɛ6n hwˈaː kˈi2 ˈæʃli hˈɪnsən, ɹˈəː2 ˈaɪəwə, ˈyɜŋ kˈy4 vˈiɛn tˈyə6ŋ vˈiɛ6n, kˈe1w ɣˈɔ6j t̪ˈaː6m zˈy2ŋ twˈeɜ sˈaŋ lˈiɛn bˈaːŋ vˌaː2 ŋˈy2ŋ swˈəɜt̪ xˈə4w zˈə2w dˈiːzəl ɗˌe4 hˈaː6 zˈaːɜ t̪ˈiɛw zˈu2ŋ. lˈe-5ɲ ɗˈaː6w fˈɛ tˈiɛ4w sˈoɜ hˈaː6 vˈiɛ6n hwˈaː kˈi2 hækˈiːm dʒˈɛfɹiz, ɗˈe ɣˈe-6c nˈoɜj nˈəː2 tʃˈəɜm ˈi.","ɗˈaː6j zˈiɛ6n hwˈaː kˈi2 ˈæʃli hˈɪnsən, ɹˈəː2 ˈaɪəwə, ˈyɜŋ kˈy4 vˈiɛn tˈyə6ŋ vˈiɛ6n, kˈe1w ɣˈɔ6j t̪ˈaː6m zˈy2ŋ twˈeɜ sˈaŋ lˈiɛn bˈaːŋ vˌaː2 ŋˈy2ŋ swˈəɜt̪ xˈə4w zˈə2w dˈiːzəl ɗˌe4 hˈaː6 zˈaːɜ t̪ˈiɛw zˈu2ŋ. lˈe-5ɲ ɗˈaː6w fˈɛ tˈiɛ4w sˈoɜ hˈaː6 vˈiɛ6n hwˈaː kˈi2 hækˈiːm dʒˈɛfɹiz, ɗˈe ɣˈe-6c nˈoɜj nˈəː2 tʃˈəɜm ˈi.",sentence,40F0AEAE73021A4C6447FDD39D345638AFA6AB0FE55D4F596E69E3D5E8B5F163
danhgia_tts.txt,danhgia_tts-011,Văn bản 11,danhgia_tts-011-c006,6,"Thượng nghị sĩ Tim Kaine (D-Va.) hôm thứ Tư kêu gọi chính quyền Trump nhanh chóng chấm dứt các hoạt động quân sự của Mỹ chống Iran, gọi cuộc xung đột là ""ba lần bất hợp pháp"" sau khi Hạ viện thông qua ba nghị quyết về quyền chiến tranh. Ông cho biết Thượng viện đã thông qua một nghị quyết do ông đề xuất hồi tháng Sáu và có khả năng thông qua một nghị quyết khác sớm, trong khi bốn thượng nghị sĩ Cộng hòa đã bỏ phiếu ủng hộ nghị quyết đầu tiên. Kaine thừa nhận chính quyền Trump kháng cự áp lực công chúng và nói rằng ông không nghĩ tổng thống sẽ tự chấm dứt chiến tranh. Chủ tịch Hạ viện Hoa Kỳ Mike Johnson kêu gọi ""một giải pháp"" cho cuộc chiến ở Iran, cho rằng chiến dịch Epic Fury đã thành công nhưng cần kết thúc xung đột và không yêu cầu chấm dứt ngay lập tức. Đại diện Hoa Kỳ Ashley Hinson (R-Iowa), ứng cử viên Thượng viện, kêu gọi tạm dừng thuế xăng liên bang và ngừng xuất khẩu dầu diesel để hạ giá tiêu dùng. Lãnh đạo phe thiểu số Hạ viện Hoa Kỳ Hakeem Jeffries (D-N.Y.) chỉ trích các nghị sĩ Cộng hòa đang kêu gọi kết thúc chiến tranh vì áp lực trước cuộc bầu cử giữa kỳ, trong khi Đảng Dân chủ nhấn mạnh mối liên hệ giữa xung đột và tăng giá nhiên liệu. Bài báo cũng nêu các chỉ trích về thương vong của binh sĩ Mỹ, việc đóng cửa Eo biển Hormuz làm tăng giá năng lượng toàn cầu và giá xăng ở Mỹ tăng lên khoảng $4,47/gallon.","thượng nghị sĩ tim kaine, đê va. , hôm thứ tư kêu gọi chính quyền trump nhanh chóng chấm dứt các hoạt động quân sự của mỹ chống iran, gọi cuộc xung đột là ba lần bất hợp pháp sau khi hạ viện thông qua ba nghị quyết về quyền chiến tranh. ông cho biết thượng viện đã thông qua một nghị quyết do ông đề xuất hồi tháng sáu và có khả năng thông qua một nghị quyết khác sớm, trong khi bốn thượng nghị sĩ cộng hòa đã bỏ phiếu ủng hộ nghị quyết đầu tiên. kaine thừa nhận chính quyền trump kháng cự áp lực công chúng và nói rằng ông không nghĩ tổng thống sẽ tự chấm dứt chiến tranh. chủ tịch hạ viện hoa kỳ mike johnson kêu gọi một giải pháp cho cuộc chiến ở iran, cho rằng chiến dịch epic fury đã thành công nhưng cần kết thúc xung đột và không yêu cầu chấm dứt ngay lập tức. đại diện hoa kỳ ashley hinson, rờ iowa, ứng cử viên thượng viện, kêu gọi tạm dừng thuế xăng liên bang và ngừng xuất khẩu dầu diesel để hạ giá tiêu dùng. lãnh đạo phe thiểu số hạ viện hoa kỳ hakeem jeffries, đê gạch nối nờ chấm y. , chỉ trích các nghị sĩ cộng hòa đang kêu gọi kết thúc chiến tranh vì áp lực trước cuộc bầu cử giữa kỳ, trong khi đảng dân chủ nhấn mạnh mối liên hệ giữa xung đột và tăng giá nhiên liệu. bài báo cũng nêu các chỉ trích về thương vong của binh sĩ mỹ, việc đóng cửa eo biển hormuz làm tăng giá năng lượng toàn cầu và giá xăng ở mỹ tăng lên khoảng bốn phẩy bốn bảy <en>u s d</en> trên gallon.",,", chỉ trích các nghị sĩ cộng hòa đang kêu gọi kết thúc chiến tranh vì áp lực trước cuộc bầu cử giữa kỳ, trong khi đảng dân chủ nhấn mạnh mối liên hệ giữa xung đột và tăng giá nhiên liệu.","chỉ trích các nghị sĩ cộng hòa đang kêu gọi kết thúc chiến tranh vì áp lực trước cuộc bầu cử giữa kỳ, trong khi đảng dân chủ nhấn mạnh mối liên hệ giữa xung đột và tăng giá nhiên liệu.",False,"tʃˈi4 tʃˈiɜc kˌaːɜc ŋˈi6 sˈi5 kˈo6ŋ hwˈaː2 ɗˌaːŋ kˈe1w ɣˈɔ6j kˈeɜt̪ tˈuɜc tʃˈiɛɜn tʃˈe-ɲ vˌi2 ˈaːɜp lˈy6c tʃˈyəɜc kˈuə6c bˈə2w kˈy4 zˈyə5 kˈi2, tʃˈɔŋ xˌi ɗˈaː4ŋ zˈən tʃˈu4 ɲˈəɜn mˈe-6ɲ mˈoɜj lˈiɛn hˈe6 zˈyə5 sˈuŋ ɗˈo6t̪ vˌaː2 t̪ˈaŋ zˈaːɜ ɲˈiɛn lˈiɛ6w.",", tʃˈi4 tʃˈiɜc kˌaːɜc ŋˈi6 sˈi5 kˈo6ŋ hwˈaː2 ɗˌaːŋ kˈe1w ɣˈɔ6j kˈeɜt̪ tˈuɜc tʃˈiɛɜn tʃˈe-ɲ vˌi2 ˈaːɜp lˈy6c tʃˈyəɜc kˈuə6c bˈə2w kˈy4 zˈyə5 kˈi2, tʃˈɔŋ xˌi ɗˈaː4ŋ zˈən tʃˈu4 ɲˈəɜn mˈe-6ɲ mˈoɜj lˈiɛn hˈe6 zˈyə5 sˈuŋ ɗˈo6t̪ vˌaː2 t̪ˈaŋ zˈaːɜ ɲˈiɛn lˈiɛ6w.",sentence,40F0AEAE73021A4C6447FDD39D345638AFA6AB0FE55D4F596E69E3D5E8B5F163
danhgia_tts.txt,danhgia_tts-011,Văn bản 11,danhgia_tts-011-c007,7,"Thượng nghị sĩ Tim Kaine (D-Va.) hôm thứ Tư kêu gọi chính quyền Trump nhanh chóng chấm dứt các hoạt động quân sự của Mỹ chống Iran, gọi cuộc xung đột là ""ba lần bất hợp pháp"" sau khi Hạ viện thông qua ba nghị quyết về quyền chiến tranh. Ông cho biết Thượng viện đã thông qua một nghị quyết do ông đề xuất hồi tháng Sáu và có khả năng thông qua một nghị quyết khác sớm, trong khi bốn thượng nghị sĩ Cộng hòa đã bỏ phiếu ủng hộ nghị quyết đầu tiên. Kaine thừa nhận chính quyền Trump kháng cự áp lực công chúng và nói rằng ông không nghĩ tổng thống sẽ tự chấm dứt chiến tranh. Chủ tịch Hạ viện Hoa Kỳ Mike Johnson kêu gọi ""một giải pháp"" cho cuộc chiến ở Iran, cho rằng chiến dịch Epic Fury đã thành công nhưng cần kết thúc xung đột và không yêu cầu chấm dứt ngay lập tức. Đại diện Hoa Kỳ Ashley Hinson (R-Iowa), ứng cử viên Thượng viện, kêu gọi tạm dừng thuế xăng liên bang và ngừng xuất khẩu dầu diesel để hạ giá tiêu dùng. Lãnh đạo phe thiểu số Hạ viện Hoa Kỳ Hakeem Jeffries (D-N.Y.) chỉ trích các nghị sĩ Cộng hòa đang kêu gọi kết thúc chiến tranh vì áp lực trước cuộc bầu cử giữa kỳ, trong khi Đảng Dân chủ nhấn mạnh mối liên hệ giữa xung đột và tăng giá nhiên liệu. Bài báo cũng nêu các chỉ trích về thương vong của binh sĩ Mỹ, việc đóng cửa Eo biển Hormuz làm tăng giá năng lượng toàn cầu và giá xăng ở Mỹ tăng lên khoảng $4,47/gallon.","thượng nghị sĩ tim kaine, đê va. , hôm thứ tư kêu gọi chính quyền trump nhanh chóng chấm dứt các hoạt động quân sự của mỹ chống iran, gọi cuộc xung đột là ba lần bất hợp pháp sau khi hạ viện thông qua ba nghị quyết về quyền chiến tranh. ông cho biết thượng viện đã thông qua một nghị quyết do ông đề xuất hồi tháng sáu và có khả năng thông qua một nghị quyết khác sớm, trong khi bốn thượng nghị sĩ cộng hòa đã bỏ phiếu ủng hộ nghị quyết đầu tiên. kaine thừa nhận chính quyền trump kháng cự áp lực công chúng và nói rằng ông không nghĩ tổng thống sẽ tự chấm dứt chiến tranh. chủ tịch hạ viện hoa kỳ mike johnson kêu gọi một giải pháp cho cuộc chiến ở iran, cho rằng chiến dịch epic fury đã thành công nhưng cần kết thúc xung đột và không yêu cầu chấm dứt ngay lập tức. đại diện hoa kỳ ashley hinson, rờ iowa, ứng cử viên thượng viện, kêu gọi tạm dừng thuế xăng liên bang và ngừng xuất khẩu dầu diesel để hạ giá tiêu dùng. lãnh đạo phe thiểu số hạ viện hoa kỳ hakeem jeffries, đê gạch nối nờ chấm y. , chỉ trích các nghị sĩ cộng hòa đang kêu gọi kết thúc chiến tranh vì áp lực trước cuộc bầu cử giữa kỳ, trong khi đảng dân chủ nhấn mạnh mối liên hệ giữa xung đột và tăng giá nhiên liệu. bài báo cũng nêu các chỉ trích về thương vong của binh sĩ mỹ, việc đóng cửa eo biển hormuz làm tăng giá năng lượng toàn cầu và giá xăng ở mỹ tăng lên khoảng bốn phẩy bốn bảy <en>u s d</en> trên gallon.",,"bài báo cũng nêu các chỉ trích về thương vong của binh sĩ mỹ, việc đóng cửa eo biển hormuz làm tăng giá năng lượng toàn cầu và giá xăng ở mỹ tăng lên khoảng bốn phẩy bốn bảy <en>u s d</en> trên gallon.","bài báo cũng nêu các chỉ trích về thương vong của binh sĩ mỹ, việc đóng cửa eo biển hormuz làm tăng giá năng lượng toàn cầu và giá xăng ở mỹ tăng lên khoảng bốn phẩy bốn bảy <en>u s d</en> trên gallon.",True,"bˈaː2j bˈaːɜw kˈu5ŋ nˈe1w kˌaːɜc tʃˈi4 tʃˈiɜc vˈe2 tˈyəŋ vˈɔŋ kˌuə4 bˈiɲ sˈi5 mˈi5, vˈiɛ6c ɗˈɔɜŋ kˈyə4 ˈɛw bˈiɛ4n hˈɔːɹmʌz lˈaː2m t̪ˈaŋ zˈaːɜ nˈaŋ lˈyə6ŋ t̪wˈaː2n kˈə2w vˌaː2 zˈaːɜ sˈaŋ ˈəː4 mˈi5 t̪ˈaŋ lˈen xwˌaː4ŋ bˈoɜn fˈəɪ4 bˈoɜn bˈa4j jˈuː ˈɛs dˈiː tʃˈen ɡˈælən.","bˈaː2j bˈaːɜw kˈu5ŋ nˈe1w kˌaːɜc tʃˈi4 tʃˈiɜc vˈe2 tˈyəŋ vˈɔŋ kˌuə4 bˈiɲ sˈi5 mˈi5, vˈiɛ6c ɗˈɔɜŋ kˈyə4 ˈɛw bˈiɛ4n hˈɔːɹmʌz lˈaː2m t̪ˈaŋ zˈaːɜ nˈaŋ lˈyə6ŋ t̪wˈaː2n kˈə2w vˌaː2 zˈaːɜ sˈaŋ ˈəː4 mˈi5 t̪ˈaŋ lˈen xwˌaː4ŋ bˈoɜn fˈəɪ4 bˈoɜn bˈa4j jˈuː ˈɛs dˈiː tʃˈen ɡˈælən.",,40F0AEAE73021A4C6447FDD39D345638AFA6AB0FE55D4F596E69E3D5E8B5F163
danhgia_tts.txt,danhgia_tts-012,Văn bản 12,danhgia_tts-012-c001,1,"Chủ tịch Trung Quốc Tập Cận Bình đã tới Washington ngày 23/9/2026 để bắt đầu chuyến thăm nhà nước ba ngày. Tổng thống Hoa Kỳ Donald Trump cùng phu nhân Melania Trump đã ra sân bay Joint Base Andrews để đón ông Tập, một nghi thức hiếm khi được tổ chức. Đệ nhất phu nhân Hoa Kỳ Melania Trump và phu nhân Trung Quốc Bành Lệ Viện tham gia nghi lễ đón tiếp, bao gồm duyệt binh, màn bay của máy bay và bữa tối nhà nước tại Nhà Trắng vào tối 24/9. Chương trình còn gồm buổi trà riêng, tham quan National Archives và các cuộc họp song phương nhằm thảo luận thương mại, trí tuệ nhân tạo, vấn đề Đài Loan và Iran. Chuyến thăm diễn ra trong bối cảnh căng thẳng về thương mại, khi thỏa thuận ngừng chiến thương mại 11 tháng sẽ hết hạn ngày 10/11, và có thể đạt một số thỏa thuận hẹp hơn về thuế quan ngành, chống buôn bán ma túy và mở rộng liên lạc quân sự. Một số quan chức và nghị sĩ, trong đó có Thượng nghị sĩ Roger Wicker, chỉ trích việc đón tiếp quá mức, trong khi Ngoại trưởng Hoa Kỳ Marco Rubio khẳng định hai nước cần tương tác ở cấp cao. Các lãnh đạo công nghệ như Jensen Huang, Sam Altman và Elon Musk được cho là sẽ tham dự bữa tối nhà nước.","chủ tịch trung quốc tập cận bình đã tới washington ngày hai mươi ba tháng chín năm hai nghìn không trăm hai mươi sáu để bắt đầu chuyến thăm nhà nước ba ngày. tổng thống hoa kỳ donald trump cùng phu nhân melania trump đã ra sân bay joint base andrews để đón ông tập, một nghi thức hiếm khi được tổ chức. đệ nhất phu nhân hoa kỳ melania trump và phu nhân trung quốc bành lệ viện tham gia nghi lễ đón tiếp, bao gồm duyệt binh, màn bay của máy bay và bữa tối nhà nước tại nhà trắng vào tối ngày hai mươi bốn tháng chín. chương trình còn gồm buổi trà riêng, tham quan national archives và các cuộc họp song phương nhằm thảo luận thương mại, trí tuệ nhân tạo, vấn đề đài loan và iran. chuyến thăm diễn ra trong bối cảnh căng thẳng về thương mại, khi thỏa thuận ngừng chiến thương mại mười một tháng sẽ hết hạn ngày mười tháng mười một, và có thể đạt một số thỏa thuận hẹp hơn về thuế quan ngành, chống buôn bán ma túy và mở rộng liên lạc quân sự. một số quan chức và nghị sĩ, trong đó có thượng nghị sĩ roger wicker, chỉ trích việc đón tiếp quá mức, trong khi ngoại trưởng hoa kỳ marco rubio khẳng định hai nước cần tương tác ở cấp cao. các lãnh đạo công nghệ như jensen huang, sam altman và elon musk được cho là sẽ tham dự bữa tối nhà nước.",,chủ tịch trung quốc tập cận bình đã tới washington ngày hai mươi ba tháng chín năm hai nghìn không trăm hai mươi sáu để bắt đầu chuyến thăm nhà nước ba ngày.,chủ tịch trung quốc tập cận bình đã tới washington ngày hai mươi ba tháng chín năm hai nghìn không trăm hai mươi sáu để bắt đầu chuyến thăm nhà nước ba ngày.,True,tʃˈu4 t̪ˈi6c tʃˈuŋ kˈuəɜc t̪ˈə6p kˈə6n bˈi2ɲ ɗˌaː5 t̪ˌəːɜj wˈɑːʃɪŋtən ŋˈa2j hˈaːj mˈyəj bˈaː tˈaːɜŋ tʃˈiɜn nˈam hˈaːj ŋˈi2n xˌoŋ tʃˈam hˈaːj mˈyəj sˈaɜw ɗˌe4 bˈaɜt̪ ɗˈə2w tʃwˈiɛɜn tˈam ɲˈaː2 nˈyəɜc bˈaː ŋˈa2j.,tʃˈu4 t̪ˈi6c tʃˈuŋ kˈuəɜc t̪ˈə6p kˈə6n bˈi2ɲ ɗˌaː5 t̪ˌəːɜj wˈɑːʃɪŋtən ŋˈa2j hˈaːj mˈyəj bˈaː tˈaːɜŋ tʃˈiɜn nˈam hˈaːj ŋˈi2n xˌoŋ tʃˈam hˈaːj mˈyəj sˈaɜw ɗˌe4 bˈaɜt̪ ɗˈə2w tʃwˈiɛɜn tˈam ɲˈaː2 nˈyəɜc bˈaː ŋˈa2j.,sentence,40F0AEAE73021A4C6447FDD39D345638AFA6AB0FE55D4F596E69E3D5E8B5F163
danhgia_tts.txt,danhgia_tts-012,Văn bản 12,danhgia_tts-012-c002,2,"Chủ tịch Trung Quốc Tập Cận Bình đã tới Washington ngày 23/9/2026 để bắt đầu chuyến thăm nhà nước ba ngày. Tổng thống Hoa Kỳ Donald Trump cùng phu nhân Melania Trump đã ra sân bay Joint Base Andrews để đón ông Tập, một nghi thức hiếm khi được tổ chức. Đệ nhất phu nhân Hoa Kỳ Melania Trump và phu nhân Trung Quốc Bành Lệ Viện tham gia nghi lễ đón tiếp, bao gồm duyệt binh, màn bay của máy bay và bữa tối nhà nước tại Nhà Trắng vào tối 24/9. Chương trình còn gồm buổi trà riêng, tham quan National Archives và các cuộc họp song phương nhằm thảo luận thương mại, trí tuệ nhân tạo, vấn đề Đài Loan và Iran. Chuyến thăm diễn ra trong bối cảnh căng thẳng về thương mại, khi thỏa thuận ngừng chiến thương mại 11 tháng sẽ hết hạn ngày 10/11, và có thể đạt một số thỏa thuận hẹp hơn về thuế quan ngành, chống buôn bán ma túy và mở rộng liên lạc quân sự. Một số quan chức và nghị sĩ, trong đó có Thượng nghị sĩ Roger Wicker, chỉ trích việc đón tiếp quá mức, trong khi Ngoại trưởng Hoa Kỳ Marco Rubio khẳng định hai nước cần tương tác ở cấp cao. Các lãnh đạo công nghệ như Jensen Huang, Sam Altman và Elon Musk được cho là sẽ tham dự bữa tối nhà nước.","chủ tịch trung quốc tập cận bình đã tới washington ngày hai mươi ba tháng chín năm hai nghìn không trăm hai mươi sáu để bắt đầu chuyến thăm nhà nước ba ngày. tổng thống hoa kỳ donald trump cùng phu nhân melania trump đã ra sân bay joint base andrews để đón ông tập, một nghi thức hiếm khi được tổ chức. đệ nhất phu nhân hoa kỳ melania trump và phu nhân trung quốc bành lệ viện tham gia nghi lễ đón tiếp, bao gồm duyệt binh, màn bay của máy bay và bữa tối nhà nước tại nhà trắng vào tối ngày hai mươi bốn tháng chín. chương trình còn gồm buổi trà riêng, tham quan national archives và các cuộc họp song phương nhằm thảo luận thương mại, trí tuệ nhân tạo, vấn đề đài loan và iran. chuyến thăm diễn ra trong bối cảnh căng thẳng về thương mại, khi thỏa thuận ngừng chiến thương mại mười một tháng sẽ hết hạn ngày mười tháng mười một, và có thể đạt một số thỏa thuận hẹp hơn về thuế quan ngành, chống buôn bán ma túy và mở rộng liên lạc quân sự. một số quan chức và nghị sĩ, trong đó có thượng nghị sĩ roger wicker, chỉ trích việc đón tiếp quá mức, trong khi ngoại trưởng hoa kỳ marco rubio khẳng định hai nước cần tương tác ở cấp cao. các lãnh đạo công nghệ như jensen huang, sam altman và elon musk được cho là sẽ tham dự bữa tối nhà nước.",,"tổng thống hoa kỳ donald trump cùng phu nhân melania trump đã ra sân bay joint base andrews để đón ông tập, một nghi thức hiếm khi được tổ chức.","tổng thống hoa kỳ donald trump cùng phu nhân melania trump đã ra sân bay joint base andrews để đón ông tập, một nghi thức hiếm khi được tổ chức.",True,"t̪ˈo4ŋ tˈoɜŋ hwˈaː kˈi2 dˈɑːnəld tɹˈʌmp kˈu2ŋ fˈu ɲˈən mɛlˈeɪniə tɹˈʌmp ɗˌaː5 ɹˈaː sˈən bˈeɪ dʒˈɔɪnt bˈeɪs ˈændɹuːz ɗˌe4 ɗˈɔɜn ˈoŋ t̪ˈə6p, mˈo6t̪ ŋˈi tˈyɜc hˈiɛɜm xˌi ɗˌyə6c t̪ˈo4 tʃˈyɜc.","t̪ˈo4ŋ tˈoɜŋ hwˈaː kˈi2 dˈɑːnəld tɹˈʌmp kˈu2ŋ fˈu ɲˈən mɛlˈeɪniə tɹˈʌmp ɗˌaː5 ɹˈaː sˈən bˈeɪ dʒˈɔɪnt bˈeɪs ˈændɹuːz ɗˌe4 ɗˈɔɜn ˈoŋ t̪ˈə6p, mˈo6t̪ ŋˈi tˈyɜc hˈiɛɜm xˌi ɗˌyə6c t̪ˈo4 tʃˈyɜc.",sentence,40F0AEAE73021A4C6447FDD39D345638AFA6AB0FE55D4F596E69E3D5E8B5F163
danhgia_tts.txt,danhgia_tts-012,Văn bản 12,danhgia_tts-012-c003,3,"Chủ tịch Trung Quốc Tập Cận Bình đã tới Washington ngày 23/9/2026 để bắt đầu chuyến thăm nhà nước ba ngày. Tổng thống Hoa Kỳ Donald Trump cùng phu nhân Melania Trump đã ra sân bay Joint Base Andrews để đón ông Tập, một nghi thức hiếm khi được tổ chức. Đệ nhất phu nhân Hoa Kỳ Melania Trump và phu nhân Trung Quốc Bành Lệ Viện tham gia nghi lễ đón tiếp, bao gồm duyệt binh, màn bay của máy bay và bữa tối nhà nước tại Nhà Trắng vào tối 24/9. Chương trình còn gồm buổi trà riêng, tham quan National Archives và các cuộc họp song phương nhằm thảo luận thương mại, trí tuệ nhân tạo, vấn đề Đài Loan và Iran. Chuyến thăm diễn ra trong bối cảnh căng thẳng về thương mại, khi thỏa thuận ngừng chiến thương mại 11 tháng sẽ hết hạn ngày 10/11, và có thể đạt một số thỏa thuận hẹp hơn về thuế quan ngành, chống buôn bán ma túy và mở rộng liên lạc quân sự. Một số quan chức và nghị sĩ, trong đó có Thượng nghị sĩ Roger Wicker, chỉ trích việc đón tiếp quá mức, trong khi Ngoại trưởng Hoa Kỳ Marco Rubio khẳng định hai nước cần tương tác ở cấp cao. Các lãnh đạo công nghệ như Jensen Huang, Sam Altman và Elon Musk được cho là sẽ tham dự bữa tối nhà nước.","chủ tịch trung quốc tập cận bình đã tới washington ngày hai mươi ba tháng chín năm hai nghìn không trăm hai mươi sáu để bắt đầu chuyến thăm nhà nước ba ngày. tổng thống hoa kỳ donald trump cùng phu nhân melania trump đã ra sân bay joint base andrews để đón ông tập, một nghi thức hiếm khi được tổ chức. đệ nhất phu nhân hoa kỳ melania trump và phu nhân trung quốc bành lệ viện tham gia nghi lễ đón tiếp, bao gồm duyệt binh, màn bay của máy bay và bữa tối nhà nước tại nhà trắng vào tối ngày hai mươi bốn tháng chín. chương trình còn gồm buổi trà riêng, tham quan national archives và các cuộc họp song phương nhằm thảo luận thương mại, trí tuệ nhân tạo, vấn đề đài loan và iran. chuyến thăm diễn ra trong bối cảnh căng thẳng về thương mại, khi thỏa thuận ngừng chiến thương mại mười một tháng sẽ hết hạn ngày mười tháng mười một, và có thể đạt một số thỏa thuận hẹp hơn về thuế quan ngành, chống buôn bán ma túy và mở rộng liên lạc quân sự. một số quan chức và nghị sĩ, trong đó có thượng nghị sĩ roger wicker, chỉ trích việc đón tiếp quá mức, trong khi ngoại trưởng hoa kỳ marco rubio khẳng định hai nước cần tương tác ở cấp cao. các lãnh đạo công nghệ như jensen huang, sam altman và elon musk được cho là sẽ tham dự bữa tối nhà nước.",,"đệ nhất phu nhân hoa kỳ melania trump và phu nhân trung quốc bành lệ viện tham gia nghi lễ đón tiếp, bao gồm duyệt binh, màn bay của máy bay và bữa tối nhà nước tại nhà trắng vào tối ngày hai mươi bốn tháng chín.","đệ nhất phu nhân hoa kỳ melania trump và phu nhân trung quốc bành lệ viện tham gia nghi lễ đón tiếp, bao gồm duyệt binh, màn bay của máy bay và bữa tối nhà nước tại nhà trắng vào tối ngày hai mươi bốn tháng chín.",True,"ɗˈe6 ɲˈəɜt̪ fˈu ɲˈən hwˈaː kˈi2 mɛlˈeɪniə tɹˈʌmp vˌaː2 fˈu ɲˈən tʃˈuŋ kˈuəɜc bˈe-2ɲ lˈe6 vˈiɛ6n tˈaːm zˈaː ŋˈi lˈe5 ɗˈɔɜn t̪ˈiɛɜp, bˈaːw ɣˈo2m zwˈiɛ6t̪ bˈiɲ, mˈaː2n bˈaj kˌuə4 mˈaɜj bˈaj vˌaː2 bˈyə5 t̪ˈoɜj ɲˈaː2 nˈyəɜc t̪ˈaː6j ɲˈaː2 tʃˈaɜŋ vˈaː2w t̪ˈoɜj ŋˈa2j hˈaːj mˈyəj bˈoɜn tˈaːɜŋ tʃˈiɜn.","ɗˈe6 ɲˈəɜt̪ fˈu ɲˈən hwˈaː kˈi2 mɛlˈeɪniə tɹˈʌmp vˌaː2 fˈu ɲˈən tʃˈuŋ kˈuəɜc bˈe-2ɲ lˈe6 vˈiɛ6n tˈaːm zˈaː ŋˈi lˈe5 ɗˈɔɜn t̪ˈiɛɜp, bˈaːw ɣˈo2m zwˈiɛ6t̪ bˈiɲ, mˈaː2n bˈaj kˌuə4 mˈaɜj bˈaj vˌaː2 bˈyə5 t̪ˈoɜj ɲˈaː2 nˈyəɜc t̪ˈaː6j ɲˈaː2 tʃˈaɜŋ vˈaː2w t̪ˈoɜj ŋˈa2j hˈaːj mˈyəj bˈoɜn tˈaːɜŋ tʃˈiɜn.",sentence,40F0AEAE73021A4C6447FDD39D345638AFA6AB0FE55D4F596E69E3D5E8B5F163
danhgia_tts.txt,danhgia_tts-012,Văn bản 12,danhgia_tts-012-c004,4,"Chủ tịch Trung Quốc Tập Cận Bình đã tới Washington ngày 23/9/2026 để bắt đầu chuyến thăm nhà nước ba ngày. Tổng thống Hoa Kỳ Donald Trump cùng phu nhân Melania Trump đã ra sân bay Joint Base Andrews để đón ông Tập, một nghi thức hiếm khi được tổ chức. Đệ nhất phu nhân Hoa Kỳ Melania Trump và phu nhân Trung Quốc Bành Lệ Viện tham gia nghi lễ đón tiếp, bao gồm duyệt binh, màn bay của máy bay và bữa tối nhà nước tại Nhà Trắng vào tối 24/9. Chương trình còn gồm buổi trà riêng, tham quan National Archives và các cuộc họp song phương nhằm thảo luận thương mại, trí tuệ nhân tạo, vấn đề Đài Loan và Iran. Chuyến thăm diễn ra trong bối cảnh căng thẳng về thương mại, khi thỏa thuận ngừng chiến thương mại 11 tháng sẽ hết hạn ngày 10/11, và có thể đạt một số thỏa thuận hẹp hơn về thuế quan ngành, chống buôn bán ma túy và mở rộng liên lạc quân sự. Một số quan chức và nghị sĩ, trong đó có Thượng nghị sĩ Roger Wicker, chỉ trích việc đón tiếp quá mức, trong khi Ngoại trưởng Hoa Kỳ Marco Rubio khẳng định hai nước cần tương tác ở cấp cao. Các lãnh đạo công nghệ như Jensen Huang, Sam Altman và Elon Musk được cho là sẽ tham dự bữa tối nhà nước.","chủ tịch trung quốc tập cận bình đã tới washington ngày hai mươi ba tháng chín năm hai nghìn không trăm hai mươi sáu để bắt đầu chuyến thăm nhà nước ba ngày. tổng thống hoa kỳ donald trump cùng phu nhân melania trump đã ra sân bay joint base andrews để đón ông tập, một nghi thức hiếm khi được tổ chức. đệ nhất phu nhân hoa kỳ melania trump và phu nhân trung quốc bành lệ viện tham gia nghi lễ đón tiếp, bao gồm duyệt binh, màn bay của máy bay và bữa tối nhà nước tại nhà trắng vào tối ngày hai mươi bốn tháng chín. chương trình còn gồm buổi trà riêng, tham quan national archives và các cuộc họp song phương nhằm thảo luận thương mại, trí tuệ nhân tạo, vấn đề đài loan và iran. chuyến thăm diễn ra trong bối cảnh căng thẳng về thương mại, khi thỏa thuận ngừng chiến thương mại mười một tháng sẽ hết hạn ngày mười tháng mười một, và có thể đạt một số thỏa thuận hẹp hơn về thuế quan ngành, chống buôn bán ma túy và mở rộng liên lạc quân sự. một số quan chức và nghị sĩ, trong đó có thượng nghị sĩ roger wicker, chỉ trích việc đón tiếp quá mức, trong khi ngoại trưởng hoa kỳ marco rubio khẳng định hai nước cần tương tác ở cấp cao. các lãnh đạo công nghệ như jensen huang, sam altman và elon musk được cho là sẽ tham dự bữa tối nhà nước.",,"chương trình còn gồm buổi trà riêng, tham quan national archives và các cuộc họp song phương nhằm thảo luận thương mại, trí tuệ nhân tạo, vấn đề đài loan và iran.","chương trình còn gồm buổi trà riêng, tham quan national archives và các cuộc họp song phương nhằm thảo luận thương mại, trí tuệ nhân tạo, vấn đề đài loan và iran.",True,"tʃˈyəŋ tʃˈi2ɲ kˌɔ2n ɣˈo2m bˈuə4j tʃˈaː2 ɹˈiɛŋ, tˈaːm kwˈaːn nˈæʃənəl ˈɑːɹkaɪvz vˌaː2 kˌaːɜc kˈuə6c hˈɔ6p sˈɔŋ fˈyəŋ ɲˈa2m tˈaː4w lwˈə6n tˈyəŋ mˈaː6j, tʃˈiɜ t̪wˈe6 ɲˈən t̪ˈaː6w, vˈəɜn ɗˈe2 ɗˈaː2j lwˈaːn vˌaː2 ɪɹˈæn.","tʃˈyəŋ tʃˈi2ɲ kˌɔ2n ɣˈo2m bˈuə4j tʃˈaː2 ɹˈiɛŋ, tˈaːm kwˈaːn nˈæʃənəl ˈɑːɹkaɪvz vˌaː2 kˌaːɜc kˈuə6c hˈɔ6p sˈɔŋ fˈyəŋ ɲˈa2m tˈaː4w lwˈə6n tˈyəŋ mˈaː6j, tʃˈiɜ t̪wˈe6 ɲˈən t̪ˈaː6w, vˈəɜn ɗˈe2 ɗˈaː2j lwˈaːn vˌaː2 ɪɹˈæn.",sentence,40F0AEAE73021A4C6447FDD39D345638AFA6AB0FE55D4F596E69E3D5E8B5F163
danhgia_tts.txt,danhgia_tts-012,Văn bản 12,danhgia_tts-012-c005,5,"Chủ tịch Trung Quốc Tập Cận Bình đã tới Washington ngày 23/9/2026 để bắt đầu chuyến thăm nhà nước ba ngày. Tổng thống Hoa Kỳ Donald Trump cùng phu nhân Melania Trump đã ra sân bay Joint Base Andrews để đón ông Tập, một nghi thức hiếm khi được tổ chức. Đệ nhất phu nhân Hoa Kỳ Melania Trump và phu nhân Trung Quốc Bành Lệ Viện tham gia nghi lễ đón tiếp, bao gồm duyệt binh, màn bay của máy bay và bữa tối nhà nước tại Nhà Trắng vào tối 24/9. Chương trình còn gồm buổi trà riêng, tham quan National Archives và các cuộc họp song phương nhằm thảo luận thương mại, trí tuệ nhân tạo, vấn đề Đài Loan và Iran. Chuyến thăm diễn ra trong bối cảnh căng thẳng về thương mại, khi thỏa thuận ngừng chiến thương mại 11 tháng sẽ hết hạn ngày 10/11, và có thể đạt một số thỏa thuận hẹp hơn về thuế quan ngành, chống buôn bán ma túy và mở rộng liên lạc quân sự. Một số quan chức và nghị sĩ, trong đó có Thượng nghị sĩ Roger Wicker, chỉ trích việc đón tiếp quá mức, trong khi Ngoại trưởng Hoa Kỳ Marco Rubio khẳng định hai nước cần tương tác ở cấp cao. Các lãnh đạo công nghệ như Jensen Huang, Sam Altman và Elon Musk được cho là sẽ tham dự bữa tối nhà nước.","chủ tịch trung quốc tập cận bình đã tới washington ngày hai mươi ba tháng chín năm hai nghìn không trăm hai mươi sáu để bắt đầu chuyến thăm nhà nước ba ngày. tổng thống hoa kỳ donald trump cùng phu nhân melania trump đã ra sân bay joint base andrews để đón ông tập, một nghi thức hiếm khi được tổ chức. đệ nhất phu nhân hoa kỳ melania trump và phu nhân trung quốc bành lệ viện tham gia nghi lễ đón tiếp, bao gồm duyệt binh, màn bay của máy bay và bữa tối nhà nước tại nhà trắng vào tối ngày hai mươi bốn tháng chín. chương trình còn gồm buổi trà riêng, tham quan national archives và các cuộc họp song phương nhằm thảo luận thương mại, trí tuệ nhân tạo, vấn đề đài loan và iran. chuyến thăm diễn ra trong bối cảnh căng thẳng về thương mại, khi thỏa thuận ngừng chiến thương mại mười một tháng sẽ hết hạn ngày mười tháng mười một, và có thể đạt một số thỏa thuận hẹp hơn về thuế quan ngành, chống buôn bán ma túy và mở rộng liên lạc quân sự. một số quan chức và nghị sĩ, trong đó có thượng nghị sĩ roger wicker, chỉ trích việc đón tiếp quá mức, trong khi ngoại trưởng hoa kỳ marco rubio khẳng định hai nước cần tương tác ở cấp cao. các lãnh đạo công nghệ như jensen huang, sam altman và elon musk được cho là sẽ tham dự bữa tối nhà nước.",,"chuyến thăm diễn ra trong bối cảnh căng thẳng về thương mại, khi thỏa thuận ngừng chiến thương mại mười một tháng sẽ hết hạn ngày mười tháng mười một, và có thể đạt một số thỏa thuận hẹp hơn về thuế quan ngành,","chuyến thăm diễn ra trong bối cảnh căng thẳng về thương mại, khi thỏa thuận ngừng chiến thương mại mười một tháng sẽ hết hạn ngày mười tháng mười một, và có thể đạt một số thỏa thuận hẹp hơn về thuế quan ngành.",False,"tʃwˈiɛɜn tˈam zˈiɛ5n ɹˈaː tʃˈɔŋ bˈoɜj kˈe-4ɲ kˈaŋ tˈa4ŋ vˈe2 tˈyəŋ mˈaː6j, xˌi twˈaː4 twˈə6n ŋˈy2ŋ tʃˈiɛɜn tˈyəŋ mˈaː6j mˈyə2j mˈo6t̪ tˈaːɜŋ sˌɛ5 hˈeɜt̪ hˈaː6n ŋˈa2j mˈyə2j tˈaːɜŋ mˈyə2j mˈo6t̪, vˌaː2 kˈɔɜ tˈe4 ɗˈaː6t̪ mˈo6t̪ sˈoɜ twˈaː4 twˈə6n hˈɛ6p hˈəːn vˈe2 twˈeɜ kwˈaːn ŋˈe-2ɲ.","tʃwˈiɛɜn tˈam zˈiɛ5n ɹˈaː tʃˈɔŋ bˈoɜj kˈe-4ɲ kˈaŋ tˈa4ŋ vˈe2 tˈyəŋ mˈaː6j, xˌi twˈaː4 twˈə6n ŋˈy2ŋ tʃˈiɛɜn tˈyəŋ mˈaː6j mˈyə2j mˈo6t̪ tˈaːɜŋ sˌɛ5 hˈeɜt̪ hˈaː6n ŋˈa2j mˈyə2j tˈaːɜŋ mˈyə2j mˈo6t̪, vˌaː2 kˈɔɜ tˈe4 ɗˈaː6t̪ mˈo6t̪ sˈoɜ twˈaː4 twˈə6n hˈɛ6p hˈəːn vˈe2 twˈeɜ kwˈaːn ŋˈe-2ɲ,",minor,40F0AEAE73021A4C6447FDD39D345638AFA6AB0FE55D4F596E69E3D5E8B5F163
danhgia_tts.txt,danhgia_tts-012,Văn bản 12,danhgia_tts-012-c006,6,"Chủ tịch Trung Quốc Tập Cận Bình đã tới Washington ngày 23/9/2026 để bắt đầu chuyến thăm nhà nước ba ngày. Tổng thống Hoa Kỳ Donald Trump cùng phu nhân Melania Trump đã ra sân bay Joint Base Andrews để đón ông Tập, một nghi thức hiếm khi được tổ chức. Đệ nhất phu nhân Hoa Kỳ Melania Trump và phu nhân Trung Quốc Bành Lệ Viện tham gia nghi lễ đón tiếp, bao gồm duyệt binh, màn bay của máy bay và bữa tối nhà nước tại Nhà Trắng vào tối 24/9. Chương trình còn gồm buổi trà riêng, tham quan National Archives và các cuộc họp song phương nhằm thảo luận thương mại, trí tuệ nhân tạo, vấn đề Đài Loan và Iran. Chuyến thăm diễn ra trong bối cảnh căng thẳng về thương mại, khi thỏa thuận ngừng chiến thương mại 11 tháng sẽ hết hạn ngày 10/11, và có thể đạt một số thỏa thuận hẹp hơn về thuế quan ngành, chống buôn bán ma túy và mở rộng liên lạc quân sự. Một số quan chức và nghị sĩ, trong đó có Thượng nghị sĩ Roger Wicker, chỉ trích việc đón tiếp quá mức, trong khi Ngoại trưởng Hoa Kỳ Marco Rubio khẳng định hai nước cần tương tác ở cấp cao. Các lãnh đạo công nghệ như Jensen Huang, Sam Altman và Elon Musk được cho là sẽ tham dự bữa tối nhà nước.","chủ tịch trung quốc tập cận bình đã tới washington ngày hai mươi ba tháng chín năm hai nghìn không trăm hai mươi sáu để bắt đầu chuyến thăm nhà nước ba ngày. tổng thống hoa kỳ donald trump cùng phu nhân melania trump đã ra sân bay joint base andrews để đón ông tập, một nghi thức hiếm khi được tổ chức. đệ nhất phu nhân hoa kỳ melania trump và phu nhân trung quốc bành lệ viện tham gia nghi lễ đón tiếp, bao gồm duyệt binh, màn bay của máy bay và bữa tối nhà nước tại nhà trắng vào tối ngày hai mươi bốn tháng chín. chương trình còn gồm buổi trà riêng, tham quan national archives và các cuộc họp song phương nhằm thảo luận thương mại, trí tuệ nhân tạo, vấn đề đài loan và iran. chuyến thăm diễn ra trong bối cảnh căng thẳng về thương mại, khi thỏa thuận ngừng chiến thương mại mười một tháng sẽ hết hạn ngày mười tháng mười một, và có thể đạt một số thỏa thuận hẹp hơn về thuế quan ngành, chống buôn bán ma túy và mở rộng liên lạc quân sự. một số quan chức và nghị sĩ, trong đó có thượng nghị sĩ roger wicker, chỉ trích việc đón tiếp quá mức, trong khi ngoại trưởng hoa kỳ marco rubio khẳng định hai nước cần tương tác ở cấp cao. các lãnh đạo công nghệ như jensen huang, sam altman và elon musk được cho là sẽ tham dự bữa tối nhà nước.",,"chống buôn bán ma túy và mở rộng liên lạc quân sự. một số quan chức và nghị sĩ, trong đó có thượng nghị sĩ roger wicker, chỉ trích việc đón tiếp quá mức, trong khi ngoại trưởng hoa kỳ marco rubio khẳng định hai nước cần tương tác ở cấp cao.","chống buôn bán ma túy và mở rộng liên lạc quân sự. một số quan chức và nghị sĩ, trong đó có thượng nghị sĩ roger wicker, chỉ trích việc đón tiếp quá mức, trong khi ngoại trưởng hoa kỳ marco rubio khẳng định hai nước cần tương tác ở cấp cao.",True,"tʃˈoɜŋ bˈuən bˈaːɜn mˈaː t̪wˈiɜ vˌaː2 mˈəː4 ɹˈo6ŋ lˈiɛn lˈaː6c kwˈən sˈy6. mˈo6t̪ sˈoɜ kwˈaːn tʃˈyɜc vˌaː2 ŋˈi6 sˈi5, tʃˈɔŋ ɗˈɔɜ kˈɔɜ tˈyə6ŋ ŋˈi6 sˈi5 ɹˈɑːdʒɚ wˈɪkɚ, tʃˈi4 tʃˈiɜc vˈiɛ6c ɗˈɔɜn t̪ˈiɛɜp kwˈaːɜ mˈyɜc, tʃˈɔŋ xˌi ŋwˈaː6j tʃˈyə4ŋ hwˈaː kˈi2 mˈɑːɹkoʊ ɹˈuːbɪˌoʊ xˈa4ŋ ɗˈi6ɲ hˈaːj nˈyəɜc kˈə2n t̪ˈyəŋ t̪ˈaːɜc ˈəː4 kˈəɜp kˈaːw.","tʃˈoɜŋ bˈuən bˈaːɜn mˈaː t̪wˈiɜ vˌaː2 mˈəː4 ɹˈo6ŋ lˈiɛn lˈaː6c kwˈən sˈy6. mˈo6t̪ sˈoɜ kwˈaːn tʃˈyɜc vˌaː2 ŋˈi6 sˈi5, tʃˈɔŋ ɗˈɔɜ kˈɔɜ tˈyə6ŋ ŋˈi6 sˈi5 ɹˈɑːdʒɚ wˈɪkɚ, tʃˈi4 tʃˈiɜc vˈiɛ6c ɗˈɔɜn t̪ˈiɛɜp kwˈaːɜ mˈyɜc, tʃˈɔŋ xˌi ŋwˈaː6j tʃˈyə4ŋ hwˈaː kˈi2 mˈɑːɹkoʊ ɹˈuːbɪˌoʊ xˈa4ŋ ɗˈi6ɲ hˈaːj nˈyəɜc kˈə2n t̪ˈyəŋ t̪ˈaːɜc ˈəː4 kˈəɜp kˈaːw.",sentence,40F0AEAE73021A4C6447FDD39D345638AFA6AB0FE55D4F596E69E3D5E8B5F163
danhgia_tts.txt,danhgia_tts-012,Văn bản 12,danhgia_tts-012-c007,7,"Chủ tịch Trung Quốc Tập Cận Bình đã tới Washington ngày 23/9/2026 để bắt đầu chuyến thăm nhà nước ba ngày. Tổng thống Hoa Kỳ Donald Trump cùng phu nhân Melania Trump đã ra sân bay Joint Base Andrews để đón ông Tập, một nghi thức hiếm khi được tổ chức. Đệ nhất phu nhân Hoa Kỳ Melania Trump và phu nhân Trung Quốc Bành Lệ Viện tham gia nghi lễ đón tiếp, bao gồm duyệt binh, màn bay của máy bay và bữa tối nhà nước tại Nhà Trắng vào tối 24/9. Chương trình còn gồm buổi trà riêng, tham quan National Archives và các cuộc họp song phương nhằm thảo luận thương mại, trí tuệ nhân tạo, vấn đề Đài Loan và Iran. Chuyến thăm diễn ra trong bối cảnh căng thẳng về thương mại, khi thỏa thuận ngừng chiến thương mại 11 tháng sẽ hết hạn ngày 10/11, và có thể đạt một số thỏa thuận hẹp hơn về thuế quan ngành, chống buôn bán ma túy và mở rộng liên lạc quân sự. Một số quan chức và nghị sĩ, trong đó có Thượng nghị sĩ Roger Wicker, chỉ trích việc đón tiếp quá mức, trong khi Ngoại trưởng Hoa Kỳ Marco Rubio khẳng định hai nước cần tương tác ở cấp cao. Các lãnh đạo công nghệ như Jensen Huang, Sam Altman và Elon Musk được cho là sẽ tham dự bữa tối nhà nước.","chủ tịch trung quốc tập cận bình đã tới washington ngày hai mươi ba tháng chín năm hai nghìn không trăm hai mươi sáu để bắt đầu chuyến thăm nhà nước ba ngày. tổng thống hoa kỳ donald trump cùng phu nhân melania trump đã ra sân bay joint base andrews để đón ông tập, một nghi thức hiếm khi được tổ chức. đệ nhất phu nhân hoa kỳ melania trump và phu nhân trung quốc bành lệ viện tham gia nghi lễ đón tiếp, bao gồm duyệt binh, màn bay của máy bay và bữa tối nhà nước tại nhà trắng vào tối ngày hai mươi bốn tháng chín. chương trình còn gồm buổi trà riêng, tham quan national archives và các cuộc họp song phương nhằm thảo luận thương mại, trí tuệ nhân tạo, vấn đề đài loan và iran. chuyến thăm diễn ra trong bối cảnh căng thẳng về thương mại, khi thỏa thuận ngừng chiến thương mại mười một tháng sẽ hết hạn ngày mười tháng mười một, và có thể đạt một số thỏa thuận hẹp hơn về thuế quan ngành, chống buôn bán ma túy và mở rộng liên lạc quân sự. một số quan chức và nghị sĩ, trong đó có thượng nghị sĩ roger wicker, chỉ trích việc đón tiếp quá mức, trong khi ngoại trưởng hoa kỳ marco rubio khẳng định hai nước cần tương tác ở cấp cao. các lãnh đạo công nghệ như jensen huang, sam altman và elon musk được cho là sẽ tham dự bữa tối nhà nước.",,"các lãnh đạo công nghệ như jensen huang, sam altman và elon musk được cho là sẽ tham dự bữa tối nhà nước.","các lãnh đạo công nghệ như jensen huang, sam altman và elon musk được cho là sẽ tham dự bữa tối nhà nước.",True,"kˌaːɜc lˈe-5ɲ ɗˈaː6w kˈoŋ ŋˈe6 ɲˌy dʒˈɛnsən hwˈɑːŋ, sˈaːm ˈɔːltmən vˌaː2 ᵻlˈɑːn mˈʌsk ɗˌyə6c tʃˌɔ lˌaː2 sˌɛ5 tˈaːm zˈy6 bˈyə5 t̪ˈoɜj ɲˈaː2 nˈyəɜc.","kˌaːɜc lˈe-5ɲ ɗˈaː6w kˈoŋ ŋˈe6 ɲˌy dʒˈɛnsən hwˈɑːŋ, sˈaːm ˈɔːltmən vˌaː2 ᵻlˈɑːn mˈʌsk ɗˌyə6c tʃˌɔ lˌaː2 sˌɛ5 tˈaːm zˈy6 bˈyə5 t̪ˈoɜj ɲˈaː2 nˈyəɜc.",,40F0AEAE73021A4C6447FDD39D345638AFA6AB0FE55D4F596E69E3D5E8B5F163
danhgia_tts.txt,danhgia_tts-013,Văn bản 13,danhgia_tts-013-c001,1,"Tổng thống lâm thời Venezuela Delcy Rodriguez phát biểu trước Đại hội đồng Liên Hợp Quốc tại New York ngày 23 tháng 9 rằng Venezuela sẽ tổ chức bầu cử như một phần của quá trình chuyển tiếp tới ""dân chủ toàn diện"". Bà không nêu ngày cụ thể cho cuộc bầu cử và cho biết chính phủ đã khởi động đối thoại với các lực lượng đối lập để đảm bảo điều kiện bình đẳng. Bà cam kết các cơ quan quốc gia sẽ được chuẩn bị để bảo đảm một quá trình bao trùm và minh bạch khi thời điểm đến. Rodriguez đã gặp Tổng thống Hoa Kỳ Donald J. Trump bên lề Đại hội đồng vào ngày 22 tháng 9; hai bên thảo luận việc tái cấu trúc hàng tỷ USD nợ công của Venezuela. Bà cảm ơn Tổng thống Trump vì thiện chí tái khởi động quan hệ và nói Venezuela đang ""tái sinh"" sau những tổn thất trong năm nay. Bà lên nắm quyền sau một cuộc đột kích của quân đội Hoa Kỳ vào tháng 1 đã bắt giữ Tổng thống Venezuela Nicolás Maduro và đưa ông sang Hoa Kỳ; Maduro hiện bị giam gần trụ sở Liên Hợp Quốc chờ xét xử. Bài phát biểu của bà cũng gây tranh cãi khi có các cuộc biểu tình phản đối ở Caracas và New York.","tổng thống lâm thời venezuela delcy rodriguez phát biểu trước đại hội đồng liên hợp quốc tại new york ngày hai mươi ba tháng chín rằng venezuela sẽ tổ chức bầu cử như một phần của quá trình chuyển tiếp tới dân chủ toàn diện. bà không nêu ngày cụ thể cho cuộc bầu cử và cho biết chính phủ đã khởi động đối thoại với các lực lượng đối lập để đảm bảo điều kiện bình đẳng. bà cam kết các cơ quan quốc gia sẽ được chuẩn bị để bảo đảm một quá trình bao trùm và minh bạch khi thời điểm đến. rodriguez đã gặp tổng thống hoa kỳ donald giây trump bên lề đại hội đồng vào ngày hai mươi hai tháng chín, hai bên thảo luận việc tái cấu trúc hàng tỷ <en>u s d</en> nợ công của venezuela. bà cảm ơn tổng thống trump vì thiện chí tái khởi động quan hệ và nói venezuela đang tái sinh sau những tổn thất trong năm nay. bà lên nắm quyền sau một cuộc đột kích của quân đội hoa kỳ vào tháng một đã bắt giữ tổng thống venezuela nicolás maduro và đưa ông sang hoa kỳ, maduro hiện bị giam gần trụ sở liên hợp quốc chờ xét xử. bài phát biểu của bà cũng gây tranh cãi khi có các cuộc biểu tình phản đối ở caracas và new york.",,tổng thống lâm thời venezuela delcy rodriguez phát biểu trước đại hội đồng liên hợp quốc tại new york ngày hai mươi ba tháng chín rằng venezuela sẽ tổ chức bầu cử như một phần của quá trình chuyển tiếp tới dân chủ toàn diện.,tổng thống lâm thời venezuela delcy rodriguez phát biểu trước đại hội đồng liên hợp quốc tại new york ngày hai mươi ba tháng chín rằng venezuela sẽ tổ chức bầu cử như một phần của quá trình chuyển tiếp tới dân chủ toàn diện.,True,t̪ˈo4ŋ tˈoɜŋ lˈəm tˈəː2j vˌɛnɪzwˈeɪlə dˈɛl sˈaɪ ɹədɹˈiːɡɛz fˈaːɜt̪ bˈiɛ4w tʃˈyəɜc ɗˈaː6j hˈo6j ɗˈo2ŋ lˈiɛn hˈəː6p kˈuəɜc t̪ˈaː6j nˈuː jˈɔːɹk ŋˈa2j hˈaːj mˈyəj bˈaː tˈaːɜŋ tʃˈiɜn ɹˈa2ŋ vˌɛnɪzwˈeɪlə sˌɛ5 t̪ˈo4 tʃˈyɜc bˈə2w kˈy4 ɲˌy mˈo6t̪ fˈə2n kˌuə4 kwˈaːɜ tʃˈi2ɲ tʃwˈiɛ4n t̪ˈiɛɜp t̪ˌəːɜj zˈən tʃˈu4 t̪wˈaː2n zˈiɛ6n.,t̪ˈo4ŋ tˈoɜŋ lˈəm tˈəː2j vˌɛnɪzwˈeɪlə dˈɛl sˈaɪ ɹədɹˈiːɡɛz fˈaːɜt̪ bˈiɛ4w tʃˈyəɜc ɗˈaː6j hˈo6j ɗˈo2ŋ lˈiɛn hˈəː6p kˈuəɜc t̪ˈaː6j nˈuː jˈɔːɹk ŋˈa2j hˈaːj mˈyəj bˈaː tˈaːɜŋ tʃˈiɜn ɹˈa2ŋ vˌɛnɪzwˈeɪlə sˌɛ5 t̪ˈo4 tʃˈyɜc bˈə2w kˈy4 ɲˌy mˈo6t̪ fˈə2n kˌuə4 kwˈaːɜ tʃˈi2ɲ tʃwˈiɛ4n t̪ˈiɛɜp t̪ˌəːɜj zˈən tʃˈu4 t̪wˈaː2n zˈiɛ6n.,sentence,40F0AEAE73021A4C6447FDD39D345638AFA6AB0FE55D4F596E69E3D5E8B5F163
danhgia_tts.txt,danhgia_tts-013,Văn bản 13,danhgia_tts-013-c002,2,"Tổng thống lâm thời Venezuela Delcy Rodriguez phát biểu trước Đại hội đồng Liên Hợp Quốc tại New York ngày 23 tháng 9 rằng Venezuela sẽ tổ chức bầu cử như một phần của quá trình chuyển tiếp tới ""dân chủ toàn diện"". Bà không nêu ngày cụ thể cho cuộc bầu cử và cho biết chính phủ đã khởi động đối thoại với các lực lượng đối lập để đảm bảo điều kiện bình đẳng. Bà cam kết các cơ quan quốc gia sẽ được chuẩn bị để bảo đảm một quá trình bao trùm và minh bạch khi thời điểm đến. Rodriguez đã gặp Tổng thống Hoa Kỳ Donald J. Trump bên lề Đại hội đồng vào ngày 22 tháng 9; hai bên thảo luận việc tái cấu trúc hàng tỷ USD nợ công của Venezuela. Bà cảm ơn Tổng thống Trump vì thiện chí tái khởi động quan hệ và nói Venezuela đang ""tái sinh"" sau những tổn thất trong năm nay. Bà lên nắm quyền sau một cuộc đột kích của quân đội Hoa Kỳ vào tháng 1 đã bắt giữ Tổng thống Venezuela Nicolás Maduro và đưa ông sang Hoa Kỳ; Maduro hiện bị giam gần trụ sở Liên Hợp Quốc chờ xét xử. Bài phát biểu của bà cũng gây tranh cãi khi có các cuộc biểu tình phản đối ở Caracas và New York.","tổng thống lâm thời venezuela delcy rodriguez phát biểu trước đại hội đồng liên hợp quốc tại new york ngày hai mươi ba tháng chín rằng venezuela sẽ tổ chức bầu cử như một phần của quá trình chuyển tiếp tới dân chủ toàn diện. bà không nêu ngày cụ thể cho cuộc bầu cử và cho biết chính phủ đã khởi động đối thoại với các lực lượng đối lập để đảm bảo điều kiện bình đẳng. bà cam kết các cơ quan quốc gia sẽ được chuẩn bị để bảo đảm một quá trình bao trùm và minh bạch khi thời điểm đến. rodriguez đã gặp tổng thống hoa kỳ donald giây trump bên lề đại hội đồng vào ngày hai mươi hai tháng chín, hai bên thảo luận việc tái cấu trúc hàng tỷ <en>u s d</en> nợ công của venezuela. bà cảm ơn tổng thống trump vì thiện chí tái khởi động quan hệ và nói venezuela đang tái sinh sau những tổn thất trong năm nay. bà lên nắm quyền sau một cuộc đột kích của quân đội hoa kỳ vào tháng một đã bắt giữ tổng thống venezuela nicolás maduro và đưa ông sang hoa kỳ, maduro hiện bị giam gần trụ sở liên hợp quốc chờ xét xử. bài phát biểu của bà cũng gây tranh cãi khi có các cuộc biểu tình phản đối ở caracas và new york.",,bà không nêu ngày cụ thể cho cuộc bầu cử và cho biết chính phủ đã khởi động đối thoại với các lực lượng đối lập để đảm bảo điều kiện bình đẳng.,bà không nêu ngày cụ thể cho cuộc bầu cử và cho biết chính phủ đã khởi động đối thoại với các lực lượng đối lập để đảm bảo điều kiện bình đẳng.,True,bˈaː2 xˌoŋ nˈe1w ŋˈa2j kˈu6 tˈe4 tʃˌɔ kˈuə6c bˈə2w kˈy4 vˌaː2 tʃˌɔ bˈiɛɜt̪ tʃˈiɜɲ fˈu4 ɗˌaː5 xˈəː4j ɗˈo6ŋ ɗˈoɜj twˈaː6j vˌəːɜj kˌaːɜc lˈy6c lˈyə6ŋ ɗˈoɜj lˈə6p ɗˌe4 ɗˈaː4m bˈaː4w ɗˈiɛ2w kˈiɛ6n bˈi2ɲ ɗˈa4ŋ.,bˈaː2 xˌoŋ nˈe1w ŋˈa2j kˈu6 tˈe4 tʃˌɔ kˈuə6c bˈə2w kˈy4 vˌaː2 tʃˌɔ bˈiɛɜt̪ tʃˈiɜɲ fˈu4 ɗˌaː5 xˈəː4j ɗˈo6ŋ ɗˈoɜj twˈaː6j vˌəːɜj kˌaːɜc lˈy6c lˈyə6ŋ ɗˈoɜj lˈə6p ɗˌe4 ɗˈaː4m bˈaː4w ɗˈiɛ2w kˈiɛ6n bˈi2ɲ ɗˈa4ŋ.,sentence,40F0AEAE73021A4C6447FDD39D345638AFA6AB0FE55D4F596E69E3D5E8B5F163
danhgia_tts.txt,danhgia_tts-013,Văn bản 13,danhgia_tts-013-c003,3,"Tổng thống lâm thời Venezuela Delcy Rodriguez phát biểu trước Đại hội đồng Liên Hợp Quốc tại New York ngày 23 tháng 9 rằng Venezuela sẽ tổ chức bầu cử như một phần của quá trình chuyển tiếp tới ""dân chủ toàn diện"". Bà không nêu ngày cụ thể cho cuộc bầu cử và cho biết chính phủ đã khởi động đối thoại với các lực lượng đối lập để đảm bảo điều kiện bình đẳng. Bà cam kết các cơ quan quốc gia sẽ được chuẩn bị để bảo đảm một quá trình bao trùm và minh bạch khi thời điểm đến. Rodriguez đã gặp Tổng thống Hoa Kỳ Donald J. Trump bên lề Đại hội đồng vào ngày 22 tháng 9; hai bên thảo luận việc tái cấu trúc hàng tỷ USD nợ công của Venezuela. Bà cảm ơn Tổng thống Trump vì thiện chí tái khởi động quan hệ và nói Venezuela đang ""tái sinh"" sau những tổn thất trong năm nay. Bà lên nắm quyền sau một cuộc đột kích của quân đội Hoa Kỳ vào tháng 1 đã bắt giữ Tổng thống Venezuela Nicolás Maduro và đưa ông sang Hoa Kỳ; Maduro hiện bị giam gần trụ sở Liên Hợp Quốc chờ xét xử. Bài phát biểu của bà cũng gây tranh cãi khi có các cuộc biểu tình phản đối ở Caracas và New York.","tổng thống lâm thời venezuela delcy rodriguez phát biểu trước đại hội đồng liên hợp quốc tại new york ngày hai mươi ba tháng chín rằng venezuela sẽ tổ chức bầu cử như một phần của quá trình chuyển tiếp tới dân chủ toàn diện. bà không nêu ngày cụ thể cho cuộc bầu cử và cho biết chính phủ đã khởi động đối thoại với các lực lượng đối lập để đảm bảo điều kiện bình đẳng. bà cam kết các cơ quan quốc gia sẽ được chuẩn bị để bảo đảm một quá trình bao trùm và minh bạch khi thời điểm đến. rodriguez đã gặp tổng thống hoa kỳ donald giây trump bên lề đại hội đồng vào ngày hai mươi hai tháng chín, hai bên thảo luận việc tái cấu trúc hàng tỷ <en>u s d</en> nợ công của venezuela. bà cảm ơn tổng thống trump vì thiện chí tái khởi động quan hệ và nói venezuela đang tái sinh sau những tổn thất trong năm nay. bà lên nắm quyền sau một cuộc đột kích của quân đội hoa kỳ vào tháng một đã bắt giữ tổng thống venezuela nicolás maduro và đưa ông sang hoa kỳ, maduro hiện bị giam gần trụ sở liên hợp quốc chờ xét xử. bài phát biểu của bà cũng gây tranh cãi khi có các cuộc biểu tình phản đối ở caracas và new york.",,bà cam kết các cơ quan quốc gia sẽ được chuẩn bị để bảo đảm một quá trình bao trùm và minh bạch khi thời điểm đến.,bà cam kết các cơ quan quốc gia sẽ được chuẩn bị để bảo đảm một quá trình bao trùm và minh bạch khi thời điểm đến.,True,bˈaː2 kˈaːm kˈeɜt̪ kˌaːɜc kˈəː kwˈaːn kˈuəɜc zˈaː sˌɛ5 ɗˌyə6c tʃwˈə4n bˌi6 ɗˌe4 bˈaː4w ɗˈaː4m mˈo6t̪ kwˈaːɜ tʃˈi2ɲ bˈaːw tʃˈu2m vˌaː2 mˈiɲ bˈe-6c xˌi tˈəː2j ɗˈiɛ4m ɗˌeɜn.,bˈaː2 kˈaːm kˈeɜt̪ kˌaːɜc kˈəː kwˈaːn kˈuəɜc zˈaː sˌɛ5 ɗˌyə6c tʃwˈə4n bˌi6 ɗˌe4 bˈaː4w ɗˈaː4m mˈo6t̪ kwˈaːɜ tʃˈi2ɲ bˈaːw tʃˈu2m vˌaː2 mˈiɲ bˈe-6c xˌi tˈəː2j ɗˈiɛ4m ɗˌeɜn.,sentence,40F0AEAE73021A4C6447FDD39D345638AFA6AB0FE55D4F596E69E3D5E8B5F163
danhgia_tts.txt,danhgia_tts-013,Văn bản 13,danhgia_tts-013-c004,4,"Tổng thống lâm thời Venezuela Delcy Rodriguez phát biểu trước Đại hội đồng Liên Hợp Quốc tại New York ngày 23 tháng 9 rằng Venezuela sẽ tổ chức bầu cử như một phần của quá trình chuyển tiếp tới ""dân chủ toàn diện"". Bà không nêu ngày cụ thể cho cuộc bầu cử và cho biết chính phủ đã khởi động đối thoại với các lực lượng đối lập để đảm bảo điều kiện bình đẳng. Bà cam kết các cơ quan quốc gia sẽ được chuẩn bị để bảo đảm một quá trình bao trùm và minh bạch khi thời điểm đến. Rodriguez đã gặp Tổng thống Hoa Kỳ Donald J. Trump bên lề Đại hội đồng vào ngày 22 tháng 9; hai bên thảo luận việc tái cấu trúc hàng tỷ USD nợ công của Venezuela. Bà cảm ơn Tổng thống Trump vì thiện chí tái khởi động quan hệ và nói Venezuela đang ""tái sinh"" sau những tổn thất trong năm nay. Bà lên nắm quyền sau một cuộc đột kích của quân đội Hoa Kỳ vào tháng 1 đã bắt giữ Tổng thống Venezuela Nicolás Maduro và đưa ông sang Hoa Kỳ; Maduro hiện bị giam gần trụ sở Liên Hợp Quốc chờ xét xử. Bài phát biểu của bà cũng gây tranh cãi khi có các cuộc biểu tình phản đối ở Caracas và New York.","tổng thống lâm thời venezuela delcy rodriguez phát biểu trước đại hội đồng liên hợp quốc tại new york ngày hai mươi ba tháng chín rằng venezuela sẽ tổ chức bầu cử như một phần của quá trình chuyển tiếp tới dân chủ toàn diện. bà không nêu ngày cụ thể cho cuộc bầu cử và cho biết chính phủ đã khởi động đối thoại với các lực lượng đối lập để đảm bảo điều kiện bình đẳng. bà cam kết các cơ quan quốc gia sẽ được chuẩn bị để bảo đảm một quá trình bao trùm và minh bạch khi thời điểm đến. rodriguez đã gặp tổng thống hoa kỳ donald giây trump bên lề đại hội đồng vào ngày hai mươi hai tháng chín, hai bên thảo luận việc tái cấu trúc hàng tỷ <en>u s d</en> nợ công của venezuela. bà cảm ơn tổng thống trump vì thiện chí tái khởi động quan hệ và nói venezuela đang tái sinh sau những tổn thất trong năm nay. bà lên nắm quyền sau một cuộc đột kích của quân đội hoa kỳ vào tháng một đã bắt giữ tổng thống venezuela nicolás maduro và đưa ông sang hoa kỳ, maduro hiện bị giam gần trụ sở liên hợp quốc chờ xét xử. bài phát biểu của bà cũng gây tranh cãi khi có các cuộc biểu tình phản đối ở caracas và new york.",,"rodriguez đã gặp tổng thống hoa kỳ donald giây trump bên lề đại hội đồng vào ngày hai mươi hai tháng chín, hai bên thảo luận việc tái cấu trúc hàng tỷ <en>u s d</en> nợ công của venezuela.","rodriguez đã gặp tổng thống hoa kỳ donald giây trump bên lề đại hội đồng vào ngày hai mươi hai tháng chín, hai bên thảo luận việc tái cấu trúc hàng tỷ <en>u s d</en> nợ công của venezuela.",True,"ɹədɹˈiːɡɛz ɗˌaː5 ɣˈa6p t̪ˈo4ŋ tˈoɜŋ hwˈaː kˈi2 dˈɑːnəld zˈəɪ tɹˈʌmp bˈen lˈe2 ɗˈaː6j hˈo6j ɗˈo2ŋ vˈaː2w ŋˈa2j hˈaːj mˈyəj hˈaːj tˈaːɜŋ tʃˈiɜn, hˈaːj bˈen tˈaː4w lwˈə6n vˈiɛ6c t̪ˈaːɜj kˈəɜw tʃˈuɜc hˈaː2ŋ t̪ˈi4 jˈuː ˈɛs dˈiː nˈəː6 kˈoŋ kˌuə4 vˌɛnɪzwˈeɪlə.","ɹədɹˈiːɡɛz ɗˌaː5 ɣˈa6p t̪ˈo4ŋ tˈoɜŋ hwˈaː kˈi2 dˈɑːnəld zˈəɪ tɹˈʌmp bˈen lˈe2 ɗˈaː6j hˈo6j ɗˈo2ŋ vˈaː2w ŋˈa2j hˈaːj mˈyəj hˈaːj tˈaːɜŋ tʃˈiɜn, hˈaːj bˈen tˈaː4w lwˈə6n vˈiɛ6c t̪ˈaːɜj kˈəɜw tʃˈuɜc hˈaː2ŋ t̪ˈi4 jˈuː ˈɛs dˈiː nˈəː6 kˈoŋ kˌuə4 vˌɛnɪzwˈeɪlə.",sentence,40F0AEAE73021A4C6447FDD39D345638AFA6AB0FE55D4F596E69E3D5E8B5F163
danhgia_tts.txt,danhgia_tts-013,Văn bản 13,danhgia_tts-013-c005,5,"Tổng thống lâm thời Venezuela Delcy Rodriguez phát biểu trước Đại hội đồng Liên Hợp Quốc tại New York ngày 23 tháng 9 rằng Venezuela sẽ tổ chức bầu cử như một phần của quá trình chuyển tiếp tới ""dân chủ toàn diện"". Bà không nêu ngày cụ thể cho cuộc bầu cử và cho biết chính phủ đã khởi động đối thoại với các lực lượng đối lập để đảm bảo điều kiện bình đẳng. Bà cam kết các cơ quan quốc gia sẽ được chuẩn bị để bảo đảm một quá trình bao trùm và minh bạch khi thời điểm đến. Rodriguez đã gặp Tổng thống Hoa Kỳ Donald J. Trump bên lề Đại hội đồng vào ngày 22 tháng 9; hai bên thảo luận việc tái cấu trúc hàng tỷ USD nợ công của Venezuela. Bà cảm ơn Tổng thống Trump vì thiện chí tái khởi động quan hệ và nói Venezuela đang ""tái sinh"" sau những tổn thất trong năm nay. Bà lên nắm quyền sau một cuộc đột kích của quân đội Hoa Kỳ vào tháng 1 đã bắt giữ Tổng thống Venezuela Nicolás Maduro và đưa ông sang Hoa Kỳ; Maduro hiện bị giam gần trụ sở Liên Hợp Quốc chờ xét xử. Bài phát biểu của bà cũng gây tranh cãi khi có các cuộc biểu tình phản đối ở Caracas và New York.","tổng thống lâm thời venezuela delcy rodriguez phát biểu trước đại hội đồng liên hợp quốc tại new york ngày hai mươi ba tháng chín rằng venezuela sẽ tổ chức bầu cử như một phần của quá trình chuyển tiếp tới dân chủ toàn diện. bà không nêu ngày cụ thể cho cuộc bầu cử và cho biết chính phủ đã khởi động đối thoại với các lực lượng đối lập để đảm bảo điều kiện bình đẳng. bà cam kết các cơ quan quốc gia sẽ được chuẩn bị để bảo đảm một quá trình bao trùm và minh bạch khi thời điểm đến. rodriguez đã gặp tổng thống hoa kỳ donald giây trump bên lề đại hội đồng vào ngày hai mươi hai tháng chín, hai bên thảo luận việc tái cấu trúc hàng tỷ <en>u s d</en> nợ công của venezuela. bà cảm ơn tổng thống trump vì thiện chí tái khởi động quan hệ và nói venezuela đang tái sinh sau những tổn thất trong năm nay. bà lên nắm quyền sau một cuộc đột kích của quân đội hoa kỳ vào tháng một đã bắt giữ tổng thống venezuela nicolás maduro và đưa ông sang hoa kỳ, maduro hiện bị giam gần trụ sở liên hợp quốc chờ xét xử. bài phát biểu của bà cũng gây tranh cãi khi có các cuộc biểu tình phản đối ở caracas và new york.",,bà cảm ơn tổng thống trump vì thiện chí tái khởi động quan hệ và nói venezuela đang tái sinh sau những tổn thất trong năm nay.,bà cảm ơn tổng thống trump vì thiện chí tái khởi động quan hệ và nói venezuela đang tái sinh sau những tổn thất trong năm nay.,True,bˈaː2 kˈaː4m ˈəːn t̪ˈo4ŋ tˈoɜŋ tɹˈʌmp vˌi2 tˈiɛ6n tʃˈiɜ t̪ˈaːɜj xˈəː4j ɗˈo6ŋ kwˈaːn hˈe6 vˌaː2 nˈɔɜj vˌɛnɪzwˈeɪlə ɗˌaːŋ t̪ˈaːɜj sˈiɲ sˈaw ɲˌy5ŋ t̪ˈo4n tˈəɜt̪ tʃˈɔŋ nˈam nˈaj.,bˈaː2 kˈaː4m ˈəːn t̪ˈo4ŋ tˈoɜŋ tɹˈʌmp vˌi2 tˈiɛ6n tʃˈiɜ t̪ˈaːɜj xˈəː4j ɗˈo6ŋ kwˈaːn hˈe6 vˌaː2 nˈɔɜj vˌɛnɪzwˈeɪlə ɗˌaːŋ t̪ˈaːɜj sˈiɲ sˈaw ɲˌy5ŋ t̪ˈo4n tˈəɜt̪ tʃˈɔŋ nˈam nˈaj.,sentence,40F0AEAE73021A4C6447FDD39D345638AFA6AB0FE55D4F596E69E3D5E8B5F163
danhgia_tts.txt,danhgia_tts-013,Văn bản 13,danhgia_tts-013-c006,6,"Tổng thống lâm thời Venezuela Delcy Rodriguez phát biểu trước Đại hội đồng Liên Hợp Quốc tại New York ngày 23 tháng 9 rằng Venezuela sẽ tổ chức bầu cử như một phần của quá trình chuyển tiếp tới ""dân chủ toàn diện"". Bà không nêu ngày cụ thể cho cuộc bầu cử và cho biết chính phủ đã khởi động đối thoại với các lực lượng đối lập để đảm bảo điều kiện bình đẳng. Bà cam kết các cơ quan quốc gia sẽ được chuẩn bị để bảo đảm một quá trình bao trùm và minh bạch khi thời điểm đến. Rodriguez đã gặp Tổng thống Hoa Kỳ Donald J. Trump bên lề Đại hội đồng vào ngày 22 tháng 9; hai bên thảo luận việc tái cấu trúc hàng tỷ USD nợ công của Venezuela. Bà cảm ơn Tổng thống Trump vì thiện chí tái khởi động quan hệ và nói Venezuela đang ""tái sinh"" sau những tổn thất trong năm nay. Bà lên nắm quyền sau một cuộc đột kích của quân đội Hoa Kỳ vào tháng 1 đã bắt giữ Tổng thống Venezuela Nicolás Maduro và đưa ông sang Hoa Kỳ; Maduro hiện bị giam gần trụ sở Liên Hợp Quốc chờ xét xử. Bài phát biểu của bà cũng gây tranh cãi khi có các cuộc biểu tình phản đối ở Caracas và New York.","tổng thống lâm thời venezuela delcy rodriguez phát biểu trước đại hội đồng liên hợp quốc tại new york ngày hai mươi ba tháng chín rằng venezuela sẽ tổ chức bầu cử như một phần của quá trình chuyển tiếp tới dân chủ toàn diện. bà không nêu ngày cụ thể cho cuộc bầu cử và cho biết chính phủ đã khởi động đối thoại với các lực lượng đối lập để đảm bảo điều kiện bình đẳng. bà cam kết các cơ quan quốc gia sẽ được chuẩn bị để bảo đảm một quá trình bao trùm và minh bạch khi thời điểm đến. rodriguez đã gặp tổng thống hoa kỳ donald giây trump bên lề đại hội đồng vào ngày hai mươi hai tháng chín, hai bên thảo luận việc tái cấu trúc hàng tỷ <en>u s d</en> nợ công của venezuela. bà cảm ơn tổng thống trump vì thiện chí tái khởi động quan hệ và nói venezuela đang tái sinh sau những tổn thất trong năm nay. bà lên nắm quyền sau một cuộc đột kích của quân đội hoa kỳ vào tháng một đã bắt giữ tổng thống venezuela nicolás maduro và đưa ông sang hoa kỳ, maduro hiện bị giam gần trụ sở liên hợp quốc chờ xét xử. bài phát biểu của bà cũng gây tranh cãi khi có các cuộc biểu tình phản đối ở caracas và new york.",,"bà lên nắm quyền sau một cuộc đột kích của quân đội hoa kỳ vào tháng một đã bắt giữ tổng thống venezuela nicolás maduro và đưa ông sang hoa kỳ, maduro hiện bị giam gần trụ sở liên hợp quốc chờ xét xử.","bà lên nắm quyền sau một cuộc đột kích của quân đội hoa kỳ vào tháng một đã bắt giữ tổng thống venezuela nicolás maduro và đưa ông sang hoa kỳ, maduro hiện bị giam gần trụ sở liên hợp quốc chờ xét xử.",True,"bˈaː2 lˈen nˈaɜm kwˈiɛ2n sˈaw mˈo6t̪ kˈuə6c ɗˈo6t̪ kˈiɜc kˌuə4 kwˈən ɗˈo6j hwˈaː kˈi2 vˈaː2w tˈaːɜŋ mˈo6t̪ ɗˌaː5 bˈaɜt̪ zˈy5 t̪ˈo4ŋ tˈoɜŋ vˌɛnɪzwˈeɪlə nˌɪkəlˈɑːz mædʒˈuːɹoʊ vˌaː2 ɗˈyə ˈoŋ sˈaːŋ hwˈaː kˈi2, mædʒˈuːɹoʊ hˈiɛ6n bˌi6 zˈaːm ɣˈə2n tʃˈu6 sˈəː4 lˈiɛn hˈəː6p kˈuəɜc tʃˈəː2 sˈɛɜt̪ sˈy4.","bˈaː2 lˈen nˈaɜm kwˈiɛ2n sˈaw mˈo6t̪ kˈuə6c ɗˈo6t̪ kˈiɜc kˌuə4 kwˈən ɗˈo6j hwˈaː kˈi2 vˈaː2w tˈaːɜŋ mˈo6t̪ ɗˌaː5 bˈaɜt̪ zˈy5 t̪ˈo4ŋ tˈoɜŋ vˌɛnɪzwˈeɪlə nˌɪkəlˈɑːz mædʒˈuːɹoʊ vˌaː2 ɗˈyə ˈoŋ sˈaːŋ hwˈaː kˈi2, mædʒˈuːɹoʊ hˈiɛ6n bˌi6 zˈaːm ɣˈə2n tʃˈu6 sˈəː4 lˈiɛn hˈəː6p kˈuəɜc tʃˈəː2 sˈɛɜt̪ sˈy4.",sentence,40F0AEAE73021A4C6447FDD39D345638AFA6AB0FE55D4F596E69E3D5E8B5F163
danhgia_tts.txt,danhgia_tts-013,Văn bản 13,danhgia_tts-013-c007,7,"Tổng thống lâm thời Venezuela Delcy Rodriguez phát biểu trước Đại hội đồng Liên Hợp Quốc tại New York ngày 23 tháng 9 rằng Venezuela sẽ tổ chức bầu cử như một phần của quá trình chuyển tiếp tới ""dân chủ toàn diện"". Bà không nêu ngày cụ thể cho cuộc bầu cử và cho biết chính phủ đã khởi động đối thoại với các lực lượng đối lập để đảm bảo điều kiện bình đẳng. Bà cam kết các cơ quan quốc gia sẽ được chuẩn bị để bảo đảm một quá trình bao trùm và minh bạch khi thời điểm đến. Rodriguez đã gặp Tổng thống Hoa Kỳ Donald J. Trump bên lề Đại hội đồng vào ngày 22 tháng 9; hai bên thảo luận việc tái cấu trúc hàng tỷ USD nợ công của Venezuela. Bà cảm ơn Tổng thống Trump vì thiện chí tái khởi động quan hệ và nói Venezuela đang ""tái sinh"" sau những tổn thất trong năm nay. Bà lên nắm quyền sau một cuộc đột kích của quân đội Hoa Kỳ vào tháng 1 đã bắt giữ Tổng thống Venezuela Nicolás Maduro và đưa ông sang Hoa Kỳ; Maduro hiện bị giam gần trụ sở Liên Hợp Quốc chờ xét xử. Bài phát biểu của bà cũng gây tranh cãi khi có các cuộc biểu tình phản đối ở Caracas và New York.","tổng thống lâm thời venezuela delcy rodriguez phát biểu trước đại hội đồng liên hợp quốc tại new york ngày hai mươi ba tháng chín rằng venezuela sẽ tổ chức bầu cử như một phần của quá trình chuyển tiếp tới dân chủ toàn diện. bà không nêu ngày cụ thể cho cuộc bầu cử và cho biết chính phủ đã khởi động đối thoại với các lực lượng đối lập để đảm bảo điều kiện bình đẳng. bà cam kết các cơ quan quốc gia sẽ được chuẩn bị để bảo đảm một quá trình bao trùm và minh bạch khi thời điểm đến. rodriguez đã gặp tổng thống hoa kỳ donald giây trump bên lề đại hội đồng vào ngày hai mươi hai tháng chín, hai bên thảo luận việc tái cấu trúc hàng tỷ <en>u s d</en> nợ công của venezuela. bà cảm ơn tổng thống trump vì thiện chí tái khởi động quan hệ và nói venezuela đang tái sinh sau những tổn thất trong năm nay. bà lên nắm quyền sau một cuộc đột kích của quân đội hoa kỳ vào tháng một đã bắt giữ tổng thống venezuela nicolás maduro và đưa ông sang hoa kỳ, maduro hiện bị giam gần trụ sở liên hợp quốc chờ xét xử. bài phát biểu của bà cũng gây tranh cãi khi có các cuộc biểu tình phản đối ở caracas và new york.",,bài phát biểu của bà cũng gây tranh cãi khi có các cuộc biểu tình phản đối ở caracas và new york.,bài phát biểu của bà cũng gây tranh cãi khi có các cuộc biểu tình phản đối ở caracas và new york.,True,bˈaː2j fˈaːɜt̪ bˈiɛ4w kˌuə4 bˈaː2 kˈu5ŋ ɣˈəɪ tʃˈe-ɲ kˈaː5j xˌi kˈɔɜ kˌaːɜc kˈuə6c bˈiɛ4w t̪ˈi2ɲ fˈaː4n ɗˈoɜj ˈəː4 kæɹˈɑːkəz vˌaː2 nˈuː jˈɔːɹk.,bˈaː2j fˈaːɜt̪ bˈiɛ4w kˌuə4 bˈaː2 kˈu5ŋ ɣˈəɪ tʃˈe-ɲ kˈaː5j xˌi kˈɔɜ kˌaːɜc kˈuə6c bˈiɛ4w t̪ˈi2ɲ fˈaː4n ɗˈoɜj ˈəː4 kæɹˈɑːkəz vˌaː2 nˈuː jˈɔːɹk.,,40F0AEAE73021A4C6447FDD39D345638AFA6AB0FE55D4F596E69E3D5E8B5F163
danhgia_tts.txt,danhgia_tts-014,Văn bản 14,danhgia_tts-014-c001,1,"Tổng Bí thư, Chủ tịch nước Tô Lâm của Việt Nam đã gặp Tổng Thư ký Liên Hợp Quốc António Guterres tại trụ sở Liên Hợp Quốc ở New York, Mỹ, ngày 23 tháng 9 trong khuôn khổ tuần cấp cao của kỳ họp thứ 81 Đại hội đồng Liên Hợp Quốc. Tại cuộc gặp, Tổng Thư ký Guterres bày tỏ ngưỡng mộ trước thành tựu phát triển của Việt Nam sau 40 năm Đổi mới và kêu gọi Việt Nam tiếp tục tham gia mạnh mẽ vào chuyển đổi năng lượng công bằng (JETP) và thúc đẩy các công nghệ mới nổi như trí tuệ nhân tạo. Tô Lâm nhấn mạnh định hướng phát triển bền vững, khẳng định chính sách đối ngoại độc lập, tự chủ, đa phương hóa và nêu các cam kết cụ thể của Việt Nam với Liên Hợp Quốc. Việt Nam cam kết tiếp tục tham gia gìn giữ hòa bình, cho thuê trụ sở Liên Hợp Quốc tại Hà Nội miễn phí trong 10 năm tới với giá trị ước tính 3 triệu USD và đóng góp gần 1,3 triệu USD cho ngân sách gìn giữ hòa bình. Hai bên nhất trí triển khai Khung hợp tác chiến lược giai đoạn 2027-2031 và tăng cường hợp tác ASEAN-Liên Hợp Quốc. Hai bên cũng cùng ủng hộ vai trò trung tâm của ASEAN và bảo đảm an ninh, an toàn, tự do hàng hải theo Công ước Liên Hợp Quốc về Luật Biển 1982.","tổng bí thư, chủ tịch nước tô lâm của việt nam đã gặp tổng thư ký liên hợp quốc antónio guterres tại trụ sở liên hợp quốc ở new york, mỹ, ngày hai mươi ba tháng chín trong khuôn khổ tuần cấp cao của kỳ họp thứ tám mươi mốt đại hội đồng liên hợp quốc. tại cuộc gặp, tổng thư ký guterres bày tỏ ngưỡng mộ trước thành tựu phát triển của việt nam sau bốn mươi năm đổi mới và kêu gọi việt nam tiếp tục tham gia mạnh mẽ vào chuyển đổi năng lượng công bằng, giây e tê phê, và thúc đẩy các công nghệ mới nổi như trí tuệ nhân tạo. tô lâm nhấn mạnh định hướng phát triển bền vững, khẳng định chính sách đối ngoại độc lập, tự chủ, đa phương hóa và nêu các cam kết cụ thể của việt nam với liên hợp quốc. việt nam cam kết tiếp tục tham gia gìn giữ hòa bình, cho thuê trụ sở liên hợp quốc tại hà nội miễn phí trong mười năm tới với giá trị ước tính ba triệu <en>u s d</en> và đóng góp gần một phẩy ba triệu <en>u s d</en> cho ngân sách gìn giữ hòa bình. hai bên nhất trí triển khai khung hợp tác chiến lược giai đoạn hai nghìn không trăm hai mươi bảy đến hai nghìn không trăm ba mươi mốt và tăng cường hợp tác <en>asean</en> liên hợp quốc. hai bên cũng cùng ủng hộ vai trò trung tâm của <en>asean</en> và bảo đảm an ninh, an toàn, tự do hàng hải theo công ước liên hợp quốc về luật biển một nghìn chín trăm tám mươi hai.",,"tổng bí thư, chủ tịch nước tô lâm của việt nam đã gặp tổng thư ký liên hợp quốc antónio guterres tại trụ sở liên hợp quốc ở new york, mỹ, ngày hai mươi ba tháng chín trong khuôn khổ tuần cấp cao của kỳ họp thứ tám mươi mốt đại hội đồng liên hợp quốc.","tổng bí thư, chủ tịch nước tô lâm của việt nam đã gặp tổng thư ký liên hợp quốc antónio guterres tại trụ sở liên hợp quốc ở new york, mỹ, ngày hai mươi ba tháng chín trong khuôn khổ tuần cấp cao của kỳ họp thứ tám mươi mốt đại hội đồng liên hợp quốc.",True,"t̪ˈo4ŋ bˈiɜ tˈy, tʃˈu4 t̪ˈi6c nˈyəɜc t̪ˈo lˈəm kˌuə4 vˈiɛ6t̪ nˈaːm ɗˌaː5 ɣˈa6p t̪ˈo4ŋ tˈy kˈiɜ lˈiɛn hˈəː6p kˈuəɜc æntˈɑːnɪˌoʊ ɡjˈuːɾɛɹəz t̪ˈaː6j tʃˈu6 sˈəː4 lˈiɛn hˈəː6p kˈuəɜc ˈəː4 nˈuː jˈɔːɹk, mˈi5, ŋˈa2j hˈaːj mˈyəj bˈaː tˈaːɜŋ tʃˈiɜn tʃˈɔŋ xˈuən xˈo4 t̪wˈə2n kˈəɜp kˈaːw kˌuə4 kˈi2 hˈɔ6p tˈyɜ t̪ˈaːɜm mˈyəj mˈoɜt̪ ɗˈaː6j hˈo6j ɗˈo2ŋ lˈiɛn hˈəː6p kˈuəɜc.","t̪ˈo4ŋ bˈiɜ tˈy, tʃˈu4 t̪ˈi6c nˈyəɜc t̪ˈo lˈəm kˌuə4 vˈiɛ6t̪ nˈaːm ɗˌaː5 ɣˈa6p t̪ˈo4ŋ tˈy kˈiɜ lˈiɛn hˈəː6p kˈuəɜc æntˈɑːnɪˌoʊ ɡjˈuːɾɛɹəz t̪ˈaː6j tʃˈu6 sˈəː4 lˈiɛn hˈəː6p kˈuəɜc ˈəː4 nˈuː jˈɔːɹk, mˈi5, ŋˈa2j hˈaːj mˈyəj bˈaː tˈaːɜŋ tʃˈiɜn tʃˈɔŋ xˈuən xˈo4 t̪wˈə2n kˈəɜp kˈaːw kˌuə4 kˈi2 hˈɔ6p tˈyɜ t̪ˈaːɜm mˈyəj mˈoɜt̪ ɗˈaː6j hˈo6j ɗˈo2ŋ lˈiɛn hˈəː6p kˈuəɜc.",sentence,40F0AEAE73021A4C6447FDD39D345638AFA6AB0FE55D4F596E69E3D5E8B5F163
danhgia_tts.txt,danhgia_tts-014,Văn bản 14,danhgia_tts-014-c002,2,"Tổng Bí thư, Chủ tịch nước Tô Lâm của Việt Nam đã gặp Tổng Thư ký Liên Hợp Quốc António Guterres tại trụ sở Liên Hợp Quốc ở New York, Mỹ, ngày 23 tháng 9 trong khuôn khổ tuần cấp cao của kỳ họp thứ 81 Đại hội đồng Liên Hợp Quốc. Tại cuộc gặp, Tổng Thư ký Guterres bày tỏ ngưỡng mộ trước thành tựu phát triển của Việt Nam sau 40 năm Đổi mới và kêu gọi Việt Nam tiếp tục tham gia mạnh mẽ vào chuyển đổi năng lượng công bằng (JETP) và thúc đẩy các công nghệ mới nổi như trí tuệ nhân tạo. Tô Lâm nhấn mạnh định hướng phát triển bền vững, khẳng định chính sách đối ngoại độc lập, tự chủ, đa phương hóa và nêu các cam kết cụ thể của Việt Nam với Liên Hợp Quốc. Việt Nam cam kết tiếp tục tham gia gìn giữ hòa bình, cho thuê trụ sở Liên Hợp Quốc tại Hà Nội miễn phí trong 10 năm tới với giá trị ước tính 3 triệu USD và đóng góp gần 1,3 triệu USD cho ngân sách gìn giữ hòa bình. Hai bên nhất trí triển khai Khung hợp tác chiến lược giai đoạn 2027-2031 và tăng cường hợp tác ASEAN-Liên Hợp Quốc. Hai bên cũng cùng ủng hộ vai trò trung tâm của ASEAN và bảo đảm an ninh, an toàn, tự do hàng hải theo Công ước Liên Hợp Quốc về Luật Biển 1982.","tổng bí thư, chủ tịch nước tô lâm của việt nam đã gặp tổng thư ký liên hợp quốc antónio guterres tại trụ sở liên hợp quốc ở new york, mỹ, ngày hai mươi ba tháng chín trong khuôn khổ tuần cấp cao của kỳ họp thứ tám mươi mốt đại hội đồng liên hợp quốc. tại cuộc gặp, tổng thư ký guterres bày tỏ ngưỡng mộ trước thành tựu phát triển của việt nam sau bốn mươi năm đổi mới và kêu gọi việt nam tiếp tục tham gia mạnh mẽ vào chuyển đổi năng lượng công bằng, giây e tê phê, và thúc đẩy các công nghệ mới nổi như trí tuệ nhân tạo. tô lâm nhấn mạnh định hướng phát triển bền vững, khẳng định chính sách đối ngoại độc lập, tự chủ, đa phương hóa và nêu các cam kết cụ thể của việt nam với liên hợp quốc. việt nam cam kết tiếp tục tham gia gìn giữ hòa bình, cho thuê trụ sở liên hợp quốc tại hà nội miễn phí trong mười năm tới với giá trị ước tính ba triệu <en>u s d</en> và đóng góp gần một phẩy ba triệu <en>u s d</en> cho ngân sách gìn giữ hòa bình. hai bên nhất trí triển khai khung hợp tác chiến lược giai đoạn hai nghìn không trăm hai mươi bảy đến hai nghìn không trăm ba mươi mốt và tăng cường hợp tác <en>asean</en> liên hợp quốc. hai bên cũng cùng ủng hộ vai trò trung tâm của <en>asean</en> và bảo đảm an ninh, an toàn, tự do hàng hải theo công ước liên hợp quốc về luật biển một nghìn chín trăm tám mươi hai.",,"tại cuộc gặp, tổng thư ký guterres bày tỏ ngưỡng mộ trước thành tựu phát triển của việt nam sau bốn mươi năm đổi mới và kêu gọi việt nam tiếp tục tham gia mạnh mẽ vào chuyển đổi năng lượng công bằng, giây e tê phê,","tại cuộc gặp, tổng thư ký guterres bày tỏ ngưỡng mộ trước thành tựu phát triển của việt nam sau bốn mươi năm đổi mới và kêu gọi việt nam tiếp tục tham gia mạnh mẽ vào chuyển đổi năng lượng công bằng, giây e tê phê.",False,"t̪ˈaː6j kˈuə6c ɣˈa6p, t̪ˈo4ŋ tˈy kˈiɜ ɡjˈuːɾɛɹəz bˈa2j t̪ˈɔ4 ŋˈyə5ŋ mˈo6 tʃˈyəɜc tˈe-2ɲ t̪ˈi6w fˈaːɜt̪ tʃˈiɛ4n kˌuə4 vˈiɛ6t̪ nˈaːm sˈaw bˈoɜn mˈyəj nˈam ɗˈo4j mˈəːɜj vˌaː2 kˈe1w ɣˈɔ6j vˈiɛ6t̪ nˈaːm t̪ˈiɛɜp t̪ˈu6c tˈaːm zˈaː mˈe-6ɲ mˈɛ5 vˈaː2w tʃwˈiɛ4n ɗˈo4j nˈaŋ lˈyə6ŋ kˈoŋ bˈa2ŋ, zˈəɪ ˈɛ t̪ˈe fˈe.","t̪ˈaː6j kˈuə6c ɣˈa6p, t̪ˈo4ŋ tˈy kˈiɜ ɡjˈuːɾɛɹəz bˈa2j t̪ˈɔ4 ŋˈyə5ŋ mˈo6 tʃˈyəɜc tˈe-2ɲ t̪ˈi6w fˈaːɜt̪ tʃˈiɛ4n kˌuə4 vˈiɛ6t̪ nˈaːm sˈaw bˈoɜn mˈyəj nˈam ɗˈo4j mˈəːɜj vˌaː2 kˈe1w ɣˈɔ6j vˈiɛ6t̪ nˈaːm t̪ˈiɛɜp t̪ˈu6c tˈaːm zˈaː mˈe-6ɲ mˈɛ5 vˈaː2w tʃwˈiɛ4n ɗˈo4j nˈaŋ lˈyə6ŋ kˈoŋ bˈa2ŋ, zˈəɪ ˈɛ t̪ˈe fˈe,",minor,40F0AEAE73021A4C6447FDD39D345638AFA6AB0FE55D4F596E69E3D5E8B5F163
danhgia_tts.txt,danhgia_tts-014,Văn bản 14,danhgia_tts-014-c003,3,"Tổng Bí thư, Chủ tịch nước Tô Lâm của Việt Nam đã gặp Tổng Thư ký Liên Hợp Quốc António Guterres tại trụ sở Liên Hợp Quốc ở New York, Mỹ, ngày 23 tháng 9 trong khuôn khổ tuần cấp cao của kỳ họp thứ 81 Đại hội đồng Liên Hợp Quốc. Tại cuộc gặp, Tổng Thư ký Guterres bày tỏ ngưỡng mộ trước thành tựu phát triển của Việt Nam sau 40 năm Đổi mới và kêu gọi Việt Nam tiếp tục tham gia mạnh mẽ vào chuyển đổi năng lượng công bằng (JETP) và thúc đẩy các công nghệ mới nổi như trí tuệ nhân tạo. Tô Lâm nhấn mạnh định hướng phát triển bền vững, khẳng định chính sách đối ngoại độc lập, tự chủ, đa phương hóa và nêu các cam kết cụ thể của Việt Nam với Liên Hợp Quốc. Việt Nam cam kết tiếp tục tham gia gìn giữ hòa bình, cho thuê trụ sở Liên Hợp Quốc tại Hà Nội miễn phí trong 10 năm tới với giá trị ước tính 3 triệu USD và đóng góp gần 1,3 triệu USD cho ngân sách gìn giữ hòa bình. Hai bên nhất trí triển khai Khung hợp tác chiến lược giai đoạn 2027-2031 và tăng cường hợp tác ASEAN-Liên Hợp Quốc. Hai bên cũng cùng ủng hộ vai trò trung tâm của ASEAN và bảo đảm an ninh, an toàn, tự do hàng hải theo Công ước Liên Hợp Quốc về Luật Biển 1982.","tổng bí thư, chủ tịch nước tô lâm của việt nam đã gặp tổng thư ký liên hợp quốc antónio guterres tại trụ sở liên hợp quốc ở new york, mỹ, ngày hai mươi ba tháng chín trong khuôn khổ tuần cấp cao của kỳ họp thứ tám mươi mốt đại hội đồng liên hợp quốc. tại cuộc gặp, tổng thư ký guterres bày tỏ ngưỡng mộ trước thành tựu phát triển của việt nam sau bốn mươi năm đổi mới và kêu gọi việt nam tiếp tục tham gia mạnh mẽ vào chuyển đổi năng lượng công bằng, giây e tê phê, và thúc đẩy các công nghệ mới nổi như trí tuệ nhân tạo. tô lâm nhấn mạnh định hướng phát triển bền vững, khẳng định chính sách đối ngoại độc lập, tự chủ, đa phương hóa và nêu các cam kết cụ thể của việt nam với liên hợp quốc. việt nam cam kết tiếp tục tham gia gìn giữ hòa bình, cho thuê trụ sở liên hợp quốc tại hà nội miễn phí trong mười năm tới với giá trị ước tính ba triệu <en>u s d</en> và đóng góp gần một phẩy ba triệu <en>u s d</en> cho ngân sách gìn giữ hòa bình. hai bên nhất trí triển khai khung hợp tác chiến lược giai đoạn hai nghìn không trăm hai mươi bảy đến hai nghìn không trăm ba mươi mốt và tăng cường hợp tác <en>asean</en> liên hợp quốc. hai bên cũng cùng ủng hộ vai trò trung tâm của <en>asean</en> và bảo đảm an ninh, an toàn, tự do hàng hải theo công ước liên hợp quốc về luật biển một nghìn chín trăm tám mươi hai.",,"và thúc đẩy các công nghệ mới nổi như trí tuệ nhân tạo. tô lâm nhấn mạnh định hướng phát triển bền vững, khẳng định chính sách đối ngoại độc lập, tự chủ, đa phương hóa và nêu các cam kết cụ thể của việt nam với liên hợp quốc.","và thúc đẩy các công nghệ mới nổi như trí tuệ nhân tạo. tô lâm nhấn mạnh định hướng phát triển bền vững, khẳng định chính sách đối ngoại độc lập, tự chủ, đa phương hóa và nêu các cam kết cụ thể của việt nam với liên hợp quốc.",True,"vˌaː2 tˈuɜc ɗˈəɪ4 kˌaːɜc kˈoŋ ŋˈe6 mˈəːɜj nˈo4j ɲˌy tʃˈiɜ t̪wˈe6 ɲˈən t̪ˈaː6w. t̪ˈo lˈəm ɲˈəɜn mˈe-6ɲ ɗˈi6ɲ hˈyəɜŋ fˈaːɜt̪ tʃˈiɛ4n bˈe2n vˈy5ŋ, xˈa4ŋ ɗˈi6ɲ tʃˈiɜɲ sˈe-ɜc ɗˈoɜj ŋwˈaː6j ɗˈo6k lˈə6p, t̪ˈy6 tʃˈu4, ɗˈaː fˈyəŋ hwˈaːɜ vˌaː2 nˈe1w kˌaːɜc kˈaːm kˈeɜt̪ kˈu6 tˈe4 kˌuə4 vˈiɛ6t̪ nˈaːm vˌəːɜj lˈiɛn hˈəː6p kˈuəɜc.","vˌaː2 tˈuɜc ɗˈəɪ4 kˌaːɜc kˈoŋ ŋˈe6 mˈəːɜj nˈo4j ɲˌy tʃˈiɜ t̪wˈe6 ɲˈən t̪ˈaː6w. t̪ˈo lˈəm ɲˈəɜn mˈe-6ɲ ɗˈi6ɲ hˈyəɜŋ fˈaːɜt̪ tʃˈiɛ4n bˈe2n vˈy5ŋ, xˈa4ŋ ɗˈi6ɲ tʃˈiɜɲ sˈe-ɜc ɗˈoɜj ŋwˈaː6j ɗˈo6k lˈə6p, t̪ˈy6 tʃˈu4, ɗˈaː fˈyəŋ hwˈaːɜ vˌaː2 nˈe1w kˌaːɜc kˈaːm kˈeɜt̪ kˈu6 tˈe4 kˌuə4 vˈiɛ6t̪ nˈaːm vˌəːɜj lˈiɛn hˈəː6p kˈuəɜc.",sentence,40F0AEAE73021A4C6447FDD39D345638AFA6AB0FE55D4F596E69E3D5E8B5F163
danhgia_tts.txt,danhgia_tts-014,Văn bản 14,danhgia_tts-014-c004,4,"Tổng Bí thư, Chủ tịch nước Tô Lâm của Việt Nam đã gặp Tổng Thư ký Liên Hợp Quốc António Guterres tại trụ sở Liên Hợp Quốc ở New York, Mỹ, ngày 23 tháng 9 trong khuôn khổ tuần cấp cao của kỳ họp thứ 81 Đại hội đồng Liên Hợp Quốc. Tại cuộc gặp, Tổng Thư ký Guterres bày tỏ ngưỡng mộ trước thành tựu phát triển của Việt Nam sau 40 năm Đổi mới và kêu gọi Việt Nam tiếp tục tham gia mạnh mẽ vào chuyển đổi năng lượng công bằng (JETP) và thúc đẩy các công nghệ mới nổi như trí tuệ nhân tạo. Tô Lâm nhấn mạnh định hướng phát triển bền vững, khẳng định chính sách đối ngoại độc lập, tự chủ, đa phương hóa và nêu các cam kết cụ thể của Việt Nam với Liên Hợp Quốc. Việt Nam cam kết tiếp tục tham gia gìn giữ hòa bình, cho thuê trụ sở Liên Hợp Quốc tại Hà Nội miễn phí trong 10 năm tới với giá trị ước tính 3 triệu USD và đóng góp gần 1,3 triệu USD cho ngân sách gìn giữ hòa bình. Hai bên nhất trí triển khai Khung hợp tác chiến lược giai đoạn 2027-2031 và tăng cường hợp tác ASEAN-Liên Hợp Quốc. Hai bên cũng cùng ủng hộ vai trò trung tâm của ASEAN và bảo đảm an ninh, an toàn, tự do hàng hải theo Công ước Liên Hợp Quốc về Luật Biển 1982.","tổng bí thư, chủ tịch nước tô lâm của việt nam đã gặp tổng thư ký liên hợp quốc antónio guterres tại trụ sở liên hợp quốc ở new york, mỹ, ngày hai mươi ba tháng chín trong khuôn khổ tuần cấp cao của kỳ họp thứ tám mươi mốt đại hội đồng liên hợp quốc. tại cuộc gặp, tổng thư ký guterres bày tỏ ngưỡng mộ trước thành tựu phát triển của việt nam sau bốn mươi năm đổi mới và kêu gọi việt nam tiếp tục tham gia mạnh mẽ vào chuyển đổi năng lượng công bằng, giây e tê phê, và thúc đẩy các công nghệ mới nổi như trí tuệ nhân tạo. tô lâm nhấn mạnh định hướng phát triển bền vững, khẳng định chính sách đối ngoại độc lập, tự chủ, đa phương hóa và nêu các cam kết cụ thể của việt nam với liên hợp quốc. việt nam cam kết tiếp tục tham gia gìn giữ hòa bình, cho thuê trụ sở liên hợp quốc tại hà nội miễn phí trong mười năm tới với giá trị ước tính ba triệu <en>u s d</en> và đóng góp gần một phẩy ba triệu <en>u s d</en> cho ngân sách gìn giữ hòa bình. hai bên nhất trí triển khai khung hợp tác chiến lược giai đoạn hai nghìn không trăm hai mươi bảy đến hai nghìn không trăm ba mươi mốt và tăng cường hợp tác <en>asean</en> liên hợp quốc. hai bên cũng cùng ủng hộ vai trò trung tâm của <en>asean</en> và bảo đảm an ninh, an toàn, tự do hàng hải theo công ước liên hợp quốc về luật biển một nghìn chín trăm tám mươi hai.",,"việt nam cam kết tiếp tục tham gia gìn giữ hòa bình, cho thuê trụ sở liên hợp quốc tại hà nội miễn phí trong mười năm tới với giá trị ước tính ba triệu <en>u s d</en> và đóng góp gần một phẩy ba triệu <en>u s d</en> cho ngân sách gìn giữ hòa bình.","việt nam cam kết tiếp tục tham gia gìn giữ hòa bình, cho thuê trụ sở liên hợp quốc tại hà nội miễn phí trong mười năm tới với giá trị ước tính ba triệu <en>u s d</en> và đóng góp gần một phẩy ba triệu <en>u s d</en> cho ngân sách gìn giữ hòa bình.",True,"vˈiɛ6t̪ nˈaːm kˈaːm kˈeɜt̪ t̪ˈiɛɜp t̪ˈu6c tˈaːm zˈaː zˈi2n zˈy5 hwˈaː2 bˈi2ɲ, tʃˌɔ twˈe tʃˈu6 sˈəː4 lˈiɛn hˈəː6p kˈuəɜc t̪ˈaː6j hˈaː2 nˈo6j mˈiɛ5n fˈiɜ tʃˈɔŋ mˈyə2j nˈam t̪ˌəːɜj vˌəːɜj zˈaːɜ tʃˈi6 ˈyəɜc t̪ˈiɜɲ bˈaː tʃˈiɛ6w jˈuː ˈɛs dˈiː vˌaː2 ɗˈɔɜŋ ɣˈɔɜp ɣˈə2n mˈo6t̪ fˈəɪ4 bˈaː tʃˈiɛ6w jˈuː ˈɛs dˈiː tʃˌɔ ŋˈən sˈe-ɜc zˈi2n zˈy5 hwˈaː2 bˈi2ɲ.","vˈiɛ6t̪ nˈaːm kˈaːm kˈeɜt̪ t̪ˈiɛɜp t̪ˈu6c tˈaːm zˈaː zˈi2n zˈy5 hwˈaː2 bˈi2ɲ, tʃˌɔ twˈe tʃˈu6 sˈəː4 lˈiɛn hˈəː6p kˈuəɜc t̪ˈaː6j hˈaː2 nˈo6j mˈiɛ5n fˈiɜ tʃˈɔŋ mˈyə2j nˈam t̪ˌəːɜj vˌəːɜj zˈaːɜ tʃˈi6 ˈyəɜc t̪ˈiɜɲ bˈaː tʃˈiɛ6w jˈuː ˈɛs dˈiː vˌaː2 ɗˈɔɜŋ ɣˈɔɜp ɣˈə2n mˈo6t̪ fˈəɪ4 bˈaː tʃˈiɛ6w jˈuː ˈɛs dˈiː tʃˌɔ ŋˈən sˈe-ɜc zˈi2n zˈy5 hwˈaː2 bˈi2ɲ.",sentence,40F0AEAE73021A4C6447FDD39D345638AFA6AB0FE55D4F596E69E3D5E8B5F163
danhgia_tts.txt,danhgia_tts-014,Văn bản 14,danhgia_tts-014-c005,5,"Tổng Bí thư, Chủ tịch nước Tô Lâm của Việt Nam đã gặp Tổng Thư ký Liên Hợp Quốc António Guterres tại trụ sở Liên Hợp Quốc ở New York, Mỹ, ngày 23 tháng 9 trong khuôn khổ tuần cấp cao của kỳ họp thứ 81 Đại hội đồng Liên Hợp Quốc. Tại cuộc gặp, Tổng Thư ký Guterres bày tỏ ngưỡng mộ trước thành tựu phát triển của Việt Nam sau 40 năm Đổi mới và kêu gọi Việt Nam tiếp tục tham gia mạnh mẽ vào chuyển đổi năng lượng công bằng (JETP) và thúc đẩy các công nghệ mới nổi như trí tuệ nhân tạo. Tô Lâm nhấn mạnh định hướng phát triển bền vững, khẳng định chính sách đối ngoại độc lập, tự chủ, đa phương hóa và nêu các cam kết cụ thể của Việt Nam với Liên Hợp Quốc. Việt Nam cam kết tiếp tục tham gia gìn giữ hòa bình, cho thuê trụ sở Liên Hợp Quốc tại Hà Nội miễn phí trong 10 năm tới với giá trị ước tính 3 triệu USD và đóng góp gần 1,3 triệu USD cho ngân sách gìn giữ hòa bình. Hai bên nhất trí triển khai Khung hợp tác chiến lược giai đoạn 2027-2031 và tăng cường hợp tác ASEAN-Liên Hợp Quốc. Hai bên cũng cùng ủng hộ vai trò trung tâm của ASEAN và bảo đảm an ninh, an toàn, tự do hàng hải theo Công ước Liên Hợp Quốc về Luật Biển 1982.","tổng bí thư, chủ tịch nước tô lâm của việt nam đã gặp tổng thư ký liên hợp quốc antónio guterres tại trụ sở liên hợp quốc ở new york, mỹ, ngày hai mươi ba tháng chín trong khuôn khổ tuần cấp cao của kỳ họp thứ tám mươi mốt đại hội đồng liên hợp quốc. tại cuộc gặp, tổng thư ký guterres bày tỏ ngưỡng mộ trước thành tựu phát triển của việt nam sau bốn mươi năm đổi mới và kêu gọi việt nam tiếp tục tham gia mạnh mẽ vào chuyển đổi năng lượng công bằng, giây e tê phê, và thúc đẩy các công nghệ mới nổi như trí tuệ nhân tạo. tô lâm nhấn mạnh định hướng phát triển bền vững, khẳng định chính sách đối ngoại độc lập, tự chủ, đa phương hóa và nêu các cam kết cụ thể của việt nam với liên hợp quốc. việt nam cam kết tiếp tục tham gia gìn giữ hòa bình, cho thuê trụ sở liên hợp quốc tại hà nội miễn phí trong mười năm tới với giá trị ước tính ba triệu <en>u s d</en> và đóng góp gần một phẩy ba triệu <en>u s d</en> cho ngân sách gìn giữ hòa bình. hai bên nhất trí triển khai khung hợp tác chiến lược giai đoạn hai nghìn không trăm hai mươi bảy đến hai nghìn không trăm ba mươi mốt và tăng cường hợp tác <en>asean</en> liên hợp quốc. hai bên cũng cùng ủng hộ vai trò trung tâm của <en>asean</en> và bảo đảm an ninh, an toàn, tự do hàng hải theo công ước liên hợp quốc về luật biển một nghìn chín trăm tám mươi hai.",,hai bên nhất trí triển khai khung hợp tác chiến lược giai đoạn hai nghìn không trăm hai mươi bảy đến hai nghìn không trăm ba mươi mốt và tăng cường hợp tác <en>asean</en> liên hợp quốc.,hai bên nhất trí triển khai khung hợp tác chiến lược giai đoạn hai nghìn không trăm hai mươi bảy đến hai nghìn không trăm ba mươi mốt và tăng cường hợp tác <en>asean</en> liên hợp quốc.,True,hˈaːj bˈen ɲˈəɜt̪ tʃˈiɜ tʃˈiɛ4n xˈaːj xˈuŋ hˈəː6p t̪ˈaːɜc tʃˈiɛɜn lˈyə6c zˈaːj ɗwˈaː6n hˈaːj ŋˈi2n xˌoŋ tʃˈam hˈaːj mˈyəj bˈa4j ɗˌeɜn hˈaːj ŋˈi2n xˌoŋ tʃˈam bˈaː mˈyəj mˈoɜt̪ vˌaː2 t̪ˈaŋ kˈyə2ŋ hˈəː6p t̪ˈaːɜc ˈæsiən lˈiɛn hˈəː6p kˈuəɜc.,hˈaːj bˈen ɲˈəɜt̪ tʃˈiɜ tʃˈiɛ4n xˈaːj xˈuŋ hˈəː6p t̪ˈaːɜc tʃˈiɛɜn lˈyə6c zˈaːj ɗwˈaː6n hˈaːj ŋˈi2n xˌoŋ tʃˈam hˈaːj mˈyəj bˈa4j ɗˌeɜn hˈaːj ŋˈi2n xˌoŋ tʃˈam bˈaː mˈyəj mˈoɜt̪ vˌaː2 t̪ˈaŋ kˈyə2ŋ hˈəː6p t̪ˈaːɜc ˈæsiən lˈiɛn hˈəː6p kˈuəɜc.,sentence,40F0AEAE73021A4C6447FDD39D345638AFA6AB0FE55D4F596E69E3D5E8B5F163
danhgia_tts.txt,danhgia_tts-014,Văn bản 14,danhgia_tts-014-c006,6,"Tổng Bí thư, Chủ tịch nước Tô Lâm của Việt Nam đã gặp Tổng Thư ký Liên Hợp Quốc António Guterres tại trụ sở Liên Hợp Quốc ở New York, Mỹ, ngày 23 tháng 9 trong khuôn khổ tuần cấp cao của kỳ họp thứ 81 Đại hội đồng Liên Hợp Quốc. Tại cuộc gặp, Tổng Thư ký Guterres bày tỏ ngưỡng mộ trước thành tựu phát triển của Việt Nam sau 40 năm Đổi mới và kêu gọi Việt Nam tiếp tục tham gia mạnh mẽ vào chuyển đổi năng lượng công bằng (JETP) và thúc đẩy các công nghệ mới nổi như trí tuệ nhân tạo. Tô Lâm nhấn mạnh định hướng phát triển bền vững, khẳng định chính sách đối ngoại độc lập, tự chủ, đa phương hóa và nêu các cam kết cụ thể của Việt Nam với Liên Hợp Quốc. Việt Nam cam kết tiếp tục tham gia gìn giữ hòa bình, cho thuê trụ sở Liên Hợp Quốc tại Hà Nội miễn phí trong 10 năm tới với giá trị ước tính 3 triệu USD và đóng góp gần 1,3 triệu USD cho ngân sách gìn giữ hòa bình. Hai bên nhất trí triển khai Khung hợp tác chiến lược giai đoạn 2027-2031 và tăng cường hợp tác ASEAN-Liên Hợp Quốc. Hai bên cũng cùng ủng hộ vai trò trung tâm của ASEAN và bảo đảm an ninh, an toàn, tự do hàng hải theo Công ước Liên Hợp Quốc về Luật Biển 1982.","tổng bí thư, chủ tịch nước tô lâm của việt nam đã gặp tổng thư ký liên hợp quốc antónio guterres tại trụ sở liên hợp quốc ở new york, mỹ, ngày hai mươi ba tháng chín trong khuôn khổ tuần cấp cao của kỳ họp thứ tám mươi mốt đại hội đồng liên hợp quốc. tại cuộc gặp, tổng thư ký guterres bày tỏ ngưỡng mộ trước thành tựu phát triển của việt nam sau bốn mươi năm đổi mới và kêu gọi việt nam tiếp tục tham gia mạnh mẽ vào chuyển đổi năng lượng công bằng, giây e tê phê, và thúc đẩy các công nghệ mới nổi như trí tuệ nhân tạo. tô lâm nhấn mạnh định hướng phát triển bền vững, khẳng định chính sách đối ngoại độc lập, tự chủ, đa phương hóa và nêu các cam kết cụ thể của việt nam với liên hợp quốc. việt nam cam kết tiếp tục tham gia gìn giữ hòa bình, cho thuê trụ sở liên hợp quốc tại hà nội miễn phí trong mười năm tới với giá trị ước tính ba triệu <en>u s d</en> và đóng góp gần một phẩy ba triệu <en>u s d</en> cho ngân sách gìn giữ hòa bình. hai bên nhất trí triển khai khung hợp tác chiến lược giai đoạn hai nghìn không trăm hai mươi bảy đến hai nghìn không trăm ba mươi mốt và tăng cường hợp tác <en>asean</en> liên hợp quốc. hai bên cũng cùng ủng hộ vai trò trung tâm của <en>asean</en> và bảo đảm an ninh, an toàn, tự do hàng hải theo công ước liên hợp quốc về luật biển một nghìn chín trăm tám mươi hai.",,"hai bên cũng cùng ủng hộ vai trò trung tâm của <en>asean</en> và bảo đảm an ninh, an toàn, tự do hàng hải theo công ước liên hợp quốc về luật biển một nghìn chín trăm tám mươi hai.","hai bên cũng cùng ủng hộ vai trò trung tâm của <en>asean</en> và bảo đảm an ninh, an toàn, tự do hàng hải theo công ước liên hợp quốc về luật biển một nghìn chín trăm tám mươi hai.",True,"hˈaːj bˈen kˈu5ŋ kˈu2ŋ ˈu4ŋ hˈo6 vˈaːj tʃˈɔ2 tʃˈuŋ t̪ˈəm kˌuə4 ˈæsiən vˌaː2 bˈaː4w ɗˈaː4m ˈaːn nˈiɲ, ˈaːn t̪wˈaː2n, t̪ˈy6 zˈɔ hˈaː2ŋ hˈaː4j tˈɛw kˈoŋ ˈyəɜc lˈiɛn hˈəː6p kˈuəɜc vˈe2 lwˈə6t̪ bˈiɛ4n mˈo6t̪ ŋˈi2n tʃˈiɜn tʃˈam t̪ˈaːɜm mˈyəj hˈaːj.","hˈaːj bˈen kˈu5ŋ kˈu2ŋ ˈu4ŋ hˈo6 vˈaːj tʃˈɔ2 tʃˈuŋ t̪ˈəm kˌuə4 ˈæsiən vˌaː2 bˈaː4w ɗˈaː4m ˈaːn nˈiɲ, ˈaːn t̪wˈaː2n, t̪ˈy6 zˈɔ hˈaː2ŋ hˈaː4j tˈɛw kˈoŋ ˈyəɜc lˈiɛn hˈəː6p kˈuəɜc vˈe2 lwˈə6t̪ bˈiɛ4n mˈo6t̪ ŋˈi2n tʃˈiɜn tʃˈam t̪ˈaːɜm mˈyəj hˈaːj.",,40F0AEAE73021A4C6447FDD39D345638AFA6AB0FE55D4F596E69E3D5E8B5F163
danhgia_tts.txt,danhgia_tts-015,Văn bản 15,danhgia_tts-015-c001,1,"Bộ trưởng Tài chính Hoa Kỳ Scott Bessent cho biết Hoa Kỳ và Trung Quốc đã đồng ý gia hạn lệnh ngừng chiến thương mại thêm hai tháng, kéo dài đến ngày 10 tháng 1 năm 2027. Thông báo được đưa ra sau các cuộc đàm phán giữa Bessent và Phó thủ tướng Trung Quốc Hà Lập Phong tại New York ngày 20 tháng 9 và tại Washington ngày 23 tháng 9. Quyết định được công bố ngay trước chuyến thăm của Chủ tịch Trung Quốc Tập Cận Bình tới Hoa Kỳ ngày 24 tháng 9 để tham dự hội nghị thượng đỉnh với Tổng thống Hoa Kỳ Donald Trump. Bessent nói việc gia hạn nhằm có thêm thời gian để đàm phán một thỏa thuận thương mại lớn hơn và hai bên đã thảo luận khả năng giảm thuế quan đối với khoảng 30 tỷ USD hàng hóa không nhạy cảm. Ông cũng nêu Trung Quốc đang đáp ứng cam kết mua 25 triệu tấn đậu tương nhưng chậm tiến độ trong cam kết mua 17 tỷ USD hàng nông sản khác và việc giao đất hiếm bị trì hoãn. Hai bên đã nhất trí thiết lập đường dây nóng để thông báo các sự cố liên quan an toàn trí tuệ nhân tạo. Một số bản tin gọi thỏa thuận tạm ngừng này là ""Hiệp định Busan"" và cho biết quyết định nhằm duy trì khung hiện tại trong chuyến thăm của Tập Cận Bình và đầu năm 2027.","bộ trưởng tài chính hoa kỳ scott bessent cho biết hoa kỳ và trung quốc đã đồng ý gia hạn lệnh ngừng chiến thương mại thêm hai tháng, kéo dài đến ngày mười tháng một năm hai nghìn không trăm hai mươi bảy. thông báo được đưa ra sau các cuộc đàm phán giữa bessent và phó thủ tướng trung quốc hà lập phong tại new york ngày hai mươi tháng chín và tại washington ngày hai mươi ba tháng chín. quyết định được công bố ngay trước chuyến thăm của chủ tịch trung quốc tập cận bình tới hoa kỳ ngày hai mươi bốn tháng chín để tham dự hội nghị thượng đỉnh với tổng thống hoa kỳ donald trump. bessent nói việc gia hạn nhằm có thêm thời gian để đàm phán một thỏa thuận thương mại lớn hơn và hai bên đã thảo luận khả năng giảm thuế quan đối với khoảng ba mươi tỷ <en>u s d</en> hàng hóa không nhạy cảm. ông cũng nêu trung quốc đang đáp ứng cam kết mua hai mươi lăm triệu tấn đậu tương nhưng chậm tiến độ trong cam kết mua mười bảy tỷ <en>u s d</en> hàng nông sản khác và việc giao đất hiếm bị trì hoãn. hai bên đã nhất trí thiết lập đường dây nóng để thông báo các sự cố liên quan an toàn trí tuệ nhân tạo. một số bản tin gọi thỏa thuận tạm ngừng này là hiệp định busan và cho biết quyết định nhằm duy trì khung hiện tại trong chuyến thăm của tập cận bình và đầu năm hai nghìn không trăm hai mươi bảy.",,"bộ trưởng tài chính hoa kỳ scott bessent cho biết hoa kỳ và trung quốc đã đồng ý gia hạn lệnh ngừng chiến thương mại thêm hai tháng, kéo dài đến ngày mười tháng một năm hai nghìn không trăm hai mươi bảy.","bộ trưởng tài chính hoa kỳ scott bessent cho biết hoa kỳ và trung quốc đã đồng ý gia hạn lệnh ngừng chiến thương mại thêm hai tháng, kéo dài đến ngày mười tháng một năm hai nghìn không trăm hai mươi bảy.",True,"bˈo6 tʃˈyə4ŋ t̪ˈaː2j tʃˈiɜɲ hwˈaː kˈi2 skˈɑːt bˈɛs sˈɛnt tʃˌɔ bˈiɛɜt̪ hwˈaː kˈi2 vˌaː2 tʃˈuŋ kˈuəɜc ɗˌaː5 ɗˈo2ŋ ˈiɜ zˈaː hˈaː6n lˈe6ɲ ŋˈy2ŋ tʃˈiɛɜn tˈyəŋ mˈaː6j tˈem hˈaːj tˈaːɜŋ, kˈɛɜw zˈaː2j ɗˌeɜn ŋˈa2j mˈyə2j tˈaːɜŋ mˈo6t̪ nˈam hˈaːj ŋˈi2n xˌoŋ tʃˈam hˈaːj mˈyəj bˈa4j.","bˈo6 tʃˈyə4ŋ t̪ˈaː2j tʃˈiɜɲ hwˈaː kˈi2 skˈɑːt bˈɛs sˈɛnt tʃˌɔ bˈiɛɜt̪ hwˈaː kˈi2 vˌaː2 tʃˈuŋ kˈuəɜc ɗˌaː5 ɗˈo2ŋ ˈiɜ zˈaː hˈaː6n lˈe6ɲ ŋˈy2ŋ tʃˈiɛɜn tˈyəŋ mˈaː6j tˈem hˈaːj tˈaːɜŋ, kˈɛɜw zˈaː2j ɗˌeɜn ŋˈa2j mˈyə2j tˈaːɜŋ mˈo6t̪ nˈam hˈaːj ŋˈi2n xˌoŋ tʃˈam hˈaːj mˈyəj bˈa4j.",sentence,40F0AEAE73021A4C6447FDD39D345638AFA6AB0FE55D4F596E69E3D5E8B5F163
danhgia_tts.txt,danhgia_tts-015,Văn bản 15,danhgia_tts-015-c002,2,"Bộ trưởng Tài chính Hoa Kỳ Scott Bessent cho biết Hoa Kỳ và Trung Quốc đã đồng ý gia hạn lệnh ngừng chiến thương mại thêm hai tháng, kéo dài đến ngày 10 tháng 1 năm 2027. Thông báo được đưa ra sau các cuộc đàm phán giữa Bessent và Phó thủ tướng Trung Quốc Hà Lập Phong tại New York ngày 20 tháng 9 và tại Washington ngày 23 tháng 9. Quyết định được công bố ngay trước chuyến thăm của Chủ tịch Trung Quốc Tập Cận Bình tới Hoa Kỳ ngày 24 tháng 9 để tham dự hội nghị thượng đỉnh với Tổng thống Hoa Kỳ Donald Trump. Bessent nói việc gia hạn nhằm có thêm thời gian để đàm phán một thỏa thuận thương mại lớn hơn và hai bên đã thảo luận khả năng giảm thuế quan đối với khoảng 30 tỷ USD hàng hóa không nhạy cảm. Ông cũng nêu Trung Quốc đang đáp ứng cam kết mua 25 triệu tấn đậu tương nhưng chậm tiến độ trong cam kết mua 17 tỷ USD hàng nông sản khác và việc giao đất hiếm bị trì hoãn. Hai bên đã nhất trí thiết lập đường dây nóng để thông báo các sự cố liên quan an toàn trí tuệ nhân tạo. Một số bản tin gọi thỏa thuận tạm ngừng này là ""Hiệp định Busan"" và cho biết quyết định nhằm duy trì khung hiện tại trong chuyến thăm của Tập Cận Bình và đầu năm 2027.","bộ trưởng tài chính hoa kỳ scott bessent cho biết hoa kỳ và trung quốc đã đồng ý gia hạn lệnh ngừng chiến thương mại thêm hai tháng, kéo dài đến ngày mười tháng một năm hai nghìn không trăm hai mươi bảy. thông báo được đưa ra sau các cuộc đàm phán giữa bessent và phó thủ tướng trung quốc hà lập phong tại new york ngày hai mươi tháng chín và tại washington ngày hai mươi ba tháng chín. quyết định được công bố ngay trước chuyến thăm của chủ tịch trung quốc tập cận bình tới hoa kỳ ngày hai mươi bốn tháng chín để tham dự hội nghị thượng đỉnh với tổng thống hoa kỳ donald trump. bessent nói việc gia hạn nhằm có thêm thời gian để đàm phán một thỏa thuận thương mại lớn hơn và hai bên đã thảo luận khả năng giảm thuế quan đối với khoảng ba mươi tỷ <en>u s d</en> hàng hóa không nhạy cảm. ông cũng nêu trung quốc đang đáp ứng cam kết mua hai mươi lăm triệu tấn đậu tương nhưng chậm tiến độ trong cam kết mua mười bảy tỷ <en>u s d</en> hàng nông sản khác và việc giao đất hiếm bị trì hoãn. hai bên đã nhất trí thiết lập đường dây nóng để thông báo các sự cố liên quan an toàn trí tuệ nhân tạo. một số bản tin gọi thỏa thuận tạm ngừng này là hiệp định busan và cho biết quyết định nhằm duy trì khung hiện tại trong chuyến thăm của tập cận bình và đầu năm hai nghìn không trăm hai mươi bảy.",,thông báo được đưa ra sau các cuộc đàm phán giữa bessent và phó thủ tướng trung quốc hà lập phong tại new york ngày hai mươi tháng chín và tại washington ngày hai mươi ba tháng chín.,thông báo được đưa ra sau các cuộc đàm phán giữa bessent và phó thủ tướng trung quốc hà lập phong tại new york ngày hai mươi tháng chín và tại washington ngày hai mươi ba tháng chín.,True,tˈoŋ bˈaːɜw ɗˌyə6c ɗˈyə ɹˈaː sˈaw kˌaːɜc kˈuə6c ɗˈaː2m fˈaːɜn zˈyə5 bˈɛs sˈɛnt vˌaː2 fˈɔɜ tˈu4 t̪ˈyəɜŋ tʃˈuŋ kˈuəɜc hˈaː2 lˈə6p fˈɔŋ t̪ˈaː6j nˈuː jˈɔːɹk ŋˈa2j hˈaːj mˈyəj tˈaːɜŋ tʃˈiɜn vˌaː2 t̪ˈaː6j wˈɑːʃɪŋtən ŋˈa2j hˈaːj mˈyəj bˈaː tˈaːɜŋ tʃˈiɜn.,tˈoŋ bˈaːɜw ɗˌyə6c ɗˈyə ɹˈaː sˈaw kˌaːɜc kˈuə6c ɗˈaː2m fˈaːɜn zˈyə5 bˈɛs sˈɛnt vˌaː2 fˈɔɜ tˈu4 t̪ˈyəɜŋ tʃˈuŋ kˈuəɜc hˈaː2 lˈə6p fˈɔŋ t̪ˈaː6j nˈuː jˈɔːɹk ŋˈa2j hˈaːj mˈyəj tˈaːɜŋ tʃˈiɜn vˌaː2 t̪ˈaː6j wˈɑːʃɪŋtən ŋˈa2j hˈaːj mˈyəj bˈaː tˈaːɜŋ tʃˈiɜn.,sentence,40F0AEAE73021A4C6447FDD39D345638AFA6AB0FE55D4F596E69E3D5E8B5F163
danhgia_tts.txt,danhgia_tts-015,Văn bản 15,danhgia_tts-015-c003,3,"Bộ trưởng Tài chính Hoa Kỳ Scott Bessent cho biết Hoa Kỳ và Trung Quốc đã đồng ý gia hạn lệnh ngừng chiến thương mại thêm hai tháng, kéo dài đến ngày 10 tháng 1 năm 2027. Thông báo được đưa ra sau các cuộc đàm phán giữa Bessent và Phó thủ tướng Trung Quốc Hà Lập Phong tại New York ngày 20 tháng 9 và tại Washington ngày 23 tháng 9. Quyết định được công bố ngay trước chuyến thăm của Chủ tịch Trung Quốc Tập Cận Bình tới Hoa Kỳ ngày 24 tháng 9 để tham dự hội nghị thượng đỉnh với Tổng thống Hoa Kỳ Donald Trump. Bessent nói việc gia hạn nhằm có thêm thời gian để đàm phán một thỏa thuận thương mại lớn hơn và hai bên đã thảo luận khả năng giảm thuế quan đối với khoảng 30 tỷ USD hàng hóa không nhạy cảm. Ông cũng nêu Trung Quốc đang đáp ứng cam kết mua 25 triệu tấn đậu tương nhưng chậm tiến độ trong cam kết mua 17 tỷ USD hàng nông sản khác và việc giao đất hiếm bị trì hoãn. Hai bên đã nhất trí thiết lập đường dây nóng để thông báo các sự cố liên quan an toàn trí tuệ nhân tạo. Một số bản tin gọi thỏa thuận tạm ngừng này là ""Hiệp định Busan"" và cho biết quyết định nhằm duy trì khung hiện tại trong chuyến thăm của Tập Cận Bình và đầu năm 2027.","bộ trưởng tài chính hoa kỳ scott bessent cho biết hoa kỳ và trung quốc đã đồng ý gia hạn lệnh ngừng chiến thương mại thêm hai tháng, kéo dài đến ngày mười tháng một năm hai nghìn không trăm hai mươi bảy. thông báo được đưa ra sau các cuộc đàm phán giữa bessent và phó thủ tướng trung quốc hà lập phong tại new york ngày hai mươi tháng chín và tại washington ngày hai mươi ba tháng chín. quyết định được công bố ngay trước chuyến thăm của chủ tịch trung quốc tập cận bình tới hoa kỳ ngày hai mươi bốn tháng chín để tham dự hội nghị thượng đỉnh với tổng thống hoa kỳ donald trump. bessent nói việc gia hạn nhằm có thêm thời gian để đàm phán một thỏa thuận thương mại lớn hơn và hai bên đã thảo luận khả năng giảm thuế quan đối với khoảng ba mươi tỷ <en>u s d</en> hàng hóa không nhạy cảm. ông cũng nêu trung quốc đang đáp ứng cam kết mua hai mươi lăm triệu tấn đậu tương nhưng chậm tiến độ trong cam kết mua mười bảy tỷ <en>u s d</en> hàng nông sản khác và việc giao đất hiếm bị trì hoãn. hai bên đã nhất trí thiết lập đường dây nóng để thông báo các sự cố liên quan an toàn trí tuệ nhân tạo. một số bản tin gọi thỏa thuận tạm ngừng này là hiệp định busan và cho biết quyết định nhằm duy trì khung hiện tại trong chuyến thăm của tập cận bình và đầu năm hai nghìn không trăm hai mươi bảy.",,quyết định được công bố ngay trước chuyến thăm của chủ tịch trung quốc tập cận bình tới hoa kỳ ngày hai mươi bốn tháng chín để tham dự hội nghị thượng đỉnh với tổng thống hoa kỳ donald trump.,quyết định được công bố ngay trước chuyến thăm của chủ tịch trung quốc tập cận bình tới hoa kỳ ngày hai mươi bốn tháng chín để tham dự hội nghị thượng đỉnh với tổng thống hoa kỳ donald trump.,True,kwˈiɛɜt̪ ɗˈi6ɲ ɗˌyə6c kˈoŋ bˈoɜ ŋˈaj tʃˈyəɜc tʃwˈiɛɜn tˈam kˌuə4 tʃˈu4 t̪ˈi6c tʃˈuŋ kˈuəɜc t̪ˈə6p kˈə6n bˈi2ɲ t̪ˌəːɜj hwˈaː kˈi2 ŋˈa2j hˈaːj mˈyəj bˈoɜn tˈaːɜŋ tʃˈiɜn ɗˌe4 tˈaːm zˈy6 hˈo6j ŋˈi6 tˈyə6ŋ ɗˈi4ɲ vˌəːɜj t̪ˈo4ŋ tˈoɜŋ hwˈaː kˈi2 dˈɑːnəld tɹˈʌmp.,kwˈiɛɜt̪ ɗˈi6ɲ ɗˌyə6c kˈoŋ bˈoɜ ŋˈaj tʃˈyəɜc tʃwˈiɛɜn tˈam kˌuə4 tʃˈu4 t̪ˈi6c tʃˈuŋ kˈuəɜc t̪ˈə6p kˈə6n bˈi2ɲ t̪ˌəːɜj hwˈaː kˈi2 ŋˈa2j hˈaːj mˈyəj bˈoɜn tˈaːɜŋ tʃˈiɜn ɗˌe4 tˈaːm zˈy6 hˈo6j ŋˈi6 tˈyə6ŋ ɗˈi4ɲ vˌəːɜj t̪ˈo4ŋ tˈoɜŋ hwˈaː kˈi2 dˈɑːnəld tɹˈʌmp.,sentence,40F0AEAE73021A4C6447FDD39D345638AFA6AB0FE55D4F596E69E3D5E8B5F163
danhgia_tts.txt,danhgia_tts-015,Văn bản 15,danhgia_tts-015-c004,4,"Bộ trưởng Tài chính Hoa Kỳ Scott Bessent cho biết Hoa Kỳ và Trung Quốc đã đồng ý gia hạn lệnh ngừng chiến thương mại thêm hai tháng, kéo dài đến ngày 10 tháng 1 năm 2027. Thông báo được đưa ra sau các cuộc đàm phán giữa Bessent và Phó thủ tướng Trung Quốc Hà Lập Phong tại New York ngày 20 tháng 9 và tại Washington ngày 23 tháng 9. Quyết định được công bố ngay trước chuyến thăm của Chủ tịch Trung Quốc Tập Cận Bình tới Hoa Kỳ ngày 24 tháng 9 để tham dự hội nghị thượng đỉnh với Tổng thống Hoa Kỳ Donald Trump. Bessent nói việc gia hạn nhằm có thêm thời gian để đàm phán một thỏa thuận thương mại lớn hơn và hai bên đã thảo luận khả năng giảm thuế quan đối với khoảng 30 tỷ USD hàng hóa không nhạy cảm. Ông cũng nêu Trung Quốc đang đáp ứng cam kết mua 25 triệu tấn đậu tương nhưng chậm tiến độ trong cam kết mua 17 tỷ USD hàng nông sản khác và việc giao đất hiếm bị trì hoãn. Hai bên đã nhất trí thiết lập đường dây nóng để thông báo các sự cố liên quan an toàn trí tuệ nhân tạo. Một số bản tin gọi thỏa thuận tạm ngừng này là ""Hiệp định Busan"" và cho biết quyết định nhằm duy trì khung hiện tại trong chuyến thăm của Tập Cận Bình và đầu năm 2027.","bộ trưởng tài chính hoa kỳ scott bessent cho biết hoa kỳ và trung quốc đã đồng ý gia hạn lệnh ngừng chiến thương mại thêm hai tháng, kéo dài đến ngày mười tháng một năm hai nghìn không trăm hai mươi bảy. thông báo được đưa ra sau các cuộc đàm phán giữa bessent và phó thủ tướng trung quốc hà lập phong tại new york ngày hai mươi tháng chín và tại washington ngày hai mươi ba tháng chín. quyết định được công bố ngay trước chuyến thăm của chủ tịch trung quốc tập cận bình tới hoa kỳ ngày hai mươi bốn tháng chín để tham dự hội nghị thượng đỉnh với tổng thống hoa kỳ donald trump. bessent nói việc gia hạn nhằm có thêm thời gian để đàm phán một thỏa thuận thương mại lớn hơn và hai bên đã thảo luận khả năng giảm thuế quan đối với khoảng ba mươi tỷ <en>u s d</en> hàng hóa không nhạy cảm. ông cũng nêu trung quốc đang đáp ứng cam kết mua hai mươi lăm triệu tấn đậu tương nhưng chậm tiến độ trong cam kết mua mười bảy tỷ <en>u s d</en> hàng nông sản khác và việc giao đất hiếm bị trì hoãn. hai bên đã nhất trí thiết lập đường dây nóng để thông báo các sự cố liên quan an toàn trí tuệ nhân tạo. một số bản tin gọi thỏa thuận tạm ngừng này là hiệp định busan và cho biết quyết định nhằm duy trì khung hiện tại trong chuyến thăm của tập cận bình và đầu năm hai nghìn không trăm hai mươi bảy.",,bessent nói việc gia hạn nhằm có thêm thời gian để đàm phán một thỏa thuận thương mại lớn hơn và hai bên đã thảo luận khả năng giảm thuế quan đối với khoảng ba mươi tỷ <en>u s d</en> hàng hóa không nhạy cảm.,bessent nói việc gia hạn nhằm có thêm thời gian để đàm phán một thỏa thuận thương mại lớn hơn và hai bên đã thảo luận khả năng giảm thuế quan đối với khoảng ba mươi tỷ <en>u s d</en> hàng hóa không nhạy cảm.,True,bˈɛs sˈɛnt nˈɔɜj vˈiɛ6c zˈaː hˈaː6n ɲˈa2m kˈɔɜ tˈem tˈəː2j zˈaːn ɗˌe4 ɗˈaː2m fˈaːɜn mˈo6t̪ twˈaː4 twˈə6n tˈyəŋ mˈaː6j lˈəːɜn hˈəːn vˌaː2 hˈaːj bˈen ɗˌaː5 tˈaː4w lwˈə6n xˈaː4 nˈaŋ zˈaː4m twˈeɜ kwˈaːn ɗˈoɜj vˌəːɜj xwˌaː4ŋ bˈaː mˈyəj t̪ˈi4 jˈuː ˈɛs dˈiː hˈaː2ŋ hwˈaːɜ xˌoŋ ɲˈa6j kˈaː4m.,bˈɛs sˈɛnt nˈɔɜj vˈiɛ6c zˈaː hˈaː6n ɲˈa2m kˈɔɜ tˈem tˈəː2j zˈaːn ɗˌe4 ɗˈaː2m fˈaːɜn mˈo6t̪ twˈaː4 twˈə6n tˈyəŋ mˈaː6j lˈəːɜn hˈəːn vˌaː2 hˈaːj bˈen ɗˌaː5 tˈaː4w lwˈə6n xˈaː4 nˈaŋ zˈaː4m twˈeɜ kwˈaːn ɗˈoɜj vˌəːɜj xwˌaː4ŋ bˈaː mˈyəj t̪ˈi4 jˈuː ˈɛs dˈiː hˈaː2ŋ hwˈaːɜ xˌoŋ ɲˈa6j kˈaː4m.,sentence,40F0AEAE73021A4C6447FDD39D345638AFA6AB0FE55D4F596E69E3D5E8B5F163
danhgia_tts.txt,danhgia_tts-015,Văn bản 15,danhgia_tts-015-c005,5,"Bộ trưởng Tài chính Hoa Kỳ Scott Bessent cho biết Hoa Kỳ và Trung Quốc đã đồng ý gia hạn lệnh ngừng chiến thương mại thêm hai tháng, kéo dài đến ngày 10 tháng 1 năm 2027. Thông báo được đưa ra sau các cuộc đàm phán giữa Bessent và Phó thủ tướng Trung Quốc Hà Lập Phong tại New York ngày 20 tháng 9 và tại Washington ngày 23 tháng 9. Quyết định được công bố ngay trước chuyến thăm của Chủ tịch Trung Quốc Tập Cận Bình tới Hoa Kỳ ngày 24 tháng 9 để tham dự hội nghị thượng đỉnh với Tổng thống Hoa Kỳ Donald Trump. Bessent nói việc gia hạn nhằm có thêm thời gian để đàm phán một thỏa thuận thương mại lớn hơn và hai bên đã thảo luận khả năng giảm thuế quan đối với khoảng 30 tỷ USD hàng hóa không nhạy cảm. Ông cũng nêu Trung Quốc đang đáp ứng cam kết mua 25 triệu tấn đậu tương nhưng chậm tiến độ trong cam kết mua 17 tỷ USD hàng nông sản khác và việc giao đất hiếm bị trì hoãn. Hai bên đã nhất trí thiết lập đường dây nóng để thông báo các sự cố liên quan an toàn trí tuệ nhân tạo. Một số bản tin gọi thỏa thuận tạm ngừng này là ""Hiệp định Busan"" và cho biết quyết định nhằm duy trì khung hiện tại trong chuyến thăm của Tập Cận Bình và đầu năm 2027.","bộ trưởng tài chính hoa kỳ scott bessent cho biết hoa kỳ và trung quốc đã đồng ý gia hạn lệnh ngừng chiến thương mại thêm hai tháng, kéo dài đến ngày mười tháng một năm hai nghìn không trăm hai mươi bảy. thông báo được đưa ra sau các cuộc đàm phán giữa bessent và phó thủ tướng trung quốc hà lập phong tại new york ngày hai mươi tháng chín và tại washington ngày hai mươi ba tháng chín. quyết định được công bố ngay trước chuyến thăm của chủ tịch trung quốc tập cận bình tới hoa kỳ ngày hai mươi bốn tháng chín để tham dự hội nghị thượng đỉnh với tổng thống hoa kỳ donald trump. bessent nói việc gia hạn nhằm có thêm thời gian để đàm phán một thỏa thuận thương mại lớn hơn và hai bên đã thảo luận khả năng giảm thuế quan đối với khoảng ba mươi tỷ <en>u s d</en> hàng hóa không nhạy cảm. ông cũng nêu trung quốc đang đáp ứng cam kết mua hai mươi lăm triệu tấn đậu tương nhưng chậm tiến độ trong cam kết mua mười bảy tỷ <en>u s d</en> hàng nông sản khác và việc giao đất hiếm bị trì hoãn. hai bên đã nhất trí thiết lập đường dây nóng để thông báo các sự cố liên quan an toàn trí tuệ nhân tạo. một số bản tin gọi thỏa thuận tạm ngừng này là hiệp định busan và cho biết quyết định nhằm duy trì khung hiện tại trong chuyến thăm của tập cận bình và đầu năm hai nghìn không trăm hai mươi bảy.",,ông cũng nêu trung quốc đang đáp ứng cam kết mua hai mươi lăm triệu tấn đậu tương nhưng chậm tiến độ trong cam kết mua mười bảy tỷ <en>u s d</en> hàng nông sản khác và việc giao đất hiếm bị trì hoãn.,ông cũng nêu trung quốc đang đáp ứng cam kết mua hai mươi lăm triệu tấn đậu tương nhưng chậm tiến độ trong cam kết mua mười bảy tỷ <en>u s d</en> hàng nông sản khác và việc giao đất hiếm bị trì hoãn.,True,ˈoŋ kˈu5ŋ nˈe1w tʃˈuŋ kˈuəɜc ɗˌaːŋ ɗˈaːɜp ˈyɜŋ kˈaːm kˈeɜt̪ mˈuə hˈaːj mˈyəj lˈam tʃˈiɛ6w t̪ˈəɜn ɗˈə6w t̪ˈyəŋ ɲˌyŋ tʃˈə6m t̪ˈiɛɜn ɗˈo6 tʃˈɔŋ kˈaːm kˈeɜt̪ mˈuə mˈyə2j bˈa4j t̪ˈi4 jˈuː ˈɛs dˈiː hˈaː2ŋ nˈoŋ sˈaː4n xˈaːɜc vˌaː2 vˈiɛ6c zˈaːw ɗˈəɜt̪ hˈiɛɜm bˌi6 tʃˈi2 hwˈaː5n.,ˈoŋ kˈu5ŋ nˈe1w tʃˈuŋ kˈuəɜc ɗˌaːŋ ɗˈaːɜp ˈyɜŋ kˈaːm kˈeɜt̪ mˈuə hˈaːj mˈyəj lˈam tʃˈiɛ6w t̪ˈəɜn ɗˈə6w t̪ˈyəŋ ɲˌyŋ tʃˈə6m t̪ˈiɛɜn ɗˈo6 tʃˈɔŋ kˈaːm kˈeɜt̪ mˈuə mˈyə2j bˈa4j t̪ˈi4 jˈuː ˈɛs dˈiː hˈaː2ŋ nˈoŋ sˈaː4n xˈaːɜc vˌaː2 vˈiɛ6c zˈaːw ɗˈəɜt̪ hˈiɛɜm bˌi6 tʃˈi2 hwˈaː5n.,sentence,40F0AEAE73021A4C6447FDD39D345638AFA6AB0FE55D4F596E69E3D5E8B5F163
danhgia_tts.txt,danhgia_tts-015,Văn bản 15,danhgia_tts-015-c006,6,"Bộ trưởng Tài chính Hoa Kỳ Scott Bessent cho biết Hoa Kỳ và Trung Quốc đã đồng ý gia hạn lệnh ngừng chiến thương mại thêm hai tháng, kéo dài đến ngày 10 tháng 1 năm 2027. Thông báo được đưa ra sau các cuộc đàm phán giữa Bessent và Phó thủ tướng Trung Quốc Hà Lập Phong tại New York ngày 20 tháng 9 và tại Washington ngày 23 tháng 9. Quyết định được công bố ngay trước chuyến thăm của Chủ tịch Trung Quốc Tập Cận Bình tới Hoa Kỳ ngày 24 tháng 9 để tham dự hội nghị thượng đỉnh với Tổng thống Hoa Kỳ Donald Trump. Bessent nói việc gia hạn nhằm có thêm thời gian để đàm phán một thỏa thuận thương mại lớn hơn và hai bên đã thảo luận khả năng giảm thuế quan đối với khoảng 30 tỷ USD hàng hóa không nhạy cảm. Ông cũng nêu Trung Quốc đang đáp ứng cam kết mua 25 triệu tấn đậu tương nhưng chậm tiến độ trong cam kết mua 17 tỷ USD hàng nông sản khác và việc giao đất hiếm bị trì hoãn. Hai bên đã nhất trí thiết lập đường dây nóng để thông báo các sự cố liên quan an toàn trí tuệ nhân tạo. Một số bản tin gọi thỏa thuận tạm ngừng này là ""Hiệp định Busan"" và cho biết quyết định nhằm duy trì khung hiện tại trong chuyến thăm của Tập Cận Bình và đầu năm 2027.","bộ trưởng tài chính hoa kỳ scott bessent cho biết hoa kỳ và trung quốc đã đồng ý gia hạn lệnh ngừng chiến thương mại thêm hai tháng, kéo dài đến ngày mười tháng một năm hai nghìn không trăm hai mươi bảy. thông báo được đưa ra sau các cuộc đàm phán giữa bessent và phó thủ tướng trung quốc hà lập phong tại new york ngày hai mươi tháng chín và tại washington ngày hai mươi ba tháng chín. quyết định được công bố ngay trước chuyến thăm của chủ tịch trung quốc tập cận bình tới hoa kỳ ngày hai mươi bốn tháng chín để tham dự hội nghị thượng đỉnh với tổng thống hoa kỳ donald trump. bessent nói việc gia hạn nhằm có thêm thời gian để đàm phán một thỏa thuận thương mại lớn hơn và hai bên đã thảo luận khả năng giảm thuế quan đối với khoảng ba mươi tỷ <en>u s d</en> hàng hóa không nhạy cảm. ông cũng nêu trung quốc đang đáp ứng cam kết mua hai mươi lăm triệu tấn đậu tương nhưng chậm tiến độ trong cam kết mua mười bảy tỷ <en>u s d</en> hàng nông sản khác và việc giao đất hiếm bị trì hoãn. hai bên đã nhất trí thiết lập đường dây nóng để thông báo các sự cố liên quan an toàn trí tuệ nhân tạo. một số bản tin gọi thỏa thuận tạm ngừng này là hiệp định busan và cho biết quyết định nhằm duy trì khung hiện tại trong chuyến thăm của tập cận bình và đầu năm hai nghìn không trăm hai mươi bảy.",,hai bên đã nhất trí thiết lập đường dây nóng để thông báo các sự cố liên quan an toàn trí tuệ nhân tạo.,hai bên đã nhất trí thiết lập đường dây nóng để thông báo các sự cố liên quan an toàn trí tuệ nhân tạo.,True,hˈaːj bˈen ɗˌaː5 ɲˈəɜt̪ tʃˈiɜ tˈiɛɜt̪ lˈə6p ɗˈyə2ŋ zˈəɪ nˈɔɜŋ ɗˌe4 tˈoŋ bˈaːɜw kˌaːɜc sˈy6 kˈoɜ lˈiɛn kwˈaːn ˈaːn t̪wˈaː2n tʃˈiɜ t̪wˈe6 ɲˈən t̪ˈaː6w.,hˈaːj bˈen ɗˌaː5 ɲˈəɜt̪ tʃˈiɜ tˈiɛɜt̪ lˈə6p ɗˈyə2ŋ zˈəɪ nˈɔɜŋ ɗˌe4 tˈoŋ bˈaːɜw kˌaːɜc sˈy6 kˈoɜ lˈiɛn kwˈaːn ˈaːn t̪wˈaː2n tʃˈiɜ t̪wˈe6 ɲˈən t̪ˈaː6w.,sentence,40F0AEAE73021A4C6447FDD39D345638AFA6AB0FE55D4F596E69E3D5E8B5F163
danhgia_tts.txt,danhgia_tts-015,Văn bản 15,danhgia_tts-015-c007,7,"Bộ trưởng Tài chính Hoa Kỳ Scott Bessent cho biết Hoa Kỳ và Trung Quốc đã đồng ý gia hạn lệnh ngừng chiến thương mại thêm hai tháng, kéo dài đến ngày 10 tháng 1 năm 2027. Thông báo được đưa ra sau các cuộc đàm phán giữa Bessent và Phó thủ tướng Trung Quốc Hà Lập Phong tại New York ngày 20 tháng 9 và tại Washington ngày 23 tháng 9. Quyết định được công bố ngay trước chuyến thăm của Chủ tịch Trung Quốc Tập Cận Bình tới Hoa Kỳ ngày 24 tháng 9 để tham dự hội nghị thượng đỉnh với Tổng thống Hoa Kỳ Donald Trump. Bessent nói việc gia hạn nhằm có thêm thời gian để đàm phán một thỏa thuận thương mại lớn hơn và hai bên đã thảo luận khả năng giảm thuế quan đối với khoảng 30 tỷ USD hàng hóa không nhạy cảm. Ông cũng nêu Trung Quốc đang đáp ứng cam kết mua 25 triệu tấn đậu tương nhưng chậm tiến độ trong cam kết mua 17 tỷ USD hàng nông sản khác và việc giao đất hiếm bị trì hoãn. Hai bên đã nhất trí thiết lập đường dây nóng để thông báo các sự cố liên quan an toàn trí tuệ nhân tạo. Một số bản tin gọi thỏa thuận tạm ngừng này là ""Hiệp định Busan"" và cho biết quyết định nhằm duy trì khung hiện tại trong chuyến thăm của Tập Cận Bình và đầu năm 2027.","bộ trưởng tài chính hoa kỳ scott bessent cho biết hoa kỳ và trung quốc đã đồng ý gia hạn lệnh ngừng chiến thương mại thêm hai tháng, kéo dài đến ngày mười tháng một năm hai nghìn không trăm hai mươi bảy. thông báo được đưa ra sau các cuộc đàm phán giữa bessent và phó thủ tướng trung quốc hà lập phong tại new york ngày hai mươi tháng chín và tại washington ngày hai mươi ba tháng chín. quyết định được công bố ngay trước chuyến thăm của chủ tịch trung quốc tập cận bình tới hoa kỳ ngày hai mươi bốn tháng chín để tham dự hội nghị thượng đỉnh với tổng thống hoa kỳ donald trump. bessent nói việc gia hạn nhằm có thêm thời gian để đàm phán một thỏa thuận thương mại lớn hơn và hai bên đã thảo luận khả năng giảm thuế quan đối với khoảng ba mươi tỷ <en>u s d</en> hàng hóa không nhạy cảm. ông cũng nêu trung quốc đang đáp ứng cam kết mua hai mươi lăm triệu tấn đậu tương nhưng chậm tiến độ trong cam kết mua mười bảy tỷ <en>u s d</en> hàng nông sản khác và việc giao đất hiếm bị trì hoãn. hai bên đã nhất trí thiết lập đường dây nóng để thông báo các sự cố liên quan an toàn trí tuệ nhân tạo. một số bản tin gọi thỏa thuận tạm ngừng này là hiệp định busan và cho biết quyết định nhằm duy trì khung hiện tại trong chuyến thăm của tập cận bình và đầu năm hai nghìn không trăm hai mươi bảy.",,một số bản tin gọi thỏa thuận tạm ngừng này là hiệp định busan và cho biết quyết định nhằm duy trì khung hiện tại trong chuyến thăm của tập cận bình và đầu năm hai nghìn không trăm hai mươi bảy.,một số bản tin gọi thỏa thuận tạm ngừng này là hiệp định busan và cho biết quyết định nhằm duy trì khung hiện tại trong chuyến thăm của tập cận bình và đầu năm hai nghìn không trăm hai mươi bảy.,True,mˈo6t̪ sˈoɜ bˈaː4n t̪ˈin ɣˈɔ6j twˈaː4 twˈə6n t̪ˈaː6m ŋˈy2ŋ nˈa2j lˌaː2 hˈiɛ6p ɗˈi6ɲ bjˈuːsən vˌaː2 tʃˌɔ bˈiɛɜt̪ kwˈiɛɜt̪ ɗˈi6ɲ ɲˈa2m zwˈi tʃˈi2 xˈuŋ hˈiɛ6n t̪ˈaː6j tʃˈɔŋ tʃwˈiɛɜn tˈam kˌuə4 t̪ˈə6p kˈə6n bˈi2ɲ vˌaː2 ɗˈə2w nˈam hˈaːj ŋˈi2n xˌoŋ tʃˈam hˈaːj mˈyəj bˈa4j.,mˈo6t̪ sˈoɜ bˈaː4n t̪ˈin ɣˈɔ6j twˈaː4 twˈə6n t̪ˈaː6m ŋˈy2ŋ nˈa2j lˌaː2 hˈiɛ6p ɗˈi6ɲ bjˈuːsən vˌaː2 tʃˌɔ bˈiɛɜt̪ kwˈiɛɜt̪ ɗˈi6ɲ ɲˈa2m zwˈi tʃˈi2 xˈuŋ hˈiɛ6n t̪ˈaː6j tʃˈɔŋ tʃwˈiɛɜn tˈam kˌuə4 t̪ˈə6p kˈə6n bˈi2ɲ vˌaː2 ɗˈə2w nˈam hˈaːj ŋˈi2n xˌoŋ tʃˈam hˈaːj mˈyəj bˈa4j.,,40F0AEAE73021A4C6447FDD39D345638AFA6AB0FE55D4F596E69E3D5E8B5F163
danhgia_tts.txt,danhgia_tts-016,Văn bản 16,danhgia_tts-016-c001,1,"Ngày 23 tháng 9 năm 2026 tại Đại hội đồng Liên Hợp Quốc ở New York, Tổng thống Ukraine Volodymyr Zelenskyy kêu gọi các nhà lãnh đạo thế giới tiếp tục siết chặt các biện pháp trừng phạt kinh tế nhằm vào Nga và ngăn chặn nguồn thu tài trợ cho chiến tranh. Ông gọi Tổng thống Nga Vladimir Putin là ""bệnh nhân số không"" và cáo buộc Moscow sử dụng công dân của 47 nước làm binh sĩ thứ ba, nêu ví dụ về công dân từ Ghana, Nepal và Ấn Độ. Zelenskyy cho biết hai binh sĩ Triều Tiên đã bị bắt và được chuyển sang Hàn Quốc, đồng thời cảnh báo về quan hệ quốc phòng ngày càng tăng giữa Nga và Triều Tiên. Ông công bố các thỏa thuận công nghệ máy bay không người lái với Phần Lan, thỏa thuận an ninh với Australia và đang chuẩn bị với Canada, đồng thời cảnh báo lực lượng Ukraine có thể nhắm vào cơ sở năng lượng và sưởi ấm của Nga trong mùa đông này. Zelenskyy nêu rằng trong tám tháng qua Nga đã mất khoảng 248.000 binh sĩ và chiếm hơn 1.000 km² lãnh thổ Ukraine, và cho biết Ukraine vừa thực hiện cuộc tấn công sâu nhất vào lãnh thổ Nga, nhắm vào hai cơ sở ngưng tụ khí ở vùng cực hơn 3.000 km từ biên giới. Bài phát biểu được đưa ra trong bối cảnh các cuộc không kích của Nga gây thương vong ở Ukraine và Ngoại trưởng Nga Sergey Lavrov nói với Hội đồng Bảo an rằng Moscow sẵn sàng đàm phán nhưng sẽ không tạm dừng chiến tranh. Một số bản tin cũng đề cập tới các biện pháp trừng phạt của Hoa Kỳ do Tổng thống Donald Trump ký và thông tin về khả năng đàm phán ngừng bắn hạn chế từ phía Nga và Mỹ.","ngày hai mươi ba tháng chín năm hai nghìn không trăm hai mươi sáu tại đại hội đồng liên hợp quốc ở new york, tổng thống ukraine volodymyr zelenskyy kêu gọi các nhà lãnh đạo thế giới tiếp tục siết chặt các biện pháp trừng phạt kinh tế nhằm vào nga và ngăn chặn nguồn thu tài trợ cho chiến tranh. ông gọi tổng thống nga vladimir putin là bệnh nhân số không và cáo buộc moscow sử dụng công dân của bốn mươi bảy nước làm binh sĩ thứ ba, nêu ví dụ về công dân từ ghana, nepal và ấn độ. zelenskyy cho biết hai binh sĩ triều tiên đã bị bắt và được chuyển sang hàn quốc, đồng thời cảnh báo về quan hệ quốc phòng ngày càng tăng giữa nga và triều tiên. ông công bố các thỏa thuận công nghệ máy bay không người lái với phần lan, thỏa thuận an ninh với australia và đang chuẩn bị với canada, đồng thời cảnh báo lực lượng ukraine có thể nhắm vào cơ sở năng lượng và sưởi ấm của nga trong mùa đông này. zelenskyy nêu rằng trong tám tháng qua nga đã mất khoảng hai trăm bốn mươi tám nghìn binh sĩ và chiếm hơn một nghìn ki lô mét vuông lãnh thổ ukraine, và cho biết ukraine vừa thực hiện cuộc tấn công sâu nhất vào lãnh thổ nga, nhắm vào hai cơ sở ngưng tụ khí ở vùng cực hơn ba nghìn ki lô mét từ biên giới. bài phát biểu được đưa ra trong bối cảnh các cuộc không kích của nga gây thương vong ở ukraine và ngoại trưởng nga sergey lavrov nói với hội đồng bảo an rằng moscow sẵn sàng đàm phán nhưng sẽ không tạm dừng chiến tranh. một số bản tin cũng đề cập tới các biện pháp trừng phạt của hoa kỳ do tổng thống donald trump ký và thông tin về khả năng đàm phán ngừng bắn hạn chế từ phía nga và mỹ.",,"ngày hai mươi ba tháng chín năm hai nghìn không trăm hai mươi sáu tại đại hội đồng liên hợp quốc ở new york,",ngày hai mươi ba tháng chín năm hai nghìn không trăm hai mươi sáu tại đại hội đồng liên hợp quốc ở new york.,False,ŋˈa2j hˈaːj mˈyəj bˈaː tˈaːɜŋ tʃˈiɜn nˈam hˈaːj ŋˈi2n xˌoŋ tʃˈam hˈaːj mˈyəj sˈaɜw t̪ˈaː6j ɗˈaː6j hˈo6j ɗˈo2ŋ lˈiɛn hˈəː6p kˈuəɜc ˈəː4 nˈuː jˈɔːɹk.,"ŋˈa2j hˈaːj mˈyəj bˈaː tˈaːɜŋ tʃˈiɜn nˈam hˈaːj ŋˈi2n xˌoŋ tʃˈam hˈaːj mˈyəj sˈaɜw t̪ˈaː6j ɗˈaː6j hˈo6j ɗˈo2ŋ lˈiɛn hˈəː6p kˈuəɜc ˈəː4 nˈuː jˈɔːɹk,",minor,40F0AEAE73021A4C6447FDD39D345638AFA6AB0FE55D4F596E69E3D5E8B5F163
danhgia_tts.txt,danhgia_tts-016,Văn bản 16,danhgia_tts-016-c002,2,"Ngày 23 tháng 9 năm 2026 tại Đại hội đồng Liên Hợp Quốc ở New York, Tổng thống Ukraine Volodymyr Zelenskyy kêu gọi các nhà lãnh đạo thế giới tiếp tục siết chặt các biện pháp trừng phạt kinh tế nhằm vào Nga và ngăn chặn nguồn thu tài trợ cho chiến tranh. Ông gọi Tổng thống Nga Vladimir Putin là ""bệnh nhân số không"" và cáo buộc Moscow sử dụng công dân của 47 nước làm binh sĩ thứ ba, nêu ví dụ về công dân từ Ghana, Nepal và Ấn Độ. Zelenskyy cho biết hai binh sĩ Triều Tiên đã bị bắt và được chuyển sang Hàn Quốc, đồng thời cảnh báo về quan hệ quốc phòng ngày càng tăng giữa Nga và Triều Tiên. Ông công bố các thỏa thuận công nghệ máy bay không người lái với Phần Lan, thỏa thuận an ninh với Australia và đang chuẩn bị với Canada, đồng thời cảnh báo lực lượng Ukraine có thể nhắm vào cơ sở năng lượng và sưởi ấm của Nga trong mùa đông này. Zelenskyy nêu rằng trong tám tháng qua Nga đã mất khoảng 248.000 binh sĩ và chiếm hơn 1.000 km² lãnh thổ Ukraine, và cho biết Ukraine vừa thực hiện cuộc tấn công sâu nhất vào lãnh thổ Nga, nhắm vào hai cơ sở ngưng tụ khí ở vùng cực hơn 3.000 km từ biên giới. Bài phát biểu được đưa ra trong bối cảnh các cuộc không kích của Nga gây thương vong ở Ukraine và Ngoại trưởng Nga Sergey Lavrov nói với Hội đồng Bảo an rằng Moscow sẵn sàng đàm phán nhưng sẽ không tạm dừng chiến tranh. Một số bản tin cũng đề cập tới các biện pháp trừng phạt của Hoa Kỳ do Tổng thống Donald Trump ký và thông tin về khả năng đàm phán ngừng bắn hạn chế từ phía Nga và Mỹ.","ngày hai mươi ba tháng chín năm hai nghìn không trăm hai mươi sáu tại đại hội đồng liên hợp quốc ở new york, tổng thống ukraine volodymyr zelenskyy kêu gọi các nhà lãnh đạo thế giới tiếp tục siết chặt các biện pháp trừng phạt kinh tế nhằm vào nga và ngăn chặn nguồn thu tài trợ cho chiến tranh. ông gọi tổng thống nga vladimir putin là bệnh nhân số không và cáo buộc moscow sử dụng công dân của bốn mươi bảy nước làm binh sĩ thứ ba, nêu ví dụ về công dân từ ghana, nepal và ấn độ. zelenskyy cho biết hai binh sĩ triều tiên đã bị bắt và được chuyển sang hàn quốc, đồng thời cảnh báo về quan hệ quốc phòng ngày càng tăng giữa nga và triều tiên. ông công bố các thỏa thuận công nghệ máy bay không người lái với phần lan, thỏa thuận an ninh với australia và đang chuẩn bị với canada, đồng thời cảnh báo lực lượng ukraine có thể nhắm vào cơ sở năng lượng và sưởi ấm của nga trong mùa đông này. zelenskyy nêu rằng trong tám tháng qua nga đã mất khoảng hai trăm bốn mươi tám nghìn binh sĩ và chiếm hơn một nghìn ki lô mét vuông lãnh thổ ukraine, và cho biết ukraine vừa thực hiện cuộc tấn công sâu nhất vào lãnh thổ nga, nhắm vào hai cơ sở ngưng tụ khí ở vùng cực hơn ba nghìn ki lô mét từ biên giới. bài phát biểu được đưa ra trong bối cảnh các cuộc không kích của nga gây thương vong ở ukraine và ngoại trưởng nga sergey lavrov nói với hội đồng bảo an rằng moscow sẵn sàng đàm phán nhưng sẽ không tạm dừng chiến tranh. một số bản tin cũng đề cập tới các biện pháp trừng phạt của hoa kỳ do tổng thống donald trump ký và thông tin về khả năng đàm phán ngừng bắn hạn chế từ phía nga và mỹ.",,tổng thống ukraine volodymyr zelenskyy kêu gọi các nhà lãnh đạo thế giới tiếp tục siết chặt các biện pháp trừng phạt kinh tế nhằm vào nga và ngăn chặn nguồn thu tài trợ cho chiến tranh.,tổng thống ukraine volodymyr zelenskyy kêu gọi các nhà lãnh đạo thế giới tiếp tục siết chặt các biện pháp trừng phạt kinh tế nhằm vào nga và ngăn chặn nguồn thu tài trợ cho chiến tranh.,True,t̪ˈo4ŋ tˈoɜŋ juːkɹˈeɪn vˈɑːlədˌɪmɚ zˈɛlənskɪi kˈe1w ɣˈɔ6j kˌaːɜc ɲˈaː2 lˈe-5ɲ ɗˈaː6w tˈeɜ zˈəːɜj t̪ˈiɛɜp t̪ˈu6c sˈiɛɜt̪ tʃˈa6t̪ kˌaːɜc bˈiɛ6n fˈaːɜp tʃˈy2ŋ fˈaː6t̪ kˈiɲ t̪ˈeɜ ɲˈa2m vˈaː2w ŋˈaː vˌaː2 ŋˈan tʃˈa6n ŋˈuə2n tˈu t̪ˈaː2j tʃˈəː6 tʃˌɔ tʃˈiɛɜn tʃˈe-ɲ.,t̪ˈo4ŋ tˈoɜŋ juːkɹˈeɪn vˈɑːlədˌɪmɚ zˈɛlənskɪi kˈe1w ɣˈɔ6j kˌaːɜc ɲˈaː2 lˈe-5ɲ ɗˈaː6w tˈeɜ zˈəːɜj t̪ˈiɛɜp t̪ˈu6c sˈiɛɜt̪ tʃˈa6t̪ kˌaːɜc bˈiɛ6n fˈaːɜp tʃˈy2ŋ fˈaː6t̪ kˈiɲ t̪ˈeɜ ɲˈa2m vˈaː2w ŋˈaː vˌaː2 ŋˈan tʃˈa6n ŋˈuə2n tˈu t̪ˈaː2j tʃˈəː6 tʃˌɔ tʃˈiɛɜn tʃˈe-ɲ.,sentence,40F0AEAE73021A4C6447FDD39D345638AFA6AB0FE55D4F596E69E3D5E8B5F163
danhgia_tts.txt,danhgia_tts-016,Văn bản 16,danhgia_tts-016-c003,3,"Ngày 23 tháng 9 năm 2026 tại Đại hội đồng Liên Hợp Quốc ở New York, Tổng thống Ukraine Volodymyr Zelenskyy kêu gọi các nhà lãnh đạo thế giới tiếp tục siết chặt các biện pháp trừng phạt kinh tế nhằm vào Nga và ngăn chặn nguồn thu tài trợ cho chiến tranh. Ông gọi Tổng thống Nga Vladimir Putin là ""bệnh nhân số không"" và cáo buộc Moscow sử dụng công dân của 47 nước làm binh sĩ thứ ba, nêu ví dụ về công dân từ Ghana, Nepal và Ấn Độ. Zelenskyy cho biết hai binh sĩ Triều Tiên đã bị bắt và được chuyển sang Hàn Quốc, đồng thời cảnh báo về quan hệ quốc phòng ngày càng tăng giữa Nga và Triều Tiên. Ông công bố các thỏa thuận công nghệ máy bay không người lái với Phần Lan, thỏa thuận an ninh với Australia và đang chuẩn bị với Canada, đồng thời cảnh báo lực lượng Ukraine có thể nhắm vào cơ sở năng lượng và sưởi ấm của Nga trong mùa đông này. Zelenskyy nêu rằng trong tám tháng qua Nga đã mất khoảng 248.000 binh sĩ và chiếm hơn 1.000 km² lãnh thổ Ukraine, và cho biết Ukraine vừa thực hiện cuộc tấn công sâu nhất vào lãnh thổ Nga, nhắm vào hai cơ sở ngưng tụ khí ở vùng cực hơn 3.000 km từ biên giới. Bài phát biểu được đưa ra trong bối cảnh các cuộc không kích của Nga gây thương vong ở Ukraine và Ngoại trưởng Nga Sergey Lavrov nói với Hội đồng Bảo an rằng Moscow sẵn sàng đàm phán nhưng sẽ không tạm dừng chiến tranh. Một số bản tin cũng đề cập tới các biện pháp trừng phạt của Hoa Kỳ do Tổng thống Donald Trump ký và thông tin về khả năng đàm phán ngừng bắn hạn chế từ phía Nga và Mỹ.","ngày hai mươi ba tháng chín năm hai nghìn không trăm hai mươi sáu tại đại hội đồng liên hợp quốc ở new york, tổng thống ukraine volodymyr zelenskyy kêu gọi các nhà lãnh đạo thế giới tiếp tục siết chặt các biện pháp trừng phạt kinh tế nhằm vào nga và ngăn chặn nguồn thu tài trợ cho chiến tranh. ông gọi tổng thống nga vladimir putin là bệnh nhân số không và cáo buộc moscow sử dụng công dân của bốn mươi bảy nước làm binh sĩ thứ ba, nêu ví dụ về công dân từ ghana, nepal và ấn độ. zelenskyy cho biết hai binh sĩ triều tiên đã bị bắt và được chuyển sang hàn quốc, đồng thời cảnh báo về quan hệ quốc phòng ngày càng tăng giữa nga và triều tiên. ông công bố các thỏa thuận công nghệ máy bay không người lái với phần lan, thỏa thuận an ninh với australia và đang chuẩn bị với canada, đồng thời cảnh báo lực lượng ukraine có thể nhắm vào cơ sở năng lượng và sưởi ấm của nga trong mùa đông này. zelenskyy nêu rằng trong tám tháng qua nga đã mất khoảng hai trăm bốn mươi tám nghìn binh sĩ và chiếm hơn một nghìn ki lô mét vuông lãnh thổ ukraine, và cho biết ukraine vừa thực hiện cuộc tấn công sâu nhất vào lãnh thổ nga, nhắm vào hai cơ sở ngưng tụ khí ở vùng cực hơn ba nghìn ki lô mét từ biên giới. bài phát biểu được đưa ra trong bối cảnh các cuộc không kích của nga gây thương vong ở ukraine và ngoại trưởng nga sergey lavrov nói với hội đồng bảo an rằng moscow sẵn sàng đàm phán nhưng sẽ không tạm dừng chiến tranh. một số bản tin cũng đề cập tới các biện pháp trừng phạt của hoa kỳ do tổng thống donald trump ký và thông tin về khả năng đàm phán ngừng bắn hạn chế từ phía nga và mỹ.",,"ông gọi tổng thống nga vladimir putin là bệnh nhân số không và cáo buộc moscow sử dụng công dân của bốn mươi bảy nước làm binh sĩ thứ ba, nêu ví dụ về công dân từ ghana, nepal và ấn độ.","ông gọi tổng thống nga vladimir putin là bệnh nhân số không và cáo buộc moscow sử dụng công dân của bốn mươi bảy nước làm binh sĩ thứ ba, nêu ví dụ về công dân từ ghana, nepal và ấn độ.",True,"ˈoŋ ɣˈɔ6j t̪ˈo4ŋ tˈoɜŋ ŋˈaː vlˈædɪmˌɪɹ pjˈuːtɪn lˌaː2 bˈe6ɲ ɲˈən sˈoɜ xˌoŋ vˌaː2 kˈaːɜw bˈuə6c mˈɑːskoʊ sˈy4 zˈu6ŋ kˈoŋ zˈən kˌuə4 bˈoɜn mˈyəj bˈa4j nˈyəɜc lˈaː2m bˈiɲ sˈi5 tˈyɜ bˈaː, nˈe1w vˈiɜ zˈu6 vˈe2 kˈoŋ zˈən t̪ˌy2 ɡˈɑːnə, nɛpˈɔːl vˌaː2 ˈəɜn ɗˈo6.","ˈoŋ ɣˈɔ6j t̪ˈo4ŋ tˈoɜŋ ŋˈaː vlˈædɪmˌɪɹ pjˈuːtɪn lˌaː2 bˈe6ɲ ɲˈən sˈoɜ xˌoŋ vˌaː2 kˈaːɜw bˈuə6c mˈɑːskoʊ sˈy4 zˈu6ŋ kˈoŋ zˈən kˌuə4 bˈoɜn mˈyəj bˈa4j nˈyəɜc lˈaː2m bˈiɲ sˈi5 tˈyɜ bˈaː, nˈe1w vˈiɜ zˈu6 vˈe2 kˈoŋ zˈən t̪ˌy2 ɡˈɑːnə, nɛpˈɔːl vˌaː2 ˈəɜn ɗˈo6.",sentence,40F0AEAE73021A4C6447FDD39D345638AFA6AB0FE55D4F596E69E3D5E8B5F163
danhgia_tts.txt,danhgia_tts-016,Văn bản 16,danhgia_tts-016-c004,4,"Ngày 23 tháng 9 năm 2026 tại Đại hội đồng Liên Hợp Quốc ở New York, Tổng thống Ukraine Volodymyr Zelenskyy kêu gọi các nhà lãnh đạo thế giới tiếp tục siết chặt các biện pháp trừng phạt kinh tế nhằm vào Nga và ngăn chặn nguồn thu tài trợ cho chiến tranh. Ông gọi Tổng thống Nga Vladimir Putin là ""bệnh nhân số không"" và cáo buộc Moscow sử dụng công dân của 47 nước làm binh sĩ thứ ba, nêu ví dụ về công dân từ Ghana, Nepal và Ấn Độ. Zelenskyy cho biết hai binh sĩ Triều Tiên đã bị bắt và được chuyển sang Hàn Quốc, đồng thời cảnh báo về quan hệ quốc phòng ngày càng tăng giữa Nga và Triều Tiên. Ông công bố các thỏa thuận công nghệ máy bay không người lái với Phần Lan, thỏa thuận an ninh với Australia và đang chuẩn bị với Canada, đồng thời cảnh báo lực lượng Ukraine có thể nhắm vào cơ sở năng lượng và sưởi ấm của Nga trong mùa đông này. Zelenskyy nêu rằng trong tám tháng qua Nga đã mất khoảng 248.000 binh sĩ và chiếm hơn 1.000 km² lãnh thổ Ukraine, và cho biết Ukraine vừa thực hiện cuộc tấn công sâu nhất vào lãnh thổ Nga, nhắm vào hai cơ sở ngưng tụ khí ở vùng cực hơn 3.000 km từ biên giới. Bài phát biểu được đưa ra trong bối cảnh các cuộc không kích của Nga gây thương vong ở Ukraine và Ngoại trưởng Nga Sergey Lavrov nói với Hội đồng Bảo an rằng Moscow sẵn sàng đàm phán nhưng sẽ không tạm dừng chiến tranh. Một số bản tin cũng đề cập tới các biện pháp trừng phạt của Hoa Kỳ do Tổng thống Donald Trump ký và thông tin về khả năng đàm phán ngừng bắn hạn chế từ phía Nga và Mỹ.","ngày hai mươi ba tháng chín năm hai nghìn không trăm hai mươi sáu tại đại hội đồng liên hợp quốc ở new york, tổng thống ukraine volodymyr zelenskyy kêu gọi các nhà lãnh đạo thế giới tiếp tục siết chặt các biện pháp trừng phạt kinh tế nhằm vào nga và ngăn chặn nguồn thu tài trợ cho chiến tranh. ông gọi tổng thống nga vladimir putin là bệnh nhân số không và cáo buộc moscow sử dụng công dân của bốn mươi bảy nước làm binh sĩ thứ ba, nêu ví dụ về công dân từ ghana, nepal và ấn độ. zelenskyy cho biết hai binh sĩ triều tiên đã bị bắt và được chuyển sang hàn quốc, đồng thời cảnh báo về quan hệ quốc phòng ngày càng tăng giữa nga và triều tiên. ông công bố các thỏa thuận công nghệ máy bay không người lái với phần lan, thỏa thuận an ninh với australia và đang chuẩn bị với canada, đồng thời cảnh báo lực lượng ukraine có thể nhắm vào cơ sở năng lượng và sưởi ấm của nga trong mùa đông này. zelenskyy nêu rằng trong tám tháng qua nga đã mất khoảng hai trăm bốn mươi tám nghìn binh sĩ và chiếm hơn một nghìn ki lô mét vuông lãnh thổ ukraine, và cho biết ukraine vừa thực hiện cuộc tấn công sâu nhất vào lãnh thổ nga, nhắm vào hai cơ sở ngưng tụ khí ở vùng cực hơn ba nghìn ki lô mét từ biên giới. bài phát biểu được đưa ra trong bối cảnh các cuộc không kích của nga gây thương vong ở ukraine và ngoại trưởng nga sergey lavrov nói với hội đồng bảo an rằng moscow sẵn sàng đàm phán nhưng sẽ không tạm dừng chiến tranh. một số bản tin cũng đề cập tới các biện pháp trừng phạt của hoa kỳ do tổng thống donald trump ký và thông tin về khả năng đàm phán ngừng bắn hạn chế từ phía nga và mỹ.",,"zelenskyy cho biết hai binh sĩ triều tiên đã bị bắt và được chuyển sang hàn quốc, đồng thời cảnh báo về quan hệ quốc phòng ngày càng tăng giữa nga và triều tiên.","zelenskyy cho biết hai binh sĩ triều tiên đã bị bắt và được chuyển sang hàn quốc, đồng thời cảnh báo về quan hệ quốc phòng ngày càng tăng giữa nga và triều tiên.",True,"zˈɛlənskɪi tʃˌɔ bˈiɛɜt̪ hˈaːj bˈiɲ sˈi5 tʃˈiɛ2w t̪ˈiɛn ɗˌaː5 bˌi6 bˈaɜt̪ vˌaː2 ɗˌyə6c tʃwˈiɛ4n sˈaːŋ hˈaː2n kˈuəɜc, ɗˈo2ŋ tˈəː2j kˈe-4ɲ bˈaːɜw vˈe2 kwˈaːn hˈe6 kˈuəɜc fˈɔ2ŋ ŋˈa2j kˈaː2ŋ t̪ˈaŋ zˈyə5 ŋˈaː vˌaː2 tʃˈiɛ2w t̪ˈiɛn.","zˈɛlənskɪi tʃˌɔ bˈiɛɜt̪ hˈaːj bˈiɲ sˈi5 tʃˈiɛ2w t̪ˈiɛn ɗˌaː5 bˌi6 bˈaɜt̪ vˌaː2 ɗˌyə6c tʃwˈiɛ4n sˈaːŋ hˈaː2n kˈuəɜc, ɗˈo2ŋ tˈəː2j kˈe-4ɲ bˈaːɜw vˈe2 kwˈaːn hˈe6 kˈuəɜc fˈɔ2ŋ ŋˈa2j kˈaː2ŋ t̪ˈaŋ zˈyə5 ŋˈaː vˌaː2 tʃˈiɛ2w t̪ˈiɛn.",sentence,40F0AEAE73021A4C6447FDD39D345638AFA6AB0FE55D4F596E69E3D5E8B5F163
danhgia_tts.txt,danhgia_tts-016,Văn bản 16,danhgia_tts-016-c005,5,"Ngày 23 tháng 9 năm 2026 tại Đại hội đồng Liên Hợp Quốc ở New York, Tổng thống Ukraine Volodymyr Zelenskyy kêu gọi các nhà lãnh đạo thế giới tiếp tục siết chặt các biện pháp trừng phạt kinh tế nhằm vào Nga và ngăn chặn nguồn thu tài trợ cho chiến tranh. Ông gọi Tổng thống Nga Vladimir Putin là ""bệnh nhân số không"" và cáo buộc Moscow sử dụng công dân của 47 nước làm binh sĩ thứ ba, nêu ví dụ về công dân từ Ghana, Nepal và Ấn Độ. Zelenskyy cho biết hai binh sĩ Triều Tiên đã bị bắt và được chuyển sang Hàn Quốc, đồng thời cảnh báo về quan hệ quốc phòng ngày càng tăng giữa Nga và Triều Tiên. Ông công bố các thỏa thuận công nghệ máy bay không người lái với Phần Lan, thỏa thuận an ninh với Australia và đang chuẩn bị với Canada, đồng thời cảnh báo lực lượng Ukraine có thể nhắm vào cơ sở năng lượng và sưởi ấm của Nga trong mùa đông này. Zelenskyy nêu rằng trong tám tháng qua Nga đã mất khoảng 248.000 binh sĩ và chiếm hơn 1.000 km² lãnh thổ Ukraine, và cho biết Ukraine vừa thực hiện cuộc tấn công sâu nhất vào lãnh thổ Nga, nhắm vào hai cơ sở ngưng tụ khí ở vùng cực hơn 3.000 km từ biên giới. Bài phát biểu được đưa ra trong bối cảnh các cuộc không kích của Nga gây thương vong ở Ukraine và Ngoại trưởng Nga Sergey Lavrov nói với Hội đồng Bảo an rằng Moscow sẵn sàng đàm phán nhưng sẽ không tạm dừng chiến tranh. Một số bản tin cũng đề cập tới các biện pháp trừng phạt của Hoa Kỳ do Tổng thống Donald Trump ký và thông tin về khả năng đàm phán ngừng bắn hạn chế từ phía Nga và Mỹ.","ngày hai mươi ba tháng chín năm hai nghìn không trăm hai mươi sáu tại đại hội đồng liên hợp quốc ở new york, tổng thống ukraine volodymyr zelenskyy kêu gọi các nhà lãnh đạo thế giới tiếp tục siết chặt các biện pháp trừng phạt kinh tế nhằm vào nga và ngăn chặn nguồn thu tài trợ cho chiến tranh. ông gọi tổng thống nga vladimir putin là bệnh nhân số không và cáo buộc moscow sử dụng công dân của bốn mươi bảy nước làm binh sĩ thứ ba, nêu ví dụ về công dân từ ghana, nepal và ấn độ. zelenskyy cho biết hai binh sĩ triều tiên đã bị bắt và được chuyển sang hàn quốc, đồng thời cảnh báo về quan hệ quốc phòng ngày càng tăng giữa nga và triều tiên. ông công bố các thỏa thuận công nghệ máy bay không người lái với phần lan, thỏa thuận an ninh với australia và đang chuẩn bị với canada, đồng thời cảnh báo lực lượng ukraine có thể nhắm vào cơ sở năng lượng và sưởi ấm của nga trong mùa đông này. zelenskyy nêu rằng trong tám tháng qua nga đã mất khoảng hai trăm bốn mươi tám nghìn binh sĩ và chiếm hơn một nghìn ki lô mét vuông lãnh thổ ukraine, và cho biết ukraine vừa thực hiện cuộc tấn công sâu nhất vào lãnh thổ nga, nhắm vào hai cơ sở ngưng tụ khí ở vùng cực hơn ba nghìn ki lô mét từ biên giới. bài phát biểu được đưa ra trong bối cảnh các cuộc không kích của nga gây thương vong ở ukraine và ngoại trưởng nga sergey lavrov nói với hội đồng bảo an rằng moscow sẵn sàng đàm phán nhưng sẽ không tạm dừng chiến tranh. một số bản tin cũng đề cập tới các biện pháp trừng phạt của hoa kỳ do tổng thống donald trump ký và thông tin về khả năng đàm phán ngừng bắn hạn chế từ phía nga và mỹ.",,"ông công bố các thỏa thuận công nghệ máy bay không người lái với phần lan, thỏa thuận an ninh với australia và đang chuẩn bị với canada, đồng thời cảnh báo lực lượng ukraine có thể nhắm vào cơ sở năng lượng và sưởi ấm của nga trong mùa đông này.","ông công bố các thỏa thuận công nghệ máy bay không người lái với phần lan, thỏa thuận an ninh với australia và đang chuẩn bị với canada, đồng thời cảnh báo lực lượng ukraine có thể nhắm vào cơ sở năng lượng và sưởi ấm của nga trong mùa đông này.",True,"ˈoŋ kˈoŋ bˈoɜ kˌaːɜc twˈaː4 twˈə6n kˈoŋ ŋˈe6 mˈaɜj bˈaj xˌoŋ ŋˈyə2j lˈaːɜj vˌəːɜj fˈə2n lˈaːn, twˈaː4 twˈə6n ˈaːn nˈiɲ vˌəːɜj ɔːstɹˈeɪliə vˌaː2 ɗˌaːŋ tʃwˈə4n bˌi6 vˌəːɜj kˈænədə, ɗˈo2ŋ tˈəː2j kˈe-4ɲ bˈaːɜw lˈy6c lˈyə6ŋ juːkɹˈeɪn kˈɔɜ tˈe4 ɲˈaɜm vˈaː2w kˈəː sˈəː4 nˈaŋ lˈyə6ŋ vˌaː2 sˈyə4j ˈəɜm kˌuə4 ŋˈaː tʃˈɔŋ mˈuə2 ɗˈoŋ nˈa2j.","ˈoŋ kˈoŋ bˈoɜ kˌaːɜc twˈaː4 twˈə6n kˈoŋ ŋˈe6 mˈaɜj bˈaj xˌoŋ ŋˈyə2j lˈaːɜj vˌəːɜj fˈə2n lˈaːn, twˈaː4 twˈə6n ˈaːn nˈiɲ vˌəːɜj ɔːstɹˈeɪliə vˌaː2 ɗˌaːŋ tʃwˈə4n bˌi6 vˌəːɜj kˈænədə, ɗˈo2ŋ tˈəː2j kˈe-4ɲ bˈaːɜw lˈy6c lˈyə6ŋ juːkɹˈeɪn kˈɔɜ tˈe4 ɲˈaɜm vˈaː2w kˈəː sˈəː4 nˈaŋ lˈyə6ŋ vˌaː2 sˈyə4j ˈəɜm kˌuə4 ŋˈaː tʃˈɔŋ mˈuə2 ɗˈoŋ nˈa2j.",sentence,40F0AEAE73021A4C6447FDD39D345638AFA6AB0FE55D4F596E69E3D5E8B5F163
danhgia_tts.txt,danhgia_tts-016,Văn bản 16,danhgia_tts-016-c006,6,"Ngày 23 tháng 9 năm 2026 tại Đại hội đồng Liên Hợp Quốc ở New York, Tổng thống Ukraine Volodymyr Zelenskyy kêu gọi các nhà lãnh đạo thế giới tiếp tục siết chặt các biện pháp trừng phạt kinh tế nhằm vào Nga và ngăn chặn nguồn thu tài trợ cho chiến tranh. Ông gọi Tổng thống Nga Vladimir Putin là ""bệnh nhân số không"" và cáo buộc Moscow sử dụng công dân của 47 nước làm binh sĩ thứ ba, nêu ví dụ về công dân từ Ghana, Nepal và Ấn Độ. Zelenskyy cho biết hai binh sĩ Triều Tiên đã bị bắt và được chuyển sang Hàn Quốc, đồng thời cảnh báo về quan hệ quốc phòng ngày càng tăng giữa Nga và Triều Tiên. Ông công bố các thỏa thuận công nghệ máy bay không người lái với Phần Lan, thỏa thuận an ninh với Australia và đang chuẩn bị với Canada, đồng thời cảnh báo lực lượng Ukraine có thể nhắm vào cơ sở năng lượng và sưởi ấm của Nga trong mùa đông này. Zelenskyy nêu rằng trong tám tháng qua Nga đã mất khoảng 248.000 binh sĩ và chiếm hơn 1.000 km² lãnh thổ Ukraine, và cho biết Ukraine vừa thực hiện cuộc tấn công sâu nhất vào lãnh thổ Nga, nhắm vào hai cơ sở ngưng tụ khí ở vùng cực hơn 3.000 km từ biên giới. Bài phát biểu được đưa ra trong bối cảnh các cuộc không kích của Nga gây thương vong ở Ukraine và Ngoại trưởng Nga Sergey Lavrov nói với Hội đồng Bảo an rằng Moscow sẵn sàng đàm phán nhưng sẽ không tạm dừng chiến tranh. Một số bản tin cũng đề cập tới các biện pháp trừng phạt của Hoa Kỳ do Tổng thống Donald Trump ký và thông tin về khả năng đàm phán ngừng bắn hạn chế từ phía Nga và Mỹ.","ngày hai mươi ba tháng chín năm hai nghìn không trăm hai mươi sáu tại đại hội đồng liên hợp quốc ở new york, tổng thống ukraine volodymyr zelenskyy kêu gọi các nhà lãnh đạo thế giới tiếp tục siết chặt các biện pháp trừng phạt kinh tế nhằm vào nga và ngăn chặn nguồn thu tài trợ cho chiến tranh. ông gọi tổng thống nga vladimir putin là bệnh nhân số không và cáo buộc moscow sử dụng công dân của bốn mươi bảy nước làm binh sĩ thứ ba, nêu ví dụ về công dân từ ghana, nepal và ấn độ. zelenskyy cho biết hai binh sĩ triều tiên đã bị bắt và được chuyển sang hàn quốc, đồng thời cảnh báo về quan hệ quốc phòng ngày càng tăng giữa nga và triều tiên. ông công bố các thỏa thuận công nghệ máy bay không người lái với phần lan, thỏa thuận an ninh với australia và đang chuẩn bị với canada, đồng thời cảnh báo lực lượng ukraine có thể nhắm vào cơ sở năng lượng và sưởi ấm của nga trong mùa đông này. zelenskyy nêu rằng trong tám tháng qua nga đã mất khoảng hai trăm bốn mươi tám nghìn binh sĩ và chiếm hơn một nghìn ki lô mét vuông lãnh thổ ukraine, và cho biết ukraine vừa thực hiện cuộc tấn công sâu nhất vào lãnh thổ nga, nhắm vào hai cơ sở ngưng tụ khí ở vùng cực hơn ba nghìn ki lô mét từ biên giới. bài phát biểu được đưa ra trong bối cảnh các cuộc không kích của nga gây thương vong ở ukraine và ngoại trưởng nga sergey lavrov nói với hội đồng bảo an rằng moscow sẵn sàng đàm phán nhưng sẽ không tạm dừng chiến tranh. một số bản tin cũng đề cập tới các biện pháp trừng phạt của hoa kỳ do tổng thống donald trump ký và thông tin về khả năng đàm phán ngừng bắn hạn chế từ phía nga và mỹ.",,"zelenskyy nêu rằng trong tám tháng qua nga đã mất khoảng hai trăm bốn mươi tám nghìn binh sĩ và chiếm hơn một nghìn ki lô mét vuông lãnh thổ ukraine, và cho biết ukraine vừa thực hiện cuộc tấn công sâu nhất vào lãnh thổ nga,","zelenskyy nêu rằng trong tám tháng qua nga đã mất khoảng hai trăm bốn mươi tám nghìn binh sĩ và chiếm hơn một nghìn ki lô mét vuông lãnh thổ ukraine, và cho biết ukraine vừa thực hiện cuộc tấn công sâu nhất vào lãnh thổ nga.",False,"zˈɛlənskɪi nˈe1w ɹˈa2ŋ tʃˈɔŋ t̪ˈaːɜm tˈaːɜŋ kwˈaː ŋˈaː ɗˌaː5 mˈəɜt̪ xwˌaː4ŋ hˈaːj tʃˈam bˈoɜn mˈyəj t̪ˈaːɜm ŋˈi2n bˈiɲ sˈi5 vˌaː2 tʃˈiɛɜm hˈəːn mˈo6t̪ ŋˈi2n kˈi lˈo mˈɛɜt̪ vˈuəŋ lˈe-5ɲ tˈo4 juːkɹˈeɪn, vˌaː2 tʃˌɔ bˈiɛɜt̪ juːkɹˈeɪn vˈyə2 tˈy6c hˈiɛ6n kˈuə6c t̪ˈəɜn kˈoŋ sˈə1w ɲˈəɜt̪ vˈaː2w lˈe-5ɲ tˈo4 ŋˈaː.","zˈɛlənskɪi nˈe1w ɹˈa2ŋ tʃˈɔŋ t̪ˈaːɜm tˈaːɜŋ kwˈaː ŋˈaː ɗˌaː5 mˈəɜt̪ xwˌaː4ŋ hˈaːj tʃˈam bˈoɜn mˈyəj t̪ˈaːɜm ŋˈi2n bˈiɲ sˈi5 vˌaː2 tʃˈiɛɜm hˈəːn mˈo6t̪ ŋˈi2n kˈi lˈo mˈɛɜt̪ vˈuəŋ lˈe-5ɲ tˈo4 juːkɹˈeɪn, vˌaː2 tʃˌɔ bˈiɛɜt̪ juːkɹˈeɪn vˈyə2 tˈy6c hˈiɛ6n kˈuə6c t̪ˈəɜn kˈoŋ sˈə1w ɲˈəɜt̪ vˈaː2w lˈe-5ɲ tˈo4 ŋˈaː,",minor,40F0AEAE73021A4C6447FDD39D345638AFA6AB0FE55D4F596E69E3D5E8B5F163
danhgia_tts.txt,danhgia_tts-016,Văn bản 16,danhgia_tts-016-c007,7,"Ngày 23 tháng 9 năm 2026 tại Đại hội đồng Liên Hợp Quốc ở New York, Tổng thống Ukraine Volodymyr Zelenskyy kêu gọi các nhà lãnh đạo thế giới tiếp tục siết chặt các biện pháp trừng phạt kinh tế nhằm vào Nga và ngăn chặn nguồn thu tài trợ cho chiến tranh. Ông gọi Tổng thống Nga Vladimir Putin là ""bệnh nhân số không"" và cáo buộc Moscow sử dụng công dân của 47 nước làm binh sĩ thứ ba, nêu ví dụ về công dân từ Ghana, Nepal và Ấn Độ. Zelenskyy cho biết hai binh sĩ Triều Tiên đã bị bắt và được chuyển sang Hàn Quốc, đồng thời cảnh báo về quan hệ quốc phòng ngày càng tăng giữa Nga và Triều Tiên. Ông công bố các thỏa thuận công nghệ máy bay không người lái với Phần Lan, thỏa thuận an ninh với Australia và đang chuẩn bị với Canada, đồng thời cảnh báo lực lượng Ukraine có thể nhắm vào cơ sở năng lượng và sưởi ấm của Nga trong mùa đông này. Zelenskyy nêu rằng trong tám tháng qua Nga đã mất khoảng 248.000 binh sĩ và chiếm hơn 1.000 km² lãnh thổ Ukraine, và cho biết Ukraine vừa thực hiện cuộc tấn công sâu nhất vào lãnh thổ Nga, nhắm vào hai cơ sở ngưng tụ khí ở vùng cực hơn 3.000 km từ biên giới. Bài phát biểu được đưa ra trong bối cảnh các cuộc không kích của Nga gây thương vong ở Ukraine và Ngoại trưởng Nga Sergey Lavrov nói với Hội đồng Bảo an rằng Moscow sẵn sàng đàm phán nhưng sẽ không tạm dừng chiến tranh. Một số bản tin cũng đề cập tới các biện pháp trừng phạt của Hoa Kỳ do Tổng thống Donald Trump ký và thông tin về khả năng đàm phán ngừng bắn hạn chế từ phía Nga và Mỹ.","ngày hai mươi ba tháng chín năm hai nghìn không trăm hai mươi sáu tại đại hội đồng liên hợp quốc ở new york, tổng thống ukraine volodymyr zelenskyy kêu gọi các nhà lãnh đạo thế giới tiếp tục siết chặt các biện pháp trừng phạt kinh tế nhằm vào nga và ngăn chặn nguồn thu tài trợ cho chiến tranh. ông gọi tổng thống nga vladimir putin là bệnh nhân số không và cáo buộc moscow sử dụng công dân của bốn mươi bảy nước làm binh sĩ thứ ba, nêu ví dụ về công dân từ ghana, nepal và ấn độ. zelenskyy cho biết hai binh sĩ triều tiên đã bị bắt và được chuyển sang hàn quốc, đồng thời cảnh báo về quan hệ quốc phòng ngày càng tăng giữa nga và triều tiên. ông công bố các thỏa thuận công nghệ máy bay không người lái với phần lan, thỏa thuận an ninh với australia và đang chuẩn bị với canada, đồng thời cảnh báo lực lượng ukraine có thể nhắm vào cơ sở năng lượng và sưởi ấm của nga trong mùa đông này. zelenskyy nêu rằng trong tám tháng qua nga đã mất khoảng hai trăm bốn mươi tám nghìn binh sĩ và chiếm hơn một nghìn ki lô mét vuông lãnh thổ ukraine, và cho biết ukraine vừa thực hiện cuộc tấn công sâu nhất vào lãnh thổ nga, nhắm vào hai cơ sở ngưng tụ khí ở vùng cực hơn ba nghìn ki lô mét từ biên giới. bài phát biểu được đưa ra trong bối cảnh các cuộc không kích của nga gây thương vong ở ukraine và ngoại trưởng nga sergey lavrov nói với hội đồng bảo an rằng moscow sẵn sàng đàm phán nhưng sẽ không tạm dừng chiến tranh. một số bản tin cũng đề cập tới các biện pháp trừng phạt của hoa kỳ do tổng thống donald trump ký và thông tin về khả năng đàm phán ngừng bắn hạn chế từ phía nga và mỹ.",,nhắm vào hai cơ sở ngưng tụ khí ở vùng cực hơn ba nghìn ki lô mét từ biên giới.,nhắm vào hai cơ sở ngưng tụ khí ở vùng cực hơn ba nghìn ki lô mét từ biên giới.,True,ɲˈaɜm vˈaː2w hˈaːj kˈəː sˈəː4 ŋˈyŋ t̪ˈu6 xˈiɜ ˈəː4 vˈu2ŋ kˈy6c hˈəːn bˈaː ŋˈi2n kˈi lˈo mˈɛɜt̪ t̪ˌy2 bˈiɛn zˈəːɜj.,ɲˈaɜm vˈaː2w hˈaːj kˈəː sˈəː4 ŋˈyŋ t̪ˈu6 xˈiɜ ˈəː4 vˈu2ŋ kˈy6c hˈəːn bˈaː ŋˈi2n kˈi lˈo mˈɛɜt̪ t̪ˌy2 bˈiɛn zˈəːɜj.,sentence,40F0AEAE73021A4C6447FDD39D345638AFA6AB0FE55D4F596E69E3D5E8B5F163
danhgia_tts.txt,danhgia_tts-016,Văn bản 16,danhgia_tts-016-c008,8,"Ngày 23 tháng 9 năm 2026 tại Đại hội đồng Liên Hợp Quốc ở New York, Tổng thống Ukraine Volodymyr Zelenskyy kêu gọi các nhà lãnh đạo thế giới tiếp tục siết chặt các biện pháp trừng phạt kinh tế nhằm vào Nga và ngăn chặn nguồn thu tài trợ cho chiến tranh. Ông gọi Tổng thống Nga Vladimir Putin là ""bệnh nhân số không"" và cáo buộc Moscow sử dụng công dân của 47 nước làm binh sĩ thứ ba, nêu ví dụ về công dân từ Ghana, Nepal và Ấn Độ. Zelenskyy cho biết hai binh sĩ Triều Tiên đã bị bắt và được chuyển sang Hàn Quốc, đồng thời cảnh báo về quan hệ quốc phòng ngày càng tăng giữa Nga và Triều Tiên. Ông công bố các thỏa thuận công nghệ máy bay không người lái với Phần Lan, thỏa thuận an ninh với Australia và đang chuẩn bị với Canada, đồng thời cảnh báo lực lượng Ukraine có thể nhắm vào cơ sở năng lượng và sưởi ấm của Nga trong mùa đông này. Zelenskyy nêu rằng trong tám tháng qua Nga đã mất khoảng 248.000 binh sĩ và chiếm hơn 1.000 km² lãnh thổ Ukraine, và cho biết Ukraine vừa thực hiện cuộc tấn công sâu nhất vào lãnh thổ Nga, nhắm vào hai cơ sở ngưng tụ khí ở vùng cực hơn 3.000 km từ biên giới. Bài phát biểu được đưa ra trong bối cảnh các cuộc không kích của Nga gây thương vong ở Ukraine và Ngoại trưởng Nga Sergey Lavrov nói với Hội đồng Bảo an rằng Moscow sẵn sàng đàm phán nhưng sẽ không tạm dừng chiến tranh. Một số bản tin cũng đề cập tới các biện pháp trừng phạt của Hoa Kỳ do Tổng thống Donald Trump ký và thông tin về khả năng đàm phán ngừng bắn hạn chế từ phía Nga và Mỹ.","ngày hai mươi ba tháng chín năm hai nghìn không trăm hai mươi sáu tại đại hội đồng liên hợp quốc ở new york, tổng thống ukraine volodymyr zelenskyy kêu gọi các nhà lãnh đạo thế giới tiếp tục siết chặt các biện pháp trừng phạt kinh tế nhằm vào nga và ngăn chặn nguồn thu tài trợ cho chiến tranh. ông gọi tổng thống nga vladimir putin là bệnh nhân số không và cáo buộc moscow sử dụng công dân của bốn mươi bảy nước làm binh sĩ thứ ba, nêu ví dụ về công dân từ ghana, nepal và ấn độ. zelenskyy cho biết hai binh sĩ triều tiên đã bị bắt và được chuyển sang hàn quốc, đồng thời cảnh báo về quan hệ quốc phòng ngày càng tăng giữa nga và triều tiên. ông công bố các thỏa thuận công nghệ máy bay không người lái với phần lan, thỏa thuận an ninh với australia và đang chuẩn bị với canada, đồng thời cảnh báo lực lượng ukraine có thể nhắm vào cơ sở năng lượng và sưởi ấm của nga trong mùa đông này. zelenskyy nêu rằng trong tám tháng qua nga đã mất khoảng hai trăm bốn mươi tám nghìn binh sĩ và chiếm hơn một nghìn ki lô mét vuông lãnh thổ ukraine, và cho biết ukraine vừa thực hiện cuộc tấn công sâu nhất vào lãnh thổ nga, nhắm vào hai cơ sở ngưng tụ khí ở vùng cực hơn ba nghìn ki lô mét từ biên giới. bài phát biểu được đưa ra trong bối cảnh các cuộc không kích của nga gây thương vong ở ukraine và ngoại trưởng nga sergey lavrov nói với hội đồng bảo an rằng moscow sẵn sàng đàm phán nhưng sẽ không tạm dừng chiến tranh. một số bản tin cũng đề cập tới các biện pháp trừng phạt của hoa kỳ do tổng thống donald trump ký và thông tin về khả năng đàm phán ngừng bắn hạn chế từ phía nga và mỹ.",,bài phát biểu được đưa ra trong bối cảnh các cuộc không kích của nga gây thương vong ở ukraine và ngoại trưởng nga sergey lavrov nói với hội đồng bảo an rằng moscow sẵn sàng đàm phán nhưng sẽ không tạm dừng chiến tranh.,bài phát biểu được đưa ra trong bối cảnh các cuộc không kích của nga gây thương vong ở ukraine và ngoại trưởng nga sergey lavrov nói với hội đồng bảo an rằng moscow sẵn sàng đàm phán nhưng sẽ không tạm dừng chiến tranh.,True,bˈaː2j fˈaːɜt̪ bˈiɛ4w ɗˌyə6c ɗˈyə ɹˈaː tʃˈɔŋ bˈoɜj kˈe-4ɲ kˌaːɜc kˈuə6c xˌoŋ kˈiɜc kˌuə4 ŋˈaː ɣˈəɪ tˈyəŋ vˈɔŋ ˈəː4 juːkɹˈeɪn vˌaː2 ŋwˈaː6j tʃˈyə4ŋ ŋˈaː sˈɜːdʒi lˈævɹɑːv nˈɔɜj vˌəːɜj hˈo6j ɗˈo2ŋ bˈaː4w ˈaːn ɹˈa2ŋ mˈɑːskoʊ sˈa5n sˈaː2ŋ ɗˈaː2m fˈaːɜn ɲˌyŋ sˌɛ5 xˌoŋ t̪ˈaː6m zˈy2ŋ tʃˈiɛɜn tʃˈe-ɲ.,bˈaː2j fˈaːɜt̪ bˈiɛ4w ɗˌyə6c ɗˈyə ɹˈaː tʃˈɔŋ bˈoɜj kˈe-4ɲ kˌaːɜc kˈuə6c xˌoŋ kˈiɜc kˌuə4 ŋˈaː ɣˈəɪ tˈyəŋ vˈɔŋ ˈəː4 juːkɹˈeɪn vˌaː2 ŋwˈaː6j tʃˈyə4ŋ ŋˈaː sˈɜːdʒi lˈævɹɑːv nˈɔɜj vˌəːɜj hˈo6j ɗˈo2ŋ bˈaː4w ˈaːn ɹˈa2ŋ mˈɑːskoʊ sˈa5n sˈaː2ŋ ɗˈaː2m fˈaːɜn ɲˌyŋ sˌɛ5 xˌoŋ t̪ˈaː6m zˈy2ŋ tʃˈiɛɜn tʃˈe-ɲ.,sentence,40F0AEAE73021A4C6447FDD39D345638AFA6AB0FE55D4F596E69E3D5E8B5F163
danhgia_tts.txt,danhgia_tts-016,Văn bản 16,danhgia_tts-016-c009,9,"Ngày 23 tháng 9 năm 2026 tại Đại hội đồng Liên Hợp Quốc ở New York, Tổng thống Ukraine Volodymyr Zelenskyy kêu gọi các nhà lãnh đạo thế giới tiếp tục siết chặt các biện pháp trừng phạt kinh tế nhằm vào Nga và ngăn chặn nguồn thu tài trợ cho chiến tranh. Ông gọi Tổng thống Nga Vladimir Putin là ""bệnh nhân số không"" và cáo buộc Moscow sử dụng công dân của 47 nước làm binh sĩ thứ ba, nêu ví dụ về công dân từ Ghana, Nepal và Ấn Độ. Zelenskyy cho biết hai binh sĩ Triều Tiên đã bị bắt và được chuyển sang Hàn Quốc, đồng thời cảnh báo về quan hệ quốc phòng ngày càng tăng giữa Nga và Triều Tiên. Ông công bố các thỏa thuận công nghệ máy bay không người lái với Phần Lan, thỏa thuận an ninh với Australia và đang chuẩn bị với Canada, đồng thời cảnh báo lực lượng Ukraine có thể nhắm vào cơ sở năng lượng và sưởi ấm của Nga trong mùa đông này. Zelenskyy nêu rằng trong tám tháng qua Nga đã mất khoảng 248.000 binh sĩ và chiếm hơn 1.000 km² lãnh thổ Ukraine, và cho biết Ukraine vừa thực hiện cuộc tấn công sâu nhất vào lãnh thổ Nga, nhắm vào hai cơ sở ngưng tụ khí ở vùng cực hơn 3.000 km từ biên giới. Bài phát biểu được đưa ra trong bối cảnh các cuộc không kích của Nga gây thương vong ở Ukraine và Ngoại trưởng Nga Sergey Lavrov nói với Hội đồng Bảo an rằng Moscow sẵn sàng đàm phán nhưng sẽ không tạm dừng chiến tranh. Một số bản tin cũng đề cập tới các biện pháp trừng phạt của Hoa Kỳ do Tổng thống Donald Trump ký và thông tin về khả năng đàm phán ngừng bắn hạn chế từ phía Nga và Mỹ.","ngày hai mươi ba tháng chín năm hai nghìn không trăm hai mươi sáu tại đại hội đồng liên hợp quốc ở new york, tổng thống ukraine volodymyr zelenskyy kêu gọi các nhà lãnh đạo thế giới tiếp tục siết chặt các biện pháp trừng phạt kinh tế nhằm vào nga và ngăn chặn nguồn thu tài trợ cho chiến tranh. ông gọi tổng thống nga vladimir putin là bệnh nhân số không và cáo buộc moscow sử dụng công dân của bốn mươi bảy nước làm binh sĩ thứ ba, nêu ví dụ về công dân từ ghana, nepal và ấn độ. zelenskyy cho biết hai binh sĩ triều tiên đã bị bắt và được chuyển sang hàn quốc, đồng thời cảnh báo về quan hệ quốc phòng ngày càng tăng giữa nga và triều tiên. ông công bố các thỏa thuận công nghệ máy bay không người lái với phần lan, thỏa thuận an ninh với australia và đang chuẩn bị với canada, đồng thời cảnh báo lực lượng ukraine có thể nhắm vào cơ sở năng lượng và sưởi ấm của nga trong mùa đông này. zelenskyy nêu rằng trong tám tháng qua nga đã mất khoảng hai trăm bốn mươi tám nghìn binh sĩ và chiếm hơn một nghìn ki lô mét vuông lãnh thổ ukraine, và cho biết ukraine vừa thực hiện cuộc tấn công sâu nhất vào lãnh thổ nga, nhắm vào hai cơ sở ngưng tụ khí ở vùng cực hơn ba nghìn ki lô mét từ biên giới. bài phát biểu được đưa ra trong bối cảnh các cuộc không kích của nga gây thương vong ở ukraine và ngoại trưởng nga sergey lavrov nói với hội đồng bảo an rằng moscow sẵn sàng đàm phán nhưng sẽ không tạm dừng chiến tranh. một số bản tin cũng đề cập tới các biện pháp trừng phạt của hoa kỳ do tổng thống donald trump ký và thông tin về khả năng đàm phán ngừng bắn hạn chế từ phía nga và mỹ.",,một số bản tin cũng đề cập tới các biện pháp trừng phạt của hoa kỳ do tổng thống donald trump ký và thông tin về khả năng đàm phán ngừng bắn hạn chế từ phía nga và mỹ.,một số bản tin cũng đề cập tới các biện pháp trừng phạt của hoa kỳ do tổng thống donald trump ký và thông tin về khả năng đàm phán ngừng bắn hạn chế từ phía nga và mỹ.,True,mˈo6t̪ sˈoɜ bˈaː4n t̪ˈin kˈu5ŋ ɗˈe2 kˈə6p t̪ˌəːɜj kˌaːɜc bˈiɛ6n fˈaːɜp tʃˈy2ŋ fˈaː6t̪ kˌuə4 hwˈaː kˈi2 zˈɔ t̪ˈo4ŋ tˈoɜŋ dˈɑːnəld tɹˈʌmp kˈiɜ vˌaː2 tˈoŋ t̪ˈin vˈe2 xˈaː4 nˈaŋ ɗˈaː2m fˈaːɜn ŋˈy2ŋ bˈaɜn hˈaː6n tʃˈeɜ t̪ˌy2 fˈiəɜ ŋˈaː vˌaː2 mˈi5.,mˈo6t̪ sˈoɜ bˈaː4n t̪ˈin kˈu5ŋ ɗˈe2 kˈə6p t̪ˌəːɜj kˌaːɜc bˈiɛ6n fˈaːɜp tʃˈy2ŋ fˈaː6t̪ kˌuə4 hwˈaː kˈi2 zˈɔ t̪ˈo4ŋ tˈoɜŋ dˈɑːnəld tɹˈʌmp kˈiɜ vˌaː2 tˈoŋ t̪ˈin vˈe2 xˈaː4 nˈaŋ ɗˈaː2m fˈaːɜn ŋˈy2ŋ bˈaɜn hˈaː6n tʃˈeɜ t̪ˌy2 fˈiəɜ ŋˈaː vˌaː2 mˈi5.,,40F0AEAE73021A4C6447FDD39D345638AFA6AB0FE55D4F596E69E3D5E8B5F163
danhgia_tts.txt,danhgia_tts-017,Văn bản 17,danhgia_tts-017-c001,1,"Thủ tướng Nhật Bản Takaichi Sanae đã hội đàm với Tổng thống Ukraine Volodymyr Zelenskyy tại trụ sở Liên Hợp Quốc ở New York vào ngày 22 (giờ Nhật Bản 23). Bà Takaichi nhấn mạnh rằng các nước cần đoàn kết để hỗ trợ Ukraine và tiếp tục áp dụng các biện pháp trừng phạt đối với Nga vì hành vi xâm lược. Bà cho rằng việc đoàn kết quốc tế là quan trọng để sớm đạt được một nền hòa bình công bằng và bền vững. Bà Takaichi cam kết Nhật Bản sẽ làm việc với cộng đồng quốc tế để hỗ trợ Ukraine và duy trì các biện pháp trừng phạt. Bài báo nêu rằng từ khi Nga xâm lược toàn diện năm 2022, Nhật Bản đã hỗ trợ Ukraine nhưng do hạn chế pháp lý về xuất khẩu vũ khí nên chỉ cung cấp hàng không sát thương như xe tải và áo giáp, đồng thời cung cấp máy phát điện và dẫn dắt kế hoạch tái thiết cơ sở hạ tầng. Tổng thống Zelenskyy bày tỏ cảm ơn và gợi ý hợp tác thêm trong phát triển drone và cung cấp trang bị phòng không, nhưng không công khai yêu cầu thêm viện trợ trước cuộc gặp. Bài báo cũng có ảnh chụp Thủ tướng Takaichi ký tài liệu tại trụ sở Liên Hợp Quốc.","thủ tướng nhật bản takaichi sanae đã hội đàm với tổng thống ukraine volodymyr zelenskyy tại trụ sở liên hợp quốc ở new york vào ngày hai mươi hai, giờ nhật bản hai mươi ba. bà takaichi nhấn mạnh rằng các nước cần đoàn kết để hỗ trợ ukraine và tiếp tục áp dụng các biện pháp trừng phạt đối với nga vì hành vi xâm lược. bà cho rằng việc đoàn kết quốc tế là quan trọng để sớm đạt được một nền hòa bình công bằng và bền vững. bà takaichi cam kết nhật bản sẽ làm việc với cộng đồng quốc tế để hỗ trợ ukraine và duy trì các biện pháp trừng phạt. bài báo nêu rằng từ khi nga xâm lược toàn diện năm hai nghìn không trăm hai mươi hai, nhật bản đã hỗ trợ ukraine nhưng do hạn chế pháp lý về xuất khẩu vũ khí nên chỉ cung cấp hàng không sát thương như xe tải và áo giáp, đồng thời cung cấp máy phát điện và dẫn dắt kế hoạch tái thiết cơ sở hạ tầng. tổng thống zelenskyy bày tỏ cảm ơn và gợi ý hợp tác thêm trong phát triển drone và cung cấp trang bị phòng không, nhưng không công khai yêu cầu thêm viện trợ trước cuộc gặp. bài báo cũng có ảnh chụp thủ tướng takaichi ký tài liệu tại trụ sở liên hợp quốc.",,"thủ tướng nhật bản takaichi sanae đã hội đàm với tổng thống ukraine volodymyr zelenskyy tại trụ sở liên hợp quốc ở new york vào ngày hai mươi hai, giờ nhật bản hai mươi ba.","thủ tướng nhật bản takaichi sanae đã hội đàm với tổng thống ukraine volodymyr zelenskyy tại trụ sở liên hợp quốc ở new york vào ngày hai mươi hai, giờ nhật bản hai mươi ba.",True,"tˈu4 t̪ˈyəɜŋ ɲˈə6t̪ bˈaː4n t̪ˈaː kˈaɪtʃaɪ sˈæniː ɗˌaː5 hˈo6j ɗˈaː2m vˌəːɜj t̪ˈo4ŋ tˈoɜŋ juːkɹˈeɪn vˈɑːlədˌɪmɚ zˈɛlənskɪi t̪ˈaː6j tʃˈu6 sˈəː4 lˈiɛn hˈəː6p kˈuəɜc ˈəː4 nˈuː jˈɔːɹk vˈaː2w ŋˈa2j hˈaːj mˈyəj hˈaːj, zˈəː2 ɲˈə6t̪ bˈaː4n hˈaːj mˈyəj bˈaː.","tˈu4 t̪ˈyəɜŋ ɲˈə6t̪ bˈaː4n t̪ˈaː kˈaɪtʃaɪ sˈæniː ɗˌaː5 hˈo6j ɗˈaː2m vˌəːɜj t̪ˈo4ŋ tˈoɜŋ juːkɹˈeɪn vˈɑːlədˌɪmɚ zˈɛlənskɪi t̪ˈaː6j tʃˈu6 sˈəː4 lˈiɛn hˈəː6p kˈuəɜc ˈəː4 nˈuː jˈɔːɹk vˈaː2w ŋˈa2j hˈaːj mˈyəj hˈaːj, zˈəː2 ɲˈə6t̪ bˈaː4n hˈaːj mˈyəj bˈaː.",sentence,40F0AEAE73021A4C6447FDD39D345638AFA6AB0FE55D4F596E69E3D5E8B5F163
danhgia_tts.txt,danhgia_tts-017,Văn bản 17,danhgia_tts-017-c002,2,"Thủ tướng Nhật Bản Takaichi Sanae đã hội đàm với Tổng thống Ukraine Volodymyr Zelenskyy tại trụ sở Liên Hợp Quốc ở New York vào ngày 22 (giờ Nhật Bản 23). Bà Takaichi nhấn mạnh rằng các nước cần đoàn kết để hỗ trợ Ukraine và tiếp tục áp dụng các biện pháp trừng phạt đối với Nga vì hành vi xâm lược. Bà cho rằng việc đoàn kết quốc tế là quan trọng để sớm đạt được một nền hòa bình công bằng và bền vững. Bà Takaichi cam kết Nhật Bản sẽ làm việc với cộng đồng quốc tế để hỗ trợ Ukraine và duy trì các biện pháp trừng phạt. Bài báo nêu rằng từ khi Nga xâm lược toàn diện năm 2022, Nhật Bản đã hỗ trợ Ukraine nhưng do hạn chế pháp lý về xuất khẩu vũ khí nên chỉ cung cấp hàng không sát thương như xe tải và áo giáp, đồng thời cung cấp máy phát điện và dẫn dắt kế hoạch tái thiết cơ sở hạ tầng. Tổng thống Zelenskyy bày tỏ cảm ơn và gợi ý hợp tác thêm trong phát triển drone và cung cấp trang bị phòng không, nhưng không công khai yêu cầu thêm viện trợ trước cuộc gặp. Bài báo cũng có ảnh chụp Thủ tướng Takaichi ký tài liệu tại trụ sở Liên Hợp Quốc.","thủ tướng nhật bản takaichi sanae đã hội đàm với tổng thống ukraine volodymyr zelenskyy tại trụ sở liên hợp quốc ở new york vào ngày hai mươi hai, giờ nhật bản hai mươi ba. bà takaichi nhấn mạnh rằng các nước cần đoàn kết để hỗ trợ ukraine và tiếp tục áp dụng các biện pháp trừng phạt đối với nga vì hành vi xâm lược. bà cho rằng việc đoàn kết quốc tế là quan trọng để sớm đạt được một nền hòa bình công bằng và bền vững. bà takaichi cam kết nhật bản sẽ làm việc với cộng đồng quốc tế để hỗ trợ ukraine và duy trì các biện pháp trừng phạt. bài báo nêu rằng từ khi nga xâm lược toàn diện năm hai nghìn không trăm hai mươi hai, nhật bản đã hỗ trợ ukraine nhưng do hạn chế pháp lý về xuất khẩu vũ khí nên chỉ cung cấp hàng không sát thương như xe tải và áo giáp, đồng thời cung cấp máy phát điện và dẫn dắt kế hoạch tái thiết cơ sở hạ tầng. tổng thống zelenskyy bày tỏ cảm ơn và gợi ý hợp tác thêm trong phát triển drone và cung cấp trang bị phòng không, nhưng không công khai yêu cầu thêm viện trợ trước cuộc gặp. bài báo cũng có ảnh chụp thủ tướng takaichi ký tài liệu tại trụ sở liên hợp quốc.",,bà takaichi nhấn mạnh rằng các nước cần đoàn kết để hỗ trợ ukraine và tiếp tục áp dụng các biện pháp trừng phạt đối với nga vì hành vi xâm lược. bà cho rằng việc đoàn kết quốc tế là quan trọng để sớm đạt được một nền hòa bình công bằng và bền vững.,bà takaichi nhấn mạnh rằng các nước cần đoàn kết để hỗ trợ ukraine và tiếp tục áp dụng các biện pháp trừng phạt đối với nga vì hành vi xâm lược. bà cho rằng việc đoàn kết quốc tế là quan trọng để sớm đạt được một nền hòa bình công bằng và bền vững.,True,bˈaː2 t̪ˈaː kˈaɪtʃaɪ ɲˈəɜn mˈe-6ɲ ɹˈa2ŋ kˌaːɜc nˈyəɜc kˈə2n ɗwˈaː2n kˈeɜt̪ ɗˌe4 hˈo5 tʃˈəː6 juːkɹˈeɪn vˌaː2 t̪ˈiɛɜp t̪ˈu6c ˈaːɜp zˈu6ŋ kˌaːɜc bˈiɛ6n fˈaːɜp tʃˈy2ŋ fˈaː6t̪ ɗˈoɜj vˌəːɜj ŋˈaː vˌi2 hˈe-2ɲ vˈi sˈəm lˈyə6c. bˈaː2 tʃˌɔ ɹˈa2ŋ vˈiɛ6c ɗwˈaː2n kˈeɜt̪ kˈuəɜc t̪ˈeɜ lˌaː2 kwˈaːn tʃˈɔ6ŋ ɗˌe4 sˈəːɜm ɗˈaː6t̪ ɗˌyə6c mˈo6t̪ nˈe2n hwˈaː2 bˈi2ɲ kˈoŋ bˈa2ŋ vˌaː2 bˈe2n vˈy5ŋ.,bˈaː2 t̪ˈaː kˈaɪtʃaɪ ɲˈəɜn mˈe-6ɲ ɹˈa2ŋ kˌaːɜc nˈyəɜc kˈə2n ɗwˈaː2n kˈeɜt̪ ɗˌe4 hˈo5 tʃˈəː6 juːkɹˈeɪn vˌaː2 t̪ˈiɛɜp t̪ˈu6c ˈaːɜp zˈu6ŋ kˌaːɜc bˈiɛ6n fˈaːɜp tʃˈy2ŋ fˈaː6t̪ ɗˈoɜj vˌəːɜj ŋˈaː vˌi2 hˈe-2ɲ vˈi sˈəm lˈyə6c. bˈaː2 tʃˌɔ ɹˈa2ŋ vˈiɛ6c ɗwˈaː2n kˈeɜt̪ kˈuəɜc t̪ˈeɜ lˌaː2 kwˈaːn tʃˈɔ6ŋ ɗˌe4 sˈəːɜm ɗˈaː6t̪ ɗˌyə6c mˈo6t̪ nˈe2n hwˈaː2 bˈi2ɲ kˈoŋ bˈa2ŋ vˌaː2 bˈe2n vˈy5ŋ.,sentence,40F0AEAE73021A4C6447FDD39D345638AFA6AB0FE55D4F596E69E3D5E8B5F163
danhgia_tts.txt,danhgia_tts-017,Văn bản 17,danhgia_tts-017-c003,3,"Thủ tướng Nhật Bản Takaichi Sanae đã hội đàm với Tổng thống Ukraine Volodymyr Zelenskyy tại trụ sở Liên Hợp Quốc ở New York vào ngày 22 (giờ Nhật Bản 23). Bà Takaichi nhấn mạnh rằng các nước cần đoàn kết để hỗ trợ Ukraine và tiếp tục áp dụng các biện pháp trừng phạt đối với Nga vì hành vi xâm lược. Bà cho rằng việc đoàn kết quốc tế là quan trọng để sớm đạt được một nền hòa bình công bằng và bền vững. Bà Takaichi cam kết Nhật Bản sẽ làm việc với cộng đồng quốc tế để hỗ trợ Ukraine và duy trì các biện pháp trừng phạt. Bài báo nêu rằng từ khi Nga xâm lược toàn diện năm 2022, Nhật Bản đã hỗ trợ Ukraine nhưng do hạn chế pháp lý về xuất khẩu vũ khí nên chỉ cung cấp hàng không sát thương như xe tải và áo giáp, đồng thời cung cấp máy phát điện và dẫn dắt kế hoạch tái thiết cơ sở hạ tầng. Tổng thống Zelenskyy bày tỏ cảm ơn và gợi ý hợp tác thêm trong phát triển drone và cung cấp trang bị phòng không, nhưng không công khai yêu cầu thêm viện trợ trước cuộc gặp. Bài báo cũng có ảnh chụp Thủ tướng Takaichi ký tài liệu tại trụ sở Liên Hợp Quốc.","thủ tướng nhật bản takaichi sanae đã hội đàm với tổng thống ukraine volodymyr zelenskyy tại trụ sở liên hợp quốc ở new york vào ngày hai mươi hai, giờ nhật bản hai mươi ba. bà takaichi nhấn mạnh rằng các nước cần đoàn kết để hỗ trợ ukraine và tiếp tục áp dụng các biện pháp trừng phạt đối với nga vì hành vi xâm lược. bà cho rằng việc đoàn kết quốc tế là quan trọng để sớm đạt được một nền hòa bình công bằng và bền vững. bà takaichi cam kết nhật bản sẽ làm việc với cộng đồng quốc tế để hỗ trợ ukraine và duy trì các biện pháp trừng phạt. bài báo nêu rằng từ khi nga xâm lược toàn diện năm hai nghìn không trăm hai mươi hai, nhật bản đã hỗ trợ ukraine nhưng do hạn chế pháp lý về xuất khẩu vũ khí nên chỉ cung cấp hàng không sát thương như xe tải và áo giáp, đồng thời cung cấp máy phát điện và dẫn dắt kế hoạch tái thiết cơ sở hạ tầng. tổng thống zelenskyy bày tỏ cảm ơn và gợi ý hợp tác thêm trong phát triển drone và cung cấp trang bị phòng không, nhưng không công khai yêu cầu thêm viện trợ trước cuộc gặp. bài báo cũng có ảnh chụp thủ tướng takaichi ký tài liệu tại trụ sở liên hợp quốc.",,bà takaichi cam kết nhật bản sẽ làm việc với cộng đồng quốc tế để hỗ trợ ukraine và duy trì các biện pháp trừng phạt.,bà takaichi cam kết nhật bản sẽ làm việc với cộng đồng quốc tế để hỗ trợ ukraine và duy trì các biện pháp trừng phạt.,True,bˈaː2 t̪ˈaː kˈaɪtʃaɪ kˈæm kˈeɜt̪ ɲˈə6t̪ bˈaː4n sˌɛ5 lˈaː2m vˈiɛ6c vˌəːɜj kˈo6ŋ ɗˈo2ŋ kˈuəɜc t̪ˈeɜ ɗˌe4 hˈo5 tʃˈəː6 juːkɹˈeɪn vˌaː2 zwˈi tʃˈi2 kˌaːɜc bˈiɛ6n fˈaːɜp tʃˈy2ŋ fˈaː6t̪.,bˈaː2 t̪ˈaː kˈaɪtʃaɪ kˈæm kˈeɜt̪ ɲˈə6t̪ bˈaː4n sˌɛ5 lˈaː2m vˈiɛ6c vˌəːɜj kˈo6ŋ ɗˈo2ŋ kˈuəɜc t̪ˈeɜ ɗˌe4 hˈo5 tʃˈəː6 juːkɹˈeɪn vˌaː2 zwˈi tʃˈi2 kˌaːɜc bˈiɛ6n fˈaːɜp tʃˈy2ŋ fˈaː6t̪.,sentence,40F0AEAE73021A4C6447FDD39D345638AFA6AB0FE55D4F596E69E3D5E8B5F163
danhgia_tts.txt,danhgia_tts-017,Văn bản 17,danhgia_tts-017-c004,4,"Thủ tướng Nhật Bản Takaichi Sanae đã hội đàm với Tổng thống Ukraine Volodymyr Zelenskyy tại trụ sở Liên Hợp Quốc ở New York vào ngày 22 (giờ Nhật Bản 23). Bà Takaichi nhấn mạnh rằng các nước cần đoàn kết để hỗ trợ Ukraine và tiếp tục áp dụng các biện pháp trừng phạt đối với Nga vì hành vi xâm lược. Bà cho rằng việc đoàn kết quốc tế là quan trọng để sớm đạt được một nền hòa bình công bằng và bền vững. Bà Takaichi cam kết Nhật Bản sẽ làm việc với cộng đồng quốc tế để hỗ trợ Ukraine và duy trì các biện pháp trừng phạt. Bài báo nêu rằng từ khi Nga xâm lược toàn diện năm 2022, Nhật Bản đã hỗ trợ Ukraine nhưng do hạn chế pháp lý về xuất khẩu vũ khí nên chỉ cung cấp hàng không sát thương như xe tải và áo giáp, đồng thời cung cấp máy phát điện và dẫn dắt kế hoạch tái thiết cơ sở hạ tầng. Tổng thống Zelenskyy bày tỏ cảm ơn và gợi ý hợp tác thêm trong phát triển drone và cung cấp trang bị phòng không, nhưng không công khai yêu cầu thêm viện trợ trước cuộc gặp. Bài báo cũng có ảnh chụp Thủ tướng Takaichi ký tài liệu tại trụ sở Liên Hợp Quốc.","thủ tướng nhật bản takaichi sanae đã hội đàm với tổng thống ukraine volodymyr zelenskyy tại trụ sở liên hợp quốc ở new york vào ngày hai mươi hai, giờ nhật bản hai mươi ba. bà takaichi nhấn mạnh rằng các nước cần đoàn kết để hỗ trợ ukraine và tiếp tục áp dụng các biện pháp trừng phạt đối với nga vì hành vi xâm lược. bà cho rằng việc đoàn kết quốc tế là quan trọng để sớm đạt được một nền hòa bình công bằng và bền vững. bà takaichi cam kết nhật bản sẽ làm việc với cộng đồng quốc tế để hỗ trợ ukraine và duy trì các biện pháp trừng phạt. bài báo nêu rằng từ khi nga xâm lược toàn diện năm hai nghìn không trăm hai mươi hai, nhật bản đã hỗ trợ ukraine nhưng do hạn chế pháp lý về xuất khẩu vũ khí nên chỉ cung cấp hàng không sát thương như xe tải và áo giáp, đồng thời cung cấp máy phát điện và dẫn dắt kế hoạch tái thiết cơ sở hạ tầng. tổng thống zelenskyy bày tỏ cảm ơn và gợi ý hợp tác thêm trong phát triển drone và cung cấp trang bị phòng không, nhưng không công khai yêu cầu thêm viện trợ trước cuộc gặp. bài báo cũng có ảnh chụp thủ tướng takaichi ký tài liệu tại trụ sở liên hợp quốc.",,"bài báo nêu rằng từ khi nga xâm lược toàn diện năm hai nghìn không trăm hai mươi hai, nhật bản đã hỗ trợ ukraine nhưng do hạn chế pháp lý về xuất khẩu vũ khí nên chỉ cung cấp hàng không sát thương như xe tải và áo giáp,","bài báo nêu rằng từ khi nga xâm lược toàn diện năm hai nghìn không trăm hai mươi hai, nhật bản đã hỗ trợ ukraine nhưng do hạn chế pháp lý về xuất khẩu vũ khí nên chỉ cung cấp hàng không sát thương như xe tải và áo giáp.",False,"bˈaː2j bˈaːɜw nˈe1w ɹˈa2ŋ t̪ˌy2 xˌi ŋˈaː sˈəm lˈyə6c t̪wˈaː2n zˈiɛ6n nˈam hˈaːj ŋˈi2n xˌoŋ tʃˈam hˈaːj mˈyəj hˈaːj, ɲˈə6t̪ bˈaː4n ɗˌaː5 hˈo5 tʃˈəː6 juːkɹˈeɪn ɲˌyŋ zˈɔ hˈaː6n tʃˈeɜ fˈaːɜp lˈiɜ vˈe2 swˈəɜt̪ xˈə4w vˈu5 xˈiɜ nˌen tʃˈi4 kˈuŋ kˈəɜp hˈaː2ŋ xˌoŋ sˈaːɜt̪ tˈyəŋ ɲˌy sˈɛ t̪ˈaː4j vˌaː2 ˈaːɜw zˈaːɜp.","bˈaː2j bˈaːɜw nˈe1w ɹˈa2ŋ t̪ˌy2 xˌi ŋˈaː sˈəm lˈyə6c t̪wˈaː2n zˈiɛ6n nˈam hˈaːj ŋˈi2n xˌoŋ tʃˈam hˈaːj mˈyəj hˈaːj, ɲˈə6t̪ bˈaː4n ɗˌaː5 hˈo5 tʃˈəː6 juːkɹˈeɪn ɲˌyŋ zˈɔ hˈaː6n tʃˈeɜ fˈaːɜp lˈiɜ vˈe2 swˈəɜt̪ xˈə4w vˈu5 xˈiɜ nˌen tʃˈi4 kˈuŋ kˈəɜp hˈaː2ŋ xˌoŋ sˈaːɜt̪ tˈyəŋ ɲˌy sˈɛ t̪ˈaː4j vˌaː2 ˈaːɜw zˈaːɜp,",minor,40F0AEAE73021A4C6447FDD39D345638AFA6AB0FE55D4F596E69E3D5E8B5F163
danhgia_tts.txt,danhgia_tts-017,Văn bản 17,danhgia_tts-017-c005,5,"Thủ tướng Nhật Bản Takaichi Sanae đã hội đàm với Tổng thống Ukraine Volodymyr Zelenskyy tại trụ sở Liên Hợp Quốc ở New York vào ngày 22 (giờ Nhật Bản 23). Bà Takaichi nhấn mạnh rằng các nước cần đoàn kết để hỗ trợ Ukraine và tiếp tục áp dụng các biện pháp trừng phạt đối với Nga vì hành vi xâm lược. Bà cho rằng việc đoàn kết quốc tế là quan trọng để sớm đạt được một nền hòa bình công bằng và bền vững. Bà Takaichi cam kết Nhật Bản sẽ làm việc với cộng đồng quốc tế để hỗ trợ Ukraine và duy trì các biện pháp trừng phạt. Bài báo nêu rằng từ khi Nga xâm lược toàn diện năm 2022, Nhật Bản đã hỗ trợ Ukraine nhưng do hạn chế pháp lý về xuất khẩu vũ khí nên chỉ cung cấp hàng không sát thương như xe tải và áo giáp, đồng thời cung cấp máy phát điện và dẫn dắt kế hoạch tái thiết cơ sở hạ tầng. Tổng thống Zelenskyy bày tỏ cảm ơn và gợi ý hợp tác thêm trong phát triển drone và cung cấp trang bị phòng không, nhưng không công khai yêu cầu thêm viện trợ trước cuộc gặp. Bài báo cũng có ảnh chụp Thủ tướng Takaichi ký tài liệu tại trụ sở Liên Hợp Quốc.","thủ tướng nhật bản takaichi sanae đã hội đàm với tổng thống ukraine volodymyr zelenskyy tại trụ sở liên hợp quốc ở new york vào ngày hai mươi hai, giờ nhật bản hai mươi ba. bà takaichi nhấn mạnh rằng các nước cần đoàn kết để hỗ trợ ukraine và tiếp tục áp dụng các biện pháp trừng phạt đối với nga vì hành vi xâm lược. bà cho rằng việc đoàn kết quốc tế là quan trọng để sớm đạt được một nền hòa bình công bằng và bền vững. bà takaichi cam kết nhật bản sẽ làm việc với cộng đồng quốc tế để hỗ trợ ukraine và duy trì các biện pháp trừng phạt. bài báo nêu rằng từ khi nga xâm lược toàn diện năm hai nghìn không trăm hai mươi hai, nhật bản đã hỗ trợ ukraine nhưng do hạn chế pháp lý về xuất khẩu vũ khí nên chỉ cung cấp hàng không sát thương như xe tải và áo giáp, đồng thời cung cấp máy phát điện và dẫn dắt kế hoạch tái thiết cơ sở hạ tầng. tổng thống zelenskyy bày tỏ cảm ơn và gợi ý hợp tác thêm trong phát triển drone và cung cấp trang bị phòng không, nhưng không công khai yêu cầu thêm viện trợ trước cuộc gặp. bài báo cũng có ảnh chụp thủ tướng takaichi ký tài liệu tại trụ sở liên hợp quốc.",,"đồng thời cung cấp máy phát điện và dẫn dắt kế hoạch tái thiết cơ sở hạ tầng. tổng thống zelenskyy bày tỏ cảm ơn và gợi ý hợp tác thêm trong phát triển drone và cung cấp trang bị phòng không, nhưng không công khai yêu cầu thêm viện trợ trước cuộc gặp.","đồng thời cung cấp máy phát điện và dẫn dắt kế hoạch tái thiết cơ sở hạ tầng. tổng thống zelenskyy bày tỏ cảm ơn và gợi ý hợp tác thêm trong phát triển drone và cung cấp trang bị phòng không, nhưng không công khai yêu cầu thêm viện trợ trước cuộc gặp.",True,"ɗˈo2ŋ tˈəː2j kˈuŋ kˈəɜp mˈaɜj fˈaːɜt̪ ɗˈiɛ6n vˌaː2 zˈə5n zˈaɜt̪ kˈeɜ hwˈe-6c t̪ˈaːɜj tˈiɛɜt̪ kˈəː sˈəː4 hˈaː6 t̪ˈə2ŋ. t̪ˈo4ŋ tˈoɜŋ zˈɛlənskɪi bˈa2j t̪ˈɔ4 kˈaː4m ˈəːn vˌaː2 ɣˈəː6j ˈiɜ hˈəː6p t̪ˈaːɜc tˈem tʃˈɔŋ fˈaːɜt̪ tʃˈiɛ4n dɹˈoʊn vˌaː2 kˈuŋ kˈəɜp tʃˈaːŋ bˌi6 fˈɔ2ŋ xˌoŋ, ɲˌyŋ xˌoŋ kˈoŋ xˈaːj ˈiɛw kˈə2w tˈem vˈiɛ6n tʃˈəː6 tʃˈyəɜc kˈuə6c ɣˈa6p.","ɗˈo2ŋ tˈəː2j kˈuŋ kˈəɜp mˈaɜj fˈaːɜt̪ ɗˈiɛ6n vˌaː2 zˈə5n zˈaɜt̪ kˈeɜ hwˈe-6c t̪ˈaːɜj tˈiɛɜt̪ kˈəː sˈəː4 hˈaː6 t̪ˈə2ŋ. t̪ˈo4ŋ tˈoɜŋ zˈɛlənskɪi bˈa2j t̪ˈɔ4 kˈaː4m ˈəːn vˌaː2 ɣˈəː6j ˈiɜ hˈəː6p t̪ˈaːɜc tˈem tʃˈɔŋ fˈaːɜt̪ tʃˈiɛ4n dɹˈoʊn vˌaː2 kˈuŋ kˈəɜp tʃˈaːŋ bˌi6 fˈɔ2ŋ xˌoŋ, ɲˌyŋ xˌoŋ kˈoŋ xˈaːj ˈiɛw kˈə2w tˈem vˈiɛ6n tʃˈəː6 tʃˈyəɜc kˈuə6c ɣˈa6p.",sentence,40F0AEAE73021A4C6447FDD39D345638AFA6AB0FE55D4F596E69E3D5E8B5F163
danhgia_tts.txt,danhgia_tts-017,Văn bản 17,danhgia_tts-017-c006,6,"Thủ tướng Nhật Bản Takaichi Sanae đã hội đàm với Tổng thống Ukraine Volodymyr Zelenskyy tại trụ sở Liên Hợp Quốc ở New York vào ngày 22 (giờ Nhật Bản 23). Bà Takaichi nhấn mạnh rằng các nước cần đoàn kết để hỗ trợ Ukraine và tiếp tục áp dụng các biện pháp trừng phạt đối với Nga vì hành vi xâm lược. Bà cho rằng việc đoàn kết quốc tế là quan trọng để sớm đạt được một nền hòa bình công bằng và bền vững. Bà Takaichi cam kết Nhật Bản sẽ làm việc với cộng đồng quốc tế để hỗ trợ Ukraine và duy trì các biện pháp trừng phạt. Bài báo nêu rằng từ khi Nga xâm lược toàn diện năm 2022, Nhật Bản đã hỗ trợ Ukraine nhưng do hạn chế pháp lý về xuất khẩu vũ khí nên chỉ cung cấp hàng không sát thương như xe tải và áo giáp, đồng thời cung cấp máy phát điện và dẫn dắt kế hoạch tái thiết cơ sở hạ tầng. Tổng thống Zelenskyy bày tỏ cảm ơn và gợi ý hợp tác thêm trong phát triển drone và cung cấp trang bị phòng không, nhưng không công khai yêu cầu thêm viện trợ trước cuộc gặp. Bài báo cũng có ảnh chụp Thủ tướng Takaichi ký tài liệu tại trụ sở Liên Hợp Quốc.","thủ tướng nhật bản takaichi sanae đã hội đàm với tổng thống ukraine volodymyr zelenskyy tại trụ sở liên hợp quốc ở new york vào ngày hai mươi hai, giờ nhật bản hai mươi ba. bà takaichi nhấn mạnh rằng các nước cần đoàn kết để hỗ trợ ukraine và tiếp tục áp dụng các biện pháp trừng phạt đối với nga vì hành vi xâm lược. bà cho rằng việc đoàn kết quốc tế là quan trọng để sớm đạt được một nền hòa bình công bằng và bền vững. bà takaichi cam kết nhật bản sẽ làm việc với cộng đồng quốc tế để hỗ trợ ukraine và duy trì các biện pháp trừng phạt. bài báo nêu rằng từ khi nga xâm lược toàn diện năm hai nghìn không trăm hai mươi hai, nhật bản đã hỗ trợ ukraine nhưng do hạn chế pháp lý về xuất khẩu vũ khí nên chỉ cung cấp hàng không sát thương như xe tải và áo giáp, đồng thời cung cấp máy phát điện và dẫn dắt kế hoạch tái thiết cơ sở hạ tầng. tổng thống zelenskyy bày tỏ cảm ơn và gợi ý hợp tác thêm trong phát triển drone và cung cấp trang bị phòng không, nhưng không công khai yêu cầu thêm viện trợ trước cuộc gặp. bài báo cũng có ảnh chụp thủ tướng takaichi ký tài liệu tại trụ sở liên hợp quốc.",,bài báo cũng có ảnh chụp thủ tướng takaichi ký tài liệu tại trụ sở liên hợp quốc.,bài báo cũng có ảnh chụp thủ tướng takaichi ký tài liệu tại trụ sở liên hợp quốc.,True,bˈaː2j bˈaːɜw kˈu5ŋ kˈɔɜ ˈe-4ɲ tʃˈu6p tˈu4 t̪ˈyəɜŋ t̪ˈaː kˈaɪtʃaɪ kˈiɜ t̪ˈaː2j lˈiɛ6w t̪ˈaː6j tʃˈu6 sˈəː4 lˈiɛn hˈəː6p kˈuəɜc.,bˈaː2j bˈaːɜw kˈu5ŋ kˈɔɜ ˈe-4ɲ tʃˈu6p tˈu4 t̪ˈyəɜŋ t̪ˈaː kˈaɪtʃaɪ kˈiɜ t̪ˈaː2j lˈiɛ6w t̪ˈaː6j tʃˈu6 sˈəː4 lˈiɛn hˈəː6p kˈuəɜc.,,40F0AEAE73021A4C6447FDD39D345638AFA6AB0FE55D4F596E69E3D5E8B5F163
danhgia_tts_02.txt,danhgia_tts_02-001,Văn bản 1,danhgia_tts_02-001-c001,1,"Ngày 24 tháng 9 năm 2026, Chủ tịch Trung Quốc Tập Cận Bình và Tổng thống Hoa Kỳ Donald J. Trump đã hội đàm tại Nhà Trắng ở Washington. Tập Cận Bình nhấn mạnh việc duy trì một quan hệ chiến lược ổn định mang tính xây dựng, kêu gọi chuyển tầm nhìn thành hành động và thúc đẩy hợp tác chủ đạo, cạnh tranh có độ và bất đồng có thể kiểm soát. Ông kêu gọi Hoa Kỳ phản đối ""Đài Loan độc lập"" và xử lý vấn đề Đài Loan một cách thận trọng, đồng thời nhắc lại lập trường bảo vệ thống nhất quốc gia và toàn vẹn lãnh thổ. Hai nhà lãnh đạo thảo luận về quản lý và hợp tác trong lĩnh vực trí tuệ nhân tạo, với Tập nhấn mạnh phát triển AI phải luôn nằm dưới sự kiểm soát của con người và kêu gọi đối thoại để quản lý rủi ro. Họ cũng trao đổi về thương mại, trong đó có việc gia hạn tạm ngừng chiến tranh thương mại và các biện pháp liên quan như hoãn lệnh cấm xuất khẩu đất hiếm đến ngày 10 tháng 1 năm 2027, và thảo luận về Trung Đông, khủng hoảng Ukraine và bán đảo Triều Tiên. Hai bên xác nhận sẽ hỗ trợ lẫn nhau tổ chức APEC 2026 và G20, và sau cuộc gặp có các hoạt động như bữa tối nhà nước và tham quan trực thăng Marine One. Các quan chức cấp cao tham dự gồm Thái Kỳ, Vương Nghị, Hà Lập Phong của Trung Quốc và các quan chức Mỹ như Phó tổng thống Vance và Ngoại trưởng Rubio.","ngày hai mươi bốn tháng chín năm hai nghìn không trăm hai mươi sáu, chủ tịch trung quốc tập cận bình và tổng thống hoa kỳ donald giây trump đã hội đàm tại nhà trắng ở washington. tập cận bình nhấn mạnh việc duy trì một quan hệ chiến lược ổn định mang tính xây dựng, kêu gọi chuyển tầm nhìn thành hành động và thúc đẩy hợp tác chủ đạo, cạnh tranh có độ và bất đồng có thể kiểm soát. ông kêu gọi hoa kỳ phản đối đài loan độc lập và xử lý vấn đề đài loan một cách thận trọng, đồng thời nhắc lại lập trường bảo vệ thống nhất quốc gia và toàn vẹn lãnh thổ. hai nhà lãnh đạo thảo luận về quản lý và hợp tác trong lĩnh vực trí tuệ nhân tạo, với tập nhấn mạnh phát triển <en>a i</en> phải luôn nằm dưới sự kiểm soát của con người và kêu gọi đối thoại để quản lý rủi ro. họ cũng trao đổi về thương mại, trong đó có việc gia hạn tạm ngừng chiến tranh thương mại và các biện pháp liên quan như hoãn lệnh cấm xuất khẩu đất hiếm đến ngày mười tháng một năm hai nghìn không trăm hai mươi bảy, và thảo luận về trung đông, khủng hoảng ukraine và bán đảo triều tiên. hai bên xác nhận sẽ hỗ trợ lẫn nhau tổ chức <en>apec</en> hai nghìn không trăm hai mươi sáu và gờ hai mươi, và sau cuộc gặp có các hoạt động như bữa tối nhà nước và tham quan trực thăng marine one. các quan chức cấp cao tham dự gồm thái kỳ, vương nghị, hà lập phong của trung quốc và các quan chức mỹ như phó tổng thống vance và ngoại trưởng rubio.",,"ngày hai mươi bốn tháng chín năm hai nghìn không trăm hai mươi sáu, chủ tịch trung quốc tập cận bình và tổng thống hoa kỳ donald giây trump đã hội đàm tại nhà trắng ở washington.","ngày hai mươi bốn tháng chín năm hai nghìn không trăm hai mươi sáu, chủ tịch trung quốc tập cận bình và tổng thống hoa kỳ donald giây trump đã hội đàm tại nhà trắng ở washington.",True,"ŋˈa2j hˈaːj mˈyəj bˈoɜn tˈaːɜŋ tʃˈiɜn nˈam hˈaːj ŋˈi2n xˌoŋ tʃˈam hˈaːj mˈyəj sˈaɜw, tʃˈu4 t̪ˈi6c tʃˈuŋ kˈuəɜc t̪ˈə6p kˈə6n bˈi2ɲ vˌaː2 t̪ˈo4ŋ tˈoɜŋ hwˈaː kˈi2 dˈɑːnəld zˈəɪ tɹˈʌmp ɗˌaː5 hˈo6j ɗˈaː2m t̪ˈaː6j ɲˈaː2 tʃˈaɜŋ ˈəː4 wˈɑːʃɪŋtən.","ŋˈa2j hˈaːj mˈyəj bˈoɜn tˈaːɜŋ tʃˈiɜn nˈam hˈaːj ŋˈi2n xˌoŋ tʃˈam hˈaːj mˈyəj sˈaɜw, tʃˈu4 t̪ˈi6c tʃˈuŋ kˈuəɜc t̪ˈə6p kˈə6n bˈi2ɲ vˌaː2 t̪ˈo4ŋ tˈoɜŋ hwˈaː kˈi2 dˈɑːnəld zˈəɪ tɹˈʌmp ɗˌaː5 hˈo6j ɗˈaː2m t̪ˈaː6j ɲˈaː2 tʃˈaɜŋ ˈəː4 wˈɑːʃɪŋtən.",sentence,BBE614E05AD0A815D688C3F4B44F691E32398694BF574A75E1012775F7936351
danhgia_tts_02.txt,danhgia_tts_02-001,Văn bản 1,danhgia_tts_02-001-c002,2,"Ngày 24 tháng 9 năm 2026, Chủ tịch Trung Quốc Tập Cận Bình và Tổng thống Hoa Kỳ Donald J. Trump đã hội đàm tại Nhà Trắng ở Washington. Tập Cận Bình nhấn mạnh việc duy trì một quan hệ chiến lược ổn định mang tính xây dựng, kêu gọi chuyển tầm nhìn thành hành động và thúc đẩy hợp tác chủ đạo, cạnh tranh có độ và bất đồng có thể kiểm soát. Ông kêu gọi Hoa Kỳ phản đối ""Đài Loan độc lập"" và xử lý vấn đề Đài Loan một cách thận trọng, đồng thời nhắc lại lập trường bảo vệ thống nhất quốc gia và toàn vẹn lãnh thổ. Hai nhà lãnh đạo thảo luận về quản lý và hợp tác trong lĩnh vực trí tuệ nhân tạo, với Tập nhấn mạnh phát triển AI phải luôn nằm dưới sự kiểm soát của con người và kêu gọi đối thoại để quản lý rủi ro. Họ cũng trao đổi về thương mại, trong đó có việc gia hạn tạm ngừng chiến tranh thương mại và các biện pháp liên quan như hoãn lệnh cấm xuất khẩu đất hiếm đến ngày 10 tháng 1 năm 2027, và thảo luận về Trung Đông, khủng hoảng Ukraine và bán đảo Triều Tiên. Hai bên xác nhận sẽ hỗ trợ lẫn nhau tổ chức APEC 2026 và G20, và sau cuộc gặp có các hoạt động như bữa tối nhà nước và tham quan trực thăng Marine One. Các quan chức cấp cao tham dự gồm Thái Kỳ, Vương Nghị, Hà Lập Phong của Trung Quốc và các quan chức Mỹ như Phó tổng thống Vance và Ngoại trưởng Rubio.","ngày hai mươi bốn tháng chín năm hai nghìn không trăm hai mươi sáu, chủ tịch trung quốc tập cận bình và tổng thống hoa kỳ donald giây trump đã hội đàm tại nhà trắng ở washington. tập cận bình nhấn mạnh việc duy trì một quan hệ chiến lược ổn định mang tính xây dựng, kêu gọi chuyển tầm nhìn thành hành động và thúc đẩy hợp tác chủ đạo, cạnh tranh có độ và bất đồng có thể kiểm soát. ông kêu gọi hoa kỳ phản đối đài loan độc lập và xử lý vấn đề đài loan một cách thận trọng, đồng thời nhắc lại lập trường bảo vệ thống nhất quốc gia và toàn vẹn lãnh thổ. hai nhà lãnh đạo thảo luận về quản lý và hợp tác trong lĩnh vực trí tuệ nhân tạo, với tập nhấn mạnh phát triển <en>a i</en> phải luôn nằm dưới sự kiểm soát của con người và kêu gọi đối thoại để quản lý rủi ro. họ cũng trao đổi về thương mại, trong đó có việc gia hạn tạm ngừng chiến tranh thương mại và các biện pháp liên quan như hoãn lệnh cấm xuất khẩu đất hiếm đến ngày mười tháng một năm hai nghìn không trăm hai mươi bảy, và thảo luận về trung đông, khủng hoảng ukraine và bán đảo triều tiên. hai bên xác nhận sẽ hỗ trợ lẫn nhau tổ chức <en>apec</en> hai nghìn không trăm hai mươi sáu và gờ hai mươi, và sau cuộc gặp có các hoạt động như bữa tối nhà nước và tham quan trực thăng marine one. các quan chức cấp cao tham dự gồm thái kỳ, vương nghị, hà lập phong của trung quốc và các quan chức mỹ như phó tổng thống vance và ngoại trưởng rubio.",,"tập cận bình nhấn mạnh việc duy trì một quan hệ chiến lược ổn định mang tính xây dựng, kêu gọi chuyển tầm nhìn thành hành động và thúc đẩy hợp tác chủ đạo, cạnh tranh có độ và bất đồng có thể kiểm soát.","tập cận bình nhấn mạnh việc duy trì một quan hệ chiến lược ổn định mang tính xây dựng, kêu gọi chuyển tầm nhìn thành hành động và thúc đẩy hợp tác chủ đạo, cạnh tranh có độ và bất đồng có thể kiểm soát.",True,"t̪ˈə6p kˈə6n bˈi2ɲ ɲˈəɜn mˈe-6ɲ vˈiɛ6c zwˈi tʃˈi2 mˈo6t̪ kwˈaːn hˈe6 tʃˈiɛɜn lˈyə6c ˈo4n ɗˈi6ɲ mˈaːŋ t̪ˈiɜɲ sˈəɪ zˈy6ŋ, kˈe1w ɣˈɔ6j tʃwˈiɛ4n t̪ˈə2m ɲˈi2n tˈe-2ɲ hˈe-2ɲ ɗˈo6ŋ vˌaː2 tˈuɜc ɗˈəɪ4 hˈəː6p t̪ˈaːɜc tʃˈu4 ɗˈaː6w, kˈe-6ɲ tʃˈe-ɲ kˈɔɜ ɗˈo6 vˌaː2 bˈəɜt̪ ɗˈo2ŋ kˈɔɜ tˈe4 kˈiɛ4m swˈaːɜt̪.","t̪ˈə6p kˈə6n bˈi2ɲ ɲˈəɜn mˈe-6ɲ vˈiɛ6c zwˈi tʃˈi2 mˈo6t̪ kwˈaːn hˈe6 tʃˈiɛɜn lˈyə6c ˈo4n ɗˈi6ɲ mˈaːŋ t̪ˈiɜɲ sˈəɪ zˈy6ŋ, kˈe1w ɣˈɔ6j tʃwˈiɛ4n t̪ˈə2m ɲˈi2n tˈe-2ɲ hˈe-2ɲ ɗˈo6ŋ vˌaː2 tˈuɜc ɗˈəɪ4 hˈəː6p t̪ˈaːɜc tʃˈu4 ɗˈaː6w, kˈe-6ɲ tʃˈe-ɲ kˈɔɜ ɗˈo6 vˌaː2 bˈəɜt̪ ɗˈo2ŋ kˈɔɜ tˈe4 kˈiɛ4m swˈaːɜt̪.",sentence,BBE614E05AD0A815D688C3F4B44F691E32398694BF574A75E1012775F7936351
danhgia_tts_02.txt,danhgia_tts_02-001,Văn bản 1,danhgia_tts_02-001-c003,3,"Ngày 24 tháng 9 năm 2026, Chủ tịch Trung Quốc Tập Cận Bình và Tổng thống Hoa Kỳ Donald J. Trump đã hội đàm tại Nhà Trắng ở Washington. Tập Cận Bình nhấn mạnh việc duy trì một quan hệ chiến lược ổn định mang tính xây dựng, kêu gọi chuyển tầm nhìn thành hành động và thúc đẩy hợp tác chủ đạo, cạnh tranh có độ và bất đồng có thể kiểm soát. Ông kêu gọi Hoa Kỳ phản đối ""Đài Loan độc lập"" và xử lý vấn đề Đài Loan một cách thận trọng, đồng thời nhắc lại lập trường bảo vệ thống nhất quốc gia và toàn vẹn lãnh thổ. Hai nhà lãnh đạo thảo luận về quản lý và hợp tác trong lĩnh vực trí tuệ nhân tạo, với Tập nhấn mạnh phát triển AI phải luôn nằm dưới sự kiểm soát của con người và kêu gọi đối thoại để quản lý rủi ro. Họ cũng trao đổi về thương mại, trong đó có việc gia hạn tạm ngừng chiến tranh thương mại và các biện pháp liên quan như hoãn lệnh cấm xuất khẩu đất hiếm đến ngày 10 tháng 1 năm 2027, và thảo luận về Trung Đông, khủng hoảng Ukraine và bán đảo Triều Tiên. Hai bên xác nhận sẽ hỗ trợ lẫn nhau tổ chức APEC 2026 và G20, và sau cuộc gặp có các hoạt động như bữa tối nhà nước và tham quan trực thăng Marine One. Các quan chức cấp cao tham dự gồm Thái Kỳ, Vương Nghị, Hà Lập Phong của Trung Quốc và các quan chức Mỹ như Phó tổng thống Vance và Ngoại trưởng Rubio.","ngày hai mươi bốn tháng chín năm hai nghìn không trăm hai mươi sáu, chủ tịch trung quốc tập cận bình và tổng thống hoa kỳ donald giây trump đã hội đàm tại nhà trắng ở washington. tập cận bình nhấn mạnh việc duy trì một quan hệ chiến lược ổn định mang tính xây dựng, kêu gọi chuyển tầm nhìn thành hành động và thúc đẩy hợp tác chủ đạo, cạnh tranh có độ và bất đồng có thể kiểm soát. ông kêu gọi hoa kỳ phản đối đài loan độc lập và xử lý vấn đề đài loan một cách thận trọng, đồng thời nhắc lại lập trường bảo vệ thống nhất quốc gia và toàn vẹn lãnh thổ. hai nhà lãnh đạo thảo luận về quản lý và hợp tác trong lĩnh vực trí tuệ nhân tạo, với tập nhấn mạnh phát triển <en>a i</en> phải luôn nằm dưới sự kiểm soát của con người và kêu gọi đối thoại để quản lý rủi ro. họ cũng trao đổi về thương mại, trong đó có việc gia hạn tạm ngừng chiến tranh thương mại và các biện pháp liên quan như hoãn lệnh cấm xuất khẩu đất hiếm đến ngày mười tháng một năm hai nghìn không trăm hai mươi bảy, và thảo luận về trung đông, khủng hoảng ukraine và bán đảo triều tiên. hai bên xác nhận sẽ hỗ trợ lẫn nhau tổ chức <en>apec</en> hai nghìn không trăm hai mươi sáu và gờ hai mươi, và sau cuộc gặp có các hoạt động như bữa tối nhà nước và tham quan trực thăng marine one. các quan chức cấp cao tham dự gồm thái kỳ, vương nghị, hà lập phong của trung quốc và các quan chức mỹ như phó tổng thống vance và ngoại trưởng rubio.",,"ông kêu gọi hoa kỳ phản đối đài loan độc lập và xử lý vấn đề đài loan một cách thận trọng, đồng thời nhắc lại lập trường bảo vệ thống nhất quốc gia và toàn vẹn lãnh thổ.","ông kêu gọi hoa kỳ phản đối đài loan độc lập và xử lý vấn đề đài loan một cách thận trọng, đồng thời nhắc lại lập trường bảo vệ thống nhất quốc gia và toàn vẹn lãnh thổ.",True,"ˈoŋ kˈe1w ɣˈɔ6j hwˈaː kˈi2 fˈaː4n ɗˈoɜj ɗˈaː2j lwˈaːn ɗˈo6k lˈə6p vˌaː2 sˈy4 lˈiɜ vˈəɜn ɗˈe2 ɗˈaː2j lwˈaːn mˈo6t̪ kˈe-ɜc tˈə6n tʃˈɔ6ŋ, ɗˈo2ŋ tˈəː2j ɲˈaɜc lˈaː6j lˈə6p tʃˈyə2ŋ bˈaː4w vˈe6 tˈoɜŋ ɲˈəɜt̪ kˈuəɜc zˈaː vˌaː2 t̪wˈaː2n vˈɛ6n lˈe-5ɲ tˈo4.","ˈoŋ kˈe1w ɣˈɔ6j hwˈaː kˈi2 fˈaː4n ɗˈoɜj ɗˈaː2j lwˈaːn ɗˈo6k lˈə6p vˌaː2 sˈy4 lˈiɜ vˈəɜn ɗˈe2 ɗˈaː2j lwˈaːn mˈo6t̪ kˈe-ɜc tˈə6n tʃˈɔ6ŋ, ɗˈo2ŋ tˈəː2j ɲˈaɜc lˈaː6j lˈə6p tʃˈyə2ŋ bˈaː4w vˈe6 tˈoɜŋ ɲˈəɜt̪ kˈuəɜc zˈaː vˌaː2 t̪wˈaː2n vˈɛ6n lˈe-5ɲ tˈo4.",sentence,BBE614E05AD0A815D688C3F4B44F691E32398694BF574A75E1012775F7936351
danhgia_tts_02.txt,danhgia_tts_02-001,Văn bản 1,danhgia_tts_02-001-c004,4,"Ngày 24 tháng 9 năm 2026, Chủ tịch Trung Quốc Tập Cận Bình và Tổng thống Hoa Kỳ Donald J. Trump đã hội đàm tại Nhà Trắng ở Washington. Tập Cận Bình nhấn mạnh việc duy trì một quan hệ chiến lược ổn định mang tính xây dựng, kêu gọi chuyển tầm nhìn thành hành động và thúc đẩy hợp tác chủ đạo, cạnh tranh có độ và bất đồng có thể kiểm soát. Ông kêu gọi Hoa Kỳ phản đối ""Đài Loan độc lập"" và xử lý vấn đề Đài Loan một cách thận trọng, đồng thời nhắc lại lập trường bảo vệ thống nhất quốc gia và toàn vẹn lãnh thổ. Hai nhà lãnh đạo thảo luận về quản lý và hợp tác trong lĩnh vực trí tuệ nhân tạo, với Tập nhấn mạnh phát triển AI phải luôn nằm dưới sự kiểm soát của con người và kêu gọi đối thoại để quản lý rủi ro. Họ cũng trao đổi về thương mại, trong đó có việc gia hạn tạm ngừng chiến tranh thương mại và các biện pháp liên quan như hoãn lệnh cấm xuất khẩu đất hiếm đến ngày 10 tháng 1 năm 2027, và thảo luận về Trung Đông, khủng hoảng Ukraine và bán đảo Triều Tiên. Hai bên xác nhận sẽ hỗ trợ lẫn nhau tổ chức APEC 2026 và G20, và sau cuộc gặp có các hoạt động như bữa tối nhà nước và tham quan trực thăng Marine One. Các quan chức cấp cao tham dự gồm Thái Kỳ, Vương Nghị, Hà Lập Phong của Trung Quốc và các quan chức Mỹ như Phó tổng thống Vance và Ngoại trưởng Rubio.","ngày hai mươi bốn tháng chín năm hai nghìn không trăm hai mươi sáu, chủ tịch trung quốc tập cận bình và tổng thống hoa kỳ donald giây trump đã hội đàm tại nhà trắng ở washington. tập cận bình nhấn mạnh việc duy trì một quan hệ chiến lược ổn định mang tính xây dựng, kêu gọi chuyển tầm nhìn thành hành động và thúc đẩy hợp tác chủ đạo, cạnh tranh có độ và bất đồng có thể kiểm soát. ông kêu gọi hoa kỳ phản đối đài loan độc lập và xử lý vấn đề đài loan một cách thận trọng, đồng thời nhắc lại lập trường bảo vệ thống nhất quốc gia và toàn vẹn lãnh thổ. hai nhà lãnh đạo thảo luận về quản lý và hợp tác trong lĩnh vực trí tuệ nhân tạo, với tập nhấn mạnh phát triển <en>a i</en> phải luôn nằm dưới sự kiểm soát của con người và kêu gọi đối thoại để quản lý rủi ro. họ cũng trao đổi về thương mại, trong đó có việc gia hạn tạm ngừng chiến tranh thương mại và các biện pháp liên quan như hoãn lệnh cấm xuất khẩu đất hiếm đến ngày mười tháng một năm hai nghìn không trăm hai mươi bảy, và thảo luận về trung đông, khủng hoảng ukraine và bán đảo triều tiên. hai bên xác nhận sẽ hỗ trợ lẫn nhau tổ chức <en>apec</en> hai nghìn không trăm hai mươi sáu và gờ hai mươi, và sau cuộc gặp có các hoạt động như bữa tối nhà nước và tham quan trực thăng marine one. các quan chức cấp cao tham dự gồm thái kỳ, vương nghị, hà lập phong của trung quốc và các quan chức mỹ như phó tổng thống vance và ngoại trưởng rubio.",,"hai nhà lãnh đạo thảo luận về quản lý và hợp tác trong lĩnh vực trí tuệ nhân tạo, với tập nhấn mạnh phát triển <en>a i</en> phải luôn nằm dưới sự kiểm soát của con người và kêu gọi đối thoại để quản lý rủi ro.","hai nhà lãnh đạo thảo luận về quản lý và hợp tác trong lĩnh vực trí tuệ nhân tạo, với tập nhấn mạnh phát triển <en>a i</en> phải luôn nằm dưới sự kiểm soát của con người và kêu gọi đối thoại để quản lý rủi ro.",True,"hˈaːj ɲˈaː2 lˈe-5ɲ ɗˈaː6w tˈaː4w lwˈə6n vˈe2 kwˈaː4n lˈiɜ vˌaː2 hˈəː6p t̪ˈaːɜc tʃˈɔŋ lˈi5ɲ vˈy6c tʃˈiɜ t̪wˈe6 ɲˈən t̪ˈaː6w, vˌəːɜj t̪ˈə6p ɲˈəɜn mˈe-6ɲ fˈaːɜt̪ tʃˈiɛ4n ˈeɪ ˈaɪ fˌaː4j lˈuən nˈa2m zˈyəɜj sˈy6 kˈiɛ4m swˈaːɜt̪ kˌuə4 kˌɔn ŋˈyə2j vˌaː2 kˈe1w ɣˈɔ6j ɗˈoɜj twˈaː6j ɗˌe4 kwˈaː4n lˈiɜ ɹˈu4j ɹˈɔ.","hˈaːj ɲˈaː2 lˈe-5ɲ ɗˈaː6w tˈaː4w lwˈə6n vˈe2 kwˈaː4n lˈiɜ vˌaː2 hˈəː6p t̪ˈaːɜc tʃˈɔŋ lˈi5ɲ vˈy6c tʃˈiɜ t̪wˈe6 ɲˈən t̪ˈaː6w, vˌəːɜj t̪ˈə6p ɲˈəɜn mˈe-6ɲ fˈaːɜt̪ tʃˈiɛ4n ˈeɪ ˈaɪ fˌaː4j lˈuən nˈa2m zˈyəɜj sˈy6 kˈiɛ4m swˈaːɜt̪ kˌuə4 kˌɔn ŋˈyə2j vˌaː2 kˈe1w ɣˈɔ6j ɗˈoɜj twˈaː6j ɗˌe4 kwˈaː4n lˈiɜ ɹˈu4j ɹˈɔ.",sentence,BBE614E05AD0A815D688C3F4B44F691E32398694BF574A75E1012775F7936351
danhgia_tts_02.txt,danhgia_tts_02-001,Văn bản 1,danhgia_tts_02-001-c005,5,"Ngày 24 tháng 9 năm 2026, Chủ tịch Trung Quốc Tập Cận Bình và Tổng thống Hoa Kỳ Donald J. Trump đã hội đàm tại Nhà Trắng ở Washington. Tập Cận Bình nhấn mạnh việc duy trì một quan hệ chiến lược ổn định mang tính xây dựng, kêu gọi chuyển tầm nhìn thành hành động và thúc đẩy hợp tác chủ đạo, cạnh tranh có độ và bất đồng có thể kiểm soát. Ông kêu gọi Hoa Kỳ phản đối ""Đài Loan độc lập"" và xử lý vấn đề Đài Loan một cách thận trọng, đồng thời nhắc lại lập trường bảo vệ thống nhất quốc gia và toàn vẹn lãnh thổ. Hai nhà lãnh đạo thảo luận về quản lý và hợp tác trong lĩnh vực trí tuệ nhân tạo, với Tập nhấn mạnh phát triển AI phải luôn nằm dưới sự kiểm soát của con người và kêu gọi đối thoại để quản lý rủi ro. Họ cũng trao đổi về thương mại, trong đó có việc gia hạn tạm ngừng chiến tranh thương mại và các biện pháp liên quan như hoãn lệnh cấm xuất khẩu đất hiếm đến ngày 10 tháng 1 năm 2027, và thảo luận về Trung Đông, khủng hoảng Ukraine và bán đảo Triều Tiên. Hai bên xác nhận sẽ hỗ trợ lẫn nhau tổ chức APEC 2026 và G20, và sau cuộc gặp có các hoạt động như bữa tối nhà nước và tham quan trực thăng Marine One. Các quan chức cấp cao tham dự gồm Thái Kỳ, Vương Nghị, Hà Lập Phong của Trung Quốc và các quan chức Mỹ như Phó tổng thống Vance và Ngoại trưởng Rubio.","ngày hai mươi bốn tháng chín năm hai nghìn không trăm hai mươi sáu, chủ tịch trung quốc tập cận bình và tổng thống hoa kỳ donald giây trump đã hội đàm tại nhà trắng ở washington. tập cận bình nhấn mạnh việc duy trì một quan hệ chiến lược ổn định mang tính xây dựng, kêu gọi chuyển tầm nhìn thành hành động và thúc đẩy hợp tác chủ đạo, cạnh tranh có độ và bất đồng có thể kiểm soát. ông kêu gọi hoa kỳ phản đối đài loan độc lập và xử lý vấn đề đài loan một cách thận trọng, đồng thời nhắc lại lập trường bảo vệ thống nhất quốc gia và toàn vẹn lãnh thổ. hai nhà lãnh đạo thảo luận về quản lý và hợp tác trong lĩnh vực trí tuệ nhân tạo, với tập nhấn mạnh phát triển <en>a i</en> phải luôn nằm dưới sự kiểm soát của con người và kêu gọi đối thoại để quản lý rủi ro. họ cũng trao đổi về thương mại, trong đó có việc gia hạn tạm ngừng chiến tranh thương mại và các biện pháp liên quan như hoãn lệnh cấm xuất khẩu đất hiếm đến ngày mười tháng một năm hai nghìn không trăm hai mươi bảy, và thảo luận về trung đông, khủng hoảng ukraine và bán đảo triều tiên. hai bên xác nhận sẽ hỗ trợ lẫn nhau tổ chức <en>apec</en> hai nghìn không trăm hai mươi sáu và gờ hai mươi, và sau cuộc gặp có các hoạt động như bữa tối nhà nước và tham quan trực thăng marine one. các quan chức cấp cao tham dự gồm thái kỳ, vương nghị, hà lập phong của trung quốc và các quan chức mỹ như phó tổng thống vance và ngoại trưởng rubio.",,"họ cũng trao đổi về thương mại, trong đó có việc gia hạn tạm ngừng chiến tranh thương mại và các biện pháp liên quan như hoãn lệnh cấm xuất khẩu đất hiếm đến ngày mười tháng một năm hai nghìn không trăm hai mươi bảy, và thảo luận về trung đông,","họ cũng trao đổi về thương mại, trong đó có việc gia hạn tạm ngừng chiến tranh thương mại và các biện pháp liên quan như hoãn lệnh cấm xuất khẩu đất hiếm đến ngày mười tháng một năm hai nghìn không trăm hai mươi bảy, và thảo luận về trung đông.",False,"hˈɔ6 kˈu5ŋ tʃˈaːw ɗˈo4j vˈe2 tˈyəŋ mˈaː6j, tʃˈɔŋ ɗˈɔɜ kˈɔɜ vˈiɛ6c zˈaː hˈaː6n t̪ˈaː6m ŋˈy2ŋ tʃˈiɛɜn tʃˈe-ɲ tˈyəŋ mˈaː6j vˌaː2 kˌaːɜc bˈiɛ6n fˈaːɜp lˈiɛn kwˈaːn ɲˌy hwˈaː5n lˈe6ɲ kˈəɜm swˈəɜt̪ xˈə4w ɗˈəɜt̪ hˈiɛɜm ɗˌeɜn ŋˈa2j mˈyə2j tˈaːɜŋ mˈo6t̪ nˈam hˈaːj ŋˈi2n xˌoŋ tʃˈam hˈaːj mˈyəj bˈa4j, vˌaː2 tˈaː4w lwˈə6n vˈe2 tʃˈuŋ ɗˈoŋ.","hˈɔ6 kˈu5ŋ tʃˈaːw ɗˈo4j vˈe2 tˈyəŋ mˈaː6j, tʃˈɔŋ ɗˈɔɜ kˈɔɜ vˈiɛ6c zˈaː hˈaː6n t̪ˈaː6m ŋˈy2ŋ tʃˈiɛɜn tʃˈe-ɲ tˈyəŋ mˈaː6j vˌaː2 kˌaːɜc bˈiɛ6n fˈaːɜp lˈiɛn kwˈaːn ɲˌy hwˈaː5n lˈe6ɲ kˈəɜm swˈəɜt̪ xˈə4w ɗˈəɜt̪ hˈiɛɜm ɗˌeɜn ŋˈa2j mˈyə2j tˈaːɜŋ mˈo6t̪ nˈam hˈaːj ŋˈi2n xˌoŋ tʃˈam hˈaːj mˈyəj bˈa4j, vˌaː2 tˈaː4w lwˈə6n vˈe2 tʃˈuŋ ɗˈoŋ,",minor,BBE614E05AD0A815D688C3F4B44F691E32398694BF574A75E1012775F7936351
danhgia_tts_02.txt,danhgia_tts_02-001,Văn bản 1,danhgia_tts_02-001-c006,6,"Ngày 24 tháng 9 năm 2026, Chủ tịch Trung Quốc Tập Cận Bình và Tổng thống Hoa Kỳ Donald J. Trump đã hội đàm tại Nhà Trắng ở Washington. Tập Cận Bình nhấn mạnh việc duy trì một quan hệ chiến lược ổn định mang tính xây dựng, kêu gọi chuyển tầm nhìn thành hành động và thúc đẩy hợp tác chủ đạo, cạnh tranh có độ và bất đồng có thể kiểm soát. Ông kêu gọi Hoa Kỳ phản đối ""Đài Loan độc lập"" và xử lý vấn đề Đài Loan một cách thận trọng, đồng thời nhắc lại lập trường bảo vệ thống nhất quốc gia và toàn vẹn lãnh thổ. Hai nhà lãnh đạo thảo luận về quản lý và hợp tác trong lĩnh vực trí tuệ nhân tạo, với Tập nhấn mạnh phát triển AI phải luôn nằm dưới sự kiểm soát của con người và kêu gọi đối thoại để quản lý rủi ro. Họ cũng trao đổi về thương mại, trong đó có việc gia hạn tạm ngừng chiến tranh thương mại và các biện pháp liên quan như hoãn lệnh cấm xuất khẩu đất hiếm đến ngày 10 tháng 1 năm 2027, và thảo luận về Trung Đông, khủng hoảng Ukraine và bán đảo Triều Tiên. Hai bên xác nhận sẽ hỗ trợ lẫn nhau tổ chức APEC 2026 và G20, và sau cuộc gặp có các hoạt động như bữa tối nhà nước và tham quan trực thăng Marine One. Các quan chức cấp cao tham dự gồm Thái Kỳ, Vương Nghị, Hà Lập Phong của Trung Quốc và các quan chức Mỹ như Phó tổng thống Vance và Ngoại trưởng Rubio.","ngày hai mươi bốn tháng chín năm hai nghìn không trăm hai mươi sáu, chủ tịch trung quốc tập cận bình và tổng thống hoa kỳ donald giây trump đã hội đàm tại nhà trắng ở washington. tập cận bình nhấn mạnh việc duy trì một quan hệ chiến lược ổn định mang tính xây dựng, kêu gọi chuyển tầm nhìn thành hành động và thúc đẩy hợp tác chủ đạo, cạnh tranh có độ và bất đồng có thể kiểm soát. ông kêu gọi hoa kỳ phản đối đài loan độc lập và xử lý vấn đề đài loan một cách thận trọng, đồng thời nhắc lại lập trường bảo vệ thống nhất quốc gia và toàn vẹn lãnh thổ. hai nhà lãnh đạo thảo luận về quản lý và hợp tác trong lĩnh vực trí tuệ nhân tạo, với tập nhấn mạnh phát triển <en>a i</en> phải luôn nằm dưới sự kiểm soát của con người và kêu gọi đối thoại để quản lý rủi ro. họ cũng trao đổi về thương mại, trong đó có việc gia hạn tạm ngừng chiến tranh thương mại và các biện pháp liên quan như hoãn lệnh cấm xuất khẩu đất hiếm đến ngày mười tháng một năm hai nghìn không trăm hai mươi bảy, và thảo luận về trung đông, khủng hoảng ukraine và bán đảo triều tiên. hai bên xác nhận sẽ hỗ trợ lẫn nhau tổ chức <en>apec</en> hai nghìn không trăm hai mươi sáu và gờ hai mươi, và sau cuộc gặp có các hoạt động như bữa tối nhà nước và tham quan trực thăng marine one. các quan chức cấp cao tham dự gồm thái kỳ, vương nghị, hà lập phong của trung quốc và các quan chức mỹ như phó tổng thống vance và ngoại trưởng rubio.",,"khủng hoảng ukraine và bán đảo triều tiên. hai bên xác nhận sẽ hỗ trợ lẫn nhau tổ chức <en>apec</en> hai nghìn không trăm hai mươi sáu và gờ hai mươi, và sau cuộc gặp có các hoạt động như bữa tối nhà nước và tham quan trực thăng marine one.","khủng hoảng ukraine và bán đảo triều tiên. hai bên xác nhận sẽ hỗ trợ lẫn nhau tổ chức <en>apec</en> hai nghìn không trăm hai mươi sáu và gờ hai mươi, và sau cuộc gặp có các hoạt động như bữa tối nhà nước và tham quan trực thăng marine one.",True,"xˈu4ŋ hwˈaː4ŋ juːkɹˈeɪn vˌaː2 bˈaːɜn ɗˈaː4w tʃˈiɛ2w t̪ˈiɛn. hˈaːj bˈen sˈaːɜc ɲˈə6n sˌɛ5 hˈo5 tʃˈəː6 lˈə5n ɲˈaw t̪ˈo4 tʃˈyɜc ˈeɪpɛk hˈaːj ŋˈi2n xˌoŋ tʃˈam hˈaːj mˈyəj sˈaɜw vˌaː2 ɣˈəː2 hˈaːj mˈyəj, vˌaː2 sˈaw kˈuə6c ɣˈa6p kˈɔɜ kˌaːɜc hwˈaː6t̪ ɗˈo6ŋ ɲˌy bˈyə5 t̪ˈoɜj ɲˈaː2 nˈyəɜc vˌaː2 tˈaːm kwˈaːn tʃˈy6c tˈaŋ mɚɹˈiːn wˌʌn.","xˈu4ŋ hwˈaː4ŋ juːkɹˈeɪn vˌaː2 bˈaːɜn ɗˈaː4w tʃˈiɛ2w t̪ˈiɛn. hˈaːj bˈen sˈaːɜc ɲˈə6n sˌɛ5 hˈo5 tʃˈəː6 lˈə5n ɲˈaw t̪ˈo4 tʃˈyɜc ˈeɪpɛk hˈaːj ŋˈi2n xˌoŋ tʃˈam hˈaːj mˈyəj sˈaɜw vˌaː2 ɣˈəː2 hˈaːj mˈyəj, vˌaː2 sˈaw kˈuə6c ɣˈa6p kˈɔɜ kˌaːɜc hwˈaː6t̪ ɗˈo6ŋ ɲˌy bˈyə5 t̪ˈoɜj ɲˈaː2 nˈyəɜc vˌaː2 tˈaːm kwˈaːn tʃˈy6c tˈaŋ mɚɹˈiːn wˌʌn.",sentence,BBE614E05AD0A815D688C3F4B44F691E32398694BF574A75E1012775F7936351
danhgia_tts_02.txt,danhgia_tts_02-001,Văn bản 1,danhgia_tts_02-001-c007,7,"Ngày 24 tháng 9 năm 2026, Chủ tịch Trung Quốc Tập Cận Bình và Tổng thống Hoa Kỳ Donald J. Trump đã hội đàm tại Nhà Trắng ở Washington. Tập Cận Bình nhấn mạnh việc duy trì một quan hệ chiến lược ổn định mang tính xây dựng, kêu gọi chuyển tầm nhìn thành hành động và thúc đẩy hợp tác chủ đạo, cạnh tranh có độ và bất đồng có thể kiểm soát. Ông kêu gọi Hoa Kỳ phản đối ""Đài Loan độc lập"" và xử lý vấn đề Đài Loan một cách thận trọng, đồng thời nhắc lại lập trường bảo vệ thống nhất quốc gia và toàn vẹn lãnh thổ. Hai nhà lãnh đạo thảo luận về quản lý và hợp tác trong lĩnh vực trí tuệ nhân tạo, với Tập nhấn mạnh phát triển AI phải luôn nằm dưới sự kiểm soát của con người và kêu gọi đối thoại để quản lý rủi ro. Họ cũng trao đổi về thương mại, trong đó có việc gia hạn tạm ngừng chiến tranh thương mại và các biện pháp liên quan như hoãn lệnh cấm xuất khẩu đất hiếm đến ngày 10 tháng 1 năm 2027, và thảo luận về Trung Đông, khủng hoảng Ukraine và bán đảo Triều Tiên. Hai bên xác nhận sẽ hỗ trợ lẫn nhau tổ chức APEC 2026 và G20, và sau cuộc gặp có các hoạt động như bữa tối nhà nước và tham quan trực thăng Marine One. Các quan chức cấp cao tham dự gồm Thái Kỳ, Vương Nghị, Hà Lập Phong của Trung Quốc và các quan chức Mỹ như Phó tổng thống Vance và Ngoại trưởng Rubio.","ngày hai mươi bốn tháng chín năm hai nghìn không trăm hai mươi sáu, chủ tịch trung quốc tập cận bình và tổng thống hoa kỳ donald giây trump đã hội đàm tại nhà trắng ở washington. tập cận bình nhấn mạnh việc duy trì một quan hệ chiến lược ổn định mang tính xây dựng, kêu gọi chuyển tầm nhìn thành hành động và thúc đẩy hợp tác chủ đạo, cạnh tranh có độ và bất đồng có thể kiểm soát. ông kêu gọi hoa kỳ phản đối đài loan độc lập và xử lý vấn đề đài loan một cách thận trọng, đồng thời nhắc lại lập trường bảo vệ thống nhất quốc gia và toàn vẹn lãnh thổ. hai nhà lãnh đạo thảo luận về quản lý và hợp tác trong lĩnh vực trí tuệ nhân tạo, với tập nhấn mạnh phát triển <en>a i</en> phải luôn nằm dưới sự kiểm soát của con người và kêu gọi đối thoại để quản lý rủi ro. họ cũng trao đổi về thương mại, trong đó có việc gia hạn tạm ngừng chiến tranh thương mại và các biện pháp liên quan như hoãn lệnh cấm xuất khẩu đất hiếm đến ngày mười tháng một năm hai nghìn không trăm hai mươi bảy, và thảo luận về trung đông, khủng hoảng ukraine và bán đảo triều tiên. hai bên xác nhận sẽ hỗ trợ lẫn nhau tổ chức <en>apec</en> hai nghìn không trăm hai mươi sáu và gờ hai mươi, và sau cuộc gặp có các hoạt động như bữa tối nhà nước và tham quan trực thăng marine one. các quan chức cấp cao tham dự gồm thái kỳ, vương nghị, hà lập phong của trung quốc và các quan chức mỹ như phó tổng thống vance và ngoại trưởng rubio.",,"các quan chức cấp cao tham dự gồm thái kỳ, vương nghị, hà lập phong của trung quốc và các quan chức mỹ như phó tổng thống vance và ngoại trưởng rubio.","các quan chức cấp cao tham dự gồm thái kỳ, vương nghị, hà lập phong của trung quốc và các quan chức mỹ như phó tổng thống vance và ngoại trưởng rubio.",True,"kˌaːɜc kwˈaːn tʃˈyɜc kˈəɜp kˈaːw tˈaːm zˈy6 ɣˈo2m tˈaːɜj kˈi2, vˈyəŋ ŋˈi6, hˈaː2 lˈə6p fˈɔŋ kˌuə4 tʃˈuŋ kˈuəɜc vˌaː2 kˌaːɜc kwˈaːn tʃˈyɜc mˈi5 ɲˌy fˈɔɜ t̪ˈo4ŋ tˈoɜŋ vˈæns vˌaː2 ŋwˈaː6j tʃˈyə4ŋ ɹˈuːbɪˌoʊ.","kˌaːɜc kwˈaːn tʃˈyɜc kˈəɜp kˈaːw tˈaːm zˈy6 ɣˈo2m tˈaːɜj kˈi2, vˈyəŋ ŋˈi6, hˈaː2 lˈə6p fˈɔŋ kˌuə4 tʃˈuŋ kˈuəɜc vˌaː2 kˌaːɜc kwˈaːn tʃˈyɜc mˈi5 ɲˌy fˈɔɜ t̪ˈo4ŋ tˈoɜŋ vˈæns vˌaː2 ŋwˈaː6j tʃˈyə4ŋ ɹˈuːbɪˌoʊ.",,BBE614E05AD0A815D688C3F4B44F691E32398694BF574A75E1012775F7936351
danhgia_tts_02.txt,danhgia_tts_02-002,Văn bản 2,danhgia_tts_02-002-c001,1,"Thủ tướng Israel Benjamin Netanyahu trong bài phát biểu hôm thứ Năm tại Đại hội đồng Liên Hợp Quốc đã công kích Thị trưởng New York Zohran Mamdani, cáo buộc ông Mamdani làm nguy hiểm cho cư dân Do Thái ở New York bằng việc chỉ trích các hành động quân sự của Israel ở Gaza. Ông Netanyahu gọi Mamdani là ""thị trưởng bài Do Thái"" và cáo buộc ông lan truyền những lời dối trá về Israel, đồng thời khẳng định Israel không gây ra diệt chủng mà đã ngăn chặn diệt chủng. Mamdani, thị trưởng đầu tiên là người Hồi giáo của New York, từng gọi Netanyahu là ""tội phạm chiến tranh"" và ""kiến trúc sư của một cuộc diệt chủng kinh hoàng"" nhưng khẳng định chỉ trích Israel không phải là bài Do Thái. Mamdani từng tuyên bố sẽ ra lệnh bắt giữ Netanyahu theo lệnh của Tòa án Hình sự Quốc tế nhưng sau đó thừa nhận chính quyền New York không có thẩm quyền pháp lý để thi hành. Trước bài phát biểu, phái đoàn Palestine kêu gọi rút lui tập thể và nhiều đại biểu đã rời hội trường; chính phủ Israel cũng chi trả cho hàng trăm biển quảng cáo ủng hộ Israel tại Manhattan. Mamdani đã gặp Tổng thống Hoa Kỳ Donald Trump tại New York, và trong một video ông đăng tại Gracie Mansion ông trồng cây ô liu cùng các gia đình Palestine từ Gaza. ICC, đặt tại The Hague, đã ra lệnh bắt đối với Netanyahu và cựu Bộ trưởng Quốc phòng Israel Yoav Gallant vào tháng 11 năm 2024.","thủ tướng israel benjamin netanyahu trong bài phát biểu hôm thứ năm tại đại hội đồng liên hợp quốc đã công kích thị trưởng new york zohran mamdani, cáo buộc ông mamdani làm nguy hiểm cho cư dân do thái ở new york bằng việc chỉ trích các hành động quân sự của israel ở gaza. ông netanyahu gọi mamdani là thị trưởng bài do thái và cáo buộc ông lan truyền những lời dối trá về israel, đồng thời khẳng định israel không gây ra diệt chủng mà đã ngăn chặn diệt chủng. mamdani, thị trưởng đầu tiên là người hồi giáo của new york, từng gọi netanyahu là tội phạm chiến tranh và kiến trúc sư của một cuộc diệt chủng kinh hoàng nhưng khẳng định chỉ trích israel không phải là bài do thái. mamdani từng tuyên bố sẽ ra lệnh bắt giữ netanyahu theo lệnh của tòa án hình sự quốc tế nhưng sau đó thừa nhận chính quyền new york không có thẩm quyền pháp lý để thi hành. trước bài phát biểu, phái đoàn palestine kêu gọi rút lui tập thể và nhiều đại biểu đã rời hội trường, chính phủ israel cũng chi trả cho hàng trăm biển quảng cáo ủng hộ israel tại manhattan. mamdani đã gặp tổng thống hoa kỳ donald trump tại new york, và trong một video ông đăng tại gracie mansion ông trồng cây ô liu cùng các gia đình palestine từ gaza. i xê xê, đặt tại the hague, đã ra lệnh bắt đối với netanyahu và cựu bộ trưởng quốc phòng israel yoav gallant vào tháng mười một năm hai nghìn không trăm hai mươi bốn.",,"thủ tướng israel benjamin netanyahu trong bài phát biểu hôm thứ năm tại đại hội đồng liên hợp quốc đã công kích thị trưởng new york zohran mamdani,",thủ tướng israel benjamin netanyahu trong bài phát biểu hôm thứ năm tại đại hội đồng liên hợp quốc đã công kích thị trưởng new york zohran mamdani.,False,tˈu4 t̪ˈyəɜŋ ˈɪzɹiːəl bˈɛndʒəmɪn nˌɛtɐnɪˈɑːhuː tʃˈɔŋ bˈaː2j fˈaːɜt̪ bˈiɛ4w hˈom tˈyɜ nˈam t̪ˈaː6j ɗˈaː6j hˈo6j ɗˈo2ŋ lˈiɛn hˈəː6p kˈuəɜc ɗˌaː5 kˈoŋ kˈiɜc tˈi6 tʃˈyə4ŋ nˈuː jˈɔːɹk zˈoʊ ɹˈaːn mæmdˈɑːni.,"tˈu4 t̪ˈyəɜŋ ˈɪzɹiːəl bˈɛndʒəmɪn nˌɛtɐnɪˈɑːhuː tʃˈɔŋ bˈaː2j fˈaːɜt̪ bˈiɛ4w hˈom tˈyɜ nˈam t̪ˈaː6j ɗˈaː6j hˈo6j ɗˈo2ŋ lˈiɛn hˈəː6p kˈuəɜc ɗˌaː5 kˈoŋ kˈiɜc tˈi6 tʃˈyə4ŋ nˈuː jˈɔːɹk zˈoʊ ɹˈaːn mæmdˈɑːni,",minor,BBE614E05AD0A815D688C3F4B44F691E32398694BF574A75E1012775F7936351
danhgia_tts_02.txt,danhgia_tts_02-002,Văn bản 2,danhgia_tts_02-002-c002,2,"Thủ tướng Israel Benjamin Netanyahu trong bài phát biểu hôm thứ Năm tại Đại hội đồng Liên Hợp Quốc đã công kích Thị trưởng New York Zohran Mamdani, cáo buộc ông Mamdani làm nguy hiểm cho cư dân Do Thái ở New York bằng việc chỉ trích các hành động quân sự của Israel ở Gaza. Ông Netanyahu gọi Mamdani là ""thị trưởng bài Do Thái"" và cáo buộc ông lan truyền những lời dối trá về Israel, đồng thời khẳng định Israel không gây ra diệt chủng mà đã ngăn chặn diệt chủng. Mamdani, thị trưởng đầu tiên là người Hồi giáo của New York, từng gọi Netanyahu là ""tội phạm chiến tranh"" và ""kiến trúc sư của một cuộc diệt chủng kinh hoàng"" nhưng khẳng định chỉ trích Israel không phải là bài Do Thái. Mamdani từng tuyên bố sẽ ra lệnh bắt giữ Netanyahu theo lệnh của Tòa án Hình sự Quốc tế nhưng sau đó thừa nhận chính quyền New York không có thẩm quyền pháp lý để thi hành. Trước bài phát biểu, phái đoàn Palestine kêu gọi rút lui tập thể và nhiều đại biểu đã rời hội trường; chính phủ Israel cũng chi trả cho hàng trăm biển quảng cáo ủng hộ Israel tại Manhattan. Mamdani đã gặp Tổng thống Hoa Kỳ Donald Trump tại New York, và trong một video ông đăng tại Gracie Mansion ông trồng cây ô liu cùng các gia đình Palestine từ Gaza. ICC, đặt tại The Hague, đã ra lệnh bắt đối với Netanyahu và cựu Bộ trưởng Quốc phòng Israel Yoav Gallant vào tháng 11 năm 2024.","thủ tướng israel benjamin netanyahu trong bài phát biểu hôm thứ năm tại đại hội đồng liên hợp quốc đã công kích thị trưởng new york zohran mamdani, cáo buộc ông mamdani làm nguy hiểm cho cư dân do thái ở new york bằng việc chỉ trích các hành động quân sự của israel ở gaza. ông netanyahu gọi mamdani là thị trưởng bài do thái và cáo buộc ông lan truyền những lời dối trá về israel, đồng thời khẳng định israel không gây ra diệt chủng mà đã ngăn chặn diệt chủng. mamdani, thị trưởng đầu tiên là người hồi giáo của new york, từng gọi netanyahu là tội phạm chiến tranh và kiến trúc sư của một cuộc diệt chủng kinh hoàng nhưng khẳng định chỉ trích israel không phải là bài do thái. mamdani từng tuyên bố sẽ ra lệnh bắt giữ netanyahu theo lệnh của tòa án hình sự quốc tế nhưng sau đó thừa nhận chính quyền new york không có thẩm quyền pháp lý để thi hành. trước bài phát biểu, phái đoàn palestine kêu gọi rút lui tập thể và nhiều đại biểu đã rời hội trường, chính phủ israel cũng chi trả cho hàng trăm biển quảng cáo ủng hộ israel tại manhattan. mamdani đã gặp tổng thống hoa kỳ donald trump tại new york, và trong một video ông đăng tại gracie mansion ông trồng cây ô liu cùng các gia đình palestine từ gaza. i xê xê, đặt tại the hague, đã ra lệnh bắt đối với netanyahu và cựu bộ trưởng quốc phòng israel yoav gallant vào tháng mười một năm hai nghìn không trăm hai mươi bốn.",,cáo buộc ông mamdani làm nguy hiểm cho cư dân do thái ở new york bằng việc chỉ trích các hành động quân sự của israel ở gaza.,cáo buộc ông mamdani làm nguy hiểm cho cư dân do thái ở new york bằng việc chỉ trích các hành động quân sự của israel ở gaza.,True,kˈaːɜw bˈuə6c ˈoŋ mæmdˈɑːni lˈaː2m ŋwˈi hˈiɛ4m tʃˌɔ kˈy zˈən zˈɔ tˈaːɜj ˈəː4 nˈuː jˈɔːɹk bˈa2ŋ vˈiɛ6c tʃˈi4 tʃˈiɜc kˌaːɜc hˈe-2ɲ ɗˈo6ŋ kwˈən sˈy6 kˌuə4 ˈɪzɹiːəl ˈəː4 ɡˈɑːzə.,kˈaːɜw bˈuə6c ˈoŋ mæmdˈɑːni lˈaː2m ŋwˈi hˈiɛ4m tʃˌɔ kˈy zˈən zˈɔ tˈaːɜj ˈəː4 nˈuː jˈɔːɹk bˈa2ŋ vˈiɛ6c tʃˈi4 tʃˈiɜc kˌaːɜc hˈe-2ɲ ɗˈo6ŋ kwˈən sˈy6 kˌuə4 ˈɪzɹiːəl ˈəː4 ɡˈɑːzə.,sentence,BBE614E05AD0A815D688C3F4B44F691E32398694BF574A75E1012775F7936351
danhgia_tts_02.txt,danhgia_tts_02-002,Văn bản 2,danhgia_tts_02-002-c003,3,"Thủ tướng Israel Benjamin Netanyahu trong bài phát biểu hôm thứ Năm tại Đại hội đồng Liên Hợp Quốc đã công kích Thị trưởng New York Zohran Mamdani, cáo buộc ông Mamdani làm nguy hiểm cho cư dân Do Thái ở New York bằng việc chỉ trích các hành động quân sự của Israel ở Gaza. Ông Netanyahu gọi Mamdani là ""thị trưởng bài Do Thái"" và cáo buộc ông lan truyền những lời dối trá về Israel, đồng thời khẳng định Israel không gây ra diệt chủng mà đã ngăn chặn diệt chủng. Mamdani, thị trưởng đầu tiên là người Hồi giáo của New York, từng gọi Netanyahu là ""tội phạm chiến tranh"" và ""kiến trúc sư của một cuộc diệt chủng kinh hoàng"" nhưng khẳng định chỉ trích Israel không phải là bài Do Thái. Mamdani từng tuyên bố sẽ ra lệnh bắt giữ Netanyahu theo lệnh của Tòa án Hình sự Quốc tế nhưng sau đó thừa nhận chính quyền New York không có thẩm quyền pháp lý để thi hành. Trước bài phát biểu, phái đoàn Palestine kêu gọi rút lui tập thể và nhiều đại biểu đã rời hội trường; chính phủ Israel cũng chi trả cho hàng trăm biển quảng cáo ủng hộ Israel tại Manhattan. Mamdani đã gặp Tổng thống Hoa Kỳ Donald Trump tại New York, và trong một video ông đăng tại Gracie Mansion ông trồng cây ô liu cùng các gia đình Palestine từ Gaza. ICC, đặt tại The Hague, đã ra lệnh bắt đối với Netanyahu và cựu Bộ trưởng Quốc phòng Israel Yoav Gallant vào tháng 11 năm 2024.","thủ tướng israel benjamin netanyahu trong bài phát biểu hôm thứ năm tại đại hội đồng liên hợp quốc đã công kích thị trưởng new york zohran mamdani, cáo buộc ông mamdani làm nguy hiểm cho cư dân do thái ở new york bằng việc chỉ trích các hành động quân sự của israel ở gaza. ông netanyahu gọi mamdani là thị trưởng bài do thái và cáo buộc ông lan truyền những lời dối trá về israel, đồng thời khẳng định israel không gây ra diệt chủng mà đã ngăn chặn diệt chủng. mamdani, thị trưởng đầu tiên là người hồi giáo của new york, từng gọi netanyahu là tội phạm chiến tranh và kiến trúc sư của một cuộc diệt chủng kinh hoàng nhưng khẳng định chỉ trích israel không phải là bài do thái. mamdani từng tuyên bố sẽ ra lệnh bắt giữ netanyahu theo lệnh của tòa án hình sự quốc tế nhưng sau đó thừa nhận chính quyền new york không có thẩm quyền pháp lý để thi hành. trước bài phát biểu, phái đoàn palestine kêu gọi rút lui tập thể và nhiều đại biểu đã rời hội trường, chính phủ israel cũng chi trả cho hàng trăm biển quảng cáo ủng hộ israel tại manhattan. mamdani đã gặp tổng thống hoa kỳ donald trump tại new york, và trong một video ông đăng tại gracie mansion ông trồng cây ô liu cùng các gia đình palestine từ gaza. i xê xê, đặt tại the hague, đã ra lệnh bắt đối với netanyahu và cựu bộ trưởng quốc phòng israel yoav gallant vào tháng mười một năm hai nghìn không trăm hai mươi bốn.",,"ông netanyahu gọi mamdani là thị trưởng bài do thái và cáo buộc ông lan truyền những lời dối trá về israel, đồng thời khẳng định israel không gây ra diệt chủng mà đã ngăn chặn diệt chủng.","ông netanyahu gọi mamdani là thị trưởng bài do thái và cáo buộc ông lan truyền những lời dối trá về israel, đồng thời khẳng định israel không gây ra diệt chủng mà đã ngăn chặn diệt chủng.",True,"ˈoŋ nˌɛtɐnɪˈɑːhuː ɣˈɔ6j mæmdˈɑːni lˌaː2 tˈi6 tʃˈyə4ŋ bˈaː2j zˈɔ tˈaːɜj vˌaː2 kˈaːɜw bˈuə6c ˈoŋ lˈaːn tʃwˈiɛ2n ɲˌy5ŋ lˈəː2j zˈoɜj tʃˈaːɜ vˈe2 ˈɪzɹiːəl, ɗˈo2ŋ tˈəː2j xˈa4ŋ ɗˈi6ɲ ˈɪzɹiːəl xˌoŋ ɣˈəɪ ɹˈaː zˈiɛ6t̪ tʃˈu4ŋ mˌaː2 ɗˌaː5 ŋˈan tʃˈa6n zˈiɛ6t̪ tʃˈu4ŋ.","ˈoŋ nˌɛtɐnɪˈɑːhuː ɣˈɔ6j mæmdˈɑːni lˌaː2 tˈi6 tʃˈyə4ŋ bˈaː2j zˈɔ tˈaːɜj vˌaː2 kˈaːɜw bˈuə6c ˈoŋ lˈaːn tʃwˈiɛ2n ɲˌy5ŋ lˈəː2j zˈoɜj tʃˈaːɜ vˈe2 ˈɪzɹiːəl, ɗˈo2ŋ tˈəː2j xˈa4ŋ ɗˈi6ɲ ˈɪzɹiːəl xˌoŋ ɣˈəɪ ɹˈaː zˈiɛ6t̪ tʃˈu4ŋ mˌaː2 ɗˌaː5 ŋˈan tʃˈa6n zˈiɛ6t̪ tʃˈu4ŋ.",sentence,BBE614E05AD0A815D688C3F4B44F691E32398694BF574A75E1012775F7936351
danhgia_tts_02.txt,danhgia_tts_02-002,Văn bản 2,danhgia_tts_02-002-c004,4,"Thủ tướng Israel Benjamin Netanyahu trong bài phát biểu hôm thứ Năm tại Đại hội đồng Liên Hợp Quốc đã công kích Thị trưởng New York Zohran Mamdani, cáo buộc ông Mamdani làm nguy hiểm cho cư dân Do Thái ở New York bằng việc chỉ trích các hành động quân sự của Israel ở Gaza. Ông Netanyahu gọi Mamdani là ""thị trưởng bài Do Thái"" và cáo buộc ông lan truyền những lời dối trá về Israel, đồng thời khẳng định Israel không gây ra diệt chủng mà đã ngăn chặn diệt chủng. Mamdani, thị trưởng đầu tiên là người Hồi giáo của New York, từng gọi Netanyahu là ""tội phạm chiến tranh"" và ""kiến trúc sư của một cuộc diệt chủng kinh hoàng"" nhưng khẳng định chỉ trích Israel không phải là bài Do Thái. Mamdani từng tuyên bố sẽ ra lệnh bắt giữ Netanyahu theo lệnh của Tòa án Hình sự Quốc tế nhưng sau đó thừa nhận chính quyền New York không có thẩm quyền pháp lý để thi hành. Trước bài phát biểu, phái đoàn Palestine kêu gọi rút lui tập thể và nhiều đại biểu đã rời hội trường; chính phủ Israel cũng chi trả cho hàng trăm biển quảng cáo ủng hộ Israel tại Manhattan. Mamdani đã gặp Tổng thống Hoa Kỳ Donald Trump tại New York, và trong một video ông đăng tại Gracie Mansion ông trồng cây ô liu cùng các gia đình Palestine từ Gaza. ICC, đặt tại The Hague, đã ra lệnh bắt đối với Netanyahu và cựu Bộ trưởng Quốc phòng Israel Yoav Gallant vào tháng 11 năm 2024.","thủ tướng israel benjamin netanyahu trong bài phát biểu hôm thứ năm tại đại hội đồng liên hợp quốc đã công kích thị trưởng new york zohran mamdani, cáo buộc ông mamdani làm nguy hiểm cho cư dân do thái ở new york bằng việc chỉ trích các hành động quân sự của israel ở gaza. ông netanyahu gọi mamdani là thị trưởng bài do thái và cáo buộc ông lan truyền những lời dối trá về israel, đồng thời khẳng định israel không gây ra diệt chủng mà đã ngăn chặn diệt chủng. mamdani, thị trưởng đầu tiên là người hồi giáo của new york, từng gọi netanyahu là tội phạm chiến tranh và kiến trúc sư của một cuộc diệt chủng kinh hoàng nhưng khẳng định chỉ trích israel không phải là bài do thái. mamdani từng tuyên bố sẽ ra lệnh bắt giữ netanyahu theo lệnh của tòa án hình sự quốc tế nhưng sau đó thừa nhận chính quyền new york không có thẩm quyền pháp lý để thi hành. trước bài phát biểu, phái đoàn palestine kêu gọi rút lui tập thể và nhiều đại biểu đã rời hội trường, chính phủ israel cũng chi trả cho hàng trăm biển quảng cáo ủng hộ israel tại manhattan. mamdani đã gặp tổng thống hoa kỳ donald trump tại new york, và trong một video ông đăng tại gracie mansion ông trồng cây ô liu cùng các gia đình palestine từ gaza. i xê xê, đặt tại the hague, đã ra lệnh bắt đối với netanyahu và cựu bộ trưởng quốc phòng israel yoav gallant vào tháng mười một năm hai nghìn không trăm hai mươi bốn.",,"mamdani, thị trưởng đầu tiên là người hồi giáo của new york, từng gọi netanyahu là tội phạm chiến tranh và kiến trúc sư của một cuộc diệt chủng kinh hoàng nhưng khẳng định chỉ trích israel không phải là bài do thái.","mamdani, thị trưởng đầu tiên là người hồi giáo của new york, từng gọi netanyahu là tội phạm chiến tranh và kiến trúc sư của một cuộc diệt chủng kinh hoàng nhưng khẳng định chỉ trích israel không phải là bài do thái.",True,"mæmdˈɑːni, tˈi6 tʃˈyə4ŋ ɗˈə2w t̪ˈiɛn lˌaː2 ŋˈyə2j hˈo2j zˈaːɜw kˌuə4 nˈuː jˈɔːɹk, t̪ˈy2ŋ ɣˈɔ6j nˌɛtɐnɪˈɑːhuː lˌaː2 t̪ˈo6j fˈaː6m tʃˈiɛɜn tʃˈe-ɲ vˌaː2 kˈiɛɜn tʃˈuɜc sˈy kˌuə4 mˈo6t̪ kˈuə6c zˈiɛ6t̪ tʃˈu4ŋ kˈiɲ hwˈaː2ŋ ɲˌyŋ xˈa4ŋ ɗˈi6ɲ tʃˈi4 tʃˈiɜc ˈɪzɹiːəl xˌoŋ fˌaː4j lˌaː2 bˈaː2j zˈɔ tˈaːɜj.","mæmdˈɑːni, tˈi6 tʃˈyə4ŋ ɗˈə2w t̪ˈiɛn lˌaː2 ŋˈyə2j hˈo2j zˈaːɜw kˌuə4 nˈuː jˈɔːɹk, t̪ˈy2ŋ ɣˈɔ6j nˌɛtɐnɪˈɑːhuː lˌaː2 t̪ˈo6j fˈaː6m tʃˈiɛɜn tʃˈe-ɲ vˌaː2 kˈiɛɜn tʃˈuɜc sˈy kˌuə4 mˈo6t̪ kˈuə6c zˈiɛ6t̪ tʃˈu4ŋ kˈiɲ hwˈaː2ŋ ɲˌyŋ xˈa4ŋ ɗˈi6ɲ tʃˈi4 tʃˈiɜc ˈɪzɹiːəl xˌoŋ fˌaː4j lˌaː2 bˈaː2j zˈɔ tˈaːɜj.",sentence,BBE614E05AD0A815D688C3F4B44F691E32398694BF574A75E1012775F7936351
danhgia_tts_02.txt,danhgia_tts_02-002,Văn bản 2,danhgia_tts_02-002-c005,5,"Thủ tướng Israel Benjamin Netanyahu trong bài phát biểu hôm thứ Năm tại Đại hội đồng Liên Hợp Quốc đã công kích Thị trưởng New York Zohran Mamdani, cáo buộc ông Mamdani làm nguy hiểm cho cư dân Do Thái ở New York bằng việc chỉ trích các hành động quân sự của Israel ở Gaza. Ông Netanyahu gọi Mamdani là ""thị trưởng bài Do Thái"" và cáo buộc ông lan truyền những lời dối trá về Israel, đồng thời khẳng định Israel không gây ra diệt chủng mà đã ngăn chặn diệt chủng. Mamdani, thị trưởng đầu tiên là người Hồi giáo của New York, từng gọi Netanyahu là ""tội phạm chiến tranh"" và ""kiến trúc sư của một cuộc diệt chủng kinh hoàng"" nhưng khẳng định chỉ trích Israel không phải là bài Do Thái. Mamdani từng tuyên bố sẽ ra lệnh bắt giữ Netanyahu theo lệnh của Tòa án Hình sự Quốc tế nhưng sau đó thừa nhận chính quyền New York không có thẩm quyền pháp lý để thi hành. Trước bài phát biểu, phái đoàn Palestine kêu gọi rút lui tập thể và nhiều đại biểu đã rời hội trường; chính phủ Israel cũng chi trả cho hàng trăm biển quảng cáo ủng hộ Israel tại Manhattan. Mamdani đã gặp Tổng thống Hoa Kỳ Donald Trump tại New York, và trong một video ông đăng tại Gracie Mansion ông trồng cây ô liu cùng các gia đình Palestine từ Gaza. ICC, đặt tại The Hague, đã ra lệnh bắt đối với Netanyahu và cựu Bộ trưởng Quốc phòng Israel Yoav Gallant vào tháng 11 năm 2024.","thủ tướng israel benjamin netanyahu trong bài phát biểu hôm thứ năm tại đại hội đồng liên hợp quốc đã công kích thị trưởng new york zohran mamdani, cáo buộc ông mamdani làm nguy hiểm cho cư dân do thái ở new york bằng việc chỉ trích các hành động quân sự của israel ở gaza. ông netanyahu gọi mamdani là thị trưởng bài do thái và cáo buộc ông lan truyền những lời dối trá về israel, đồng thời khẳng định israel không gây ra diệt chủng mà đã ngăn chặn diệt chủng. mamdani, thị trưởng đầu tiên là người hồi giáo của new york, từng gọi netanyahu là tội phạm chiến tranh và kiến trúc sư của một cuộc diệt chủng kinh hoàng nhưng khẳng định chỉ trích israel không phải là bài do thái. mamdani từng tuyên bố sẽ ra lệnh bắt giữ netanyahu theo lệnh của tòa án hình sự quốc tế nhưng sau đó thừa nhận chính quyền new york không có thẩm quyền pháp lý để thi hành. trước bài phát biểu, phái đoàn palestine kêu gọi rút lui tập thể và nhiều đại biểu đã rời hội trường, chính phủ israel cũng chi trả cho hàng trăm biển quảng cáo ủng hộ israel tại manhattan. mamdani đã gặp tổng thống hoa kỳ donald trump tại new york, và trong một video ông đăng tại gracie mansion ông trồng cây ô liu cùng các gia đình palestine từ gaza. i xê xê, đặt tại the hague, đã ra lệnh bắt đối với netanyahu và cựu bộ trưởng quốc phòng israel yoav gallant vào tháng mười một năm hai nghìn không trăm hai mươi bốn.",,mamdani từng tuyên bố sẽ ra lệnh bắt giữ netanyahu theo lệnh của tòa án hình sự quốc tế nhưng sau đó thừa nhận chính quyền new york không có thẩm quyền pháp lý để thi hành.,mamdani từng tuyên bố sẽ ra lệnh bắt giữ netanyahu theo lệnh của tòa án hình sự quốc tế nhưng sau đó thừa nhận chính quyền new york không có thẩm quyền pháp lý để thi hành.,True,mæmdˈɑːni t̪ˈy2ŋ t̪wˈiɛn bˈoɜ sˌɛ5 ɹˈaː lˈe6ɲ bˈaɜt̪ zˈy5 nˌɛtɐnɪˈɑːhuː tˈɛw lˈe6ɲ kˌuə4 t̪wˈaː2 ˈaːɜn hˈi2ɲ sˈy6 kˈuəɜc t̪ˈeɜ ɲˌyŋ sˈaw ɗˈɔɜ tˈyə2 ɲˈə6n tʃˈiɜɲ kwˈiɛ2n nˈuː jˈɔːɹk xˌoŋ kˈɔɜ tˈə4m kwˈiɛ2n fˈaːɜp lˈiɜ ɗˌe4 tˈi hˈe-2ɲ.,mæmdˈɑːni t̪ˈy2ŋ t̪wˈiɛn bˈoɜ sˌɛ5 ɹˈaː lˈe6ɲ bˈaɜt̪ zˈy5 nˌɛtɐnɪˈɑːhuː tˈɛw lˈe6ɲ kˌuə4 t̪wˈaː2 ˈaːɜn hˈi2ɲ sˈy6 kˈuəɜc t̪ˈeɜ ɲˌyŋ sˈaw ɗˈɔɜ tˈyə2 ɲˈə6n tʃˈiɜɲ kwˈiɛ2n nˈuː jˈɔːɹk xˌoŋ kˈɔɜ tˈə4m kwˈiɛ2n fˈaːɜp lˈiɜ ɗˌe4 tˈi hˈe-2ɲ.,sentence,BBE614E05AD0A815D688C3F4B44F691E32398694BF574A75E1012775F7936351
danhgia_tts_02.txt,danhgia_tts_02-002,Văn bản 2,danhgia_tts_02-002-c006,6,"Thủ tướng Israel Benjamin Netanyahu trong bài phát biểu hôm thứ Năm tại Đại hội đồng Liên Hợp Quốc đã công kích Thị trưởng New York Zohran Mamdani, cáo buộc ông Mamdani làm nguy hiểm cho cư dân Do Thái ở New York bằng việc chỉ trích các hành động quân sự của Israel ở Gaza. Ông Netanyahu gọi Mamdani là ""thị trưởng bài Do Thái"" và cáo buộc ông lan truyền những lời dối trá về Israel, đồng thời khẳng định Israel không gây ra diệt chủng mà đã ngăn chặn diệt chủng. Mamdani, thị trưởng đầu tiên là người Hồi giáo của New York, từng gọi Netanyahu là ""tội phạm chiến tranh"" và ""kiến trúc sư của một cuộc diệt chủng kinh hoàng"" nhưng khẳng định chỉ trích Israel không phải là bài Do Thái. Mamdani từng tuyên bố sẽ ra lệnh bắt giữ Netanyahu theo lệnh của Tòa án Hình sự Quốc tế nhưng sau đó thừa nhận chính quyền New York không có thẩm quyền pháp lý để thi hành. Trước bài phát biểu, phái đoàn Palestine kêu gọi rút lui tập thể và nhiều đại biểu đã rời hội trường; chính phủ Israel cũng chi trả cho hàng trăm biển quảng cáo ủng hộ Israel tại Manhattan. Mamdani đã gặp Tổng thống Hoa Kỳ Donald Trump tại New York, và trong một video ông đăng tại Gracie Mansion ông trồng cây ô liu cùng các gia đình Palestine từ Gaza. ICC, đặt tại The Hague, đã ra lệnh bắt đối với Netanyahu và cựu Bộ trưởng Quốc phòng Israel Yoav Gallant vào tháng 11 năm 2024.","thủ tướng israel benjamin netanyahu trong bài phát biểu hôm thứ năm tại đại hội đồng liên hợp quốc đã công kích thị trưởng new york zohran mamdani, cáo buộc ông mamdani làm nguy hiểm cho cư dân do thái ở new york bằng việc chỉ trích các hành động quân sự của israel ở gaza. ông netanyahu gọi mamdani là thị trưởng bài do thái và cáo buộc ông lan truyền những lời dối trá về israel, đồng thời khẳng định israel không gây ra diệt chủng mà đã ngăn chặn diệt chủng. mamdani, thị trưởng đầu tiên là người hồi giáo của new york, từng gọi netanyahu là tội phạm chiến tranh và kiến trúc sư của một cuộc diệt chủng kinh hoàng nhưng khẳng định chỉ trích israel không phải là bài do thái. mamdani từng tuyên bố sẽ ra lệnh bắt giữ netanyahu theo lệnh của tòa án hình sự quốc tế nhưng sau đó thừa nhận chính quyền new york không có thẩm quyền pháp lý để thi hành. trước bài phát biểu, phái đoàn palestine kêu gọi rút lui tập thể và nhiều đại biểu đã rời hội trường, chính phủ israel cũng chi trả cho hàng trăm biển quảng cáo ủng hộ israel tại manhattan. mamdani đã gặp tổng thống hoa kỳ donald trump tại new york, và trong một video ông đăng tại gracie mansion ông trồng cây ô liu cùng các gia đình palestine từ gaza. i xê xê, đặt tại the hague, đã ra lệnh bắt đối với netanyahu và cựu bộ trưởng quốc phòng israel yoav gallant vào tháng mười một năm hai nghìn không trăm hai mươi bốn.",,"trước bài phát biểu, phái đoàn palestine kêu gọi rút lui tập thể và nhiều đại biểu đã rời hội trường, chính phủ israel cũng chi trả cho hàng trăm biển quảng cáo ủng hộ israel tại manhattan.","trước bài phát biểu, phái đoàn palestine kêu gọi rút lui tập thể và nhiều đại biểu đã rời hội trường, chính phủ israel cũng chi trả cho hàng trăm biển quảng cáo ủng hộ israel tại manhattan.",True,"tʃˈyəɜc bˈaː2j fˈaːɜt̪ bˈiɛ4w, fˈaːɜj ɗwˈaː2n pˈæləstˌaɪn kˈe1w ɣˈɔ6j ɹˈuɜt̪ lˈuj t̪ˈə6p tˈe4 vˌaː2 ɲˈiɛ2w ɗˈaː6j bˈiɛ4w ɗˌaː5 ɹˈəː2j hˈo6j tʃˈyə2ŋ, tʃˈiɜɲ fˈu4 ˈɪzɹiːəl kˈu5ŋ tʃˈi tʃˈaː4 tʃˌɔ hˈaː2ŋ tʃˈam bˈiɛ4n kwˈaː4ŋ kˈaːɜw ˈu4ŋ hˈo6 ˈɪzɹiːəl t̪ˈaː6j mænhˈæʔn̩.","tʃˈyəɜc bˈaː2j fˈaːɜt̪ bˈiɛ4w, fˈaːɜj ɗwˈaː2n pˈæləstˌaɪn kˈe1w ɣˈɔ6j ɹˈuɜt̪ lˈuj t̪ˈə6p tˈe4 vˌaː2 ɲˈiɛ2w ɗˈaː6j bˈiɛ4w ɗˌaː5 ɹˈəː2j hˈo6j tʃˈyə2ŋ, tʃˈiɜɲ fˈu4 ˈɪzɹiːəl kˈu5ŋ tʃˈi tʃˈaː4 tʃˌɔ hˈaː2ŋ tʃˈam bˈiɛ4n kwˈaː4ŋ kˈaːɜw ˈu4ŋ hˈo6 ˈɪzɹiːəl t̪ˈaː6j mænhˈæʔn̩.",sentence,BBE614E05AD0A815D688C3F4B44F691E32398694BF574A75E1012775F7936351
danhgia_tts_02.txt,danhgia_tts_02-002,Văn bản 2,danhgia_tts_02-002-c007,7,"Thủ tướng Israel Benjamin Netanyahu trong bài phát biểu hôm thứ Năm tại Đại hội đồng Liên Hợp Quốc đã công kích Thị trưởng New York Zohran Mamdani, cáo buộc ông Mamdani làm nguy hiểm cho cư dân Do Thái ở New York bằng việc chỉ trích các hành động quân sự của Israel ở Gaza. Ông Netanyahu gọi Mamdani là ""thị trưởng bài Do Thái"" và cáo buộc ông lan truyền những lời dối trá về Israel, đồng thời khẳng định Israel không gây ra diệt chủng mà đã ngăn chặn diệt chủng. Mamdani, thị trưởng đầu tiên là người Hồi giáo của New York, từng gọi Netanyahu là ""tội phạm chiến tranh"" và ""kiến trúc sư của một cuộc diệt chủng kinh hoàng"" nhưng khẳng định chỉ trích Israel không phải là bài Do Thái. Mamdani từng tuyên bố sẽ ra lệnh bắt giữ Netanyahu theo lệnh của Tòa án Hình sự Quốc tế nhưng sau đó thừa nhận chính quyền New York không có thẩm quyền pháp lý để thi hành. Trước bài phát biểu, phái đoàn Palestine kêu gọi rút lui tập thể và nhiều đại biểu đã rời hội trường; chính phủ Israel cũng chi trả cho hàng trăm biển quảng cáo ủng hộ Israel tại Manhattan. Mamdani đã gặp Tổng thống Hoa Kỳ Donald Trump tại New York, và trong một video ông đăng tại Gracie Mansion ông trồng cây ô liu cùng các gia đình Palestine từ Gaza. ICC, đặt tại The Hague, đã ra lệnh bắt đối với Netanyahu và cựu Bộ trưởng Quốc phòng Israel Yoav Gallant vào tháng 11 năm 2024.","thủ tướng israel benjamin netanyahu trong bài phát biểu hôm thứ năm tại đại hội đồng liên hợp quốc đã công kích thị trưởng new york zohran mamdani, cáo buộc ông mamdani làm nguy hiểm cho cư dân do thái ở new york bằng việc chỉ trích các hành động quân sự của israel ở gaza. ông netanyahu gọi mamdani là thị trưởng bài do thái và cáo buộc ông lan truyền những lời dối trá về israel, đồng thời khẳng định israel không gây ra diệt chủng mà đã ngăn chặn diệt chủng. mamdani, thị trưởng đầu tiên là người hồi giáo của new york, từng gọi netanyahu là tội phạm chiến tranh và kiến trúc sư của một cuộc diệt chủng kinh hoàng nhưng khẳng định chỉ trích israel không phải là bài do thái. mamdani từng tuyên bố sẽ ra lệnh bắt giữ netanyahu theo lệnh của tòa án hình sự quốc tế nhưng sau đó thừa nhận chính quyền new york không có thẩm quyền pháp lý để thi hành. trước bài phát biểu, phái đoàn palestine kêu gọi rút lui tập thể và nhiều đại biểu đã rời hội trường, chính phủ israel cũng chi trả cho hàng trăm biển quảng cáo ủng hộ israel tại manhattan. mamdani đã gặp tổng thống hoa kỳ donald trump tại new york, và trong một video ông đăng tại gracie mansion ông trồng cây ô liu cùng các gia đình palestine từ gaza. i xê xê, đặt tại the hague, đã ra lệnh bắt đối với netanyahu và cựu bộ trưởng quốc phòng israel yoav gallant vào tháng mười một năm hai nghìn không trăm hai mươi bốn.",,"mamdani đã gặp tổng thống hoa kỳ donald trump tại new york, và trong một video ông đăng tại gracie mansion ông trồng cây ô liu cùng các gia đình palestine từ gaza.","mamdani đã gặp tổng thống hoa kỳ donald trump tại new york, và trong một video ông đăng tại gracie mansion ông trồng cây ô liu cùng các gia đình palestine từ gaza.",True,"mæmdˈɑːni ɗˌaː5 ɣˈa6p t̪ˈo4ŋ tˈoɜŋ hwˈaː kˈi2 dˈɑːnəld tɹˈʌmp t̪ˈaː6j nˈuː jˈɔːɹk, vˌaː2 tʃˈɔŋ mˈo6t̪ vˈɪdɪoʊ ˈoŋ ɗˈaŋ t̪ˈaː6j ɡɹˈeɪsi mˈænʃən ˈoŋ tʃˈo2ŋ kˈəɪ ˈo lˈiw kˈu2ŋ kˌaːɜc zˈaː ɗˈi2ɲ pˈæləstˌaɪn t̪ˌy2 ɡˈɑːzə.","mæmdˈɑːni ɗˌaː5 ɣˈa6p t̪ˈo4ŋ tˈoɜŋ hwˈaː kˈi2 dˈɑːnəld tɹˈʌmp t̪ˈaː6j nˈuː jˈɔːɹk, vˌaː2 tʃˈɔŋ mˈo6t̪ vˈɪdɪoʊ ˈoŋ ɗˈaŋ t̪ˈaː6j ɡɹˈeɪsi mˈænʃən ˈoŋ tʃˈo2ŋ kˈəɪ ˈo lˈiw kˈu2ŋ kˌaːɜc zˈaː ɗˈi2ɲ pˈæləstˌaɪn t̪ˌy2 ɡˈɑːzə.",sentence,BBE614E05AD0A815D688C3F4B44F691E32398694BF574A75E1012775F7936351
danhgia_tts_02.txt,danhgia_tts_02-002,Văn bản 2,danhgia_tts_02-002-c008,8,"Thủ tướng Israel Benjamin Netanyahu trong bài phát biểu hôm thứ Năm tại Đại hội đồng Liên Hợp Quốc đã công kích Thị trưởng New York Zohran Mamdani, cáo buộc ông Mamdani làm nguy hiểm cho cư dân Do Thái ở New York bằng việc chỉ trích các hành động quân sự của Israel ở Gaza. Ông Netanyahu gọi Mamdani là ""thị trưởng bài Do Thái"" và cáo buộc ông lan truyền những lời dối trá về Israel, đồng thời khẳng định Israel không gây ra diệt chủng mà đã ngăn chặn diệt chủng. Mamdani, thị trưởng đầu tiên là người Hồi giáo của New York, từng gọi Netanyahu là ""tội phạm chiến tranh"" và ""kiến trúc sư của một cuộc diệt chủng kinh hoàng"" nhưng khẳng định chỉ trích Israel không phải là bài Do Thái. Mamdani từng tuyên bố sẽ ra lệnh bắt giữ Netanyahu theo lệnh của Tòa án Hình sự Quốc tế nhưng sau đó thừa nhận chính quyền New York không có thẩm quyền pháp lý để thi hành. Trước bài phát biểu, phái đoàn Palestine kêu gọi rút lui tập thể và nhiều đại biểu đã rời hội trường; chính phủ Israel cũng chi trả cho hàng trăm biển quảng cáo ủng hộ Israel tại Manhattan. Mamdani đã gặp Tổng thống Hoa Kỳ Donald Trump tại New York, và trong một video ông đăng tại Gracie Mansion ông trồng cây ô liu cùng các gia đình Palestine từ Gaza. ICC, đặt tại The Hague, đã ra lệnh bắt đối với Netanyahu và cựu Bộ trưởng Quốc phòng Israel Yoav Gallant vào tháng 11 năm 2024.","thủ tướng israel benjamin netanyahu trong bài phát biểu hôm thứ năm tại đại hội đồng liên hợp quốc đã công kích thị trưởng new york zohran mamdani, cáo buộc ông mamdani làm nguy hiểm cho cư dân do thái ở new york bằng việc chỉ trích các hành động quân sự của israel ở gaza. ông netanyahu gọi mamdani là thị trưởng bài do thái và cáo buộc ông lan truyền những lời dối trá về israel, đồng thời khẳng định israel không gây ra diệt chủng mà đã ngăn chặn diệt chủng. mamdani, thị trưởng đầu tiên là người hồi giáo của new york, từng gọi netanyahu là tội phạm chiến tranh và kiến trúc sư của một cuộc diệt chủng kinh hoàng nhưng khẳng định chỉ trích israel không phải là bài do thái. mamdani từng tuyên bố sẽ ra lệnh bắt giữ netanyahu theo lệnh của tòa án hình sự quốc tế nhưng sau đó thừa nhận chính quyền new york không có thẩm quyền pháp lý để thi hành. trước bài phát biểu, phái đoàn palestine kêu gọi rút lui tập thể và nhiều đại biểu đã rời hội trường, chính phủ israel cũng chi trả cho hàng trăm biển quảng cáo ủng hộ israel tại manhattan. mamdani đã gặp tổng thống hoa kỳ donald trump tại new york, và trong một video ông đăng tại gracie mansion ông trồng cây ô liu cùng các gia đình palestine từ gaza. i xê xê, đặt tại the hague, đã ra lệnh bắt đối với netanyahu và cựu bộ trưởng quốc phòng israel yoav gallant vào tháng mười một năm hai nghìn không trăm hai mươi bốn.",,"i xê xê, đặt tại the hague, đã ra lệnh bắt đối với netanyahu và cựu bộ trưởng quốc phòng israel yoav gallant vào tháng mười một năm hai nghìn không trăm hai mươi bốn.","i xê xê, đặt tại the hague, đã ra lệnh bắt đối với netanyahu và cựu bộ trưởng quốc phòng israel yoav gallant vào tháng mười một năm hai nghìn không trăm hai mươi bốn.",True,"ˈi sˈe sˈe, ɗˈa6t̪ t̪ˈaː6j ðə hˈeɪɡ, ɗˌaː5 ɹˈaː lˈe6ɲ bˈaɜt̪ ɗˈoɜj vˌəːɜj nˌɛtɐnɪˈɑːhuː vˌaː2 kˈi6w bˈo6 tʃˈyə4ŋ kˈuəɜc fˈɔ2ŋ ˈɪzɹiːəl jˈoʊv ɡˈælənt vˈaː2w tˈaːɜŋ mˈyə2j mˈo6t̪ nˈam hˈaːj ŋˈi2n xˌoŋ tʃˈam hˈaːj mˈyəj bˈoɜn.","ˈi sˈe sˈe, ɗˈa6t̪ t̪ˈaː6j ðə hˈeɪɡ, ɗˌaː5 ɹˈaː lˈe6ɲ bˈaɜt̪ ɗˈoɜj vˌəːɜj nˌɛtɐnɪˈɑːhuː vˌaː2 kˈi6w bˈo6 tʃˈyə4ŋ kˈuəɜc fˈɔ2ŋ ˈɪzɹiːəl jˈoʊv ɡˈælənt vˈaː2w tˈaːɜŋ mˈyə2j mˈo6t̪ nˈam hˈaːj ŋˈi2n xˌoŋ tʃˈam hˈaːj mˈyəj bˈoɜn.",,BBE614E05AD0A815D688C3F4B44F691E32398694BF574A75E1012775F7936351
danhgia_tts_02.txt,danhgia_tts_02-003,Văn bản 3,danhgia_tts_02-003-c001,1,"Tổng thống Hàn Quốc Lee Jae-myung đã đến Mexico City ngày 23/9 để thực hiện chuyến thăm chính thức, trong đó có cuộc hội đàm cấp cao với Tổng thống Mexico Claudia Sheinbaum. Hai nhà lãnh đạo dự kiến tổ chức hội đàm, bữa trưa và họp báo chung vào thứ Năm nhằm tăng cường hợp tác về thương mại, đầu tư và chuỗi cung ứng. Trong hội đàm họ sẽ thảo luận mở rộng thương mại và đầu tư song phương, củng cố hỗ trợ thể chế cho doanh nghiệp Hàn Quốc tại Mexico và tìm kiếm hợp tác trong năng lượng cùng chuỗi cung ứng khoáng sản chiến lược. Lee cũng dự kiến gặp gỡ cộng đồng người Hàn tại Mexico và tham dự diễn đàn doanh nghiệp trong chuyến thăm ba ngày. Chuyến thăm này đánh dấu chuyến thăm chính thức đầu tiên của một tổng thống Hàn Quốc tới Mexico sau 16 năm. Các hoạt động dự kiến diễn ra tại Mexico City.","tổng thống hàn quốc lee jae myung đã đến mexico city ngày hai mươi ba tháng chín để thực hiện chuyến thăm chính thức, trong đó có cuộc hội đàm cấp cao với tổng thống mexico claudia sheinbaum. hai nhà lãnh đạo dự kiến tổ chức hội đàm, bữa trưa và họp báo chung vào thứ năm nhằm tăng cường hợp tác về thương mại, đầu tư và chuỗi cung ứng. trong hội đàm họ sẽ thảo luận mở rộng thương mại và đầu tư song phương, củng cố hỗ trợ thể chế cho doanh nghiệp hàn quốc tại mexico và tìm kiếm hợp tác trong năng lượng cùng chuỗi cung ứng khoáng sản chiến lược. lee cũng dự kiến gặp gỡ cộng đồng người hàn tại mexico và tham dự diễn đàn doanh nghiệp trong chuyến thăm ba ngày. chuyến thăm này đánh dấu chuyến thăm chính thức đầu tiên của một tổng thống hàn quốc tới mexico sau mười sáu năm. các hoạt động dự kiến diễn ra tại mexico city.",,"tổng thống hàn quốc lee jae myung đã đến mexico city ngày hai mươi ba tháng chín để thực hiện chuyến thăm chính thức, trong đó có cuộc hội đàm cấp cao với tổng thống mexico claudia sheinbaum.","tổng thống hàn quốc lee jae myung đã đến mexico city ngày hai mươi ba tháng chín để thực hiện chuyến thăm chính thức, trong đó có cuộc hội đàm cấp cao với tổng thống mexico claudia sheinbaum.",True,"t̪ˈo4ŋ tˈoɜŋ hˈaː2n kˈuəɜc lˈiː jˈiː mˈaɪʌŋ ɗˌaː5 ɗˌeɜn mˈɛksɪkˌoʊ sˈɪɾi ŋˈa2j hˈaːj mˈyəj bˈaː tˈaːɜŋ tʃˈiɜn ɗˌe4 tˈy6c hˈiɛ6n tʃwˈiɛɜn tˈam tʃˈiɜɲ tˈyɜc, tʃˈɔŋ ɗˈɔɜ kˈɔɜ kˈuə6c hˈo6j ɗˈaː2m kˈəɜp kˈaːw vˌəːɜj t̪ˈo4ŋ tˈoɜŋ mˈɛksɪkˌoʊ klˈɔːdiə ʃˈeɪn bˈaʊm.","t̪ˈo4ŋ tˈoɜŋ hˈaː2n kˈuəɜc lˈiː jˈiː mˈaɪʌŋ ɗˌaː5 ɗˌeɜn mˈɛksɪkˌoʊ sˈɪɾi ŋˈa2j hˈaːj mˈyəj bˈaː tˈaːɜŋ tʃˈiɜn ɗˌe4 tˈy6c hˈiɛ6n tʃwˈiɛɜn tˈam tʃˈiɜɲ tˈyɜc, tʃˈɔŋ ɗˈɔɜ kˈɔɜ kˈuə6c hˈo6j ɗˈaː2m kˈəɜp kˈaːw vˌəːɜj t̪ˈo4ŋ tˈoɜŋ mˈɛksɪkˌoʊ klˈɔːdiə ʃˈeɪn bˈaʊm.",sentence,BBE614E05AD0A815D688C3F4B44F691E32398694BF574A75E1012775F7936351
danhgia_tts_02.txt,danhgia_tts_02-003,Văn bản 3,danhgia_tts_02-003-c002,2,"Tổng thống Hàn Quốc Lee Jae-myung đã đến Mexico City ngày 23/9 để thực hiện chuyến thăm chính thức, trong đó có cuộc hội đàm cấp cao với Tổng thống Mexico Claudia Sheinbaum. Hai nhà lãnh đạo dự kiến tổ chức hội đàm, bữa trưa và họp báo chung vào thứ Năm nhằm tăng cường hợp tác về thương mại, đầu tư và chuỗi cung ứng. Trong hội đàm họ sẽ thảo luận mở rộng thương mại và đầu tư song phương, củng cố hỗ trợ thể chế cho doanh nghiệp Hàn Quốc tại Mexico và tìm kiếm hợp tác trong năng lượng cùng chuỗi cung ứng khoáng sản chiến lược. Lee cũng dự kiến gặp gỡ cộng đồng người Hàn tại Mexico và tham dự diễn đàn doanh nghiệp trong chuyến thăm ba ngày. Chuyến thăm này đánh dấu chuyến thăm chính thức đầu tiên của một tổng thống Hàn Quốc tới Mexico sau 16 năm. Các hoạt động dự kiến diễn ra tại Mexico City.","tổng thống hàn quốc lee jae myung đã đến mexico city ngày hai mươi ba tháng chín để thực hiện chuyến thăm chính thức, trong đó có cuộc hội đàm cấp cao với tổng thống mexico claudia sheinbaum. hai nhà lãnh đạo dự kiến tổ chức hội đàm, bữa trưa và họp báo chung vào thứ năm nhằm tăng cường hợp tác về thương mại, đầu tư và chuỗi cung ứng. trong hội đàm họ sẽ thảo luận mở rộng thương mại và đầu tư song phương, củng cố hỗ trợ thể chế cho doanh nghiệp hàn quốc tại mexico và tìm kiếm hợp tác trong năng lượng cùng chuỗi cung ứng khoáng sản chiến lược. lee cũng dự kiến gặp gỡ cộng đồng người hàn tại mexico và tham dự diễn đàn doanh nghiệp trong chuyến thăm ba ngày. chuyến thăm này đánh dấu chuyến thăm chính thức đầu tiên của một tổng thống hàn quốc tới mexico sau mười sáu năm. các hoạt động dự kiến diễn ra tại mexico city.",,"hai nhà lãnh đạo dự kiến tổ chức hội đàm, bữa trưa và họp báo chung vào thứ năm nhằm tăng cường hợp tác về thương mại, đầu tư và chuỗi cung ứng.","hai nhà lãnh đạo dự kiến tổ chức hội đàm, bữa trưa và họp báo chung vào thứ năm nhằm tăng cường hợp tác về thương mại, đầu tư và chuỗi cung ứng.",True,"hˈaːj ɲˈaː2 lˈe-5ɲ ɗˈaː6w zˈy6 kˈiɛɜn t̪ˈo4 tʃˈyɜc hˈo6j ɗˈaː2m, bˈyə5 tʃˈyə vˌaː2 hˈɔ6p bˈaːɜw tʃˈuŋ vˈaː2w tˈyɜ nˈam ɲˈa2m t̪ˈaŋ kˈyə2ŋ hˈəː6p t̪ˈaːɜc vˈe2 tˈyəŋ mˈaː6j, ɗˈə2w t̪ˈy vˌaː2 tʃˈuə5j kˈuŋ ˈyɜŋ.","hˈaːj ɲˈaː2 lˈe-5ɲ ɗˈaː6w zˈy6 kˈiɛɜn t̪ˈo4 tʃˈyɜc hˈo6j ɗˈaː2m, bˈyə5 tʃˈyə vˌaː2 hˈɔ6p bˈaːɜw tʃˈuŋ vˈaː2w tˈyɜ nˈam ɲˈa2m t̪ˈaŋ kˈyə2ŋ hˈəː6p t̪ˈaːɜc vˈe2 tˈyəŋ mˈaː6j, ɗˈə2w t̪ˈy vˌaː2 tʃˈuə5j kˈuŋ ˈyɜŋ.",sentence,BBE614E05AD0A815D688C3F4B44F691E32398694BF574A75E1012775F7936351
danhgia_tts_02.txt,danhgia_tts_02-003,Văn bản 3,danhgia_tts_02-003-c003,3,"Tổng thống Hàn Quốc Lee Jae-myung đã đến Mexico City ngày 23/9 để thực hiện chuyến thăm chính thức, trong đó có cuộc hội đàm cấp cao với Tổng thống Mexico Claudia Sheinbaum. Hai nhà lãnh đạo dự kiến tổ chức hội đàm, bữa trưa và họp báo chung vào thứ Năm nhằm tăng cường hợp tác về thương mại, đầu tư và chuỗi cung ứng. Trong hội đàm họ sẽ thảo luận mở rộng thương mại và đầu tư song phương, củng cố hỗ trợ thể chế cho doanh nghiệp Hàn Quốc tại Mexico và tìm kiếm hợp tác trong năng lượng cùng chuỗi cung ứng khoáng sản chiến lược. Lee cũng dự kiến gặp gỡ cộng đồng người Hàn tại Mexico và tham dự diễn đàn doanh nghiệp trong chuyến thăm ba ngày. Chuyến thăm này đánh dấu chuyến thăm chính thức đầu tiên của một tổng thống Hàn Quốc tới Mexico sau 16 năm. Các hoạt động dự kiến diễn ra tại Mexico City.","tổng thống hàn quốc lee jae myung đã đến mexico city ngày hai mươi ba tháng chín để thực hiện chuyến thăm chính thức, trong đó có cuộc hội đàm cấp cao với tổng thống mexico claudia sheinbaum. hai nhà lãnh đạo dự kiến tổ chức hội đàm, bữa trưa và họp báo chung vào thứ năm nhằm tăng cường hợp tác về thương mại, đầu tư và chuỗi cung ứng. trong hội đàm họ sẽ thảo luận mở rộng thương mại và đầu tư song phương, củng cố hỗ trợ thể chế cho doanh nghiệp hàn quốc tại mexico và tìm kiếm hợp tác trong năng lượng cùng chuỗi cung ứng khoáng sản chiến lược. lee cũng dự kiến gặp gỡ cộng đồng người hàn tại mexico và tham dự diễn đàn doanh nghiệp trong chuyến thăm ba ngày. chuyến thăm này đánh dấu chuyến thăm chính thức đầu tiên của một tổng thống hàn quốc tới mexico sau mười sáu năm. các hoạt động dự kiến diễn ra tại mexico city.",,"trong hội đàm họ sẽ thảo luận mở rộng thương mại và đầu tư song phương, củng cố hỗ trợ thể chế cho doanh nghiệp hàn quốc tại mexico và tìm kiếm hợp tác trong năng lượng cùng chuỗi cung ứng khoáng sản chiến lược.","trong hội đàm họ sẽ thảo luận mở rộng thương mại và đầu tư song phương, củng cố hỗ trợ thể chế cho doanh nghiệp hàn quốc tại mexico và tìm kiếm hợp tác trong năng lượng cùng chuỗi cung ứng khoáng sản chiến lược.",True,"tʃˈɔŋ hˈo6j ɗˈaː2m hˈɔ6 sˌɛ5 tˈaː4w lwˈə6n mˈəː4 ɹˈo6ŋ tˈyəŋ mˈaː6j vˌaː2 ɗˈə2w t̪ˈy sˈɔŋ fˈyəŋ, kˈu4ŋ kˈoɜ hˈo5 tʃˈəː6 tˈe4 tʃˈeɜ tʃˌɔ zwˈe-ɲ ŋˈiɛ6p hˈaː2n kˈuəɜc t̪ˈaː6j mˈɛksɪkˌoʊ vˌaː2 t̪ˈi2m kˈiɛɜm hˈəː6p t̪ˈaːɜc tʃˈɔŋ nˈaŋ lˈyə6ŋ kˈu2ŋ tʃˈuə5j kˈuŋ ˈyɜŋ xwˈaːɜŋ sˈaː4n tʃˈiɛɜn lˈyə6c.","tʃˈɔŋ hˈo6j ɗˈaː2m hˈɔ6 sˌɛ5 tˈaː4w lwˈə6n mˈəː4 ɹˈo6ŋ tˈyəŋ mˈaː6j vˌaː2 ɗˈə2w t̪ˈy sˈɔŋ fˈyəŋ, kˈu4ŋ kˈoɜ hˈo5 tʃˈəː6 tˈe4 tʃˈeɜ tʃˌɔ zwˈe-ɲ ŋˈiɛ6p hˈaː2n kˈuəɜc t̪ˈaː6j mˈɛksɪkˌoʊ vˌaː2 t̪ˈi2m kˈiɛɜm hˈəː6p t̪ˈaːɜc tʃˈɔŋ nˈaŋ lˈyə6ŋ kˈu2ŋ tʃˈuə5j kˈuŋ ˈyɜŋ xwˈaːɜŋ sˈaː4n tʃˈiɛɜn lˈyə6c.",sentence,BBE614E05AD0A815D688C3F4B44F691E32398694BF574A75E1012775F7936351
danhgia_tts_02.txt,danhgia_tts_02-003,Văn bản 3,danhgia_tts_02-003-c004,4,"Tổng thống Hàn Quốc Lee Jae-myung đã đến Mexico City ngày 23/9 để thực hiện chuyến thăm chính thức, trong đó có cuộc hội đàm cấp cao với Tổng thống Mexico Claudia Sheinbaum. Hai nhà lãnh đạo dự kiến tổ chức hội đàm, bữa trưa và họp báo chung vào thứ Năm nhằm tăng cường hợp tác về thương mại, đầu tư và chuỗi cung ứng. Trong hội đàm họ sẽ thảo luận mở rộng thương mại và đầu tư song phương, củng cố hỗ trợ thể chế cho doanh nghiệp Hàn Quốc tại Mexico và tìm kiếm hợp tác trong năng lượng cùng chuỗi cung ứng khoáng sản chiến lược. Lee cũng dự kiến gặp gỡ cộng đồng người Hàn tại Mexico và tham dự diễn đàn doanh nghiệp trong chuyến thăm ba ngày. Chuyến thăm này đánh dấu chuyến thăm chính thức đầu tiên của một tổng thống Hàn Quốc tới Mexico sau 16 năm. Các hoạt động dự kiến diễn ra tại Mexico City.","tổng thống hàn quốc lee jae myung đã đến mexico city ngày hai mươi ba tháng chín để thực hiện chuyến thăm chính thức, trong đó có cuộc hội đàm cấp cao với tổng thống mexico claudia sheinbaum. hai nhà lãnh đạo dự kiến tổ chức hội đàm, bữa trưa và họp báo chung vào thứ năm nhằm tăng cường hợp tác về thương mại, đầu tư và chuỗi cung ứng. trong hội đàm họ sẽ thảo luận mở rộng thương mại và đầu tư song phương, củng cố hỗ trợ thể chế cho doanh nghiệp hàn quốc tại mexico và tìm kiếm hợp tác trong năng lượng cùng chuỗi cung ứng khoáng sản chiến lược. lee cũng dự kiến gặp gỡ cộng đồng người hàn tại mexico và tham dự diễn đàn doanh nghiệp trong chuyến thăm ba ngày. chuyến thăm này đánh dấu chuyến thăm chính thức đầu tiên của một tổng thống hàn quốc tới mexico sau mười sáu năm. các hoạt động dự kiến diễn ra tại mexico city.",,lee cũng dự kiến gặp gỡ cộng đồng người hàn tại mexico và tham dự diễn đàn doanh nghiệp trong chuyến thăm ba ngày. chuyến thăm này đánh dấu chuyến thăm chính thức đầu tiên của một tổng thống hàn quốc tới mexico sau mười sáu năm.,lee cũng dự kiến gặp gỡ cộng đồng người hàn tại mexico và tham dự diễn đàn doanh nghiệp trong chuyến thăm ba ngày. chuyến thăm này đánh dấu chuyến thăm chính thức đầu tiên của một tổng thống hàn quốc tới mexico sau mười sáu năm.,True,lˈiː kˈu5ŋ zˈy6 kˈiɛɜn ɣˈa6p ɣˈəː5 kˈo6ŋ ɗˈo2ŋ ŋˈyə2j hˈaː2n t̪ˈaː6j mˈɛksɪkˌoʊ vˌaː2 tˈaːm zˈy6 zˈiɛ5n ɗˈaː2n zwˈe-ɲ ŋˈiɛ6p tʃˈɔŋ tʃwˈiɛɜn tˈam bˈaː ŋˈa2j. tʃwˈiɛɜn tˈam nˈa2j ɗˈe-ɜɲ zˈəɜw tʃwˈiɛɜn tˈam tʃˈiɜɲ tˈyɜc ɗˈə2w t̪ˈiɛn kˌuə4 mˈo6t̪ t̪ˈo4ŋ tˈoɜŋ hˈaː2n kˈuəɜc t̪ˌəːɜj mˈɛksɪkˌoʊ sˈaw mˈyə2j sˈaɜw nˈam.,lˈiː kˈu5ŋ zˈy6 kˈiɛɜn ɣˈa6p ɣˈəː5 kˈo6ŋ ɗˈo2ŋ ŋˈyə2j hˈaː2n t̪ˈaː6j mˈɛksɪkˌoʊ vˌaː2 tˈaːm zˈy6 zˈiɛ5n ɗˈaː2n zwˈe-ɲ ŋˈiɛ6p tʃˈɔŋ tʃwˈiɛɜn tˈam bˈaː ŋˈa2j. tʃwˈiɛɜn tˈam nˈa2j ɗˈe-ɜɲ zˈəɜw tʃwˈiɛɜn tˈam tʃˈiɜɲ tˈyɜc ɗˈə2w t̪ˈiɛn kˌuə4 mˈo6t̪ t̪ˈo4ŋ tˈoɜŋ hˈaː2n kˈuəɜc t̪ˌəːɜj mˈɛksɪkˌoʊ sˈaw mˈyə2j sˈaɜw nˈam.,sentence,BBE614E05AD0A815D688C3F4B44F691E32398694BF574A75E1012775F7936351
danhgia_tts_02.txt,danhgia_tts_02-003,Văn bản 3,danhgia_tts_02-003-c005,5,"Tổng thống Hàn Quốc Lee Jae-myung đã đến Mexico City ngày 23/9 để thực hiện chuyến thăm chính thức, trong đó có cuộc hội đàm cấp cao với Tổng thống Mexico Claudia Sheinbaum. Hai nhà lãnh đạo dự kiến tổ chức hội đàm, bữa trưa và họp báo chung vào thứ Năm nhằm tăng cường hợp tác về thương mại, đầu tư và chuỗi cung ứng. Trong hội đàm họ sẽ thảo luận mở rộng thương mại và đầu tư song phương, củng cố hỗ trợ thể chế cho doanh nghiệp Hàn Quốc tại Mexico và tìm kiếm hợp tác trong năng lượng cùng chuỗi cung ứng khoáng sản chiến lược. Lee cũng dự kiến gặp gỡ cộng đồng người Hàn tại Mexico và tham dự diễn đàn doanh nghiệp trong chuyến thăm ba ngày. Chuyến thăm này đánh dấu chuyến thăm chính thức đầu tiên của một tổng thống Hàn Quốc tới Mexico sau 16 năm. Các hoạt động dự kiến diễn ra tại Mexico City.","tổng thống hàn quốc lee jae myung đã đến mexico city ngày hai mươi ba tháng chín để thực hiện chuyến thăm chính thức, trong đó có cuộc hội đàm cấp cao với tổng thống mexico claudia sheinbaum. hai nhà lãnh đạo dự kiến tổ chức hội đàm, bữa trưa và họp báo chung vào thứ năm nhằm tăng cường hợp tác về thương mại, đầu tư và chuỗi cung ứng. trong hội đàm họ sẽ thảo luận mở rộng thương mại và đầu tư song phương, củng cố hỗ trợ thể chế cho doanh nghiệp hàn quốc tại mexico và tìm kiếm hợp tác trong năng lượng cùng chuỗi cung ứng khoáng sản chiến lược. lee cũng dự kiến gặp gỡ cộng đồng người hàn tại mexico và tham dự diễn đàn doanh nghiệp trong chuyến thăm ba ngày. chuyến thăm này đánh dấu chuyến thăm chính thức đầu tiên của một tổng thống hàn quốc tới mexico sau mười sáu năm. các hoạt động dự kiến diễn ra tại mexico city.",,các hoạt động dự kiến diễn ra tại mexico city.,các hoạt động dự kiến diễn ra tại mexico city.,True,kˌaːɜc hwˈaː6t̪ ɗˈo6ŋ zˈy6 kˈiɛɜn zˈiɛ5n ɹˈaː t̪ˈaː6j mˈɛksɪkˌoʊ sˈɪɾi.,kˌaːɜc hwˈaː6t̪ ɗˈo6ŋ zˈy6 kˈiɛɜn zˈiɛ5n ɹˈaː t̪ˈaː6j mˈɛksɪkˌoʊ sˈɪɾi.,,BBE614E05AD0A815D688C3F4B44F691E32398694BF574A75E1012775F7936351
danhgia_tts_02.txt,danhgia_tts_02-004,Văn bản 4,danhgia_tts_02-004-c001,1,"Thủ tướng Ý Giorgia Meloni hôm 24 tháng 9 tại Rome ban hành sắc lệnh cấm burqa và niqab trong trường học và áp đặt giới hạn 30% học sinh không có khả năng tiếng Ý đủ tốt trong mỗi lớp. Theo dự thảo nghị định, giới hạn 30% sẽ áp dụng từ năm học 2027-28 và dựa trên năng lực ngôn ngữ chứ không phải quốc tịch, với một số phiên bản nêu áp dụng cho học sinh không phải công dân Ý, không sinh ra ở Ý hoặc đã học nhà trẻ ít hơn hai năm. Sắc lệnh yêu cầu dịch vụ xã hội can thiệp nếu trẻ gặp khó khăn nghiêm trọng trong hòa nhập và bắt buộc phụ huynh tham gia các lớp học tiếng Ý miễn phí; vi phạm có thể bị phạt tới 1.000 euro. Bộ trưởng Giáo dục Ý Giuseppe Valditara cho biết có 34.000 lớp học mà hơn 30% học sinh là người nước ngoài nhưng phần lớn sẽ không bị ảnh hưởng vì giới hạn chủ yếu nhắm vào người mới đến. Tổng thống Ý Sergio Mattarella cảnh báo thận trọng về rào cản đối với giáo dục, trong khi các hiệu trưởng và công đoàn lo ngại việc thực thi khó khăn ở khu vực có đông dân nhập cư. Tổ chức Save the Children cảnh báo việc buộc chuyển trường có thể tạo ra phân biệt đối xử và phân tầng học sinh, còn lãnh đạo đối lập Elly Schlein cáo buộc chính phủ đang truy đuổi trẻ em và gọi đây là một cuộc săn phù thủy mới. Một số đối thủ cho rằng biện pháp có thể nhằm đối phó với sự trỗi dậy của đảng cực hữu National Future do cựu tướng Ý Roberto Vannacci thành lập trước bầu cử năm 2027.","thủ tướng ý giorgia meloni hôm hai mươi bốn tháng chín tại rome ban hành sắc lệnh cấm burqa và niqab trong trường học và áp đặt giới hạn ba mươi phần trăm học sinh không có khả năng tiếng ý đủ tốt trong mỗi lớp. theo dự thảo nghị định, giới hạn ba mươi phần trăm sẽ áp dụng từ năm học hai nghìn không trăm hai mươi bảy hai mươi tám và dựa trên năng lực ngôn ngữ chứ không phải quốc tịch, với một số phiên bản nêu áp dụng cho học sinh không phải công dân ý, không sinh ra ở ý hoặc đã học nhà trẻ ít hơn hai năm. sắc lệnh yêu cầu dịch vụ xã hội can thiệp nếu trẻ gặp khó khăn nghiêm trọng trong hòa nhập và bắt buộc phụ huynh tham gia các lớp học tiếng ý miễn phí, vi phạm có thể bị phạt tới một nghìn <en>euro</en>. bộ trưởng giáo dục ý giuseppe valditara cho biết có ba mươi bốn nghìn lớp học mà hơn ba mươi phần trăm học sinh là người nước ngoài nhưng phần lớn sẽ không bị ảnh hưởng vì giới hạn chủ yếu nhắm vào người mới đến. tổng thống ý sergio mattarella cảnh báo thận trọng về rào cản đối với giáo dục, trong khi các hiệu trưởng và công đoàn lo ngại việc thực thi khó khăn ở khu vực có đông dân nhập cư. tổ chức save the children cảnh báo việc buộc chuyển trường có thể tạo ra phân biệt đối xử và phân tầng học sinh, còn lãnh đạo đối lập elly schlein cáo buộc chính phủ đang truy đuổi trẻ em và gọi đây là một cuộc săn phù thủy mới. một số đối thủ cho rằng biện pháp có thể nhằm đối phó với sự trỗi dậy của đảng cực hữu national future do cựu tướng ý roberto vannacci thành lập trước bầu cử năm hai nghìn không trăm hai mươi bảy.",,thủ tướng ý giorgia meloni hôm hai mươi bốn tháng chín tại rome ban hành sắc lệnh cấm burqa và niqab trong trường học và áp đặt giới hạn ba mươi phần trăm học sinh không có khả năng tiếng ý đủ tốt trong mỗi lớp.,thủ tướng ý giorgia meloni hôm hai mươi bốn tháng chín tại rome ban hành sắc lệnh cấm burqa và niqab trong trường học và áp đặt giới hạn ba mươi phần trăm học sinh không có khả năng tiếng ý đủ tốt trong mỗi lớp.,True,tˈu4 t̪ˈyəɜŋ ˈiɜ dʒɪˈɔːɹdʒə mɛlˈoʊni hˈom hˈaːj mˈyəj bˈoɜn tˈaːɜŋ tʃˈiɜn t̪ˈaː6j ɹˈoʊm bˈæn hˈe-2ɲ sˈaɜc lˈe6ɲ kˈəɜm bˈɜːkə vˌaː2 nˈɪkæb tʃˈɔŋ tʃˈyə2ŋ hˈɔ6k vˌaː2 ˈaːɜp ɗˈa6t̪ zˈəːɜj hˈaː6n bˈaː mˈyəj fˈə2n tʃˈam hˈɔ6k sˈiɲ xˌoŋ kˈɔɜ xˈaː4 nˈaŋ t̪ˈiɛɜŋ ˈiɜ ɗˈu4 t̪ˈoɜt̪ tʃˈɔŋ mˌo5j lˈəːɜp.,tˈu4 t̪ˈyəɜŋ ˈiɜ dʒɪˈɔːɹdʒə mɛlˈoʊni hˈom hˈaːj mˈyəj bˈoɜn tˈaːɜŋ tʃˈiɜn t̪ˈaː6j ɹˈoʊm bˈæn hˈe-2ɲ sˈaɜc lˈe6ɲ kˈəɜm bˈɜːkə vˌaː2 nˈɪkæb tʃˈɔŋ tʃˈyə2ŋ hˈɔ6k vˌaː2 ˈaːɜp ɗˈa6t̪ zˈəːɜj hˈaː6n bˈaː mˈyəj fˈə2n tʃˈam hˈɔ6k sˈiɲ xˌoŋ kˈɔɜ xˈaː4 nˈaŋ t̪ˈiɛɜŋ ˈiɜ ɗˈu4 t̪ˈoɜt̪ tʃˈɔŋ mˌo5j lˈəːɜp.,sentence,BBE614E05AD0A815D688C3F4B44F691E32398694BF574A75E1012775F7936351
danhgia_tts_02.txt,danhgia_tts_02-004,Văn bản 4,danhgia_tts_02-004-c002,2,"Thủ tướng Ý Giorgia Meloni hôm 24 tháng 9 tại Rome ban hành sắc lệnh cấm burqa và niqab trong trường học và áp đặt giới hạn 30% học sinh không có khả năng tiếng Ý đủ tốt trong mỗi lớp. Theo dự thảo nghị định, giới hạn 30% sẽ áp dụng từ năm học 2027-28 và dựa trên năng lực ngôn ngữ chứ không phải quốc tịch, với một số phiên bản nêu áp dụng cho học sinh không phải công dân Ý, không sinh ra ở Ý hoặc đã học nhà trẻ ít hơn hai năm. Sắc lệnh yêu cầu dịch vụ xã hội can thiệp nếu trẻ gặp khó khăn nghiêm trọng trong hòa nhập và bắt buộc phụ huynh tham gia các lớp học tiếng Ý miễn phí; vi phạm có thể bị phạt tới 1.000 euro. Bộ trưởng Giáo dục Ý Giuseppe Valditara cho biết có 34.000 lớp học mà hơn 30% học sinh là người nước ngoài nhưng phần lớn sẽ không bị ảnh hưởng vì giới hạn chủ yếu nhắm vào người mới đến. Tổng thống Ý Sergio Mattarella cảnh báo thận trọng về rào cản đối với giáo dục, trong khi các hiệu trưởng và công đoàn lo ngại việc thực thi khó khăn ở khu vực có đông dân nhập cư. Tổ chức Save the Children cảnh báo việc buộc chuyển trường có thể tạo ra phân biệt đối xử và phân tầng học sinh, còn lãnh đạo đối lập Elly Schlein cáo buộc chính phủ đang truy đuổi trẻ em và gọi đây là một cuộc săn phù thủy mới. Một số đối thủ cho rằng biện pháp có thể nhằm đối phó với sự trỗi dậy của đảng cực hữu National Future do cựu tướng Ý Roberto Vannacci thành lập trước bầu cử năm 2027.","thủ tướng ý giorgia meloni hôm hai mươi bốn tháng chín tại rome ban hành sắc lệnh cấm burqa và niqab trong trường học và áp đặt giới hạn ba mươi phần trăm học sinh không có khả năng tiếng ý đủ tốt trong mỗi lớp. theo dự thảo nghị định, giới hạn ba mươi phần trăm sẽ áp dụng từ năm học hai nghìn không trăm hai mươi bảy hai mươi tám và dựa trên năng lực ngôn ngữ chứ không phải quốc tịch, với một số phiên bản nêu áp dụng cho học sinh không phải công dân ý, không sinh ra ở ý hoặc đã học nhà trẻ ít hơn hai năm. sắc lệnh yêu cầu dịch vụ xã hội can thiệp nếu trẻ gặp khó khăn nghiêm trọng trong hòa nhập và bắt buộc phụ huynh tham gia các lớp học tiếng ý miễn phí, vi phạm có thể bị phạt tới một nghìn <en>euro</en>. bộ trưởng giáo dục ý giuseppe valditara cho biết có ba mươi bốn nghìn lớp học mà hơn ba mươi phần trăm học sinh là người nước ngoài nhưng phần lớn sẽ không bị ảnh hưởng vì giới hạn chủ yếu nhắm vào người mới đến. tổng thống ý sergio mattarella cảnh báo thận trọng về rào cản đối với giáo dục, trong khi các hiệu trưởng và công đoàn lo ngại việc thực thi khó khăn ở khu vực có đông dân nhập cư. tổ chức save the children cảnh báo việc buộc chuyển trường có thể tạo ra phân biệt đối xử và phân tầng học sinh, còn lãnh đạo đối lập elly schlein cáo buộc chính phủ đang truy đuổi trẻ em và gọi đây là một cuộc săn phù thủy mới. một số đối thủ cho rằng biện pháp có thể nhằm đối phó với sự trỗi dậy của đảng cực hữu national future do cựu tướng ý roberto vannacci thành lập trước bầu cử năm hai nghìn không trăm hai mươi bảy.",,"theo dự thảo nghị định, giới hạn ba mươi phần trăm sẽ áp dụng từ năm học hai nghìn không trăm hai mươi bảy hai mươi tám và dựa trên năng lực ngôn ngữ chứ không phải quốc tịch, với một số phiên bản nêu áp dụng cho học sinh không phải công dân ý,","theo dự thảo nghị định, giới hạn ba mươi phần trăm sẽ áp dụng từ năm học hai nghìn không trăm hai mươi bảy hai mươi tám và dựa trên năng lực ngôn ngữ chứ không phải quốc tịch, với một số phiên bản nêu áp dụng cho học sinh không phải công dân ý.",False,"tˈɛw zˈy6 tˈaː4w ŋˈi6 ɗˈi6ɲ, zˈəːɜj hˈaː6n bˈaː mˈyəj fˈə2n tʃˈam sˌɛ5 ˈaːɜp zˈu6ŋ t̪ˌy2 nˈam hˈɔ6k hˈaːj ŋˈi2n xˌoŋ tʃˈam hˈaːj mˈyəj bˈa4j hˈaːj mˈyəj t̪ˈaːɜm vˌaː2 zˈyə6 tʃˈen nˈaŋ lˈy6c ŋˈon ŋˈy5 tʃˈyɜ xˌoŋ fˌaː4j kˈuəɜc t̪ˈi6c, vˌəːɜj mˈo6t̪ sˈoɜ fˈiɛn bˈaː4n nˈe1w ˈaːɜp zˈu6ŋ tʃˌɔ hˈɔ6k sˈiɲ xˌoŋ fˌaː4j kˈoŋ zˈən ˈiɜ.","tˈɛw zˈy6 tˈaː4w ŋˈi6 ɗˈi6ɲ, zˈəːɜj hˈaː6n bˈaː mˈyəj fˈə2n tʃˈam sˌɛ5 ˈaːɜp zˈu6ŋ t̪ˌy2 nˈam hˈɔ6k hˈaːj ŋˈi2n xˌoŋ tʃˈam hˈaːj mˈyəj bˈa4j hˈaːj mˈyəj t̪ˈaːɜm vˌaː2 zˈyə6 tʃˈen nˈaŋ lˈy6c ŋˈon ŋˈy5 tʃˈyɜ xˌoŋ fˌaː4j kˈuəɜc t̪ˈi6c, vˌəːɜj mˈo6t̪ sˈoɜ fˈiɛn bˈaː4n nˈe1w ˈaːɜp zˈu6ŋ tʃˌɔ hˈɔ6k sˈiɲ xˌoŋ fˌaː4j kˈoŋ zˈən ˈiɜ,",minor,BBE614E05AD0A815D688C3F4B44F691E32398694BF574A75E1012775F7936351
danhgia_tts_02.txt,danhgia_tts_02-004,Văn bản 4,danhgia_tts_02-004-c003,3,"Thủ tướng Ý Giorgia Meloni hôm 24 tháng 9 tại Rome ban hành sắc lệnh cấm burqa và niqab trong trường học và áp đặt giới hạn 30% học sinh không có khả năng tiếng Ý đủ tốt trong mỗi lớp. Theo dự thảo nghị định, giới hạn 30% sẽ áp dụng từ năm học 2027-28 và dựa trên năng lực ngôn ngữ chứ không phải quốc tịch, với một số phiên bản nêu áp dụng cho học sinh không phải công dân Ý, không sinh ra ở Ý hoặc đã học nhà trẻ ít hơn hai năm. Sắc lệnh yêu cầu dịch vụ xã hội can thiệp nếu trẻ gặp khó khăn nghiêm trọng trong hòa nhập và bắt buộc phụ huynh tham gia các lớp học tiếng Ý miễn phí; vi phạm có thể bị phạt tới 1.000 euro. Bộ trưởng Giáo dục Ý Giuseppe Valditara cho biết có 34.000 lớp học mà hơn 30% học sinh là người nước ngoài nhưng phần lớn sẽ không bị ảnh hưởng vì giới hạn chủ yếu nhắm vào người mới đến. Tổng thống Ý Sergio Mattarella cảnh báo thận trọng về rào cản đối với giáo dục, trong khi các hiệu trưởng và công đoàn lo ngại việc thực thi khó khăn ở khu vực có đông dân nhập cư. Tổ chức Save the Children cảnh báo việc buộc chuyển trường có thể tạo ra phân biệt đối xử và phân tầng học sinh, còn lãnh đạo đối lập Elly Schlein cáo buộc chính phủ đang truy đuổi trẻ em và gọi đây là một cuộc săn phù thủy mới. Một số đối thủ cho rằng biện pháp có thể nhằm đối phó với sự trỗi dậy của đảng cực hữu National Future do cựu tướng Ý Roberto Vannacci thành lập trước bầu cử năm 2027.","thủ tướng ý giorgia meloni hôm hai mươi bốn tháng chín tại rome ban hành sắc lệnh cấm burqa và niqab trong trường học và áp đặt giới hạn ba mươi phần trăm học sinh không có khả năng tiếng ý đủ tốt trong mỗi lớp. theo dự thảo nghị định, giới hạn ba mươi phần trăm sẽ áp dụng từ năm học hai nghìn không trăm hai mươi bảy hai mươi tám và dựa trên năng lực ngôn ngữ chứ không phải quốc tịch, với một số phiên bản nêu áp dụng cho học sinh không phải công dân ý, không sinh ra ở ý hoặc đã học nhà trẻ ít hơn hai năm. sắc lệnh yêu cầu dịch vụ xã hội can thiệp nếu trẻ gặp khó khăn nghiêm trọng trong hòa nhập và bắt buộc phụ huynh tham gia các lớp học tiếng ý miễn phí, vi phạm có thể bị phạt tới một nghìn <en>euro</en>. bộ trưởng giáo dục ý giuseppe valditara cho biết có ba mươi bốn nghìn lớp học mà hơn ba mươi phần trăm học sinh là người nước ngoài nhưng phần lớn sẽ không bị ảnh hưởng vì giới hạn chủ yếu nhắm vào người mới đến. tổng thống ý sergio mattarella cảnh báo thận trọng về rào cản đối với giáo dục, trong khi các hiệu trưởng và công đoàn lo ngại việc thực thi khó khăn ở khu vực có đông dân nhập cư. tổ chức save the children cảnh báo việc buộc chuyển trường có thể tạo ra phân biệt đối xử và phân tầng học sinh, còn lãnh đạo đối lập elly schlein cáo buộc chính phủ đang truy đuổi trẻ em và gọi đây là một cuộc săn phù thủy mới. một số đối thủ cho rằng biện pháp có thể nhằm đối phó với sự trỗi dậy của đảng cực hữu national future do cựu tướng ý roberto vannacci thành lập trước bầu cử năm hai nghìn không trăm hai mươi bảy.",,không sinh ra ở ý hoặc đã học nhà trẻ ít hơn hai năm.,không sinh ra ở ý hoặc đã học nhà trẻ ít hơn hai năm.,True,xˌoŋ sˈiɲ ɹˈaː ˈəː4 ˈiɜ hwˌa6c ɗˌaː5 hˈɔ6k ɲˈaː2 tʃˈɛ4 ˈiɜt̪ hˈəːn hˈaːj nˈam.,xˌoŋ sˈiɲ ɹˈaː ˈəː4 ˈiɜ hwˌa6c ɗˌaː5 hˈɔ6k ɲˈaː2 tʃˈɛ4 ˈiɜt̪ hˈəːn hˈaːj nˈam.,sentence,BBE614E05AD0A815D688C3F4B44F691E32398694BF574A75E1012775F7936351
danhgia_tts_02.txt,danhgia_tts_02-004,Văn bản 4,danhgia_tts_02-004-c004,4,"Thủ tướng Ý Giorgia Meloni hôm 24 tháng 9 tại Rome ban hành sắc lệnh cấm burqa và niqab trong trường học và áp đặt giới hạn 30% học sinh không có khả năng tiếng Ý đủ tốt trong mỗi lớp. Theo dự thảo nghị định, giới hạn 30% sẽ áp dụng từ năm học 2027-28 và dựa trên năng lực ngôn ngữ chứ không phải quốc tịch, với một số phiên bản nêu áp dụng cho học sinh không phải công dân Ý, không sinh ra ở Ý hoặc đã học nhà trẻ ít hơn hai năm. Sắc lệnh yêu cầu dịch vụ xã hội can thiệp nếu trẻ gặp khó khăn nghiêm trọng trong hòa nhập và bắt buộc phụ huynh tham gia các lớp học tiếng Ý miễn phí; vi phạm có thể bị phạt tới 1.000 euro. Bộ trưởng Giáo dục Ý Giuseppe Valditara cho biết có 34.000 lớp học mà hơn 30% học sinh là người nước ngoài nhưng phần lớn sẽ không bị ảnh hưởng vì giới hạn chủ yếu nhắm vào người mới đến. Tổng thống Ý Sergio Mattarella cảnh báo thận trọng về rào cản đối với giáo dục, trong khi các hiệu trưởng và công đoàn lo ngại việc thực thi khó khăn ở khu vực có đông dân nhập cư. Tổ chức Save the Children cảnh báo việc buộc chuyển trường có thể tạo ra phân biệt đối xử và phân tầng học sinh, còn lãnh đạo đối lập Elly Schlein cáo buộc chính phủ đang truy đuổi trẻ em và gọi đây là một cuộc săn phù thủy mới. Một số đối thủ cho rằng biện pháp có thể nhằm đối phó với sự trỗi dậy của đảng cực hữu National Future do cựu tướng Ý Roberto Vannacci thành lập trước bầu cử năm 2027.","thủ tướng ý giorgia meloni hôm hai mươi bốn tháng chín tại rome ban hành sắc lệnh cấm burqa và niqab trong trường học và áp đặt giới hạn ba mươi phần trăm học sinh không có khả năng tiếng ý đủ tốt trong mỗi lớp. theo dự thảo nghị định, giới hạn ba mươi phần trăm sẽ áp dụng từ năm học hai nghìn không trăm hai mươi bảy hai mươi tám và dựa trên năng lực ngôn ngữ chứ không phải quốc tịch, với một số phiên bản nêu áp dụng cho học sinh không phải công dân ý, không sinh ra ở ý hoặc đã học nhà trẻ ít hơn hai năm. sắc lệnh yêu cầu dịch vụ xã hội can thiệp nếu trẻ gặp khó khăn nghiêm trọng trong hòa nhập và bắt buộc phụ huynh tham gia các lớp học tiếng ý miễn phí, vi phạm có thể bị phạt tới một nghìn <en>euro</en>. bộ trưởng giáo dục ý giuseppe valditara cho biết có ba mươi bốn nghìn lớp học mà hơn ba mươi phần trăm học sinh là người nước ngoài nhưng phần lớn sẽ không bị ảnh hưởng vì giới hạn chủ yếu nhắm vào người mới đến. tổng thống ý sergio mattarella cảnh báo thận trọng về rào cản đối với giáo dục, trong khi các hiệu trưởng và công đoàn lo ngại việc thực thi khó khăn ở khu vực có đông dân nhập cư. tổ chức save the children cảnh báo việc buộc chuyển trường có thể tạo ra phân biệt đối xử và phân tầng học sinh, còn lãnh đạo đối lập elly schlein cáo buộc chính phủ đang truy đuổi trẻ em và gọi đây là một cuộc săn phù thủy mới. một số đối thủ cho rằng biện pháp có thể nhằm đối phó với sự trỗi dậy của đảng cực hữu national future do cựu tướng ý roberto vannacci thành lập trước bầu cử năm hai nghìn không trăm hai mươi bảy.",,"sắc lệnh yêu cầu dịch vụ xã hội can thiệp nếu trẻ gặp khó khăn nghiêm trọng trong hòa nhập và bắt buộc phụ huynh tham gia các lớp học tiếng ý miễn phí, vi phạm có thể bị phạt tới một nghìn <en>euro</en>.","sắc lệnh yêu cầu dịch vụ xã hội can thiệp nếu trẻ gặp khó khăn nghiêm trọng trong hòa nhập và bắt buộc phụ huynh tham gia các lớp học tiếng ý miễn phí, vi phạm có thể bị phạt tới một nghìn <en>euro</en>.",True,"sˈaɜc lˈe6ɲ ˈiɛw kˈə2w zˈi6c vˈu6 sˈaː5 hˈo6j kˈaːn tˈiɛ6p nˌeɜw tʃˈɛ4 ɣˈa6p xˈɔɜ xˈan ŋˈiɛm tʃˈɔ6ŋ tʃˈɔŋ hwˈaː2 ɲˈə6p vˌaː2 bˈaɜt̪ bˈuə6c fˈu6 hwˈiɲ tˈaːm zˈaː kˌaːɜc lˈəːɜp hˈɔ6k t̪ˈiɛɜŋ ˈiɜ mˈiɛ5n fˈiɜ, vˈi fˈaː6m kˈɔɜ tˈe4 bˌi6 fˈaː6t̪ t̪ˌəːɜj mˈo6t̪ ŋˈi2n jˈʊɹɹoʊ.","sˈaɜc lˈe6ɲ ˈiɛw kˈə2w zˈi6c vˈu6 sˈaː5 hˈo6j kˈaːn tˈiɛ6p nˌeɜw tʃˈɛ4 ɣˈa6p xˈɔɜ xˈan ŋˈiɛm tʃˈɔ6ŋ tʃˈɔŋ hwˈaː2 ɲˈə6p vˌaː2 bˈaɜt̪ bˈuə6c fˈu6 hwˈiɲ tˈaːm zˈaː kˌaːɜc lˈəːɜp hˈɔ6k t̪ˈiɛɜŋ ˈiɜ mˈiɛ5n fˈiɜ, vˈi fˈaː6m kˈɔɜ tˈe4 bˌi6 fˈaː6t̪ t̪ˌəːɜj mˈo6t̪ ŋˈi2n jˈʊɹɹoʊ.",sentence,BBE614E05AD0A815D688C3F4B44F691E32398694BF574A75E1012775F7936351
danhgia_tts_02.txt,danhgia_tts_02-004,Văn bản 4,danhgia_tts_02-004-c005,5,"Thủ tướng Ý Giorgia Meloni hôm 24 tháng 9 tại Rome ban hành sắc lệnh cấm burqa và niqab trong trường học và áp đặt giới hạn 30% học sinh không có khả năng tiếng Ý đủ tốt trong mỗi lớp. Theo dự thảo nghị định, giới hạn 30% sẽ áp dụng từ năm học 2027-28 và dựa trên năng lực ngôn ngữ chứ không phải quốc tịch, với một số phiên bản nêu áp dụng cho học sinh không phải công dân Ý, không sinh ra ở Ý hoặc đã học nhà trẻ ít hơn hai năm. Sắc lệnh yêu cầu dịch vụ xã hội can thiệp nếu trẻ gặp khó khăn nghiêm trọng trong hòa nhập và bắt buộc phụ huynh tham gia các lớp học tiếng Ý miễn phí; vi phạm có thể bị phạt tới 1.000 euro. Bộ trưởng Giáo dục Ý Giuseppe Valditara cho biết có 34.000 lớp học mà hơn 30% học sinh là người nước ngoài nhưng phần lớn sẽ không bị ảnh hưởng vì giới hạn chủ yếu nhắm vào người mới đến. Tổng thống Ý Sergio Mattarella cảnh báo thận trọng về rào cản đối với giáo dục, trong khi các hiệu trưởng và công đoàn lo ngại việc thực thi khó khăn ở khu vực có đông dân nhập cư. Tổ chức Save the Children cảnh báo việc buộc chuyển trường có thể tạo ra phân biệt đối xử và phân tầng học sinh, còn lãnh đạo đối lập Elly Schlein cáo buộc chính phủ đang truy đuổi trẻ em và gọi đây là một cuộc săn phù thủy mới. Một số đối thủ cho rằng biện pháp có thể nhằm đối phó với sự trỗi dậy của đảng cực hữu National Future do cựu tướng Ý Roberto Vannacci thành lập trước bầu cử năm 2027.","thủ tướng ý giorgia meloni hôm hai mươi bốn tháng chín tại rome ban hành sắc lệnh cấm burqa và niqab trong trường học và áp đặt giới hạn ba mươi phần trăm học sinh không có khả năng tiếng ý đủ tốt trong mỗi lớp. theo dự thảo nghị định, giới hạn ba mươi phần trăm sẽ áp dụng từ năm học hai nghìn không trăm hai mươi bảy hai mươi tám và dựa trên năng lực ngôn ngữ chứ không phải quốc tịch, với một số phiên bản nêu áp dụng cho học sinh không phải công dân ý, không sinh ra ở ý hoặc đã học nhà trẻ ít hơn hai năm. sắc lệnh yêu cầu dịch vụ xã hội can thiệp nếu trẻ gặp khó khăn nghiêm trọng trong hòa nhập và bắt buộc phụ huynh tham gia các lớp học tiếng ý miễn phí, vi phạm có thể bị phạt tới một nghìn <en>euro</en>. bộ trưởng giáo dục ý giuseppe valditara cho biết có ba mươi bốn nghìn lớp học mà hơn ba mươi phần trăm học sinh là người nước ngoài nhưng phần lớn sẽ không bị ảnh hưởng vì giới hạn chủ yếu nhắm vào người mới đến. tổng thống ý sergio mattarella cảnh báo thận trọng về rào cản đối với giáo dục, trong khi các hiệu trưởng và công đoàn lo ngại việc thực thi khó khăn ở khu vực có đông dân nhập cư. tổ chức save the children cảnh báo việc buộc chuyển trường có thể tạo ra phân biệt đối xử và phân tầng học sinh, còn lãnh đạo đối lập elly schlein cáo buộc chính phủ đang truy đuổi trẻ em và gọi đây là một cuộc săn phù thủy mới. một số đối thủ cho rằng biện pháp có thể nhằm đối phó với sự trỗi dậy của đảng cực hữu national future do cựu tướng ý roberto vannacci thành lập trước bầu cử năm hai nghìn không trăm hai mươi bảy.",,bộ trưởng giáo dục ý giuseppe valditara cho biết có ba mươi bốn nghìn lớp học mà hơn ba mươi phần trăm học sinh là người nước ngoài nhưng phần lớn sẽ không bị ảnh hưởng vì giới hạn chủ yếu nhắm vào người mới đến.,bộ trưởng giáo dục ý giuseppe valditara cho biết có ba mươi bốn nghìn lớp học mà hơn ba mươi phần trăm học sinh là người nước ngoài nhưng phần lớn sẽ không bị ảnh hưởng vì giới hạn chủ yếu nhắm vào người mới đến.,True,bˈo6 tʃˈyə4ŋ zˈaːɜw zˈu6c ˈiɜ dʒˈɪjuːsˌɛp vˈæld ɪtˈɑːɹɹə tʃˌɔ bˈiɛɜt̪ kˈɔɜ bˈaː mˈyəj bˈoɜn ŋˈi2n lˈəːɜp hˈɔ6k mˌaː2 hˈəːn bˈaː mˈyəj fˈə2n tʃˈam hˈɔ6k sˈiɲ lˌaː2 ŋˈyə2j nˈyəɜc ŋwˈaː2j ɲˌyŋ fˈə2n lˈəːɜn sˌɛ5 xˌoŋ bˌi6 ˈe-4ɲ hˈyə4ŋ vˌi2 zˈəːɜj hˈaː6n tʃˈu4 ˈiɛɜw ɲˈaɜm vˈaː2w ŋˈyə2j mˈəːɜj ɗˌeɜn.,bˈo6 tʃˈyə4ŋ zˈaːɜw zˈu6c ˈiɜ dʒˈɪjuːsˌɛp vˈæld ɪtˈɑːɹɹə tʃˌɔ bˈiɛɜt̪ kˈɔɜ bˈaː mˈyəj bˈoɜn ŋˈi2n lˈəːɜp hˈɔ6k mˌaː2 hˈəːn bˈaː mˈyəj fˈə2n tʃˈam hˈɔ6k sˈiɲ lˌaː2 ŋˈyə2j nˈyəɜc ŋwˈaː2j ɲˌyŋ fˈə2n lˈəːɜn sˌɛ5 xˌoŋ bˌi6 ˈe-4ɲ hˈyə4ŋ vˌi2 zˈəːɜj hˈaː6n tʃˈu4 ˈiɛɜw ɲˈaɜm vˈaː2w ŋˈyə2j mˈəːɜj ɗˌeɜn.,sentence,BBE614E05AD0A815D688C3F4B44F691E32398694BF574A75E1012775F7936351
danhgia_tts_02.txt,danhgia_tts_02-004,Văn bản 4,danhgia_tts_02-004-c006,6,"Thủ tướng Ý Giorgia Meloni hôm 24 tháng 9 tại Rome ban hành sắc lệnh cấm burqa và niqab trong trường học và áp đặt giới hạn 30% học sinh không có khả năng tiếng Ý đủ tốt trong mỗi lớp. Theo dự thảo nghị định, giới hạn 30% sẽ áp dụng từ năm học 2027-28 và dựa trên năng lực ngôn ngữ chứ không phải quốc tịch, với một số phiên bản nêu áp dụng cho học sinh không phải công dân Ý, không sinh ra ở Ý hoặc đã học nhà trẻ ít hơn hai năm. Sắc lệnh yêu cầu dịch vụ xã hội can thiệp nếu trẻ gặp khó khăn nghiêm trọng trong hòa nhập và bắt buộc phụ huynh tham gia các lớp học tiếng Ý miễn phí; vi phạm có thể bị phạt tới 1.000 euro. Bộ trưởng Giáo dục Ý Giuseppe Valditara cho biết có 34.000 lớp học mà hơn 30% học sinh là người nước ngoài nhưng phần lớn sẽ không bị ảnh hưởng vì giới hạn chủ yếu nhắm vào người mới đến. Tổng thống Ý Sergio Mattarella cảnh báo thận trọng về rào cản đối với giáo dục, trong khi các hiệu trưởng và công đoàn lo ngại việc thực thi khó khăn ở khu vực có đông dân nhập cư. Tổ chức Save the Children cảnh báo việc buộc chuyển trường có thể tạo ra phân biệt đối xử và phân tầng học sinh, còn lãnh đạo đối lập Elly Schlein cáo buộc chính phủ đang truy đuổi trẻ em và gọi đây là một cuộc săn phù thủy mới. Một số đối thủ cho rằng biện pháp có thể nhằm đối phó với sự trỗi dậy của đảng cực hữu National Future do cựu tướng Ý Roberto Vannacci thành lập trước bầu cử năm 2027.","thủ tướng ý giorgia meloni hôm hai mươi bốn tháng chín tại rome ban hành sắc lệnh cấm burqa và niqab trong trường học và áp đặt giới hạn ba mươi phần trăm học sinh không có khả năng tiếng ý đủ tốt trong mỗi lớp. theo dự thảo nghị định, giới hạn ba mươi phần trăm sẽ áp dụng từ năm học hai nghìn không trăm hai mươi bảy hai mươi tám và dựa trên năng lực ngôn ngữ chứ không phải quốc tịch, với một số phiên bản nêu áp dụng cho học sinh không phải công dân ý, không sinh ra ở ý hoặc đã học nhà trẻ ít hơn hai năm. sắc lệnh yêu cầu dịch vụ xã hội can thiệp nếu trẻ gặp khó khăn nghiêm trọng trong hòa nhập và bắt buộc phụ huynh tham gia các lớp học tiếng ý miễn phí, vi phạm có thể bị phạt tới một nghìn <en>euro</en>. bộ trưởng giáo dục ý giuseppe valditara cho biết có ba mươi bốn nghìn lớp học mà hơn ba mươi phần trăm học sinh là người nước ngoài nhưng phần lớn sẽ không bị ảnh hưởng vì giới hạn chủ yếu nhắm vào người mới đến. tổng thống ý sergio mattarella cảnh báo thận trọng về rào cản đối với giáo dục, trong khi các hiệu trưởng và công đoàn lo ngại việc thực thi khó khăn ở khu vực có đông dân nhập cư. tổ chức save the children cảnh báo việc buộc chuyển trường có thể tạo ra phân biệt đối xử và phân tầng học sinh, còn lãnh đạo đối lập elly schlein cáo buộc chính phủ đang truy đuổi trẻ em và gọi đây là một cuộc săn phù thủy mới. một số đối thủ cho rằng biện pháp có thể nhằm đối phó với sự trỗi dậy của đảng cực hữu national future do cựu tướng ý roberto vannacci thành lập trước bầu cử năm hai nghìn không trăm hai mươi bảy.",,"tổng thống ý sergio mattarella cảnh báo thận trọng về rào cản đối với giáo dục, trong khi các hiệu trưởng và công đoàn lo ngại việc thực thi khó khăn ở khu vực có đông dân nhập cư.","tổng thống ý sergio mattarella cảnh báo thận trọng về rào cản đối với giáo dục, trong khi các hiệu trưởng và công đoàn lo ngại việc thực thi khó khăn ở khu vực có đông dân nhập cư.",True,"t̪ˈo4ŋ tˈoɜŋ ˈiɜ sˈɜːdʒɪˌoʊ mˌæɾɚɹˈɛlə kˈe-4ɲ bˈaːɜw tˈə6n tʃˈɔ6ŋ vˈe2 ɹˈaː2w kˈaː4n ɗˈoɜj vˌəːɜj zˈaːɜw zˈu6c, tʃˈɔŋ xˌi kˌaːɜc hˈiɛ6w tʃˈyə4ŋ vˌaː2 kˈoŋ ɗwˈaː2n lˈɔ ŋˈaː6j vˈiɛ6c tˈy6c tˈi xˈɔɜ xˈan ˈəː4 xˈu vˈy6c kˈɔɜ ɗˈoŋ zˈən ɲˈə6p kˈy.","t̪ˈo4ŋ tˈoɜŋ ˈiɜ sˈɜːdʒɪˌoʊ mˌæɾɚɹˈɛlə kˈe-4ɲ bˈaːɜw tˈə6n tʃˈɔ6ŋ vˈe2 ɹˈaː2w kˈaː4n ɗˈoɜj vˌəːɜj zˈaːɜw zˈu6c, tʃˈɔŋ xˌi kˌaːɜc hˈiɛ6w tʃˈyə4ŋ vˌaː2 kˈoŋ ɗwˈaː2n lˈɔ ŋˈaː6j vˈiɛ6c tˈy6c tˈi xˈɔɜ xˈan ˈəː4 xˈu vˈy6c kˈɔɜ ɗˈoŋ zˈən ɲˈə6p kˈy.",sentence,BBE614E05AD0A815D688C3F4B44F691E32398694BF574A75E1012775F7936351
danhgia_tts_02.txt,danhgia_tts_02-004,Văn bản 4,danhgia_tts_02-004-c007,7,"Thủ tướng Ý Giorgia Meloni hôm 24 tháng 9 tại Rome ban hành sắc lệnh cấm burqa và niqab trong trường học và áp đặt giới hạn 30% học sinh không có khả năng tiếng Ý đủ tốt trong mỗi lớp. Theo dự thảo nghị định, giới hạn 30% sẽ áp dụng từ năm học 2027-28 và dựa trên năng lực ngôn ngữ chứ không phải quốc tịch, với một số phiên bản nêu áp dụng cho học sinh không phải công dân Ý, không sinh ra ở Ý hoặc đã học nhà trẻ ít hơn hai năm. Sắc lệnh yêu cầu dịch vụ xã hội can thiệp nếu trẻ gặp khó khăn nghiêm trọng trong hòa nhập và bắt buộc phụ huynh tham gia các lớp học tiếng Ý miễn phí; vi phạm có thể bị phạt tới 1.000 euro. Bộ trưởng Giáo dục Ý Giuseppe Valditara cho biết có 34.000 lớp học mà hơn 30% học sinh là người nước ngoài nhưng phần lớn sẽ không bị ảnh hưởng vì giới hạn chủ yếu nhắm vào người mới đến. Tổng thống Ý Sergio Mattarella cảnh báo thận trọng về rào cản đối với giáo dục, trong khi các hiệu trưởng và công đoàn lo ngại việc thực thi khó khăn ở khu vực có đông dân nhập cư. Tổ chức Save the Children cảnh báo việc buộc chuyển trường có thể tạo ra phân biệt đối xử và phân tầng học sinh, còn lãnh đạo đối lập Elly Schlein cáo buộc chính phủ đang truy đuổi trẻ em và gọi đây là một cuộc săn phù thủy mới. Một số đối thủ cho rằng biện pháp có thể nhằm đối phó với sự trỗi dậy của đảng cực hữu National Future do cựu tướng Ý Roberto Vannacci thành lập trước bầu cử năm 2027.","thủ tướng ý giorgia meloni hôm hai mươi bốn tháng chín tại rome ban hành sắc lệnh cấm burqa và niqab trong trường học và áp đặt giới hạn ba mươi phần trăm học sinh không có khả năng tiếng ý đủ tốt trong mỗi lớp. theo dự thảo nghị định, giới hạn ba mươi phần trăm sẽ áp dụng từ năm học hai nghìn không trăm hai mươi bảy hai mươi tám và dựa trên năng lực ngôn ngữ chứ không phải quốc tịch, với một số phiên bản nêu áp dụng cho học sinh không phải công dân ý, không sinh ra ở ý hoặc đã học nhà trẻ ít hơn hai năm. sắc lệnh yêu cầu dịch vụ xã hội can thiệp nếu trẻ gặp khó khăn nghiêm trọng trong hòa nhập và bắt buộc phụ huynh tham gia các lớp học tiếng ý miễn phí, vi phạm có thể bị phạt tới một nghìn <en>euro</en>. bộ trưởng giáo dục ý giuseppe valditara cho biết có ba mươi bốn nghìn lớp học mà hơn ba mươi phần trăm học sinh là người nước ngoài nhưng phần lớn sẽ không bị ảnh hưởng vì giới hạn chủ yếu nhắm vào người mới đến. tổng thống ý sergio mattarella cảnh báo thận trọng về rào cản đối với giáo dục, trong khi các hiệu trưởng và công đoàn lo ngại việc thực thi khó khăn ở khu vực có đông dân nhập cư. tổ chức save the children cảnh báo việc buộc chuyển trường có thể tạo ra phân biệt đối xử và phân tầng học sinh, còn lãnh đạo đối lập elly schlein cáo buộc chính phủ đang truy đuổi trẻ em và gọi đây là một cuộc săn phù thủy mới. một số đối thủ cho rằng biện pháp có thể nhằm đối phó với sự trỗi dậy của đảng cực hữu national future do cựu tướng ý roberto vannacci thành lập trước bầu cử năm hai nghìn không trăm hai mươi bảy.",,"tổ chức save the children cảnh báo việc buộc chuyển trường có thể tạo ra phân biệt đối xử và phân tầng học sinh, còn lãnh đạo đối lập elly schlein cáo buộc chính phủ đang truy đuổi trẻ em và gọi đây là một cuộc săn phù thủy mới.","tổ chức save the children cảnh báo việc buộc chuyển trường có thể tạo ra phân biệt đối xử và phân tầng học sinh, còn lãnh đạo đối lập elly schlein cáo buộc chính phủ đang truy đuổi trẻ em và gọi đây là một cuộc săn phù thủy mới.",True,"t̪ˈo4 tʃˈyɜc sˈeɪv ðə tʃˈɪldɹən kˈe-4ɲ bˈaːɜw vˈiɛ6c bˈuə6c tʃwˈiɛ4n tʃˈyə2ŋ kˈɔɜ tˈe4 t̪ˈaː6w ɹˈaː fˈən bˈiɛ6t̪ ɗˈoɜj sˈy4 vˌaː2 fˈən t̪ˈə2ŋ hˈɔ6k sˈiɲ, kˌɔ2n lˈe-5ɲ ɗˈaː6w ɗˈoɜj lˈə6p ˈɛli ʃlˈaɪn kˈaːɜw bˈuə6c tʃˈiɜɲ fˈu4 ɗˌaːŋ tʃwˈi ɗˈuə4j tʃˈɛ4 ˈɛm vˌaː2 ɣˈɔ6j ɗˈəɪ lˌaː2 mˈo6t̪ kˈuə6c sˈan fˈu2 twˈi4 mˈəːɜj.","t̪ˈo4 tʃˈyɜc sˈeɪv ðə tʃˈɪldɹən kˈe-4ɲ bˈaːɜw vˈiɛ6c bˈuə6c tʃwˈiɛ4n tʃˈyə2ŋ kˈɔɜ tˈe4 t̪ˈaː6w ɹˈaː fˈən bˈiɛ6t̪ ɗˈoɜj sˈy4 vˌaː2 fˈən t̪ˈə2ŋ hˈɔ6k sˈiɲ, kˌɔ2n lˈe-5ɲ ɗˈaː6w ɗˈoɜj lˈə6p ˈɛli ʃlˈaɪn kˈaːɜw bˈuə6c tʃˈiɜɲ fˈu4 ɗˌaːŋ tʃwˈi ɗˈuə4j tʃˈɛ4 ˈɛm vˌaː2 ɣˈɔ6j ɗˈəɪ lˌaː2 mˈo6t̪ kˈuə6c sˈan fˈu2 twˈi4 mˈəːɜj.",sentence,BBE614E05AD0A815D688C3F4B44F691E32398694BF574A75E1012775F7936351
danhgia_tts_02.txt,danhgia_tts_02-004,Văn bản 4,danhgia_tts_02-004-c008,8,"Thủ tướng Ý Giorgia Meloni hôm 24 tháng 9 tại Rome ban hành sắc lệnh cấm burqa và niqab trong trường học và áp đặt giới hạn 30% học sinh không có khả năng tiếng Ý đủ tốt trong mỗi lớp. Theo dự thảo nghị định, giới hạn 30% sẽ áp dụng từ năm học 2027-28 và dựa trên năng lực ngôn ngữ chứ không phải quốc tịch, với một số phiên bản nêu áp dụng cho học sinh không phải công dân Ý, không sinh ra ở Ý hoặc đã học nhà trẻ ít hơn hai năm. Sắc lệnh yêu cầu dịch vụ xã hội can thiệp nếu trẻ gặp khó khăn nghiêm trọng trong hòa nhập và bắt buộc phụ huynh tham gia các lớp học tiếng Ý miễn phí; vi phạm có thể bị phạt tới 1.000 euro. Bộ trưởng Giáo dục Ý Giuseppe Valditara cho biết có 34.000 lớp học mà hơn 30% học sinh là người nước ngoài nhưng phần lớn sẽ không bị ảnh hưởng vì giới hạn chủ yếu nhắm vào người mới đến. Tổng thống Ý Sergio Mattarella cảnh báo thận trọng về rào cản đối với giáo dục, trong khi các hiệu trưởng và công đoàn lo ngại việc thực thi khó khăn ở khu vực có đông dân nhập cư. Tổ chức Save the Children cảnh báo việc buộc chuyển trường có thể tạo ra phân biệt đối xử và phân tầng học sinh, còn lãnh đạo đối lập Elly Schlein cáo buộc chính phủ đang truy đuổi trẻ em và gọi đây là một cuộc săn phù thủy mới. Một số đối thủ cho rằng biện pháp có thể nhằm đối phó với sự trỗi dậy của đảng cực hữu National Future do cựu tướng Ý Roberto Vannacci thành lập trước bầu cử năm 2027.","thủ tướng ý giorgia meloni hôm hai mươi bốn tháng chín tại rome ban hành sắc lệnh cấm burqa và niqab trong trường học và áp đặt giới hạn ba mươi phần trăm học sinh không có khả năng tiếng ý đủ tốt trong mỗi lớp. theo dự thảo nghị định, giới hạn ba mươi phần trăm sẽ áp dụng từ năm học hai nghìn không trăm hai mươi bảy hai mươi tám và dựa trên năng lực ngôn ngữ chứ không phải quốc tịch, với một số phiên bản nêu áp dụng cho học sinh không phải công dân ý, không sinh ra ở ý hoặc đã học nhà trẻ ít hơn hai năm. sắc lệnh yêu cầu dịch vụ xã hội can thiệp nếu trẻ gặp khó khăn nghiêm trọng trong hòa nhập và bắt buộc phụ huynh tham gia các lớp học tiếng ý miễn phí, vi phạm có thể bị phạt tới một nghìn <en>euro</en>. bộ trưởng giáo dục ý giuseppe valditara cho biết có ba mươi bốn nghìn lớp học mà hơn ba mươi phần trăm học sinh là người nước ngoài nhưng phần lớn sẽ không bị ảnh hưởng vì giới hạn chủ yếu nhắm vào người mới đến. tổng thống ý sergio mattarella cảnh báo thận trọng về rào cản đối với giáo dục, trong khi các hiệu trưởng và công đoàn lo ngại việc thực thi khó khăn ở khu vực có đông dân nhập cư. tổ chức save the children cảnh báo việc buộc chuyển trường có thể tạo ra phân biệt đối xử và phân tầng học sinh, còn lãnh đạo đối lập elly schlein cáo buộc chính phủ đang truy đuổi trẻ em và gọi đây là một cuộc săn phù thủy mới. một số đối thủ cho rằng biện pháp có thể nhằm đối phó với sự trỗi dậy của đảng cực hữu national future do cựu tướng ý roberto vannacci thành lập trước bầu cử năm hai nghìn không trăm hai mươi bảy.",,một số đối thủ cho rằng biện pháp có thể nhằm đối phó với sự trỗi dậy của đảng cực hữu national future do cựu tướng ý roberto vannacci thành lập trước bầu cử năm hai nghìn không trăm hai mươi bảy.,một số đối thủ cho rằng biện pháp có thể nhằm đối phó với sự trỗi dậy của đảng cực hữu national future do cựu tướng ý roberto vannacci thành lập trước bầu cử năm hai nghìn không trăm hai mươi bảy.,True,mˈo6t̪ sˈoɜ ɗˈoɜj tˈu4 tʃˌɔ ɹˈa2ŋ bˈiɛ6n fˈaːɜp kˈɔɜ tˈe4 ɲˈa2m ɗˈoɜj fˈɔɜ vˌəːɜj sˈy6 tʃˈo5j zˈəɪ6 kˌuə4 ɗˈaː4ŋ kˈy6c hˈi5w nˈæʃənəl fjˈuːtʃɚ dˈuː kˈi6w t̪ˈyəɜŋ ˈiɜ ɹˈɑːbɚtˌoʊ vˈæn nˈa6c sˈaɪ tˈe-2ɲ lˈə6p tʃˈyəɜc bˈə2w kˈy4 nˈam hˈaːj ŋˈi2n xˌoŋ tʃˈam hˈaːj mˈyəj bˈa4j.,mˈo6t̪ sˈoɜ ɗˈoɜj tˈu4 tʃˌɔ ɹˈa2ŋ bˈiɛ6n fˈaːɜp kˈɔɜ tˈe4 ɲˈa2m ɗˈoɜj fˈɔɜ vˌəːɜj sˈy6 tʃˈo5j zˈəɪ6 kˌuə4 ɗˈaː4ŋ kˈy6c hˈi5w nˈæʃənəl fjˈuːtʃɚ dˈuː kˈi6w t̪ˈyəɜŋ ˈiɜ ɹˈɑːbɚtˌoʊ vˈæn nˈa6c sˈaɪ tˈe-2ɲ lˈə6p tʃˈyəɜc bˈə2w kˈy4 nˈam hˈaːj ŋˈi2n xˌoŋ tʃˈam hˈaːj mˈyəj bˈa4j.,,BBE614E05AD0A815D688C3F4B44F691E32398694BF574A75E1012775F7936351
danhgia_tts_02.txt,danhgia_tts_02-005,Văn bản 5,danhgia_tts_02-005-c001,1,"OpenAI dự kiến trong vài ngày tới giới thiệu mô hình AI GPT-6 Cyber tập trung vào an ninh mạng và ra mắt một sản phẩm mới giúp khách hàng triển khai nó an toàn hơn và tự động hóa. Fortune dẫn nhiều nguồn cho biết GPT-6 Cyber có thể được công bố tại sự kiện DevDay của OpenAI ở San Francisco vào ngày 29/9, cùng với kế hoạch ra mắt hơn một chục sản phẩm khác. Một nhóm khách hàng hạn chế trong chương trình Daybreak Red đã được truy cập GPT-6 Cyber để thử nghiệm alpha. Bài báo cũng nhắc lại rằng Giám đốc điều hành OpenAI Sam Altman và CEO Anthropic đã cùng kêu gọi làm chậm tốc độ phát triển AI và tăng cường biện pháp an toàn vào đầu tháng 9. Bài viết nêu các cảnh báo về mô hình Astra. Bài viết còn đề cập vụ một tác nhân OpenAI xâm nhập cổng dữ liệu y tế chính phủ Australia vào tháng Sáu.","open <en>a i</en> dự kiến trong vài ngày tới giới thiệu mô hình <en>a i</en> <en>g p t</en> sáu cyber tập trung vào an ninh mạng và ra mắt một sản phẩm mới giúp khách hàng triển khai nó an toàn hơn và tự động hóa. fortune dẫn nhiều nguồn cho biết <en>g p t</en> sáu cyber có thể được công bố tại sự kiện dev day của open <en>a i</en> ở san francisco vào ngày hai mươi chín tháng chín, cùng với kế hoạch ra mắt hơn một chục sản phẩm khác. một nhóm khách hàng hạn chế trong chương trình daybreak red đã được truy cập <en>g p t</en> sáu cyber để thử nghiệm alpha. bài báo cũng nhắc lại rằng giám đốc điều hành open <en>a i</en> sam altman và <en>c e o</en> anthropic đã cùng kêu gọi làm chậm tốc độ phát triển <en>a i</en> và tăng cường biện pháp an toàn vào đầu tháng chín. bài viết nêu các cảnh báo về mô hình astra. bài viết còn đề cập vụ một tác nhân open <en>a i</en> xâm nhập cổng dữ liệu y tế chính phủ australia vào tháng sáu.",,open <en>a i</en> dự kiến trong vài ngày tới giới thiệu mô hình <en>a i</en> <en>g p t</en> sáu cyber tập trung vào an ninh mạng và ra mắt một sản phẩm mới giúp khách hàng triển khai nó an toàn hơn và tự động hóa.,open <en>a i</en> dự kiến trong vài ngày tới giới thiệu mô hình <en>a i</en> <en>g p t</en> sáu cyber tập trung vào an ninh mạng và ra mắt một sản phẩm mới giúp khách hàng triển khai nó an toàn hơn và tự động hóa.,True,ˈoʊpən ˈeɪ ˈaɪ zˈy6 kˈiɛɜn tʃˈɔŋ vˈaː2j ŋˈa2j t̪ˌəːɜj zˈəːɜj tˈiɛ6w mˈo hˈi2ɲ ˈeɪ ˈaɪ dʒˈiː pˈiː tˈiː sˈaɜw sˈaɪbɚ t̪ˈə6p tʃˈuŋ vˈaː2w ˈaːn nˈiɲ mˈaː6ŋ vˌaː2 ɹˈaː mˈaɜt̪ mˈo6t̪ sˈaː4n fˈə4m mˈəːɜj zˈuɜp xˈe-ɜc hˈaː2ŋ tʃˈiɛ4n xˈaːj nˈɔɜ ˈaːn t̪wˈaː2n hˈəːn vˌaː2 t̪ˈy6 ɗˈo6ŋ hwˈaːɜ.,ˈoʊpən ˈeɪ ˈaɪ zˈy6 kˈiɛɜn tʃˈɔŋ vˈaː2j ŋˈa2j t̪ˌəːɜj zˈəːɜj tˈiɛ6w mˈo hˈi2ɲ ˈeɪ ˈaɪ dʒˈiː pˈiː tˈiː sˈaɜw sˈaɪbɚ t̪ˈə6p tʃˈuŋ vˈaː2w ˈaːn nˈiɲ mˈaː6ŋ vˌaː2 ɹˈaː mˈaɜt̪ mˈo6t̪ sˈaː4n fˈə4m mˈəːɜj zˈuɜp xˈe-ɜc hˈaː2ŋ tʃˈiɛ4n xˈaːj nˈɔɜ ˈaːn t̪wˈaː2n hˈəːn vˌaː2 t̪ˈy6 ɗˈo6ŋ hwˈaːɜ.,sentence,BBE614E05AD0A815D688C3F4B44F691E32398694BF574A75E1012775F7936351
danhgia_tts_02.txt,danhgia_tts_02-005,Văn bản 5,danhgia_tts_02-005-c002,2,"OpenAI dự kiến trong vài ngày tới giới thiệu mô hình AI GPT-6 Cyber tập trung vào an ninh mạng và ra mắt một sản phẩm mới giúp khách hàng triển khai nó an toàn hơn và tự động hóa. Fortune dẫn nhiều nguồn cho biết GPT-6 Cyber có thể được công bố tại sự kiện DevDay của OpenAI ở San Francisco vào ngày 29/9, cùng với kế hoạch ra mắt hơn một chục sản phẩm khác. Một nhóm khách hàng hạn chế trong chương trình Daybreak Red đã được truy cập GPT-6 Cyber để thử nghiệm alpha. Bài báo cũng nhắc lại rằng Giám đốc điều hành OpenAI Sam Altman và CEO Anthropic đã cùng kêu gọi làm chậm tốc độ phát triển AI và tăng cường biện pháp an toàn vào đầu tháng 9. Bài viết nêu các cảnh báo về mô hình Astra. Bài viết còn đề cập vụ một tác nhân OpenAI xâm nhập cổng dữ liệu y tế chính phủ Australia vào tháng Sáu.","open <en>a i</en> dự kiến trong vài ngày tới giới thiệu mô hình <en>a i</en> <en>g p t</en> sáu cyber tập trung vào an ninh mạng và ra mắt một sản phẩm mới giúp khách hàng triển khai nó an toàn hơn và tự động hóa. fortune dẫn nhiều nguồn cho biết <en>g p t</en> sáu cyber có thể được công bố tại sự kiện dev day của open <en>a i</en> ở san francisco vào ngày hai mươi chín tháng chín, cùng với kế hoạch ra mắt hơn một chục sản phẩm khác. một nhóm khách hàng hạn chế trong chương trình daybreak red đã được truy cập <en>g p t</en> sáu cyber để thử nghiệm alpha. bài báo cũng nhắc lại rằng giám đốc điều hành open <en>a i</en> sam altman và <en>c e o</en> anthropic đã cùng kêu gọi làm chậm tốc độ phát triển <en>a i</en> và tăng cường biện pháp an toàn vào đầu tháng chín. bài viết nêu các cảnh báo về mô hình astra. bài viết còn đề cập vụ một tác nhân open <en>a i</en> xâm nhập cổng dữ liệu y tế chính phủ australia vào tháng sáu.",,"fortune dẫn nhiều nguồn cho biết <en>g p t</en> sáu cyber có thể được công bố tại sự kiện dev day của open <en>a i</en> ở san francisco vào ngày hai mươi chín tháng chín, cùng với kế hoạch ra mắt hơn một chục sản phẩm khác.","fortune dẫn nhiều nguồn cho biết <en>g p t</en> sáu cyber có thể được công bố tại sự kiện dev day của open <en>a i</en> ở san francisco vào ngày hai mươi chín tháng chín, cùng với kế hoạch ra mắt hơn một chục sản phẩm khác.",True,"fˈɔːɹtʃʊn zˈə5n ɲˈiɛ2w ŋˈuə2n tʃˌɔ bˈiɛɜt̪ dʒˈiː pˈiː tˈiː sˈaɜw sˈaɪbɚ kˈɔɜ tˈe4 ɗˌyə6c kˈoŋ bˈoɜ t̪ˈaː6j sˈy6 kˈiɛ6n dˈɛv dˈeɪ kˌuə4 ˈoʊpən ˈeɪ ˈaɪ ˈəː4 sˈaːn fɹænsˈɪskoʊ vˈaː2w ŋˈa2j hˈaːj mˈyəj tʃˈiɜn tˈaːɜŋ tʃˈiɜn, kˈu2ŋ vˌəːɜj kˈeɜ hwˈe-6c ɹˈaː mˈaɜt̪ hˈəːn mˈo6t̪ tʃˈu6c sˈaː4n fˈə4m xˈaːɜc.","fˈɔːɹtʃʊn zˈə5n ɲˈiɛ2w ŋˈuə2n tʃˌɔ bˈiɛɜt̪ dʒˈiː pˈiː tˈiː sˈaɜw sˈaɪbɚ kˈɔɜ tˈe4 ɗˌyə6c kˈoŋ bˈoɜ t̪ˈaː6j sˈy6 kˈiɛ6n dˈɛv dˈeɪ kˌuə4 ˈoʊpən ˈeɪ ˈaɪ ˈəː4 sˈaːn fɹænsˈɪskoʊ vˈaː2w ŋˈa2j hˈaːj mˈyəj tʃˈiɜn tˈaːɜŋ tʃˈiɜn, kˈu2ŋ vˌəːɜj kˈeɜ hwˈe-6c ɹˈaː mˈaɜt̪ hˈəːn mˈo6t̪ tʃˈu6c sˈaː4n fˈə4m xˈaːɜc.",sentence,BBE614E05AD0A815D688C3F4B44F691E32398694BF574A75E1012775F7936351
danhgia_tts_02.txt,danhgia_tts_02-005,Văn bản 5,danhgia_tts_02-005-c003,3,"OpenAI dự kiến trong vài ngày tới giới thiệu mô hình AI GPT-6 Cyber tập trung vào an ninh mạng và ra mắt một sản phẩm mới giúp khách hàng triển khai nó an toàn hơn và tự động hóa. Fortune dẫn nhiều nguồn cho biết GPT-6 Cyber có thể được công bố tại sự kiện DevDay của OpenAI ở San Francisco vào ngày 29/9, cùng với kế hoạch ra mắt hơn một chục sản phẩm khác. Một nhóm khách hàng hạn chế trong chương trình Daybreak Red đã được truy cập GPT-6 Cyber để thử nghiệm alpha. Bài báo cũng nhắc lại rằng Giám đốc điều hành OpenAI Sam Altman và CEO Anthropic đã cùng kêu gọi làm chậm tốc độ phát triển AI và tăng cường biện pháp an toàn vào đầu tháng 9. Bài viết nêu các cảnh báo về mô hình Astra. Bài viết còn đề cập vụ một tác nhân OpenAI xâm nhập cổng dữ liệu y tế chính phủ Australia vào tháng Sáu.","open <en>a i</en> dự kiến trong vài ngày tới giới thiệu mô hình <en>a i</en> <en>g p t</en> sáu cyber tập trung vào an ninh mạng và ra mắt một sản phẩm mới giúp khách hàng triển khai nó an toàn hơn và tự động hóa. fortune dẫn nhiều nguồn cho biết <en>g p t</en> sáu cyber có thể được công bố tại sự kiện dev day của open <en>a i</en> ở san francisco vào ngày hai mươi chín tháng chín, cùng với kế hoạch ra mắt hơn một chục sản phẩm khác. một nhóm khách hàng hạn chế trong chương trình daybreak red đã được truy cập <en>g p t</en> sáu cyber để thử nghiệm alpha. bài báo cũng nhắc lại rằng giám đốc điều hành open <en>a i</en> sam altman và <en>c e o</en> anthropic đã cùng kêu gọi làm chậm tốc độ phát triển <en>a i</en> và tăng cường biện pháp an toàn vào đầu tháng chín. bài viết nêu các cảnh báo về mô hình astra. bài viết còn đề cập vụ một tác nhân open <en>a i</en> xâm nhập cổng dữ liệu y tế chính phủ australia vào tháng sáu.",,một nhóm khách hàng hạn chế trong chương trình daybreak red đã được truy cập <en>g p t</en> sáu cyber để thử nghiệm alpha.,một nhóm khách hàng hạn chế trong chương trình daybreak red đã được truy cập <en>g p t</en> sáu cyber để thử nghiệm alpha.,True,mˈo6t̪ ɲˈɔɜm xˈe-ɜc hˈaː2ŋ hˈaː6n tʃˈeɜ tʃˈɔŋ tʃˈyəŋ tʃˈi2ɲ dˈeɪbɹeɪk ɹˈɛd ɗˌaː5 ɗˌyə6c tʃwˈi kˈə6p dʒˈiː pˈiː tˈiː sˈaɜw sˈaɪbɚ ɗˌe4 tˈy4 ŋˈiɛ6m ˈælfə.,mˈo6t̪ ɲˈɔɜm xˈe-ɜc hˈaː2ŋ hˈaː6n tʃˈeɜ tʃˈɔŋ tʃˈyəŋ tʃˈi2ɲ dˈeɪbɹeɪk ɹˈɛd ɗˌaː5 ɗˌyə6c tʃwˈi kˈə6p dʒˈiː pˈiː tˈiː sˈaɜw sˈaɪbɚ ɗˌe4 tˈy4 ŋˈiɛ6m ˈælfə.,sentence,BBE614E05AD0A815D688C3F4B44F691E32398694BF574A75E1012775F7936351
danhgia_tts_02.txt,danhgia_tts_02-005,Văn bản 5,danhgia_tts_02-005-c004,4,"OpenAI dự kiến trong vài ngày tới giới thiệu mô hình AI GPT-6 Cyber tập trung vào an ninh mạng và ra mắt một sản phẩm mới giúp khách hàng triển khai nó an toàn hơn và tự động hóa. Fortune dẫn nhiều nguồn cho biết GPT-6 Cyber có thể được công bố tại sự kiện DevDay của OpenAI ở San Francisco vào ngày 29/9, cùng với kế hoạch ra mắt hơn một chục sản phẩm khác. Một nhóm khách hàng hạn chế trong chương trình Daybreak Red đã được truy cập GPT-6 Cyber để thử nghiệm alpha. Bài báo cũng nhắc lại rằng Giám đốc điều hành OpenAI Sam Altman và CEO Anthropic đã cùng kêu gọi làm chậm tốc độ phát triển AI và tăng cường biện pháp an toàn vào đầu tháng 9. Bài viết nêu các cảnh báo về mô hình Astra. Bài viết còn đề cập vụ một tác nhân OpenAI xâm nhập cổng dữ liệu y tế chính phủ Australia vào tháng Sáu.","open <en>a i</en> dự kiến trong vài ngày tới giới thiệu mô hình <en>a i</en> <en>g p t</en> sáu cyber tập trung vào an ninh mạng và ra mắt một sản phẩm mới giúp khách hàng triển khai nó an toàn hơn và tự động hóa. fortune dẫn nhiều nguồn cho biết <en>g p t</en> sáu cyber có thể được công bố tại sự kiện dev day của open <en>a i</en> ở san francisco vào ngày hai mươi chín tháng chín, cùng với kế hoạch ra mắt hơn một chục sản phẩm khác. một nhóm khách hàng hạn chế trong chương trình daybreak red đã được truy cập <en>g p t</en> sáu cyber để thử nghiệm alpha. bài báo cũng nhắc lại rằng giám đốc điều hành open <en>a i</en> sam altman và <en>c e o</en> anthropic đã cùng kêu gọi làm chậm tốc độ phát triển <en>a i</en> và tăng cường biện pháp an toàn vào đầu tháng chín. bài viết nêu các cảnh báo về mô hình astra. bài viết còn đề cập vụ một tác nhân open <en>a i</en> xâm nhập cổng dữ liệu y tế chính phủ australia vào tháng sáu.",,bài báo cũng nhắc lại rằng giám đốc điều hành open <en>a i</en> sam altman và <en>c e o</en> anthropic đã cùng kêu gọi làm chậm tốc độ phát triển <en>a i</en> và tăng cường biện pháp an toàn vào đầu tháng chín. bài viết nêu các cảnh báo về mô hình astra.,bài báo cũng nhắc lại rằng giám đốc điều hành open <en>a i</en> sam altman và <en>c e o</en> anthropic đã cùng kêu gọi làm chậm tốc độ phát triển <en>a i</en> và tăng cường biện pháp an toàn vào đầu tháng chín. bài viết nêu các cảnh báo về mô hình astra.,True,bˈaː2j bˈaːɜw kˈu5ŋ ɲˈaɜc lˈaː6j ɹˈa2ŋ zˈaːɜm ɗˈoɜk ɗˈiɛ2w hˈe-2ɲ ˈoʊpən ˈeɪ ˈaɪ sˈaːm ˈɔːltmən vˌaː2 sˈiː ˈiː ˈoʊ ænθɹˈɑːpɪk ɗˌaː5 kˈu2ŋ kˈe1w ɣˈɔ6j lˈaː2m tʃˈə6m t̪ˈoɜk ɗˈo6 fˈaːɜt̪ tʃˈiɛ4n ˈeɪ ˈaɪ vˌaː2 t̪ˈaŋ kˈyə2ŋ bˈiɛ6n fˈaːɜp ˈaːn t̪wˈaː2n vˈaː2w ɗˈə2w tˈaːɜŋ tʃˈiɜn. bˈaː2j vˈiɛɜt̪ nˈe1w kˌaːɜc kˈe-4ɲ bˈaːɜw vˈe2 mˈo hˈi2ɲ ˈæstɹə.,bˈaː2j bˈaːɜw kˈu5ŋ ɲˈaɜc lˈaː6j ɹˈa2ŋ zˈaːɜm ɗˈoɜk ɗˈiɛ2w hˈe-2ɲ ˈoʊpən ˈeɪ ˈaɪ sˈaːm ˈɔːltmən vˌaː2 sˈiː ˈiː ˈoʊ ænθɹˈɑːpɪk ɗˌaː5 kˈu2ŋ kˈe1w ɣˈɔ6j lˈaː2m tʃˈə6m t̪ˈoɜk ɗˈo6 fˈaːɜt̪ tʃˈiɛ4n ˈeɪ ˈaɪ vˌaː2 t̪ˈaŋ kˈyə2ŋ bˈiɛ6n fˈaːɜp ˈaːn t̪wˈaː2n vˈaː2w ɗˈə2w tˈaːɜŋ tʃˈiɜn. bˈaː2j vˈiɛɜt̪ nˈe1w kˌaːɜc kˈe-4ɲ bˈaːɜw vˈe2 mˈo hˈi2ɲ ˈæstɹə.,sentence,BBE614E05AD0A815D688C3F4B44F691E32398694BF574A75E1012775F7936351
danhgia_tts_02.txt,danhgia_tts_02-005,Văn bản 5,danhgia_tts_02-005-c005,5,"OpenAI dự kiến trong vài ngày tới giới thiệu mô hình AI GPT-6 Cyber tập trung vào an ninh mạng và ra mắt một sản phẩm mới giúp khách hàng triển khai nó an toàn hơn và tự động hóa. Fortune dẫn nhiều nguồn cho biết GPT-6 Cyber có thể được công bố tại sự kiện DevDay của OpenAI ở San Francisco vào ngày 29/9, cùng với kế hoạch ra mắt hơn một chục sản phẩm khác. Một nhóm khách hàng hạn chế trong chương trình Daybreak Red đã được truy cập GPT-6 Cyber để thử nghiệm alpha. Bài báo cũng nhắc lại rằng Giám đốc điều hành OpenAI Sam Altman và CEO Anthropic đã cùng kêu gọi làm chậm tốc độ phát triển AI và tăng cường biện pháp an toàn vào đầu tháng 9. Bài viết nêu các cảnh báo về mô hình Astra. Bài viết còn đề cập vụ một tác nhân OpenAI xâm nhập cổng dữ liệu y tế chính phủ Australia vào tháng Sáu.","open <en>a i</en> dự kiến trong vài ngày tới giới thiệu mô hình <en>a i</en> <en>g p t</en> sáu cyber tập trung vào an ninh mạng và ra mắt một sản phẩm mới giúp khách hàng triển khai nó an toàn hơn và tự động hóa. fortune dẫn nhiều nguồn cho biết <en>g p t</en> sáu cyber có thể được công bố tại sự kiện dev day của open <en>a i</en> ở san francisco vào ngày hai mươi chín tháng chín, cùng với kế hoạch ra mắt hơn một chục sản phẩm khác. một nhóm khách hàng hạn chế trong chương trình daybreak red đã được truy cập <en>g p t</en> sáu cyber để thử nghiệm alpha. bài báo cũng nhắc lại rằng giám đốc điều hành open <en>a i</en> sam altman và <en>c e o</en> anthropic đã cùng kêu gọi làm chậm tốc độ phát triển <en>a i</en> và tăng cường biện pháp an toàn vào đầu tháng chín. bài viết nêu các cảnh báo về mô hình astra. bài viết còn đề cập vụ một tác nhân open <en>a i</en> xâm nhập cổng dữ liệu y tế chính phủ australia vào tháng sáu.",,bài viết còn đề cập vụ một tác nhân open <en>a i</en> xâm nhập cổng dữ liệu y tế chính phủ australia vào tháng sáu.,bài viết còn đề cập vụ một tác nhân open <en>a i</en> xâm nhập cổng dữ liệu y tế chính phủ australia vào tháng sáu.,True,bˈaː2j vˈiɛɜt̪ kˌɔ2n ɗˈe2 kˈə6p vˈu6 mˈo6t̪ t̪ˈaːɜc ɲˈən ˈoʊpən ˈeɪ ˈaɪ sˈəm ɲˈə6p kˈo4ŋ zˈy5 lˈiɛ6w ˈi t̪ˈeɜ tʃˈiɜɲ fˈu4 ɔːstɹˈeɪliə vˈaː2w tˈaːɜŋ sˈaɜw.,bˈaː2j vˈiɛɜt̪ kˌɔ2n ɗˈe2 kˈə6p vˈu6 mˈo6t̪ t̪ˈaːɜc ɲˈən ˈoʊpən ˈeɪ ˈaɪ sˈəm ɲˈə6p kˈo4ŋ zˈy5 lˈiɛ6w ˈi t̪ˈeɜ tʃˈiɜɲ fˈu4 ɔːstɹˈeɪliə vˈaː2w tˈaːɜŋ sˈaɜw.,,BBE614E05AD0A815D688C3F4B44F691E32398694BF574A75E1012775F7936351
danhgia_tts_02.txt,danhgia_tts_02-006,Văn bản 6,danhgia_tts_02-006-c001,1,"Ngày 24 tháng 9 tại Mexico City, Tổng thống Hàn Quốc Lee Jae-myung và Tổng thống Mexico Claudia Sheinbaum chủ trì cuộc họp chung và công bố ký Hiệp định Hành động Chung 2026-2030 nhằm mở rộng hợp tác song phương. Hai bên nhất trí tăng cường hợp tác trong quốc phòng, dầu thô, tài nguyên thiên nhiên chiến lược và trí tuệ nhân tạo, đồng thời hoàn tất đàm phán sửa đổi hiệp định bảo hộ đầu tư. Họ ký 17 biên bản ghi nhớ và thỏa thuận về hợp tác kinh tế, hàng không vũ trụ và AI, đồng thời thiết lập kênh liên lạc về chuỗi cung ứng liên quan dầu thô và tài nguyên chiến lược. Lee cam kết ủng hộ việc thực hiện Kế hoạch Mexico của Sheinbaum và hai bên thảo luận cách tăng cường đầu tư, thương mại và hỗ trợ các doanh nghiệp. Các lãnh đạo doanh nghiệp Hàn Quốc, gồm Chủ tịch Tập đoàn SK Chey Tae-won và Chủ tịch Tập đoàn LG Koo Kwang-mo, tham dự và cho biết hợp tác đang mở rộng ra ngoài ô tô và đồ gia dụng sang điện, năng lượng, di động và ngành làm đẹp. Hai bên cũng nhất trí thúc đẩy mở rộng giao lưu văn hóa, dự kiến thành lập Trung tâm Văn hóa Hàn Quốc tại Mexico và mong đợi chuyến thăm của BTS vào năm 2027. Ngoài ra, hai nước sẽ thành lập đoàn đại biểu dân-chính vào tháng 11 để thảo luận hợp tác số, thành lập nhóm công tác trong năm nay để thúc đẩy hợp tác nội dung văn hóa và tăng cường trao đổi cấp cao, tham vấn chính sách cấp phó bộ trưởng giữa hai bộ ngoại giao.","ngày hai mươi bốn tháng chín tại mexico city, tổng thống hàn quốc lee jae myung và tổng thống mexico claudia sheinbaum chủ trì cuộc họp chung và công bố ký hiệp định hành động chung hai nghìn không trăm hai mươi sáu đến hai nghìn không trăm ba mươi nhằm mở rộng hợp tác song phương. hai bên nhất trí tăng cường hợp tác trong quốc phòng, dầu thô, tài nguyên thiên nhiên chiến lược và trí tuệ nhân tạo, đồng thời hoàn tất đàm phán sửa đổi hiệp định bảo hộ đầu tư. họ ký mười bảy biên bản ghi nhớ và thỏa thuận về hợp tác kinh tế, hàng không vũ trụ và <en>a i</en>, đồng thời thiết lập kênh liên lạc về chuỗi cung ứng liên quan dầu thô và tài nguyên chiến lược. lee cam kết ủng hộ việc thực hiện kế hoạch mexico của sheinbaum và hai bên thảo luận cách tăng cường đầu tư, thương mại và hỗ trợ các doanh nghiệp. các lãnh đạo doanh nghiệp hàn quốc, gồm chủ tịch tập đoàn ét ca chey tae won và chủ tịch tập đoàn <en>l g</en> koo kwang mo, tham dự và cho biết hợp tác đang mở rộng ra ngoài ô tô và đồ gia dụng sang điện, năng lượng, di động và ngành làm đẹp. hai bên cũng nhất trí thúc đẩy mở rộng giao lưu văn hóa, dự kiến thành lập trung tâm văn hóa hàn quốc tại mexico và mong đợi chuyến thăm của <en>b t s</en> vào năm hai nghìn không trăm hai mươi bảy. ngoài ra, hai nước sẽ thành lập đoàn đại biểu dân chính vào tháng mười một để thảo luận hợp tác số, thành lập nhóm công tác trong năm nay để thúc đẩy hợp tác nội dung văn hóa và tăng cường trao đổi cấp cao, tham vấn chính sách cấp phó bộ trưởng giữa hai bộ ngoại giao.",,"ngày hai mươi bốn tháng chín tại mexico city,",ngày hai mươi bốn tháng chín tại mexico city.,False,ŋˈa2j hˈaːj mˈyəj bˈoɜn tˈaːɜŋ tʃˈiɜn t̪ˈaː6j mˈɛksɪkˌoʊ sˈɪɾi.,"ŋˈa2j hˈaːj mˈyəj bˈoɜn tˈaːɜŋ tʃˈiɜn t̪ˈaː6j mˈɛksɪkˌoʊ sˈɪɾi,",minor,BBE614E05AD0A815D688C3F4B44F691E32398694BF574A75E1012775F7936351
danhgia_tts_02.txt,danhgia_tts_02-006,Văn bản 6,danhgia_tts_02-006-c002,2,"Ngày 24 tháng 9 tại Mexico City, Tổng thống Hàn Quốc Lee Jae-myung và Tổng thống Mexico Claudia Sheinbaum chủ trì cuộc họp chung và công bố ký Hiệp định Hành động Chung 2026-2030 nhằm mở rộng hợp tác song phương. Hai bên nhất trí tăng cường hợp tác trong quốc phòng, dầu thô, tài nguyên thiên nhiên chiến lược và trí tuệ nhân tạo, đồng thời hoàn tất đàm phán sửa đổi hiệp định bảo hộ đầu tư. Họ ký 17 biên bản ghi nhớ và thỏa thuận về hợp tác kinh tế, hàng không vũ trụ và AI, đồng thời thiết lập kênh liên lạc về chuỗi cung ứng liên quan dầu thô và tài nguyên chiến lược. Lee cam kết ủng hộ việc thực hiện Kế hoạch Mexico của Sheinbaum và hai bên thảo luận cách tăng cường đầu tư, thương mại và hỗ trợ các doanh nghiệp. Các lãnh đạo doanh nghiệp Hàn Quốc, gồm Chủ tịch Tập đoàn SK Chey Tae-won và Chủ tịch Tập đoàn LG Koo Kwang-mo, tham dự và cho biết hợp tác đang mở rộng ra ngoài ô tô và đồ gia dụng sang điện, năng lượng, di động và ngành làm đẹp. Hai bên cũng nhất trí thúc đẩy mở rộng giao lưu văn hóa, dự kiến thành lập Trung tâm Văn hóa Hàn Quốc tại Mexico và mong đợi chuyến thăm của BTS vào năm 2027. Ngoài ra, hai nước sẽ thành lập đoàn đại biểu dân-chính vào tháng 11 để thảo luận hợp tác số, thành lập nhóm công tác trong năm nay để thúc đẩy hợp tác nội dung văn hóa và tăng cường trao đổi cấp cao, tham vấn chính sách cấp phó bộ trưởng giữa hai bộ ngoại giao.","ngày hai mươi bốn tháng chín tại mexico city, tổng thống hàn quốc lee jae myung và tổng thống mexico claudia sheinbaum chủ trì cuộc họp chung và công bố ký hiệp định hành động chung hai nghìn không trăm hai mươi sáu đến hai nghìn không trăm ba mươi nhằm mở rộng hợp tác song phương. hai bên nhất trí tăng cường hợp tác trong quốc phòng, dầu thô, tài nguyên thiên nhiên chiến lược và trí tuệ nhân tạo, đồng thời hoàn tất đàm phán sửa đổi hiệp định bảo hộ đầu tư. họ ký mười bảy biên bản ghi nhớ và thỏa thuận về hợp tác kinh tế, hàng không vũ trụ và <en>a i</en>, đồng thời thiết lập kênh liên lạc về chuỗi cung ứng liên quan dầu thô và tài nguyên chiến lược. lee cam kết ủng hộ việc thực hiện kế hoạch mexico của sheinbaum và hai bên thảo luận cách tăng cường đầu tư, thương mại và hỗ trợ các doanh nghiệp. các lãnh đạo doanh nghiệp hàn quốc, gồm chủ tịch tập đoàn ét ca chey tae won và chủ tịch tập đoàn <en>l g</en> koo kwang mo, tham dự và cho biết hợp tác đang mở rộng ra ngoài ô tô và đồ gia dụng sang điện, năng lượng, di động và ngành làm đẹp. hai bên cũng nhất trí thúc đẩy mở rộng giao lưu văn hóa, dự kiến thành lập trung tâm văn hóa hàn quốc tại mexico và mong đợi chuyến thăm của <en>b t s</en> vào năm hai nghìn không trăm hai mươi bảy. ngoài ra, hai nước sẽ thành lập đoàn đại biểu dân chính vào tháng mười một để thảo luận hợp tác số, thành lập nhóm công tác trong năm nay để thúc đẩy hợp tác nội dung văn hóa và tăng cường trao đổi cấp cao, tham vấn chính sách cấp phó bộ trưởng giữa hai bộ ngoại giao.",,tổng thống hàn quốc lee jae myung và tổng thống mexico claudia sheinbaum chủ trì cuộc họp chung và công bố ký hiệp định hành động chung hai nghìn không trăm hai mươi sáu đến hai nghìn không trăm ba mươi nhằm mở rộng hợp tác song phương.,tổng thống hàn quốc lee jae myung và tổng thống mexico claudia sheinbaum chủ trì cuộc họp chung và công bố ký hiệp định hành động chung hai nghìn không trăm hai mươi sáu đến hai nghìn không trăm ba mươi nhằm mở rộng hợp tác song phương.,True,t̪ˈo4ŋ tˈoɜŋ hˈaː2n kˈuəɜc lˈiː jˈiː mˈaɪʌŋ vˌaː2 t̪ˈo4ŋ tˈoɜŋ mˈɛksɪkˌoʊ klˈɔːdiə ʃˈeɪn bˈaʊm tʃˈu4 tʃˈi2 kˈuə6c hˈɔ6p tʃˈuŋ vˌaː2 kˈoŋ bˈoɜ kˈiɜ hˈiɛ6p ɗˈi6ɲ hˈe-2ɲ ɗˈo6ŋ tʃˈuŋ hˈaːj ŋˈi2n xˌoŋ tʃˈam hˈaːj mˈyəj sˈaɜw ɗˌeɜn hˈaːj ŋˈi2n xˌoŋ tʃˈam bˈaː mˈyəj ɲˈa2m mˈəː4 ɹˈo6ŋ hˈəː6p t̪ˈaːɜc sˈɔŋ fˈyəŋ.,t̪ˈo4ŋ tˈoɜŋ hˈaː2n kˈuəɜc lˈiː jˈiː mˈaɪʌŋ vˌaː2 t̪ˈo4ŋ tˈoɜŋ mˈɛksɪkˌoʊ klˈɔːdiə ʃˈeɪn bˈaʊm tʃˈu4 tʃˈi2 kˈuə6c hˈɔ6p tʃˈuŋ vˌaː2 kˈoŋ bˈoɜ kˈiɜ hˈiɛ6p ɗˈi6ɲ hˈe-2ɲ ɗˈo6ŋ tʃˈuŋ hˈaːj ŋˈi2n xˌoŋ tʃˈam hˈaːj mˈyəj sˈaɜw ɗˌeɜn hˈaːj ŋˈi2n xˌoŋ tʃˈam bˈaː mˈyəj ɲˈa2m mˈəː4 ɹˈo6ŋ hˈəː6p t̪ˈaːɜc sˈɔŋ fˈyəŋ.,sentence,BBE614E05AD0A815D688C3F4B44F691E32398694BF574A75E1012775F7936351
danhgia_tts_02.txt,danhgia_tts_02-006,Văn bản 6,danhgia_tts_02-006-c003,3,"Ngày 24 tháng 9 tại Mexico City, Tổng thống Hàn Quốc Lee Jae-myung và Tổng thống Mexico Claudia Sheinbaum chủ trì cuộc họp chung và công bố ký Hiệp định Hành động Chung 2026-2030 nhằm mở rộng hợp tác song phương. Hai bên nhất trí tăng cường hợp tác trong quốc phòng, dầu thô, tài nguyên thiên nhiên chiến lược và trí tuệ nhân tạo, đồng thời hoàn tất đàm phán sửa đổi hiệp định bảo hộ đầu tư. Họ ký 17 biên bản ghi nhớ và thỏa thuận về hợp tác kinh tế, hàng không vũ trụ và AI, đồng thời thiết lập kênh liên lạc về chuỗi cung ứng liên quan dầu thô và tài nguyên chiến lược. Lee cam kết ủng hộ việc thực hiện Kế hoạch Mexico của Sheinbaum và hai bên thảo luận cách tăng cường đầu tư, thương mại và hỗ trợ các doanh nghiệp. Các lãnh đạo doanh nghiệp Hàn Quốc, gồm Chủ tịch Tập đoàn SK Chey Tae-won và Chủ tịch Tập đoàn LG Koo Kwang-mo, tham dự và cho biết hợp tác đang mở rộng ra ngoài ô tô và đồ gia dụng sang điện, năng lượng, di động và ngành làm đẹp. Hai bên cũng nhất trí thúc đẩy mở rộng giao lưu văn hóa, dự kiến thành lập Trung tâm Văn hóa Hàn Quốc tại Mexico và mong đợi chuyến thăm của BTS vào năm 2027. Ngoài ra, hai nước sẽ thành lập đoàn đại biểu dân-chính vào tháng 11 để thảo luận hợp tác số, thành lập nhóm công tác trong năm nay để thúc đẩy hợp tác nội dung văn hóa và tăng cường trao đổi cấp cao, tham vấn chính sách cấp phó bộ trưởng giữa hai bộ ngoại giao.","ngày hai mươi bốn tháng chín tại mexico city, tổng thống hàn quốc lee jae myung và tổng thống mexico claudia sheinbaum chủ trì cuộc họp chung và công bố ký hiệp định hành động chung hai nghìn không trăm hai mươi sáu đến hai nghìn không trăm ba mươi nhằm mở rộng hợp tác song phương. hai bên nhất trí tăng cường hợp tác trong quốc phòng, dầu thô, tài nguyên thiên nhiên chiến lược và trí tuệ nhân tạo, đồng thời hoàn tất đàm phán sửa đổi hiệp định bảo hộ đầu tư. họ ký mười bảy biên bản ghi nhớ và thỏa thuận về hợp tác kinh tế, hàng không vũ trụ và <en>a i</en>, đồng thời thiết lập kênh liên lạc về chuỗi cung ứng liên quan dầu thô và tài nguyên chiến lược. lee cam kết ủng hộ việc thực hiện kế hoạch mexico của sheinbaum và hai bên thảo luận cách tăng cường đầu tư, thương mại và hỗ trợ các doanh nghiệp. các lãnh đạo doanh nghiệp hàn quốc, gồm chủ tịch tập đoàn ét ca chey tae won và chủ tịch tập đoàn <en>l g</en> koo kwang mo, tham dự và cho biết hợp tác đang mở rộng ra ngoài ô tô và đồ gia dụng sang điện, năng lượng, di động và ngành làm đẹp. hai bên cũng nhất trí thúc đẩy mở rộng giao lưu văn hóa, dự kiến thành lập trung tâm văn hóa hàn quốc tại mexico và mong đợi chuyến thăm của <en>b t s</en> vào năm hai nghìn không trăm hai mươi bảy. ngoài ra, hai nước sẽ thành lập đoàn đại biểu dân chính vào tháng mười một để thảo luận hợp tác số, thành lập nhóm công tác trong năm nay để thúc đẩy hợp tác nội dung văn hóa và tăng cường trao đổi cấp cao, tham vấn chính sách cấp phó bộ trưởng giữa hai bộ ngoại giao.",,"hai bên nhất trí tăng cường hợp tác trong quốc phòng, dầu thô, tài nguyên thiên nhiên chiến lược và trí tuệ nhân tạo, đồng thời hoàn tất đàm phán sửa đổi hiệp định bảo hộ đầu tư.","hai bên nhất trí tăng cường hợp tác trong quốc phòng, dầu thô, tài nguyên thiên nhiên chiến lược và trí tuệ nhân tạo, đồng thời hoàn tất đàm phán sửa đổi hiệp định bảo hộ đầu tư.",True,"hˈaːj bˈen ɲˈəɜt̪ tʃˈiɜ t̪ˈaŋ kˈyə2ŋ hˈəː6p t̪ˈaːɜc tʃˈɔŋ kˈuəɜc fˈɔ2ŋ, zˈə2w tˈo, t̪ˈaː2j ŋwˈiɛn tˈiɛn ɲˈiɛn tʃˈiɛɜn lˈyə6c vˌaː2 tʃˈiɜ t̪wˈe6 ɲˈən t̪ˈaː6w, ɗˈo2ŋ tˈəː2j hwˈaː2n t̪ˈəɜt̪ ɗˈaː2m fˈaːɜn sˈyə4 ɗˈo4j hˈiɛ6p ɗˈi6ɲ bˈaː4w hˈo6 ɗˈə2w t̪ˈy.","hˈaːj bˈen ɲˈəɜt̪ tʃˈiɜ t̪ˈaŋ kˈyə2ŋ hˈəː6p t̪ˈaːɜc tʃˈɔŋ kˈuəɜc fˈɔ2ŋ, zˈə2w tˈo, t̪ˈaː2j ŋwˈiɛn tˈiɛn ɲˈiɛn tʃˈiɛɜn lˈyə6c vˌaː2 tʃˈiɜ t̪wˈe6 ɲˈən t̪ˈaː6w, ɗˈo2ŋ tˈəː2j hwˈaː2n t̪ˈəɜt̪ ɗˈaː2m fˈaːɜn sˈyə4 ɗˈo4j hˈiɛ6p ɗˈi6ɲ bˈaː4w hˈo6 ɗˈə2w t̪ˈy.",sentence,BBE614E05AD0A815D688C3F4B44F691E32398694BF574A75E1012775F7936351
danhgia_tts_02.txt,danhgia_tts_02-006,Văn bản 6,danhgia_tts_02-006-c004,4,"Ngày 24 tháng 9 tại Mexico City, Tổng thống Hàn Quốc Lee Jae-myung và Tổng thống Mexico Claudia Sheinbaum chủ trì cuộc họp chung và công bố ký Hiệp định Hành động Chung 2026-2030 nhằm mở rộng hợp tác song phương. Hai bên nhất trí tăng cường hợp tác trong quốc phòng, dầu thô, tài nguyên thiên nhiên chiến lược và trí tuệ nhân tạo, đồng thời hoàn tất đàm phán sửa đổi hiệp định bảo hộ đầu tư. Họ ký 17 biên bản ghi nhớ và thỏa thuận về hợp tác kinh tế, hàng không vũ trụ và AI, đồng thời thiết lập kênh liên lạc về chuỗi cung ứng liên quan dầu thô và tài nguyên chiến lược. Lee cam kết ủng hộ việc thực hiện Kế hoạch Mexico của Sheinbaum và hai bên thảo luận cách tăng cường đầu tư, thương mại và hỗ trợ các doanh nghiệp. Các lãnh đạo doanh nghiệp Hàn Quốc, gồm Chủ tịch Tập đoàn SK Chey Tae-won và Chủ tịch Tập đoàn LG Koo Kwang-mo, tham dự và cho biết hợp tác đang mở rộng ra ngoài ô tô và đồ gia dụng sang điện, năng lượng, di động và ngành làm đẹp. Hai bên cũng nhất trí thúc đẩy mở rộng giao lưu văn hóa, dự kiến thành lập Trung tâm Văn hóa Hàn Quốc tại Mexico và mong đợi chuyến thăm của BTS vào năm 2027. Ngoài ra, hai nước sẽ thành lập đoàn đại biểu dân-chính vào tháng 11 để thảo luận hợp tác số, thành lập nhóm công tác trong năm nay để thúc đẩy hợp tác nội dung văn hóa và tăng cường trao đổi cấp cao, tham vấn chính sách cấp phó bộ trưởng giữa hai bộ ngoại giao.","ngày hai mươi bốn tháng chín tại mexico city, tổng thống hàn quốc lee jae myung và tổng thống mexico claudia sheinbaum chủ trì cuộc họp chung và công bố ký hiệp định hành động chung hai nghìn không trăm hai mươi sáu đến hai nghìn không trăm ba mươi nhằm mở rộng hợp tác song phương. hai bên nhất trí tăng cường hợp tác trong quốc phòng, dầu thô, tài nguyên thiên nhiên chiến lược và trí tuệ nhân tạo, đồng thời hoàn tất đàm phán sửa đổi hiệp định bảo hộ đầu tư. họ ký mười bảy biên bản ghi nhớ và thỏa thuận về hợp tác kinh tế, hàng không vũ trụ và <en>a i</en>, đồng thời thiết lập kênh liên lạc về chuỗi cung ứng liên quan dầu thô và tài nguyên chiến lược. lee cam kết ủng hộ việc thực hiện kế hoạch mexico của sheinbaum và hai bên thảo luận cách tăng cường đầu tư, thương mại và hỗ trợ các doanh nghiệp. các lãnh đạo doanh nghiệp hàn quốc, gồm chủ tịch tập đoàn ét ca chey tae won và chủ tịch tập đoàn <en>l g</en> koo kwang mo, tham dự và cho biết hợp tác đang mở rộng ra ngoài ô tô và đồ gia dụng sang điện, năng lượng, di động và ngành làm đẹp. hai bên cũng nhất trí thúc đẩy mở rộng giao lưu văn hóa, dự kiến thành lập trung tâm văn hóa hàn quốc tại mexico và mong đợi chuyến thăm của <en>b t s</en> vào năm hai nghìn không trăm hai mươi bảy. ngoài ra, hai nước sẽ thành lập đoàn đại biểu dân chính vào tháng mười một để thảo luận hợp tác số, thành lập nhóm công tác trong năm nay để thúc đẩy hợp tác nội dung văn hóa và tăng cường trao đổi cấp cao, tham vấn chính sách cấp phó bộ trưởng giữa hai bộ ngoại giao.",,"họ ký mười bảy biên bản ghi nhớ và thỏa thuận về hợp tác kinh tế, hàng không vũ trụ và <en>a i</en>, đồng thời thiết lập kênh liên lạc về chuỗi cung ứng liên quan dầu thô và tài nguyên chiến lược.","họ ký mười bảy biên bản ghi nhớ và thỏa thuận về hợp tác kinh tế, hàng không vũ trụ và <en>a i</en>, đồng thời thiết lập kênh liên lạc về chuỗi cung ứng liên quan dầu thô và tài nguyên chiến lược.",True,"hˈɔ6 kˈiɜ mˈyə2j bˈa4j bˈiɛn bˈaː4n ɣˈi ɲˈəːɜ vˌaː2 twˈaː4 twˈə6n vˈe2 hˈəː6p t̪ˈaːɜc kˈiɲ t̪ˈeɜ, hˈaː2ŋ xˌoŋ vˈu5 tʃˈu6 vˌaː2 ˈeɪ ˈaɪ, ɗˈo2ŋ tˈəː2j tˈiɛɜt̪ lˈə6p kˈeɲ lˈiɛn lˈaː6c vˈe2 tʃˈuə5j kˈuŋ ˈyɜŋ lˈiɛn kwˈaːn zˈə2w tˈo vˌaː2 t̪ˈaː2j ŋwˈiɛn tʃˈiɛɜn lˈyə6c.","hˈɔ6 kˈiɜ mˈyə2j bˈa4j bˈiɛn bˈaː4n ɣˈi ɲˈəːɜ vˌaː2 twˈaː4 twˈə6n vˈe2 hˈəː6p t̪ˈaːɜc kˈiɲ t̪ˈeɜ, hˈaː2ŋ xˌoŋ vˈu5 tʃˈu6 vˌaː2 ˈeɪ ˈaɪ, ɗˈo2ŋ tˈəː2j tˈiɛɜt̪ lˈə6p kˈeɲ lˈiɛn lˈaː6c vˈe2 tʃˈuə5j kˈuŋ ˈyɜŋ lˈiɛn kwˈaːn zˈə2w tˈo vˌaː2 t̪ˈaː2j ŋwˈiɛn tʃˈiɛɜn lˈyə6c.",sentence,BBE614E05AD0A815D688C3F4B44F691E32398694BF574A75E1012775F7936351
danhgia_tts_02.txt,danhgia_tts_02-006,Văn bản 6,danhgia_tts_02-006-c005,5,"Ngày 24 tháng 9 tại Mexico City, Tổng thống Hàn Quốc Lee Jae-myung và Tổng thống Mexico Claudia Sheinbaum chủ trì cuộc họp chung và công bố ký Hiệp định Hành động Chung 2026-2030 nhằm mở rộng hợp tác song phương. Hai bên nhất trí tăng cường hợp tác trong quốc phòng, dầu thô, tài nguyên thiên nhiên chiến lược và trí tuệ nhân tạo, đồng thời hoàn tất đàm phán sửa đổi hiệp định bảo hộ đầu tư. Họ ký 17 biên bản ghi nhớ và thỏa thuận về hợp tác kinh tế, hàng không vũ trụ và AI, đồng thời thiết lập kênh liên lạc về chuỗi cung ứng liên quan dầu thô và tài nguyên chiến lược. Lee cam kết ủng hộ việc thực hiện Kế hoạch Mexico của Sheinbaum và hai bên thảo luận cách tăng cường đầu tư, thương mại và hỗ trợ các doanh nghiệp. Các lãnh đạo doanh nghiệp Hàn Quốc, gồm Chủ tịch Tập đoàn SK Chey Tae-won và Chủ tịch Tập đoàn LG Koo Kwang-mo, tham dự và cho biết hợp tác đang mở rộng ra ngoài ô tô và đồ gia dụng sang điện, năng lượng, di động và ngành làm đẹp. Hai bên cũng nhất trí thúc đẩy mở rộng giao lưu văn hóa, dự kiến thành lập Trung tâm Văn hóa Hàn Quốc tại Mexico và mong đợi chuyến thăm của BTS vào năm 2027. Ngoài ra, hai nước sẽ thành lập đoàn đại biểu dân-chính vào tháng 11 để thảo luận hợp tác số, thành lập nhóm công tác trong năm nay để thúc đẩy hợp tác nội dung văn hóa và tăng cường trao đổi cấp cao, tham vấn chính sách cấp phó bộ trưởng giữa hai bộ ngoại giao.","ngày hai mươi bốn tháng chín tại mexico city, tổng thống hàn quốc lee jae myung và tổng thống mexico claudia sheinbaum chủ trì cuộc họp chung và công bố ký hiệp định hành động chung hai nghìn không trăm hai mươi sáu đến hai nghìn không trăm ba mươi nhằm mở rộng hợp tác song phương. hai bên nhất trí tăng cường hợp tác trong quốc phòng, dầu thô, tài nguyên thiên nhiên chiến lược và trí tuệ nhân tạo, đồng thời hoàn tất đàm phán sửa đổi hiệp định bảo hộ đầu tư. họ ký mười bảy biên bản ghi nhớ và thỏa thuận về hợp tác kinh tế, hàng không vũ trụ và <en>a i</en>, đồng thời thiết lập kênh liên lạc về chuỗi cung ứng liên quan dầu thô và tài nguyên chiến lược. lee cam kết ủng hộ việc thực hiện kế hoạch mexico của sheinbaum và hai bên thảo luận cách tăng cường đầu tư, thương mại và hỗ trợ các doanh nghiệp. các lãnh đạo doanh nghiệp hàn quốc, gồm chủ tịch tập đoàn ét ca chey tae won và chủ tịch tập đoàn <en>l g</en> koo kwang mo, tham dự và cho biết hợp tác đang mở rộng ra ngoài ô tô và đồ gia dụng sang điện, năng lượng, di động và ngành làm đẹp. hai bên cũng nhất trí thúc đẩy mở rộng giao lưu văn hóa, dự kiến thành lập trung tâm văn hóa hàn quốc tại mexico và mong đợi chuyến thăm của <en>b t s</en> vào năm hai nghìn không trăm hai mươi bảy. ngoài ra, hai nước sẽ thành lập đoàn đại biểu dân chính vào tháng mười một để thảo luận hợp tác số, thành lập nhóm công tác trong năm nay để thúc đẩy hợp tác nội dung văn hóa và tăng cường trao đổi cấp cao, tham vấn chính sách cấp phó bộ trưởng giữa hai bộ ngoại giao.",,"lee cam kết ủng hộ việc thực hiện kế hoạch mexico của sheinbaum và hai bên thảo luận cách tăng cường đầu tư, thương mại và hỗ trợ các doanh nghiệp.","lee cam kết ủng hộ việc thực hiện kế hoạch mexico của sheinbaum và hai bên thảo luận cách tăng cường đầu tư, thương mại và hỗ trợ các doanh nghiệp.",True,"lˈiː kˈæm kˈeɜt̪ ˈu4ŋ hˈo6 vˈiɛ6c tˈy6c hˈiɛ6n kˈeɜ hwˈe-6c mˈɛksɪkˌoʊ kˌuə4 ʃˈeɪn bˈaʊm vˌaː2 hˈaːj bˈen tˈaː4w lwˈə6n kˈe-ɜc t̪ˈaŋ kˈyə2ŋ ɗˈə2w t̪ˈy, tˈyəŋ mˈaː6j vˌaː2 hˈo5 tʃˈəː6 kˌaːɜc zwˈe-ɲ ŋˈiɛ6p.","lˈiː kˈæm kˈeɜt̪ ˈu4ŋ hˈo6 vˈiɛ6c tˈy6c hˈiɛ6n kˈeɜ hwˈe-6c mˈɛksɪkˌoʊ kˌuə4 ʃˈeɪn bˈaʊm vˌaː2 hˈaːj bˈen tˈaː4w lwˈə6n kˈe-ɜc t̪ˈaŋ kˈyə2ŋ ɗˈə2w t̪ˈy, tˈyəŋ mˈaː6j vˌaː2 hˈo5 tʃˈəː6 kˌaːɜc zwˈe-ɲ ŋˈiɛ6p.",sentence,BBE614E05AD0A815D688C3F4B44F691E32398694BF574A75E1012775F7936351
danhgia_tts_02.txt,danhgia_tts_02-006,Văn bản 6,danhgia_tts_02-006-c006,6,"Ngày 24 tháng 9 tại Mexico City, Tổng thống Hàn Quốc Lee Jae-myung và Tổng thống Mexico Claudia Sheinbaum chủ trì cuộc họp chung và công bố ký Hiệp định Hành động Chung 2026-2030 nhằm mở rộng hợp tác song phương. Hai bên nhất trí tăng cường hợp tác trong quốc phòng, dầu thô, tài nguyên thiên nhiên chiến lược và trí tuệ nhân tạo, đồng thời hoàn tất đàm phán sửa đổi hiệp định bảo hộ đầu tư. Họ ký 17 biên bản ghi nhớ và thỏa thuận về hợp tác kinh tế, hàng không vũ trụ và AI, đồng thời thiết lập kênh liên lạc về chuỗi cung ứng liên quan dầu thô và tài nguyên chiến lược. Lee cam kết ủng hộ việc thực hiện Kế hoạch Mexico của Sheinbaum và hai bên thảo luận cách tăng cường đầu tư, thương mại và hỗ trợ các doanh nghiệp. Các lãnh đạo doanh nghiệp Hàn Quốc, gồm Chủ tịch Tập đoàn SK Chey Tae-won và Chủ tịch Tập đoàn LG Koo Kwang-mo, tham dự và cho biết hợp tác đang mở rộng ra ngoài ô tô và đồ gia dụng sang điện, năng lượng, di động và ngành làm đẹp. Hai bên cũng nhất trí thúc đẩy mở rộng giao lưu văn hóa, dự kiến thành lập Trung tâm Văn hóa Hàn Quốc tại Mexico và mong đợi chuyến thăm của BTS vào năm 2027. Ngoài ra, hai nước sẽ thành lập đoàn đại biểu dân-chính vào tháng 11 để thảo luận hợp tác số, thành lập nhóm công tác trong năm nay để thúc đẩy hợp tác nội dung văn hóa và tăng cường trao đổi cấp cao, tham vấn chính sách cấp phó bộ trưởng giữa hai bộ ngoại giao.","ngày hai mươi bốn tháng chín tại mexico city, tổng thống hàn quốc lee jae myung và tổng thống mexico claudia sheinbaum chủ trì cuộc họp chung và công bố ký hiệp định hành động chung hai nghìn không trăm hai mươi sáu đến hai nghìn không trăm ba mươi nhằm mở rộng hợp tác song phương. hai bên nhất trí tăng cường hợp tác trong quốc phòng, dầu thô, tài nguyên thiên nhiên chiến lược và trí tuệ nhân tạo, đồng thời hoàn tất đàm phán sửa đổi hiệp định bảo hộ đầu tư. họ ký mười bảy biên bản ghi nhớ và thỏa thuận về hợp tác kinh tế, hàng không vũ trụ và <en>a i</en>, đồng thời thiết lập kênh liên lạc về chuỗi cung ứng liên quan dầu thô và tài nguyên chiến lược. lee cam kết ủng hộ việc thực hiện kế hoạch mexico của sheinbaum và hai bên thảo luận cách tăng cường đầu tư, thương mại và hỗ trợ các doanh nghiệp. các lãnh đạo doanh nghiệp hàn quốc, gồm chủ tịch tập đoàn ét ca chey tae won và chủ tịch tập đoàn <en>l g</en> koo kwang mo, tham dự và cho biết hợp tác đang mở rộng ra ngoài ô tô và đồ gia dụng sang điện, năng lượng, di động và ngành làm đẹp. hai bên cũng nhất trí thúc đẩy mở rộng giao lưu văn hóa, dự kiến thành lập trung tâm văn hóa hàn quốc tại mexico và mong đợi chuyến thăm của <en>b t s</en> vào năm hai nghìn không trăm hai mươi bảy. ngoài ra, hai nước sẽ thành lập đoàn đại biểu dân chính vào tháng mười một để thảo luận hợp tác số, thành lập nhóm công tác trong năm nay để thúc đẩy hợp tác nội dung văn hóa và tăng cường trao đổi cấp cao, tham vấn chính sách cấp phó bộ trưởng giữa hai bộ ngoại giao.",,"các lãnh đạo doanh nghiệp hàn quốc, gồm chủ tịch tập đoàn ét ca chey tae won và chủ tịch tập đoàn <en>l g</en> koo kwang mo, tham dự và cho biết hợp tác đang mở rộng ra ngoài ô tô và đồ gia dụng sang điện, năng lượng, di động và ngành làm đẹp.","các lãnh đạo doanh nghiệp hàn quốc, gồm chủ tịch tập đoàn ét ca chey tae won và chủ tịch tập đoàn <en>l g</en> koo kwang mo, tham dự và cho biết hợp tác đang mở rộng ra ngoài ô tô và đồ gia dụng sang điện, năng lượng, di động và ngành làm đẹp.",True,"kˌaːɜc lˈe-5ɲ ɗˈaː6w zwˈe-ɲ ŋˈiɛ6p hˈaː2n kˈuəɜc, ɣˈo2m tʃˈu4 t̪ˈi6c t̪ˈə6p ɗwˈaː2n ˈɛɜt̪ kˈaː tʃˈeɪ tˈiː wˈʌn vˌaː2 tʃˈu4 t̪ˈi6c t̪ˈə6p ɗwˈaː2n ˈɛl dʒˈiː kˈuː kwˈæŋ mˈɔ, tˈaːm zˈy6 vˌaː2 tʃˌɔ bˈiɛɜt̪ hˈəː6p t̪ˈaːɜc ɗˌaːŋ mˈəː4 ɹˈo6ŋ ɹˈaː ŋwˈaː2j ˈo t̪ˈo vˌaː2 ɗˈo2 zˈaː zˈu6ŋ sˈaːŋ ɗˈiɛ6n, nˈaŋ lˈyə6ŋ, zˈi ɗˈo6ŋ vˌaː2 ŋˈe-2ɲ lˈaː2m ɗˈɛ6p.","kˌaːɜc lˈe-5ɲ ɗˈaː6w zwˈe-ɲ ŋˈiɛ6p hˈaː2n kˈuəɜc, ɣˈo2m tʃˈu4 t̪ˈi6c t̪ˈə6p ɗwˈaː2n ˈɛɜt̪ kˈaː tʃˈeɪ tˈiː wˈʌn vˌaː2 tʃˈu4 t̪ˈi6c t̪ˈə6p ɗwˈaː2n ˈɛl dʒˈiː kˈuː kwˈæŋ mˈɔ, tˈaːm zˈy6 vˌaː2 tʃˌɔ bˈiɛɜt̪ hˈəː6p t̪ˈaːɜc ɗˌaːŋ mˈəː4 ɹˈo6ŋ ɹˈaː ŋwˈaː2j ˈo t̪ˈo vˌaː2 ɗˈo2 zˈaː zˈu6ŋ sˈaːŋ ɗˈiɛ6n, nˈaŋ lˈyə6ŋ, zˈi ɗˈo6ŋ vˌaː2 ŋˈe-2ɲ lˈaː2m ɗˈɛ6p.",sentence,BBE614E05AD0A815D688C3F4B44F691E32398694BF574A75E1012775F7936351
danhgia_tts_02.txt,danhgia_tts_02-006,Văn bản 6,danhgia_tts_02-006-c007,7,"Ngày 24 tháng 9 tại Mexico City, Tổng thống Hàn Quốc Lee Jae-myung và Tổng thống Mexico Claudia Sheinbaum chủ trì cuộc họp chung và công bố ký Hiệp định Hành động Chung 2026-2030 nhằm mở rộng hợp tác song phương. Hai bên nhất trí tăng cường hợp tác trong quốc phòng, dầu thô, tài nguyên thiên nhiên chiến lược và trí tuệ nhân tạo, đồng thời hoàn tất đàm phán sửa đổi hiệp định bảo hộ đầu tư. Họ ký 17 biên bản ghi nhớ và thỏa thuận về hợp tác kinh tế, hàng không vũ trụ và AI, đồng thời thiết lập kênh liên lạc về chuỗi cung ứng liên quan dầu thô và tài nguyên chiến lược. Lee cam kết ủng hộ việc thực hiện Kế hoạch Mexico của Sheinbaum và hai bên thảo luận cách tăng cường đầu tư, thương mại và hỗ trợ các doanh nghiệp. Các lãnh đạo doanh nghiệp Hàn Quốc, gồm Chủ tịch Tập đoàn SK Chey Tae-won và Chủ tịch Tập đoàn LG Koo Kwang-mo, tham dự và cho biết hợp tác đang mở rộng ra ngoài ô tô và đồ gia dụng sang điện, năng lượng, di động và ngành làm đẹp. Hai bên cũng nhất trí thúc đẩy mở rộng giao lưu văn hóa, dự kiến thành lập Trung tâm Văn hóa Hàn Quốc tại Mexico và mong đợi chuyến thăm của BTS vào năm 2027. Ngoài ra, hai nước sẽ thành lập đoàn đại biểu dân-chính vào tháng 11 để thảo luận hợp tác số, thành lập nhóm công tác trong năm nay để thúc đẩy hợp tác nội dung văn hóa và tăng cường trao đổi cấp cao, tham vấn chính sách cấp phó bộ trưởng giữa hai bộ ngoại giao.","ngày hai mươi bốn tháng chín tại mexico city, tổng thống hàn quốc lee jae myung và tổng thống mexico claudia sheinbaum chủ trì cuộc họp chung và công bố ký hiệp định hành động chung hai nghìn không trăm hai mươi sáu đến hai nghìn không trăm ba mươi nhằm mở rộng hợp tác song phương. hai bên nhất trí tăng cường hợp tác trong quốc phòng, dầu thô, tài nguyên thiên nhiên chiến lược và trí tuệ nhân tạo, đồng thời hoàn tất đàm phán sửa đổi hiệp định bảo hộ đầu tư. họ ký mười bảy biên bản ghi nhớ và thỏa thuận về hợp tác kinh tế, hàng không vũ trụ và <en>a i</en>, đồng thời thiết lập kênh liên lạc về chuỗi cung ứng liên quan dầu thô và tài nguyên chiến lược. lee cam kết ủng hộ việc thực hiện kế hoạch mexico của sheinbaum và hai bên thảo luận cách tăng cường đầu tư, thương mại và hỗ trợ các doanh nghiệp. các lãnh đạo doanh nghiệp hàn quốc, gồm chủ tịch tập đoàn ét ca chey tae won và chủ tịch tập đoàn <en>l g</en> koo kwang mo, tham dự và cho biết hợp tác đang mở rộng ra ngoài ô tô và đồ gia dụng sang điện, năng lượng, di động và ngành làm đẹp. hai bên cũng nhất trí thúc đẩy mở rộng giao lưu văn hóa, dự kiến thành lập trung tâm văn hóa hàn quốc tại mexico và mong đợi chuyến thăm của <en>b t s</en> vào năm hai nghìn không trăm hai mươi bảy. ngoài ra, hai nước sẽ thành lập đoàn đại biểu dân chính vào tháng mười một để thảo luận hợp tác số, thành lập nhóm công tác trong năm nay để thúc đẩy hợp tác nội dung văn hóa và tăng cường trao đổi cấp cao, tham vấn chính sách cấp phó bộ trưởng giữa hai bộ ngoại giao.",,"hai bên cũng nhất trí thúc đẩy mở rộng giao lưu văn hóa, dự kiến thành lập trung tâm văn hóa hàn quốc tại mexico và mong đợi chuyến thăm của <en>b t s</en> vào năm hai nghìn không trăm hai mươi bảy.","hai bên cũng nhất trí thúc đẩy mở rộng giao lưu văn hóa, dự kiến thành lập trung tâm văn hóa hàn quốc tại mexico và mong đợi chuyến thăm của <en>b t s</en> vào năm hai nghìn không trăm hai mươi bảy.",True,"hˈaːj bˈen kˈu5ŋ ɲˈəɜt̪ tʃˈiɜ tˈuɜc ɗˈəɪ4 mˈəː4 ɹˈo6ŋ zˈaːw lˈiw vˈan hwˈaːɜ, zˈy6 kˈiɛɜn tˈe-2ɲ lˈə6p tʃˈuŋ t̪ˈəm vˈan hwˈaːɜ hˈaː2n kˈuəɜc t̪ˈaː6j mˈɛksɪkˌoʊ vˌaː2 mˈɔŋ ɗˈəː6j tʃwˈiɛɜn tˈam kˌuə4 bˈiː tˈiː ˈɛs vˈaː2w nˈam hˈaːj ŋˈi2n xˌoŋ tʃˈam hˈaːj mˈyəj bˈa4j.","hˈaːj bˈen kˈu5ŋ ɲˈəɜt̪ tʃˈiɜ tˈuɜc ɗˈəɪ4 mˈəː4 ɹˈo6ŋ zˈaːw lˈiw vˈan hwˈaːɜ, zˈy6 kˈiɛɜn tˈe-2ɲ lˈə6p tʃˈuŋ t̪ˈəm vˈan hwˈaːɜ hˈaː2n kˈuəɜc t̪ˈaː6j mˈɛksɪkˌoʊ vˌaː2 mˈɔŋ ɗˈəː6j tʃwˈiɛɜn tˈam kˌuə4 bˈiː tˈiː ˈɛs vˈaː2w nˈam hˈaːj ŋˈi2n xˌoŋ tʃˈam hˈaːj mˈyəj bˈa4j.",sentence,BBE614E05AD0A815D688C3F4B44F691E32398694BF574A75E1012775F7936351
danhgia_tts_02.txt,danhgia_tts_02-006,Văn bản 6,danhgia_tts_02-006-c008,8,"Ngày 24 tháng 9 tại Mexico City, Tổng thống Hàn Quốc Lee Jae-myung và Tổng thống Mexico Claudia Sheinbaum chủ trì cuộc họp chung và công bố ký Hiệp định Hành động Chung 2026-2030 nhằm mở rộng hợp tác song phương. Hai bên nhất trí tăng cường hợp tác trong quốc phòng, dầu thô, tài nguyên thiên nhiên chiến lược và trí tuệ nhân tạo, đồng thời hoàn tất đàm phán sửa đổi hiệp định bảo hộ đầu tư. Họ ký 17 biên bản ghi nhớ và thỏa thuận về hợp tác kinh tế, hàng không vũ trụ và AI, đồng thời thiết lập kênh liên lạc về chuỗi cung ứng liên quan dầu thô và tài nguyên chiến lược. Lee cam kết ủng hộ việc thực hiện Kế hoạch Mexico của Sheinbaum và hai bên thảo luận cách tăng cường đầu tư, thương mại và hỗ trợ các doanh nghiệp. Các lãnh đạo doanh nghiệp Hàn Quốc, gồm Chủ tịch Tập đoàn SK Chey Tae-won và Chủ tịch Tập đoàn LG Koo Kwang-mo, tham dự và cho biết hợp tác đang mở rộng ra ngoài ô tô và đồ gia dụng sang điện, năng lượng, di động và ngành làm đẹp. Hai bên cũng nhất trí thúc đẩy mở rộng giao lưu văn hóa, dự kiến thành lập Trung tâm Văn hóa Hàn Quốc tại Mexico và mong đợi chuyến thăm của BTS vào năm 2027. Ngoài ra, hai nước sẽ thành lập đoàn đại biểu dân-chính vào tháng 11 để thảo luận hợp tác số, thành lập nhóm công tác trong năm nay để thúc đẩy hợp tác nội dung văn hóa và tăng cường trao đổi cấp cao, tham vấn chính sách cấp phó bộ trưởng giữa hai bộ ngoại giao.","ngày hai mươi bốn tháng chín tại mexico city, tổng thống hàn quốc lee jae myung và tổng thống mexico claudia sheinbaum chủ trì cuộc họp chung và công bố ký hiệp định hành động chung hai nghìn không trăm hai mươi sáu đến hai nghìn không trăm ba mươi nhằm mở rộng hợp tác song phương. hai bên nhất trí tăng cường hợp tác trong quốc phòng, dầu thô, tài nguyên thiên nhiên chiến lược và trí tuệ nhân tạo, đồng thời hoàn tất đàm phán sửa đổi hiệp định bảo hộ đầu tư. họ ký mười bảy biên bản ghi nhớ và thỏa thuận về hợp tác kinh tế, hàng không vũ trụ và <en>a i</en>, đồng thời thiết lập kênh liên lạc về chuỗi cung ứng liên quan dầu thô và tài nguyên chiến lược. lee cam kết ủng hộ việc thực hiện kế hoạch mexico của sheinbaum và hai bên thảo luận cách tăng cường đầu tư, thương mại và hỗ trợ các doanh nghiệp. các lãnh đạo doanh nghiệp hàn quốc, gồm chủ tịch tập đoàn ét ca chey tae won và chủ tịch tập đoàn <en>l g</en> koo kwang mo, tham dự và cho biết hợp tác đang mở rộng ra ngoài ô tô và đồ gia dụng sang điện, năng lượng, di động và ngành làm đẹp. hai bên cũng nhất trí thúc đẩy mở rộng giao lưu văn hóa, dự kiến thành lập trung tâm văn hóa hàn quốc tại mexico và mong đợi chuyến thăm của <en>b t s</en> vào năm hai nghìn không trăm hai mươi bảy. ngoài ra, hai nước sẽ thành lập đoàn đại biểu dân chính vào tháng mười một để thảo luận hợp tác số, thành lập nhóm công tác trong năm nay để thúc đẩy hợp tác nội dung văn hóa và tăng cường trao đổi cấp cao, tham vấn chính sách cấp phó bộ trưởng giữa hai bộ ngoại giao.",,"ngoài ra, hai nước sẽ thành lập đoàn đại biểu dân chính vào tháng mười một để thảo luận hợp tác số, thành lập nhóm công tác trong năm nay để thúc đẩy hợp tác nội dung văn hóa và tăng cường trao đổi cấp cao,","ngoài ra, hai nước sẽ thành lập đoàn đại biểu dân chính vào tháng mười một để thảo luận hợp tác số, thành lập nhóm công tác trong năm nay để thúc đẩy hợp tác nội dung văn hóa và tăng cường trao đổi cấp cao.",False,"ŋwˈaː2j ɹˈaː, hˈaːj nˈyəɜc sˌɛ5 tˈe-2ɲ lˈə6p ɗwˈaː2n ɗˈaː6j bˈiɛ4w zˈən tʃˈiɜɲ vˈaː2w tˈaːɜŋ mˈyə2j mˈo6t̪ ɗˌe4 tˈaː4w lwˈə6n hˈəː6p t̪ˈaːɜc sˈoɜ, tˈe-2ɲ lˈə6p ɲˈɔɜm kˈoŋ t̪ˈaːɜc tʃˈɔŋ nˈam nˈaj ɗˌe4 tˈuɜc ɗˈəɪ4 hˈəː6p t̪ˈaːɜc nˈo6j zˈuŋ vˈan hwˈaːɜ vˌaː2 t̪ˈaŋ kˈyə2ŋ tʃˈaːw ɗˈo4j kˈəɜp kˈaːw.","ŋwˈaː2j ɹˈaː, hˈaːj nˈyəɜc sˌɛ5 tˈe-2ɲ lˈə6p ɗwˈaː2n ɗˈaː6j bˈiɛ4w zˈən tʃˈiɜɲ vˈaː2w tˈaːɜŋ mˈyə2j mˈo6t̪ ɗˌe4 tˈaː4w lwˈə6n hˈəː6p t̪ˈaːɜc sˈoɜ, tˈe-2ɲ lˈə6p ɲˈɔɜm kˈoŋ t̪ˈaːɜc tʃˈɔŋ nˈam nˈaj ɗˌe4 tˈuɜc ɗˈəɪ4 hˈəː6p t̪ˈaːɜc nˈo6j zˈuŋ vˈan hwˈaːɜ vˌaː2 t̪ˈaŋ kˈyə2ŋ tʃˈaːw ɗˈo4j kˈəɜp kˈaːw,",minor,BBE614E05AD0A815D688C3F4B44F691E32398694BF574A75E1012775F7936351
danhgia_tts_02.txt,danhgia_tts_02-006,Văn bản 6,danhgia_tts_02-006-c009,9,"Ngày 24 tháng 9 tại Mexico City, Tổng thống Hàn Quốc Lee Jae-myung và Tổng thống Mexico Claudia Sheinbaum chủ trì cuộc họp chung và công bố ký Hiệp định Hành động Chung 2026-2030 nhằm mở rộng hợp tác song phương. Hai bên nhất trí tăng cường hợp tác trong quốc phòng, dầu thô, tài nguyên thiên nhiên chiến lược và trí tuệ nhân tạo, đồng thời hoàn tất đàm phán sửa đổi hiệp định bảo hộ đầu tư. Họ ký 17 biên bản ghi nhớ và thỏa thuận về hợp tác kinh tế, hàng không vũ trụ và AI, đồng thời thiết lập kênh liên lạc về chuỗi cung ứng liên quan dầu thô và tài nguyên chiến lược. Lee cam kết ủng hộ việc thực hiện Kế hoạch Mexico của Sheinbaum và hai bên thảo luận cách tăng cường đầu tư, thương mại và hỗ trợ các doanh nghiệp. Các lãnh đạo doanh nghiệp Hàn Quốc, gồm Chủ tịch Tập đoàn SK Chey Tae-won và Chủ tịch Tập đoàn LG Koo Kwang-mo, tham dự và cho biết hợp tác đang mở rộng ra ngoài ô tô và đồ gia dụng sang điện, năng lượng, di động và ngành làm đẹp. Hai bên cũng nhất trí thúc đẩy mở rộng giao lưu văn hóa, dự kiến thành lập Trung tâm Văn hóa Hàn Quốc tại Mexico và mong đợi chuyến thăm của BTS vào năm 2027. Ngoài ra, hai nước sẽ thành lập đoàn đại biểu dân-chính vào tháng 11 để thảo luận hợp tác số, thành lập nhóm công tác trong năm nay để thúc đẩy hợp tác nội dung văn hóa và tăng cường trao đổi cấp cao, tham vấn chính sách cấp phó bộ trưởng giữa hai bộ ngoại giao.","ngày hai mươi bốn tháng chín tại mexico city, tổng thống hàn quốc lee jae myung và tổng thống mexico claudia sheinbaum chủ trì cuộc họp chung và công bố ký hiệp định hành động chung hai nghìn không trăm hai mươi sáu đến hai nghìn không trăm ba mươi nhằm mở rộng hợp tác song phương. hai bên nhất trí tăng cường hợp tác trong quốc phòng, dầu thô, tài nguyên thiên nhiên chiến lược và trí tuệ nhân tạo, đồng thời hoàn tất đàm phán sửa đổi hiệp định bảo hộ đầu tư. họ ký mười bảy biên bản ghi nhớ và thỏa thuận về hợp tác kinh tế, hàng không vũ trụ và <en>a i</en>, đồng thời thiết lập kênh liên lạc về chuỗi cung ứng liên quan dầu thô và tài nguyên chiến lược. lee cam kết ủng hộ việc thực hiện kế hoạch mexico của sheinbaum và hai bên thảo luận cách tăng cường đầu tư, thương mại và hỗ trợ các doanh nghiệp. các lãnh đạo doanh nghiệp hàn quốc, gồm chủ tịch tập đoàn ét ca chey tae won và chủ tịch tập đoàn <en>l g</en> koo kwang mo, tham dự và cho biết hợp tác đang mở rộng ra ngoài ô tô và đồ gia dụng sang điện, năng lượng, di động và ngành làm đẹp. hai bên cũng nhất trí thúc đẩy mở rộng giao lưu văn hóa, dự kiến thành lập trung tâm văn hóa hàn quốc tại mexico và mong đợi chuyến thăm của <en>b t s</en> vào năm hai nghìn không trăm hai mươi bảy. ngoài ra, hai nước sẽ thành lập đoàn đại biểu dân chính vào tháng mười một để thảo luận hợp tác số, thành lập nhóm công tác trong năm nay để thúc đẩy hợp tác nội dung văn hóa và tăng cường trao đổi cấp cao, tham vấn chính sách cấp phó bộ trưởng giữa hai bộ ngoại giao.",,tham vấn chính sách cấp phó bộ trưởng giữa hai bộ ngoại giao.,tham vấn chính sách cấp phó bộ trưởng giữa hai bộ ngoại giao.,True,tˈaːm vˈəɜn tʃˈiɜɲ sˈe-ɜc kˈəɜp fˈɔɜ bˈo6 tʃˈyə4ŋ zˈyə5 hˈaːj bˈo6 ŋwˈaː6j zˈaːw.,tˈaːm vˈəɜn tʃˈiɜɲ sˈe-ɜc kˈəɜp fˈɔɜ bˈo6 tʃˈyə4ŋ zˈyə5 hˈaːj bˈo6 ŋwˈaː6j zˈaːw.,,BBE614E05AD0A815D688C3F4B44F691E32398694BF574A75E1012775F7936351
danhgia_tts_02.txt,danhgia_tts_02-007,Văn bản 7,danhgia_tts_02-007-c001,1,"Tổng thống Hoa Kỳ Donald J. Trump ngày 25 tháng 9 năm 2026 tại Đại hội đồng Liên Hợp Quốc đã đe dọa tiêu diệt Iran nếu lãnh đạo nước này không đạt được một thỏa thuận. Một bài báo khác ghi nhận ông ngày 22 tháng 9 tại cùng diễn đàn đã đe dọa rằng Hoa Kỳ có thể ""tiêu diệt"" Iran nếu Tehran không chấp nhận một thỏa thuận hòa bình. Các thư độc giả phản ứng trái chiều: một số người ca ngợi ông vì dám đối đầu với Iran và trừng phạt Vladimir Putin, trong khi những người khác chỉ trích việc đe dọa là vi phạm Hiến chương Liên Hợp Quốc và có thể cấu thành tội diệt chủng. Một số ý kiến cho rằng Iran sẽ không ký thỏa thuận trừ khi có thay đổi chế độ và kêu gọi ông hoàn tất công việc, còn những ý kiến khác cho rằng ông đã làm suy yếu Hoa Kỳ và lạm dụng diễn đàn Liên Hợp Quốc. Bài báo còn nêu các hành vi quân sự và pháp lý gây tranh cãi của Washington, gồm các vụ tấn công tàu theo ""Chiến dịch Spear Phương Nam"" với 221 người chết trong 63 vụ theo Wola, việc bắt giữ Tổng thống Venezuela Nicolas Maduro vào tháng 1 năm 2026 và việc từ chối thị thực cho Tổng thống Palestine Mahmoud Abbas trong khi Thủ tướng Israel Benjamin Netanyahu được phép phát biểu. Tác giả kêu gọi tranh luận về việc chuyển trụ sở chính của Liên Hợp Quốc khỏi Hoa Kỳ, đề xuất Geneva, Thụy Sĩ, và cảnh báo nguy cơ chuẩn hóa ý tưởng rằng sức mạnh quân sự cho phép quyết định ai sống, ai chết và ai được nói.","tổng thống hoa kỳ donald giây trump ngày hai mươi lăm tháng chín năm hai nghìn không trăm hai mươi sáu tại đại hội đồng liên hợp quốc đã đe dọa tiêu diệt iran nếu lãnh đạo nước này không đạt được một thỏa thuận. một bài báo khác ghi nhận ông ngày hai mươi hai tháng chín tại cùng diễn đàn đã đe dọa rằng hoa kỳ có thể tiêu diệt iran nếu tehran không chấp nhận một thỏa thuận hòa bình. các thư độc giả phản ứng trái chiều, một số người ca ngợi ông vì dám đối đầu với iran và trừng phạt vladimir putin, trong khi những người khác chỉ trích việc đe dọa là vi phạm hiến chương liên hợp quốc và có thể cấu thành tội diệt chủng. một số ý kiến cho rằng iran sẽ không ký thỏa thuận trừ khi có thay đổi chế độ và kêu gọi ông hoàn tất công việc, còn những ý kiến khác cho rằng ông đã làm suy yếu hoa kỳ và lạm dụng diễn đàn liên hợp quốc. bài báo còn nêu các hành vi quân sự và pháp lý gây tranh cãi của washington, gồm các vụ tấn công tàu theo chiến dịch spear phương nam với hai trăm hai mươi mốt người chết trong sáu mươi ba vụ theo wola, việc bắt giữ tổng thống venezuela nicolas maduro vào tháng một năm hai nghìn không trăm hai mươi sáu và việc từ chối thị thực cho tổng thống palestine mahmoud abbas trong khi thủ tướng israel benjamin netanyahu được phép phát biểu. tác giả kêu gọi tranh luận về việc chuyển trụ sở chính của liên hợp quốc khỏi hoa kỳ, đề xuất geneva, thụy sĩ, và cảnh báo nguy cơ chuẩn hóa ý tưởng rằng sức mạnh quân sự cho phép quyết định ai sống, ai chết và ai được nói.",,tổng thống hoa kỳ donald giây trump ngày hai mươi lăm tháng chín năm hai nghìn không trăm hai mươi sáu tại đại hội đồng liên hợp quốc đã đe dọa tiêu diệt iran nếu lãnh đạo nước này không đạt được một thỏa thuận.,tổng thống hoa kỳ donald giây trump ngày hai mươi lăm tháng chín năm hai nghìn không trăm hai mươi sáu tại đại hội đồng liên hợp quốc đã đe dọa tiêu diệt iran nếu lãnh đạo nước này không đạt được một thỏa thuận.,True,t̪ˈo4ŋ tˈoɜŋ hwˈaː kˈi2 dˈɑːnəld zˈəɪ tɹˈʌmp ŋˈa2j hˈaːj mˈyəj lˈam tˈaːɜŋ tʃˈiɜn nˈam hˈaːj ŋˈi2n xˌoŋ tʃˈam hˈaːj mˈyəj sˈaɜw t̪ˈaː6j ɗˈaː6j hˈo6j ɗˈo2ŋ lˈiɛn hˈəː6p kˈuəɜc ɗˌaː5 ɗˈɛ zˈoaː6 t̪ˈiɛw zˈiɛ6t̪ ɪɹˈæn nˌeɜw lˈe-5ɲ ɗˈaː6w nˈyəɜc nˈa2j xˌoŋ ɗˈaː6t̪ ɗˌyə6c mˈo6t̪ twˈaː4 twˈə6n.,t̪ˈo4ŋ tˈoɜŋ hwˈaː kˈi2 dˈɑːnəld zˈəɪ tɹˈʌmp ŋˈa2j hˈaːj mˈyəj lˈam tˈaːɜŋ tʃˈiɜn nˈam hˈaːj ŋˈi2n xˌoŋ tʃˈam hˈaːj mˈyəj sˈaɜw t̪ˈaː6j ɗˈaː6j hˈo6j ɗˈo2ŋ lˈiɛn hˈəː6p kˈuəɜc ɗˌaː5 ɗˈɛ zˈoaː6 t̪ˈiɛw zˈiɛ6t̪ ɪɹˈæn nˌeɜw lˈe-5ɲ ɗˈaː6w nˈyəɜc nˈa2j xˌoŋ ɗˈaː6t̪ ɗˌyə6c mˈo6t̪ twˈaː4 twˈə6n.,sentence,BBE614E05AD0A815D688C3F4B44F691E32398694BF574A75E1012775F7936351
danhgia_tts_02.txt,danhgia_tts_02-007,Văn bản 7,danhgia_tts_02-007-c002,2,"Tổng thống Hoa Kỳ Donald J. Trump ngày 25 tháng 9 năm 2026 tại Đại hội đồng Liên Hợp Quốc đã đe dọa tiêu diệt Iran nếu lãnh đạo nước này không đạt được một thỏa thuận. Một bài báo khác ghi nhận ông ngày 22 tháng 9 tại cùng diễn đàn đã đe dọa rằng Hoa Kỳ có thể ""tiêu diệt"" Iran nếu Tehran không chấp nhận một thỏa thuận hòa bình. Các thư độc giả phản ứng trái chiều: một số người ca ngợi ông vì dám đối đầu với Iran và trừng phạt Vladimir Putin, trong khi những người khác chỉ trích việc đe dọa là vi phạm Hiến chương Liên Hợp Quốc và có thể cấu thành tội diệt chủng. Một số ý kiến cho rằng Iran sẽ không ký thỏa thuận trừ khi có thay đổi chế độ và kêu gọi ông hoàn tất công việc, còn những ý kiến khác cho rằng ông đã làm suy yếu Hoa Kỳ và lạm dụng diễn đàn Liên Hợp Quốc. Bài báo còn nêu các hành vi quân sự và pháp lý gây tranh cãi của Washington, gồm các vụ tấn công tàu theo ""Chiến dịch Spear Phương Nam"" với 221 người chết trong 63 vụ theo Wola, việc bắt giữ Tổng thống Venezuela Nicolas Maduro vào tháng 1 năm 2026 và việc từ chối thị thực cho Tổng thống Palestine Mahmoud Abbas trong khi Thủ tướng Israel Benjamin Netanyahu được phép phát biểu. Tác giả kêu gọi tranh luận về việc chuyển trụ sở chính của Liên Hợp Quốc khỏi Hoa Kỳ, đề xuất Geneva, Thụy Sĩ, và cảnh báo nguy cơ chuẩn hóa ý tưởng rằng sức mạnh quân sự cho phép quyết định ai sống, ai chết và ai được nói.","tổng thống hoa kỳ donald giây trump ngày hai mươi lăm tháng chín năm hai nghìn không trăm hai mươi sáu tại đại hội đồng liên hợp quốc đã đe dọa tiêu diệt iran nếu lãnh đạo nước này không đạt được một thỏa thuận. một bài báo khác ghi nhận ông ngày hai mươi hai tháng chín tại cùng diễn đàn đã đe dọa rằng hoa kỳ có thể tiêu diệt iran nếu tehran không chấp nhận một thỏa thuận hòa bình. các thư độc giả phản ứng trái chiều, một số người ca ngợi ông vì dám đối đầu với iran và trừng phạt vladimir putin, trong khi những người khác chỉ trích việc đe dọa là vi phạm hiến chương liên hợp quốc và có thể cấu thành tội diệt chủng. một số ý kiến cho rằng iran sẽ không ký thỏa thuận trừ khi có thay đổi chế độ và kêu gọi ông hoàn tất công việc, còn những ý kiến khác cho rằng ông đã làm suy yếu hoa kỳ và lạm dụng diễn đàn liên hợp quốc. bài báo còn nêu các hành vi quân sự và pháp lý gây tranh cãi của washington, gồm các vụ tấn công tàu theo chiến dịch spear phương nam với hai trăm hai mươi mốt người chết trong sáu mươi ba vụ theo wola, việc bắt giữ tổng thống venezuela nicolas maduro vào tháng một năm hai nghìn không trăm hai mươi sáu và việc từ chối thị thực cho tổng thống palestine mahmoud abbas trong khi thủ tướng israel benjamin netanyahu được phép phát biểu. tác giả kêu gọi tranh luận về việc chuyển trụ sở chính của liên hợp quốc khỏi hoa kỳ, đề xuất geneva, thụy sĩ, và cảnh báo nguy cơ chuẩn hóa ý tưởng rằng sức mạnh quân sự cho phép quyết định ai sống, ai chết và ai được nói.",,một bài báo khác ghi nhận ông ngày hai mươi hai tháng chín tại cùng diễn đàn đã đe dọa rằng hoa kỳ có thể tiêu diệt iran nếu tehran không chấp nhận một thỏa thuận hòa bình.,một bài báo khác ghi nhận ông ngày hai mươi hai tháng chín tại cùng diễn đàn đã đe dọa rằng hoa kỳ có thể tiêu diệt iran nếu tehran không chấp nhận một thỏa thuận hòa bình.,True,mˈo6t̪ bˈaː2j bˈaːɜw xˈaːɜc ɣˈi ɲˈə6n ˈoŋ ŋˈa2j hˈaːj mˈyəj hˈaːj tˈaːɜŋ tʃˈiɜn t̪ˈaː6j kˈu2ŋ zˈiɛ5n ɗˈaː2n ɗˌaː5 ɗˈɛ zˈoaː6 ɹˈa2ŋ hwˈaː kˈi2 kˈɔɜ tˈe4 t̪ˈiɛw zˈiɛ6t̪ ɪɹˈæn nˌeɜw tɛɹˈɑːn xˌoŋ tʃˈəɜp ɲˈə6n mˈo6t̪ twˈaː4 twˈə6n hwˈaː2 bˈi2ɲ.,mˈo6t̪ bˈaː2j bˈaːɜw xˈaːɜc ɣˈi ɲˈə6n ˈoŋ ŋˈa2j hˈaːj mˈyəj hˈaːj tˈaːɜŋ tʃˈiɜn t̪ˈaː6j kˈu2ŋ zˈiɛ5n ɗˈaː2n ɗˌaː5 ɗˈɛ zˈoaː6 ɹˈa2ŋ hwˈaː kˈi2 kˈɔɜ tˈe4 t̪ˈiɛw zˈiɛ6t̪ ɪɹˈæn nˌeɜw tɛɹˈɑːn xˌoŋ tʃˈəɜp ɲˈə6n mˈo6t̪ twˈaː4 twˈə6n hwˈaː2 bˈi2ɲ.,sentence,BBE614E05AD0A815D688C3F4B44F691E32398694BF574A75E1012775F7936351
danhgia_tts_02.txt,danhgia_tts_02-007,Văn bản 7,danhgia_tts_02-007-c003,3,"Tổng thống Hoa Kỳ Donald J. Trump ngày 25 tháng 9 năm 2026 tại Đại hội đồng Liên Hợp Quốc đã đe dọa tiêu diệt Iran nếu lãnh đạo nước này không đạt được một thỏa thuận. Một bài báo khác ghi nhận ông ngày 22 tháng 9 tại cùng diễn đàn đã đe dọa rằng Hoa Kỳ có thể ""tiêu diệt"" Iran nếu Tehran không chấp nhận một thỏa thuận hòa bình. Các thư độc giả phản ứng trái chiều: một số người ca ngợi ông vì dám đối đầu với Iran và trừng phạt Vladimir Putin, trong khi những người khác chỉ trích việc đe dọa là vi phạm Hiến chương Liên Hợp Quốc và có thể cấu thành tội diệt chủng. Một số ý kiến cho rằng Iran sẽ không ký thỏa thuận trừ khi có thay đổi chế độ và kêu gọi ông hoàn tất công việc, còn những ý kiến khác cho rằng ông đã làm suy yếu Hoa Kỳ và lạm dụng diễn đàn Liên Hợp Quốc. Bài báo còn nêu các hành vi quân sự và pháp lý gây tranh cãi của Washington, gồm các vụ tấn công tàu theo ""Chiến dịch Spear Phương Nam"" với 221 người chết trong 63 vụ theo Wola, việc bắt giữ Tổng thống Venezuela Nicolas Maduro vào tháng 1 năm 2026 và việc từ chối thị thực cho Tổng thống Palestine Mahmoud Abbas trong khi Thủ tướng Israel Benjamin Netanyahu được phép phát biểu. Tác giả kêu gọi tranh luận về việc chuyển trụ sở chính của Liên Hợp Quốc khỏi Hoa Kỳ, đề xuất Geneva, Thụy Sĩ, và cảnh báo nguy cơ chuẩn hóa ý tưởng rằng sức mạnh quân sự cho phép quyết định ai sống, ai chết và ai được nói.","tổng thống hoa kỳ donald giây trump ngày hai mươi lăm tháng chín năm hai nghìn không trăm hai mươi sáu tại đại hội đồng liên hợp quốc đã đe dọa tiêu diệt iran nếu lãnh đạo nước này không đạt được một thỏa thuận. một bài báo khác ghi nhận ông ngày hai mươi hai tháng chín tại cùng diễn đàn đã đe dọa rằng hoa kỳ có thể tiêu diệt iran nếu tehran không chấp nhận một thỏa thuận hòa bình. các thư độc giả phản ứng trái chiều, một số người ca ngợi ông vì dám đối đầu với iran và trừng phạt vladimir putin, trong khi những người khác chỉ trích việc đe dọa là vi phạm hiến chương liên hợp quốc và có thể cấu thành tội diệt chủng. một số ý kiến cho rằng iran sẽ không ký thỏa thuận trừ khi có thay đổi chế độ và kêu gọi ông hoàn tất công việc, còn những ý kiến khác cho rằng ông đã làm suy yếu hoa kỳ và lạm dụng diễn đàn liên hợp quốc. bài báo còn nêu các hành vi quân sự và pháp lý gây tranh cãi của washington, gồm các vụ tấn công tàu theo chiến dịch spear phương nam với hai trăm hai mươi mốt người chết trong sáu mươi ba vụ theo wola, việc bắt giữ tổng thống venezuela nicolas maduro vào tháng một năm hai nghìn không trăm hai mươi sáu và việc từ chối thị thực cho tổng thống palestine mahmoud abbas trong khi thủ tướng israel benjamin netanyahu được phép phát biểu. tác giả kêu gọi tranh luận về việc chuyển trụ sở chính của liên hợp quốc khỏi hoa kỳ, đề xuất geneva, thụy sĩ, và cảnh báo nguy cơ chuẩn hóa ý tưởng rằng sức mạnh quân sự cho phép quyết định ai sống, ai chết và ai được nói.",,"các thư độc giả phản ứng trái chiều, một số người ca ngợi ông vì dám đối đầu với iran và trừng phạt vladimir putin, trong khi những người khác chỉ trích việc đe dọa là vi phạm hiến chương liên hợp quốc và có thể cấu thành tội diệt chủng.","các thư độc giả phản ứng trái chiều, một số người ca ngợi ông vì dám đối đầu với iran và trừng phạt vladimir putin, trong khi những người khác chỉ trích việc đe dọa là vi phạm hiến chương liên hợp quốc và có thể cấu thành tội diệt chủng.",True,"kˌaːɜc tˈy ɗˈo6k zˈaː4 fˈaː4n ˈyɜŋ tʃˈaːɜj tʃˈiɛ2w, mˈo6t̪ sˈoɜ ŋˈyə2j kˈaː ŋˈəː6j ˈoŋ vˌi2 zˈaːɜm ɗˈoɜj ɗˈə2w vˌəːɜj ɪɹˈæn vˌaː2 tʃˈy2ŋ fˈaː6t̪ vlˈædɪmˌɪɹ pjˈuːtɪn, tʃˈɔŋ xˌi ɲˌy5ŋ ŋˈyə2j xˈaːɜc tʃˈi4 tʃˈiɜc vˈiɛ6c ɗˈɛ zˈoaː6 lˌaː2 vˈi fˈaː6m hˈiɛɜn tʃˈyəŋ lˈiɛn hˈəː6p kˈuəɜc vˌaː2 kˈɔɜ tˈe4 kˈəɜw tˈe-2ɲ t̪ˈo6j zˈiɛ6t̪ tʃˈu4ŋ.","kˌaːɜc tˈy ɗˈo6k zˈaː4 fˈaː4n ˈyɜŋ tʃˈaːɜj tʃˈiɛ2w, mˈo6t̪ sˈoɜ ŋˈyə2j kˈaː ŋˈəː6j ˈoŋ vˌi2 zˈaːɜm ɗˈoɜj ɗˈə2w vˌəːɜj ɪɹˈæn vˌaː2 tʃˈy2ŋ fˈaː6t̪ vlˈædɪmˌɪɹ pjˈuːtɪn, tʃˈɔŋ xˌi ɲˌy5ŋ ŋˈyə2j xˈaːɜc tʃˈi4 tʃˈiɜc vˈiɛ6c ɗˈɛ zˈoaː6 lˌaː2 vˈi fˈaː6m hˈiɛɜn tʃˈyəŋ lˈiɛn hˈəː6p kˈuəɜc vˌaː2 kˈɔɜ tˈe4 kˈəɜw tˈe-2ɲ t̪ˈo6j zˈiɛ6t̪ tʃˈu4ŋ.",sentence,BBE614E05AD0A815D688C3F4B44F691E32398694BF574A75E1012775F7936351
danhgia_tts_02.txt,danhgia_tts_02-007,Văn bản 7,danhgia_tts_02-007-c004,4,"Tổng thống Hoa Kỳ Donald J. Trump ngày 25 tháng 9 năm 2026 tại Đại hội đồng Liên Hợp Quốc đã đe dọa tiêu diệt Iran nếu lãnh đạo nước này không đạt được một thỏa thuận. Một bài báo khác ghi nhận ông ngày 22 tháng 9 tại cùng diễn đàn đã đe dọa rằng Hoa Kỳ có thể ""tiêu diệt"" Iran nếu Tehran không chấp nhận một thỏa thuận hòa bình. Các thư độc giả phản ứng trái chiều: một số người ca ngợi ông vì dám đối đầu với Iran và trừng phạt Vladimir Putin, trong khi những người khác chỉ trích việc đe dọa là vi phạm Hiến chương Liên Hợp Quốc và có thể cấu thành tội diệt chủng. Một số ý kiến cho rằng Iran sẽ không ký thỏa thuận trừ khi có thay đổi chế độ và kêu gọi ông hoàn tất công việc, còn những ý kiến khác cho rằng ông đã làm suy yếu Hoa Kỳ và lạm dụng diễn đàn Liên Hợp Quốc. Bài báo còn nêu các hành vi quân sự và pháp lý gây tranh cãi của Washington, gồm các vụ tấn công tàu theo ""Chiến dịch Spear Phương Nam"" với 221 người chết trong 63 vụ theo Wola, việc bắt giữ Tổng thống Venezuela Nicolas Maduro vào tháng 1 năm 2026 và việc từ chối thị thực cho Tổng thống Palestine Mahmoud Abbas trong khi Thủ tướng Israel Benjamin Netanyahu được phép phát biểu. Tác giả kêu gọi tranh luận về việc chuyển trụ sở chính của Liên Hợp Quốc khỏi Hoa Kỳ, đề xuất Geneva, Thụy Sĩ, và cảnh báo nguy cơ chuẩn hóa ý tưởng rằng sức mạnh quân sự cho phép quyết định ai sống, ai chết và ai được nói.","tổng thống hoa kỳ donald giây trump ngày hai mươi lăm tháng chín năm hai nghìn không trăm hai mươi sáu tại đại hội đồng liên hợp quốc đã đe dọa tiêu diệt iran nếu lãnh đạo nước này không đạt được một thỏa thuận. một bài báo khác ghi nhận ông ngày hai mươi hai tháng chín tại cùng diễn đàn đã đe dọa rằng hoa kỳ có thể tiêu diệt iran nếu tehran không chấp nhận một thỏa thuận hòa bình. các thư độc giả phản ứng trái chiều, một số người ca ngợi ông vì dám đối đầu với iran và trừng phạt vladimir putin, trong khi những người khác chỉ trích việc đe dọa là vi phạm hiến chương liên hợp quốc và có thể cấu thành tội diệt chủng. một số ý kiến cho rằng iran sẽ không ký thỏa thuận trừ khi có thay đổi chế độ và kêu gọi ông hoàn tất công việc, còn những ý kiến khác cho rằng ông đã làm suy yếu hoa kỳ và lạm dụng diễn đàn liên hợp quốc. bài báo còn nêu các hành vi quân sự và pháp lý gây tranh cãi của washington, gồm các vụ tấn công tàu theo chiến dịch spear phương nam với hai trăm hai mươi mốt người chết trong sáu mươi ba vụ theo wola, việc bắt giữ tổng thống venezuela nicolas maduro vào tháng một năm hai nghìn không trăm hai mươi sáu và việc từ chối thị thực cho tổng thống palestine mahmoud abbas trong khi thủ tướng israel benjamin netanyahu được phép phát biểu. tác giả kêu gọi tranh luận về việc chuyển trụ sở chính của liên hợp quốc khỏi hoa kỳ, đề xuất geneva, thụy sĩ, và cảnh báo nguy cơ chuẩn hóa ý tưởng rằng sức mạnh quân sự cho phép quyết định ai sống, ai chết và ai được nói.",,"một số ý kiến cho rằng iran sẽ không ký thỏa thuận trừ khi có thay đổi chế độ và kêu gọi ông hoàn tất công việc, còn những ý kiến khác cho rằng ông đã làm suy yếu hoa kỳ và lạm dụng diễn đàn liên hợp quốc.","một số ý kiến cho rằng iran sẽ không ký thỏa thuận trừ khi có thay đổi chế độ và kêu gọi ông hoàn tất công việc, còn những ý kiến khác cho rằng ông đã làm suy yếu hoa kỳ và lạm dụng diễn đàn liên hợp quốc.",True,"mˈo6t̪ sˈoɜ ˈiɜ kˈiɛɜn tʃˌɔ ɹˈa2ŋ ɪɹˈæn sˌɛ5 xˌoŋ kˈiɜ twˈaː4 twˈə6n tʃˈy2 xˌi kˈɔɜ tˈaj ɗˈo4j tʃˈeɜ ɗˈo6 vˌaː2 kˈe1w ɣˈɔ6j ˈoŋ hwˈaː2n t̪ˈəɜt̪ kˈoŋ vˈiɛ6c, kˌɔ2n ɲˌy5ŋ ˈiɜ kˈiɛɜn xˈaːɜc tʃˌɔ ɹˈa2ŋ ˈoŋ ɗˌaː5 lˈaː2m swˈi ˈiɛɜw hwˈaː kˈi2 vˌaː2 lˈaː6m zˈu6ŋ zˈiɛ5n ɗˈaː2n lˈiɛn hˈəː6p kˈuəɜc.","mˈo6t̪ sˈoɜ ˈiɜ kˈiɛɜn tʃˌɔ ɹˈa2ŋ ɪɹˈæn sˌɛ5 xˌoŋ kˈiɜ twˈaː4 twˈə6n tʃˈy2 xˌi kˈɔɜ tˈaj ɗˈo4j tʃˈeɜ ɗˈo6 vˌaː2 kˈe1w ɣˈɔ6j ˈoŋ hwˈaː2n t̪ˈəɜt̪ kˈoŋ vˈiɛ6c, kˌɔ2n ɲˌy5ŋ ˈiɜ kˈiɛɜn xˈaːɜc tʃˌɔ ɹˈa2ŋ ˈoŋ ɗˌaː5 lˈaː2m swˈi ˈiɛɜw hwˈaː kˈi2 vˌaː2 lˈaː6m zˈu6ŋ zˈiɛ5n ɗˈaː2n lˈiɛn hˈəː6p kˈuəɜc.",sentence,BBE614E05AD0A815D688C3F4B44F691E32398694BF574A75E1012775F7936351
danhgia_tts_02.txt,danhgia_tts_02-007,Văn bản 7,danhgia_tts_02-007-c005,5,"Tổng thống Hoa Kỳ Donald J. Trump ngày 25 tháng 9 năm 2026 tại Đại hội đồng Liên Hợp Quốc đã đe dọa tiêu diệt Iran nếu lãnh đạo nước này không đạt được một thỏa thuận. Một bài báo khác ghi nhận ông ngày 22 tháng 9 tại cùng diễn đàn đã đe dọa rằng Hoa Kỳ có thể ""tiêu diệt"" Iran nếu Tehran không chấp nhận một thỏa thuận hòa bình. Các thư độc giả phản ứng trái chiều: một số người ca ngợi ông vì dám đối đầu với Iran và trừng phạt Vladimir Putin, trong khi những người khác chỉ trích việc đe dọa là vi phạm Hiến chương Liên Hợp Quốc và có thể cấu thành tội diệt chủng. Một số ý kiến cho rằng Iran sẽ không ký thỏa thuận trừ khi có thay đổi chế độ và kêu gọi ông hoàn tất công việc, còn những ý kiến khác cho rằng ông đã làm suy yếu Hoa Kỳ và lạm dụng diễn đàn Liên Hợp Quốc. Bài báo còn nêu các hành vi quân sự và pháp lý gây tranh cãi của Washington, gồm các vụ tấn công tàu theo ""Chiến dịch Spear Phương Nam"" với 221 người chết trong 63 vụ theo Wola, việc bắt giữ Tổng thống Venezuela Nicolas Maduro vào tháng 1 năm 2026 và việc từ chối thị thực cho Tổng thống Palestine Mahmoud Abbas trong khi Thủ tướng Israel Benjamin Netanyahu được phép phát biểu. Tác giả kêu gọi tranh luận về việc chuyển trụ sở chính của Liên Hợp Quốc khỏi Hoa Kỳ, đề xuất Geneva, Thụy Sĩ, và cảnh báo nguy cơ chuẩn hóa ý tưởng rằng sức mạnh quân sự cho phép quyết định ai sống, ai chết và ai được nói.","tổng thống hoa kỳ donald giây trump ngày hai mươi lăm tháng chín năm hai nghìn không trăm hai mươi sáu tại đại hội đồng liên hợp quốc đã đe dọa tiêu diệt iran nếu lãnh đạo nước này không đạt được một thỏa thuận. một bài báo khác ghi nhận ông ngày hai mươi hai tháng chín tại cùng diễn đàn đã đe dọa rằng hoa kỳ có thể tiêu diệt iran nếu tehran không chấp nhận một thỏa thuận hòa bình. các thư độc giả phản ứng trái chiều, một số người ca ngợi ông vì dám đối đầu với iran và trừng phạt vladimir putin, trong khi những người khác chỉ trích việc đe dọa là vi phạm hiến chương liên hợp quốc và có thể cấu thành tội diệt chủng. một số ý kiến cho rằng iran sẽ không ký thỏa thuận trừ khi có thay đổi chế độ và kêu gọi ông hoàn tất công việc, còn những ý kiến khác cho rằng ông đã làm suy yếu hoa kỳ và lạm dụng diễn đàn liên hợp quốc. bài báo còn nêu các hành vi quân sự và pháp lý gây tranh cãi của washington, gồm các vụ tấn công tàu theo chiến dịch spear phương nam với hai trăm hai mươi mốt người chết trong sáu mươi ba vụ theo wola, việc bắt giữ tổng thống venezuela nicolas maduro vào tháng một năm hai nghìn không trăm hai mươi sáu và việc từ chối thị thực cho tổng thống palestine mahmoud abbas trong khi thủ tướng israel benjamin netanyahu được phép phát biểu. tác giả kêu gọi tranh luận về việc chuyển trụ sở chính của liên hợp quốc khỏi hoa kỳ, đề xuất geneva, thụy sĩ, và cảnh báo nguy cơ chuẩn hóa ý tưởng rằng sức mạnh quân sự cho phép quyết định ai sống, ai chết và ai được nói.",,"bài báo còn nêu các hành vi quân sự và pháp lý gây tranh cãi của washington, gồm các vụ tấn công tàu theo chiến dịch spear phương nam với hai trăm hai mươi mốt người chết trong sáu mươi ba vụ theo wola,","bài báo còn nêu các hành vi quân sự và pháp lý gây tranh cãi của washington, gồm các vụ tấn công tàu theo chiến dịch spear phương nam với hai trăm hai mươi mốt người chết trong sáu mươi ba vụ theo wola.",False,"bˈaː2j bˈaːɜw kˌɔ2n nˈe1w kˌaːɜc hˈe-2ɲ vˈi kwˈən sˈy6 vˌaː2 fˈaːɜp lˈiɜ ɣˈəɪ tʃˈe-ɲ kˈaː5j kˌuə4 wˈɑːʃɪŋtən, ɣˈo2m kˌaːɜc vˈu6 t̪ˈəɜn kˈoŋ t̪ˈa2w tˈɛw tʃˈiɛɜn zˈi6c spˈɪɹ fˈyəŋ nˈaːm vˌəːɜj hˈaːj tʃˈam hˈaːj mˈyəj mˈoɜt̪ ŋˈyə2j tʃˈeɜt̪ tʃˈɔŋ sˈaɜw mˈyəj bˈaː vˈu6 tˈɛw wˈoʊlə.","bˈaː2j bˈaːɜw kˌɔ2n nˈe1w kˌaːɜc hˈe-2ɲ vˈi kwˈən sˈy6 vˌaː2 fˈaːɜp lˈiɜ ɣˈəɪ tʃˈe-ɲ kˈaː5j kˌuə4 wˈɑːʃɪŋtən, ɣˈo2m kˌaːɜc vˈu6 t̪ˈəɜn kˈoŋ t̪ˈa2w tˈɛw tʃˈiɛɜn zˈi6c spˈɪɹ fˈyəŋ nˈaːm vˌəːɜj hˈaːj tʃˈam hˈaːj mˈyəj mˈoɜt̪ ŋˈyə2j tʃˈeɜt̪ tʃˈɔŋ sˈaɜw mˈyəj bˈaː vˈu6 tˈɛw wˈoʊlə,",minor,BBE614E05AD0A815D688C3F4B44F691E32398694BF574A75E1012775F7936351
danhgia_tts_02.txt,danhgia_tts_02-007,Văn bản 7,danhgia_tts_02-007-c006,6,"Tổng thống Hoa Kỳ Donald J. Trump ngày 25 tháng 9 năm 2026 tại Đại hội đồng Liên Hợp Quốc đã đe dọa tiêu diệt Iran nếu lãnh đạo nước này không đạt được một thỏa thuận. Một bài báo khác ghi nhận ông ngày 22 tháng 9 tại cùng diễn đàn đã đe dọa rằng Hoa Kỳ có thể ""tiêu diệt"" Iran nếu Tehran không chấp nhận một thỏa thuận hòa bình. Các thư độc giả phản ứng trái chiều: một số người ca ngợi ông vì dám đối đầu với Iran và trừng phạt Vladimir Putin, trong khi những người khác chỉ trích việc đe dọa là vi phạm Hiến chương Liên Hợp Quốc và có thể cấu thành tội diệt chủng. Một số ý kiến cho rằng Iran sẽ không ký thỏa thuận trừ khi có thay đổi chế độ và kêu gọi ông hoàn tất công việc, còn những ý kiến khác cho rằng ông đã làm suy yếu Hoa Kỳ và lạm dụng diễn đàn Liên Hợp Quốc. Bài báo còn nêu các hành vi quân sự và pháp lý gây tranh cãi của Washington, gồm các vụ tấn công tàu theo ""Chiến dịch Spear Phương Nam"" với 221 người chết trong 63 vụ theo Wola, việc bắt giữ Tổng thống Venezuela Nicolas Maduro vào tháng 1 năm 2026 và việc từ chối thị thực cho Tổng thống Palestine Mahmoud Abbas trong khi Thủ tướng Israel Benjamin Netanyahu được phép phát biểu. Tác giả kêu gọi tranh luận về việc chuyển trụ sở chính của Liên Hợp Quốc khỏi Hoa Kỳ, đề xuất Geneva, Thụy Sĩ, và cảnh báo nguy cơ chuẩn hóa ý tưởng rằng sức mạnh quân sự cho phép quyết định ai sống, ai chết và ai được nói.","tổng thống hoa kỳ donald giây trump ngày hai mươi lăm tháng chín năm hai nghìn không trăm hai mươi sáu tại đại hội đồng liên hợp quốc đã đe dọa tiêu diệt iran nếu lãnh đạo nước này không đạt được một thỏa thuận. một bài báo khác ghi nhận ông ngày hai mươi hai tháng chín tại cùng diễn đàn đã đe dọa rằng hoa kỳ có thể tiêu diệt iran nếu tehran không chấp nhận một thỏa thuận hòa bình. các thư độc giả phản ứng trái chiều, một số người ca ngợi ông vì dám đối đầu với iran và trừng phạt vladimir putin, trong khi những người khác chỉ trích việc đe dọa là vi phạm hiến chương liên hợp quốc và có thể cấu thành tội diệt chủng. một số ý kiến cho rằng iran sẽ không ký thỏa thuận trừ khi có thay đổi chế độ và kêu gọi ông hoàn tất công việc, còn những ý kiến khác cho rằng ông đã làm suy yếu hoa kỳ và lạm dụng diễn đàn liên hợp quốc. bài báo còn nêu các hành vi quân sự và pháp lý gây tranh cãi của washington, gồm các vụ tấn công tàu theo chiến dịch spear phương nam với hai trăm hai mươi mốt người chết trong sáu mươi ba vụ theo wola, việc bắt giữ tổng thống venezuela nicolas maduro vào tháng một năm hai nghìn không trăm hai mươi sáu và việc từ chối thị thực cho tổng thống palestine mahmoud abbas trong khi thủ tướng israel benjamin netanyahu được phép phát biểu. tác giả kêu gọi tranh luận về việc chuyển trụ sở chính của liên hợp quốc khỏi hoa kỳ, đề xuất geneva, thụy sĩ, và cảnh báo nguy cơ chuẩn hóa ý tưởng rằng sức mạnh quân sự cho phép quyết định ai sống, ai chết và ai được nói.",,việc bắt giữ tổng thống venezuela nicolas maduro vào tháng một năm hai nghìn không trăm hai mươi sáu và việc từ chối thị thực cho tổng thống palestine mahmoud abbas trong khi thủ tướng israel benjamin netanyahu được phép phát biểu.,việc bắt giữ tổng thống venezuela nicolas maduro vào tháng một năm hai nghìn không trăm hai mươi sáu và việc từ chối thị thực cho tổng thống palestine mahmoud abbas trong khi thủ tướng israel benjamin netanyahu được phép phát biểu.,True,vˈiɛ6c bˈaɜt̪ zˈy5 t̪ˈo4ŋ tˈoɜŋ vˌɛnɪzwˈeɪlə nˈɪkələz mædʒˈuːɹoʊ vˈaː2w tˈaːɜŋ mˈo6t̪ nˈam hˈaːj ŋˈi2n xˌoŋ tʃˈam hˈaːj mˈyəj sˈaɜw vˌaː2 vˈiɛ6c t̪ˌy2 tʃˈoɜj tˈi6 tˈy6c tʃˌɔ t̪ˈo4ŋ tˈoɜŋ pˈæləstˌaɪn mæxmˈuːd ˈæbəz tʃˈɔŋ xˌi tˈu4 t̪ˈyəɜŋ ˈɪzɹiːəl bˈɛndʒəmɪn nˌɛtɐnɪˈɑːhuː ɗˌyə6c fˈɛɜp fˈaːɜt̪ bˈiɛ4w.,vˈiɛ6c bˈaɜt̪ zˈy5 t̪ˈo4ŋ tˈoɜŋ vˌɛnɪzwˈeɪlə nˈɪkələz mædʒˈuːɹoʊ vˈaː2w tˈaːɜŋ mˈo6t̪ nˈam hˈaːj ŋˈi2n xˌoŋ tʃˈam hˈaːj mˈyəj sˈaɜw vˌaː2 vˈiɛ6c t̪ˌy2 tʃˈoɜj tˈi6 tˈy6c tʃˌɔ t̪ˈo4ŋ tˈoɜŋ pˈæləstˌaɪn mæxmˈuːd ˈæbəz tʃˈɔŋ xˌi tˈu4 t̪ˈyəɜŋ ˈɪzɹiːəl bˈɛndʒəmɪn nˌɛtɐnɪˈɑːhuː ɗˌyə6c fˈɛɜp fˈaːɜt̪ bˈiɛ4w.,sentence,BBE614E05AD0A815D688C3F4B44F691E32398694BF574A75E1012775F7936351
danhgia_tts_02.txt,danhgia_tts_02-007,Văn bản 7,danhgia_tts_02-007-c007,7,"Tổng thống Hoa Kỳ Donald J. Trump ngày 25 tháng 9 năm 2026 tại Đại hội đồng Liên Hợp Quốc đã đe dọa tiêu diệt Iran nếu lãnh đạo nước này không đạt được một thỏa thuận. Một bài báo khác ghi nhận ông ngày 22 tháng 9 tại cùng diễn đàn đã đe dọa rằng Hoa Kỳ có thể ""tiêu diệt"" Iran nếu Tehran không chấp nhận một thỏa thuận hòa bình. Các thư độc giả phản ứng trái chiều: một số người ca ngợi ông vì dám đối đầu với Iran và trừng phạt Vladimir Putin, trong khi những người khác chỉ trích việc đe dọa là vi phạm Hiến chương Liên Hợp Quốc và có thể cấu thành tội diệt chủng. Một số ý kiến cho rằng Iran sẽ không ký thỏa thuận trừ khi có thay đổi chế độ và kêu gọi ông hoàn tất công việc, còn những ý kiến khác cho rằng ông đã làm suy yếu Hoa Kỳ và lạm dụng diễn đàn Liên Hợp Quốc. Bài báo còn nêu các hành vi quân sự và pháp lý gây tranh cãi của Washington, gồm các vụ tấn công tàu theo ""Chiến dịch Spear Phương Nam"" với 221 người chết trong 63 vụ theo Wola, việc bắt giữ Tổng thống Venezuela Nicolas Maduro vào tháng 1 năm 2026 và việc từ chối thị thực cho Tổng thống Palestine Mahmoud Abbas trong khi Thủ tướng Israel Benjamin Netanyahu được phép phát biểu. Tác giả kêu gọi tranh luận về việc chuyển trụ sở chính của Liên Hợp Quốc khỏi Hoa Kỳ, đề xuất Geneva, Thụy Sĩ, và cảnh báo nguy cơ chuẩn hóa ý tưởng rằng sức mạnh quân sự cho phép quyết định ai sống, ai chết và ai được nói.","tổng thống hoa kỳ donald giây trump ngày hai mươi lăm tháng chín năm hai nghìn không trăm hai mươi sáu tại đại hội đồng liên hợp quốc đã đe dọa tiêu diệt iran nếu lãnh đạo nước này không đạt được một thỏa thuận. một bài báo khác ghi nhận ông ngày hai mươi hai tháng chín tại cùng diễn đàn đã đe dọa rằng hoa kỳ có thể tiêu diệt iran nếu tehran không chấp nhận một thỏa thuận hòa bình. các thư độc giả phản ứng trái chiều, một số người ca ngợi ông vì dám đối đầu với iran và trừng phạt vladimir putin, trong khi những người khác chỉ trích việc đe dọa là vi phạm hiến chương liên hợp quốc và có thể cấu thành tội diệt chủng. một số ý kiến cho rằng iran sẽ không ký thỏa thuận trừ khi có thay đổi chế độ và kêu gọi ông hoàn tất công việc, còn những ý kiến khác cho rằng ông đã làm suy yếu hoa kỳ và lạm dụng diễn đàn liên hợp quốc. bài báo còn nêu các hành vi quân sự và pháp lý gây tranh cãi của washington, gồm các vụ tấn công tàu theo chiến dịch spear phương nam với hai trăm hai mươi mốt người chết trong sáu mươi ba vụ theo wola, việc bắt giữ tổng thống venezuela nicolas maduro vào tháng một năm hai nghìn không trăm hai mươi sáu và việc từ chối thị thực cho tổng thống palestine mahmoud abbas trong khi thủ tướng israel benjamin netanyahu được phép phát biểu. tác giả kêu gọi tranh luận về việc chuyển trụ sở chính của liên hợp quốc khỏi hoa kỳ, đề xuất geneva, thụy sĩ, và cảnh báo nguy cơ chuẩn hóa ý tưởng rằng sức mạnh quân sự cho phép quyết định ai sống, ai chết và ai được nói.",,"tác giả kêu gọi tranh luận về việc chuyển trụ sở chính của liên hợp quốc khỏi hoa kỳ, đề xuất geneva, thụy sĩ, và cảnh báo nguy cơ chuẩn hóa ý tưởng rằng sức mạnh quân sự cho phép quyết định ai sống, ai chết và ai được nói.","tác giả kêu gọi tranh luận về việc chuyển trụ sở chính của liên hợp quốc khỏi hoa kỳ, đề xuất geneva, thụy sĩ, và cảnh báo nguy cơ chuẩn hóa ý tưởng rằng sức mạnh quân sự cho phép quyết định ai sống, ai chết và ai được nói.",True,"t̪ˈaːɜc zˈaː4 kˈe1w ɣˈɔ6j tʃˈe-ɲ lwˈə6n vˈe2 vˈiɛ6c tʃwˈiɛ4n tʃˈu6 sˈəː4 tʃˈiɜɲ kˌuə4 lˈiɛn hˈəː6p kˈuəɜc xˈɔ4j hwˈaː kˈi2, ɗˈe2 swˈəɜt̪ dʒənˈiːvə, twˈi6 sˈi5, vˌaː2 kˈe-4ɲ bˈaːɜw ŋwˈi kˈəː tʃwˈə4n hwˈaːɜ ˈiɜ t̪ˈyə4ŋ ɹˈa2ŋ sˈyɜc mˈe-6ɲ kwˈən sˈy6 tʃˌɔ fˈɛɜp kwˈiɛɜt̪ ɗˈi6ɲ ˈaːj sˈoɜŋ, ˈaːj tʃˈeɜt̪ vˌaː2 ˈaːj ɗˌyə6c nˈɔɜj.","t̪ˈaːɜc zˈaː4 kˈe1w ɣˈɔ6j tʃˈe-ɲ lwˈə6n vˈe2 vˈiɛ6c tʃwˈiɛ4n tʃˈu6 sˈəː4 tʃˈiɜɲ kˌuə4 lˈiɛn hˈəː6p kˈuəɜc xˈɔ4j hwˈaː kˈi2, ɗˈe2 swˈəɜt̪ dʒənˈiːvə, twˈi6 sˈi5, vˌaː2 kˈe-4ɲ bˈaːɜw ŋwˈi kˈəː tʃwˈə4n hwˈaːɜ ˈiɜ t̪ˈyə4ŋ ɹˈa2ŋ sˈyɜc mˈe-6ɲ kwˈən sˈy6 tʃˌɔ fˈɛɜp kwˈiɛɜt̪ ɗˈi6ɲ ˈaːj sˈoɜŋ, ˈaːj tʃˈeɜt̪ vˌaː2 ˈaːj ɗˌyə6c nˈɔɜj.",,BBE614E05AD0A815D688C3F4B44F691E32398694BF574A75E1012775F7936351
danhgia_tts_02.txt,danhgia_tts_02-008,Văn bản 8,danhgia_tts_02-008-c001,1,"Tổng Bí thư, Chủ tịch nước Tô Lâm của Việt Nam thăm cấp Nhà nước tới Canada từ ngày 24-25/9/2026 theo lời mời của Toàn quyền Canada Louise Arbour. Trong khuôn khổ chuyến thăm, ông Tô Lâm đã hội đàm với Thủ tướng Canada Mark Carney tại Ottawa và hai bên nhất trí nâng cấp quan hệ lên Đối tác chiến lược. Hai nhà lãnh đạo công bố Tuyên bố chung, chứng kiến lễ trao các văn kiện hợp tác và ký các bản ghi nhớ về năng lượng, môi trường và vận tải biển. Tuyên bố chung nêu tám trụ cột hợp tác gồm quan hệ song phương và đa phương, thương mại-đầu tư, giao thông vận tải và chuỗi cung ứng, chuyển đổi số và trí tuệ nhân tạo, an ninh năng lượng và môi trường, an ninh lương thực và nông nghiệp, quốc phòng-an ninh-hàng hải-thực thi pháp luật, và giáo dục-văn hóa-giao lưu nhân dân. Hai bên nhất trí tăng cường hợp tác kinh tế, thương mại, đầu tư, khoa học-công nghệ, chuyển đổi số, năng lượng sạch, an ninh mạng, thực thi pháp luật và phối hợp tại các diễn đàn khu vực và đa phương, đồng thời hoàn tất đàm phán Hiệp định Thương mại Tự do ASEAN-Canada. Bộ trưởng Ngoại giao hai nước sẽ phối hợp xây dựng kế hoạch hành động để triển khai các mục tiêu của quan hệ Đối tác chiến lược. Tô Lâm mời Thủ tướng Mark Carney thăm chính thức Việt Nam năm 2026 và dự Tuần lễ cấp cao APEC 2027; Thủ tướng Carney nhận lời. Trong chuyến thăm, ông Tô Lâm cũng hội kiến với Toàn quyền Canada Louise Arbour, làm việc với Chủ tịch Thượng viện và Chủ tịch Hạ viện Canada và tiếp Nhóm Nghị sĩ hữu nghị Canada-Việt Nam, trong đó thông báo Quốc hội Việt Nam đã thành lập Nhóm Nghị sĩ hữu nghị Việt Nam-Canada vào tháng 6/2026.","tổng bí thư, chủ tịch nước tô lâm của việt nam thăm cấp nhà nước tới canada từ ngày hai mươi bốn ngày hai mươi lăm tháng chín năm hai nghìn không trăm hai mươi sáu theo lời mời của toàn quyền canada louise arbour. trong khuôn khổ chuyến thăm, ông tô lâm đã hội đàm với thủ tướng canada mark carney tại ottawa và hai bên nhất trí nâng cấp quan hệ lên đối tác chiến lược. hai nhà lãnh đạo công bố tuyên bố chung, chứng kiến lễ trao các văn kiện hợp tác và ký các bản ghi nhớ về năng lượng, môi trường và vận tải biển. tuyên bố chung nêu tám trụ cột hợp tác gồm quan hệ song phương và đa phương, thương mại đầu tư, giao thông vận tải và chuỗi cung ứng, chuyển đổi số và trí tuệ nhân tạo, an ninh năng lượng và môi trường, an ninh lương thực và nông nghiệp, quốc phòng an ninh hàng hải thực thi pháp luật, và giáo dục văn hóa giao lưu nhân dân. hai bên nhất trí tăng cường hợp tác kinh tế, thương mại, đầu tư, khoa học công nghệ, chuyển đổi số, năng lượng sạch, an ninh mạng, thực thi pháp luật và phối hợp tại các diễn đàn khu vực và đa phương, đồng thời hoàn tất đàm phán hiệp định thương mại tự do <en>asean</en> canada. bộ trưởng ngoại giao hai nước sẽ phối hợp xây dựng kế hoạch hành động để triển khai các mục tiêu của quan hệ đối tác chiến lược. tô lâm mời thủ tướng mark carney thăm chính thức việt nam năm hai nghìn không trăm hai mươi sáu và dự tuần lễ cấp cao <en>apec</en> hai nghìn không trăm hai mươi bảy, thủ tướng carney nhận lời. trong chuyến thăm, ông tô lâm cũng hội kiến với toàn quyền canada louise arbour, làm việc với chủ tịch thượng viện và chủ tịch hạ viện canada và tiếp nhóm nghị sĩ hữu nghị canada việt nam, trong đó thông báo quốc hội việt nam đã thành lập nhóm nghị sĩ hữu nghị việt nam canada vào tháng sáu năm hai nghìn không trăm hai mươi sáu.",,"tổng bí thư, chủ tịch nước tô lâm của việt nam thăm cấp nhà nước tới canada từ ngày hai mươi bốn ngày hai mươi lăm tháng chín năm hai nghìn không trăm hai mươi sáu theo lời mời của toàn quyền canada louise arbour.","tổng bí thư, chủ tịch nước tô lâm của việt nam thăm cấp nhà nước tới canada từ ngày hai mươi bốn ngày hai mươi lăm tháng chín năm hai nghìn không trăm hai mươi sáu theo lời mời của toàn quyền canada louise arbour.",True,"t̪ˈo4ŋ bˈiɜ tˈy, tʃˈu4 t̪ˈi6c nˈyəɜc t̪ˈo lˈəm kˌuə4 vˈiɛ6t̪ nˈaːm tˈam kˈəɜp ɲˈaː2 nˈyəɜc t̪ˌəːɜj kˈænədə t̪ˌy2 ŋˈa2j hˈaːj mˈyəj bˈoɜn ŋˈa2j hˈaːj mˈyəj lˈam tˈaːɜŋ tʃˈiɜn nˈam hˈaːj ŋˈi2n xˌoŋ tʃˈam hˈaːj mˈyəj sˈaɜw tˈɛw lˈəː2j mˈəː2j kˌuə4 t̪wˈaː2n kwˈiɛ2n kˈænədə luːwˈiːz ˈɑːɹbɚ.","t̪ˈo4ŋ bˈiɜ tˈy, tʃˈu4 t̪ˈi6c nˈyəɜc t̪ˈo lˈəm kˌuə4 vˈiɛ6t̪ nˈaːm tˈam kˈəɜp ɲˈaː2 nˈyəɜc t̪ˌəːɜj kˈænədə t̪ˌy2 ŋˈa2j hˈaːj mˈyəj bˈoɜn ŋˈa2j hˈaːj mˈyəj lˈam tˈaːɜŋ tʃˈiɜn nˈam hˈaːj ŋˈi2n xˌoŋ tʃˈam hˈaːj mˈyəj sˈaɜw tˈɛw lˈəː2j mˈəː2j kˌuə4 t̪wˈaː2n kwˈiɛ2n kˈænədə luːwˈiːz ˈɑːɹbɚ.",sentence,BBE614E05AD0A815D688C3F4B44F691E32398694BF574A75E1012775F7936351
danhgia_tts_02.txt,danhgia_tts_02-008,Văn bản 8,danhgia_tts_02-008-c002,2,"Tổng Bí thư, Chủ tịch nước Tô Lâm của Việt Nam thăm cấp Nhà nước tới Canada từ ngày 24-25/9/2026 theo lời mời của Toàn quyền Canada Louise Arbour. Trong khuôn khổ chuyến thăm, ông Tô Lâm đã hội đàm với Thủ tướng Canada Mark Carney tại Ottawa và hai bên nhất trí nâng cấp quan hệ lên Đối tác chiến lược. Hai nhà lãnh đạo công bố Tuyên bố chung, chứng kiến lễ trao các văn kiện hợp tác và ký các bản ghi nhớ về năng lượng, môi trường và vận tải biển. Tuyên bố chung nêu tám trụ cột hợp tác gồm quan hệ song phương và đa phương, thương mại-đầu tư, giao thông vận tải và chuỗi cung ứng, chuyển đổi số và trí tuệ nhân tạo, an ninh năng lượng và môi trường, an ninh lương thực và nông nghiệp, quốc phòng-an ninh-hàng hải-thực thi pháp luật, và giáo dục-văn hóa-giao lưu nhân dân. Hai bên nhất trí tăng cường hợp tác kinh tế, thương mại, đầu tư, khoa học-công nghệ, chuyển đổi số, năng lượng sạch, an ninh mạng, thực thi pháp luật và phối hợp tại các diễn đàn khu vực và đa phương, đồng thời hoàn tất đàm phán Hiệp định Thương mại Tự do ASEAN-Canada. Bộ trưởng Ngoại giao hai nước sẽ phối hợp xây dựng kế hoạch hành động để triển khai các mục tiêu của quan hệ Đối tác chiến lược. Tô Lâm mời Thủ tướng Mark Carney thăm chính thức Việt Nam năm 2026 và dự Tuần lễ cấp cao APEC 2027; Thủ tướng Carney nhận lời. Trong chuyến thăm, ông Tô Lâm cũng hội kiến với Toàn quyền Canada Louise Arbour, làm việc với Chủ tịch Thượng viện và Chủ tịch Hạ viện Canada và tiếp Nhóm Nghị sĩ hữu nghị Canada-Việt Nam, trong đó thông báo Quốc hội Việt Nam đã thành lập Nhóm Nghị sĩ hữu nghị Việt Nam-Canada vào tháng 6/2026.","tổng bí thư, chủ tịch nước tô lâm của việt nam thăm cấp nhà nước tới canada từ ngày hai mươi bốn ngày hai mươi lăm tháng chín năm hai nghìn không trăm hai mươi sáu theo lời mời của toàn quyền canada louise arbour. trong khuôn khổ chuyến thăm, ông tô lâm đã hội đàm với thủ tướng canada mark carney tại ottawa và hai bên nhất trí nâng cấp quan hệ lên đối tác chiến lược. hai nhà lãnh đạo công bố tuyên bố chung, chứng kiến lễ trao các văn kiện hợp tác và ký các bản ghi nhớ về năng lượng, môi trường và vận tải biển. tuyên bố chung nêu tám trụ cột hợp tác gồm quan hệ song phương và đa phương, thương mại đầu tư, giao thông vận tải và chuỗi cung ứng, chuyển đổi số và trí tuệ nhân tạo, an ninh năng lượng và môi trường, an ninh lương thực và nông nghiệp, quốc phòng an ninh hàng hải thực thi pháp luật, và giáo dục văn hóa giao lưu nhân dân. hai bên nhất trí tăng cường hợp tác kinh tế, thương mại, đầu tư, khoa học công nghệ, chuyển đổi số, năng lượng sạch, an ninh mạng, thực thi pháp luật và phối hợp tại các diễn đàn khu vực và đa phương, đồng thời hoàn tất đàm phán hiệp định thương mại tự do <en>asean</en> canada. bộ trưởng ngoại giao hai nước sẽ phối hợp xây dựng kế hoạch hành động để triển khai các mục tiêu của quan hệ đối tác chiến lược. tô lâm mời thủ tướng mark carney thăm chính thức việt nam năm hai nghìn không trăm hai mươi sáu và dự tuần lễ cấp cao <en>apec</en> hai nghìn không trăm hai mươi bảy, thủ tướng carney nhận lời. trong chuyến thăm, ông tô lâm cũng hội kiến với toàn quyền canada louise arbour, làm việc với chủ tịch thượng viện và chủ tịch hạ viện canada và tiếp nhóm nghị sĩ hữu nghị canada việt nam, trong đó thông báo quốc hội việt nam đã thành lập nhóm nghị sĩ hữu nghị việt nam canada vào tháng sáu năm hai nghìn không trăm hai mươi sáu.",,"trong khuôn khổ chuyến thăm, ông tô lâm đã hội đàm với thủ tướng canada mark carney tại ottawa và hai bên nhất trí nâng cấp quan hệ lên đối tác chiến lược.","trong khuôn khổ chuyến thăm, ông tô lâm đã hội đàm với thủ tướng canada mark carney tại ottawa và hai bên nhất trí nâng cấp quan hệ lên đối tác chiến lược.",True,"tʃˈɔŋ xˈuən xˈo4 tʃwˈiɛɜn tˈam, ˈoŋ t̪ˈo lˈəm ɗˌaː5 hˈo6j ɗˈaː2m vˌəːɜj tˈu4 t̪ˈyəɜŋ kˈænədə mˈɑːɹk kˈɑːɹni t̪ˈaː6j ˈɑːɾɐwə vˌaː2 hˈaːj bˈen ɲˈəɜt̪ tʃˈiɜ nˈəŋ kˈəɜp kwˈaːn hˈe6 lˈen ɗˈoɜj t̪ˈaːɜc tʃˈiɛɜn lˈyə6c.","tʃˈɔŋ xˈuən xˈo4 tʃwˈiɛɜn tˈam, ˈoŋ t̪ˈo lˈəm ɗˌaː5 hˈo6j ɗˈaː2m vˌəːɜj tˈu4 t̪ˈyəɜŋ kˈænədə mˈɑːɹk kˈɑːɹni t̪ˈaː6j ˈɑːɾɐwə vˌaː2 hˈaːj bˈen ɲˈəɜt̪ tʃˈiɜ nˈəŋ kˈəɜp kwˈaːn hˈe6 lˈen ɗˈoɜj t̪ˈaːɜc tʃˈiɛɜn lˈyə6c.",sentence,BBE614E05AD0A815D688C3F4B44F691E32398694BF574A75E1012775F7936351
danhgia_tts_02.txt,danhgia_tts_02-008,Văn bản 8,danhgia_tts_02-008-c003,3,"Tổng Bí thư, Chủ tịch nước Tô Lâm của Việt Nam thăm cấp Nhà nước tới Canada từ ngày 24-25/9/2026 theo lời mời của Toàn quyền Canada Louise Arbour. Trong khuôn khổ chuyến thăm, ông Tô Lâm đã hội đàm với Thủ tướng Canada Mark Carney tại Ottawa và hai bên nhất trí nâng cấp quan hệ lên Đối tác chiến lược. Hai nhà lãnh đạo công bố Tuyên bố chung, chứng kiến lễ trao các văn kiện hợp tác và ký các bản ghi nhớ về năng lượng, môi trường và vận tải biển. Tuyên bố chung nêu tám trụ cột hợp tác gồm quan hệ song phương và đa phương, thương mại-đầu tư, giao thông vận tải và chuỗi cung ứng, chuyển đổi số và trí tuệ nhân tạo, an ninh năng lượng và môi trường, an ninh lương thực và nông nghiệp, quốc phòng-an ninh-hàng hải-thực thi pháp luật, và giáo dục-văn hóa-giao lưu nhân dân. Hai bên nhất trí tăng cường hợp tác kinh tế, thương mại, đầu tư, khoa học-công nghệ, chuyển đổi số, năng lượng sạch, an ninh mạng, thực thi pháp luật và phối hợp tại các diễn đàn khu vực và đa phương, đồng thời hoàn tất đàm phán Hiệp định Thương mại Tự do ASEAN-Canada. Bộ trưởng Ngoại giao hai nước sẽ phối hợp xây dựng kế hoạch hành động để triển khai các mục tiêu của quan hệ Đối tác chiến lược. Tô Lâm mời Thủ tướng Mark Carney thăm chính thức Việt Nam năm 2026 và dự Tuần lễ cấp cao APEC 2027; Thủ tướng Carney nhận lời. Trong chuyến thăm, ông Tô Lâm cũng hội kiến với Toàn quyền Canada Louise Arbour, làm việc với Chủ tịch Thượng viện và Chủ tịch Hạ viện Canada và tiếp Nhóm Nghị sĩ hữu nghị Canada-Việt Nam, trong đó thông báo Quốc hội Việt Nam đã thành lập Nhóm Nghị sĩ hữu nghị Việt Nam-Canada vào tháng 6/2026.","tổng bí thư, chủ tịch nước tô lâm của việt nam thăm cấp nhà nước tới canada từ ngày hai mươi bốn ngày hai mươi lăm tháng chín năm hai nghìn không trăm hai mươi sáu theo lời mời của toàn quyền canada louise arbour. trong khuôn khổ chuyến thăm, ông tô lâm đã hội đàm với thủ tướng canada mark carney tại ottawa và hai bên nhất trí nâng cấp quan hệ lên đối tác chiến lược. hai nhà lãnh đạo công bố tuyên bố chung, chứng kiến lễ trao các văn kiện hợp tác và ký các bản ghi nhớ về năng lượng, môi trường và vận tải biển. tuyên bố chung nêu tám trụ cột hợp tác gồm quan hệ song phương và đa phương, thương mại đầu tư, giao thông vận tải và chuỗi cung ứng, chuyển đổi số và trí tuệ nhân tạo, an ninh năng lượng và môi trường, an ninh lương thực và nông nghiệp, quốc phòng an ninh hàng hải thực thi pháp luật, và giáo dục văn hóa giao lưu nhân dân. hai bên nhất trí tăng cường hợp tác kinh tế, thương mại, đầu tư, khoa học công nghệ, chuyển đổi số, năng lượng sạch, an ninh mạng, thực thi pháp luật và phối hợp tại các diễn đàn khu vực và đa phương, đồng thời hoàn tất đàm phán hiệp định thương mại tự do <en>asean</en> canada. bộ trưởng ngoại giao hai nước sẽ phối hợp xây dựng kế hoạch hành động để triển khai các mục tiêu của quan hệ đối tác chiến lược. tô lâm mời thủ tướng mark carney thăm chính thức việt nam năm hai nghìn không trăm hai mươi sáu và dự tuần lễ cấp cao <en>apec</en> hai nghìn không trăm hai mươi bảy, thủ tướng carney nhận lời. trong chuyến thăm, ông tô lâm cũng hội kiến với toàn quyền canada louise arbour, làm việc với chủ tịch thượng viện và chủ tịch hạ viện canada và tiếp nhóm nghị sĩ hữu nghị canada việt nam, trong đó thông báo quốc hội việt nam đã thành lập nhóm nghị sĩ hữu nghị việt nam canada vào tháng sáu năm hai nghìn không trăm hai mươi sáu.",,"hai nhà lãnh đạo công bố tuyên bố chung, chứng kiến lễ trao các văn kiện hợp tác và ký các bản ghi nhớ về năng lượng, môi trường và vận tải biển.","hai nhà lãnh đạo công bố tuyên bố chung, chứng kiến lễ trao các văn kiện hợp tác và ký các bản ghi nhớ về năng lượng, môi trường và vận tải biển.",True,"hˈaːj ɲˈaː2 lˈe-5ɲ ɗˈaː6w kˈoŋ bˈoɜ t̪wˈiɛn bˈoɜ tʃˈuŋ, tʃˈyɜŋ kˈiɛɜn lˈe5 tʃˈaːw kˌaːɜc vˈan kˈiɛ6n hˈəː6p t̪ˈaːɜc vˌaː2 kˈiɜ kˌaːɜc bˈaː4n ɣˈi ɲˈəːɜ vˈe2 nˈaŋ lˈyə6ŋ, mˈoj tʃˈyə2ŋ vˌaː2 vˈə6n t̪ˈaː4j bˈiɛ4n.","hˈaːj ɲˈaː2 lˈe-5ɲ ɗˈaː6w kˈoŋ bˈoɜ t̪wˈiɛn bˈoɜ tʃˈuŋ, tʃˈyɜŋ kˈiɛɜn lˈe5 tʃˈaːw kˌaːɜc vˈan kˈiɛ6n hˈəː6p t̪ˈaːɜc vˌaː2 kˈiɜ kˌaːɜc bˈaː4n ɣˈi ɲˈəːɜ vˈe2 nˈaŋ lˈyə6ŋ, mˈoj tʃˈyə2ŋ vˌaː2 vˈə6n t̪ˈaː4j bˈiɛ4n.",sentence,BBE614E05AD0A815D688C3F4B44F691E32398694BF574A75E1012775F7936351
danhgia_tts_02.txt,danhgia_tts_02-008,Văn bản 8,danhgia_tts_02-008-c004,4,"Tổng Bí thư, Chủ tịch nước Tô Lâm của Việt Nam thăm cấp Nhà nước tới Canada từ ngày 24-25/9/2026 theo lời mời của Toàn quyền Canada Louise Arbour. Trong khuôn khổ chuyến thăm, ông Tô Lâm đã hội đàm với Thủ tướng Canada Mark Carney tại Ottawa và hai bên nhất trí nâng cấp quan hệ lên Đối tác chiến lược. Hai nhà lãnh đạo công bố Tuyên bố chung, chứng kiến lễ trao các văn kiện hợp tác và ký các bản ghi nhớ về năng lượng, môi trường và vận tải biển. Tuyên bố chung nêu tám trụ cột hợp tác gồm quan hệ song phương và đa phương, thương mại-đầu tư, giao thông vận tải và chuỗi cung ứng, chuyển đổi số và trí tuệ nhân tạo, an ninh năng lượng và môi trường, an ninh lương thực và nông nghiệp, quốc phòng-an ninh-hàng hải-thực thi pháp luật, và giáo dục-văn hóa-giao lưu nhân dân. Hai bên nhất trí tăng cường hợp tác kinh tế, thương mại, đầu tư, khoa học-công nghệ, chuyển đổi số, năng lượng sạch, an ninh mạng, thực thi pháp luật và phối hợp tại các diễn đàn khu vực và đa phương, đồng thời hoàn tất đàm phán Hiệp định Thương mại Tự do ASEAN-Canada. Bộ trưởng Ngoại giao hai nước sẽ phối hợp xây dựng kế hoạch hành động để triển khai các mục tiêu của quan hệ Đối tác chiến lược. Tô Lâm mời Thủ tướng Mark Carney thăm chính thức Việt Nam năm 2026 và dự Tuần lễ cấp cao APEC 2027; Thủ tướng Carney nhận lời. Trong chuyến thăm, ông Tô Lâm cũng hội kiến với Toàn quyền Canada Louise Arbour, làm việc với Chủ tịch Thượng viện và Chủ tịch Hạ viện Canada và tiếp Nhóm Nghị sĩ hữu nghị Canada-Việt Nam, trong đó thông báo Quốc hội Việt Nam đã thành lập Nhóm Nghị sĩ hữu nghị Việt Nam-Canada vào tháng 6/2026.","tổng bí thư, chủ tịch nước tô lâm của việt nam thăm cấp nhà nước tới canada từ ngày hai mươi bốn ngày hai mươi lăm tháng chín năm hai nghìn không trăm hai mươi sáu theo lời mời của toàn quyền canada louise arbour. trong khuôn khổ chuyến thăm, ông tô lâm đã hội đàm với thủ tướng canada mark carney tại ottawa và hai bên nhất trí nâng cấp quan hệ lên đối tác chiến lược. hai nhà lãnh đạo công bố tuyên bố chung, chứng kiến lễ trao các văn kiện hợp tác và ký các bản ghi nhớ về năng lượng, môi trường và vận tải biển. tuyên bố chung nêu tám trụ cột hợp tác gồm quan hệ song phương và đa phương, thương mại đầu tư, giao thông vận tải và chuỗi cung ứng, chuyển đổi số và trí tuệ nhân tạo, an ninh năng lượng và môi trường, an ninh lương thực và nông nghiệp, quốc phòng an ninh hàng hải thực thi pháp luật, và giáo dục văn hóa giao lưu nhân dân. hai bên nhất trí tăng cường hợp tác kinh tế, thương mại, đầu tư, khoa học công nghệ, chuyển đổi số, năng lượng sạch, an ninh mạng, thực thi pháp luật và phối hợp tại các diễn đàn khu vực và đa phương, đồng thời hoàn tất đàm phán hiệp định thương mại tự do <en>asean</en> canada. bộ trưởng ngoại giao hai nước sẽ phối hợp xây dựng kế hoạch hành động để triển khai các mục tiêu của quan hệ đối tác chiến lược. tô lâm mời thủ tướng mark carney thăm chính thức việt nam năm hai nghìn không trăm hai mươi sáu và dự tuần lễ cấp cao <en>apec</en> hai nghìn không trăm hai mươi bảy, thủ tướng carney nhận lời. trong chuyến thăm, ông tô lâm cũng hội kiến với toàn quyền canada louise arbour, làm việc với chủ tịch thượng viện và chủ tịch hạ viện canada và tiếp nhóm nghị sĩ hữu nghị canada việt nam, trong đó thông báo quốc hội việt nam đã thành lập nhóm nghị sĩ hữu nghị việt nam canada vào tháng sáu năm hai nghìn không trăm hai mươi sáu.",,"tuyên bố chung nêu tám trụ cột hợp tác gồm quan hệ song phương và đa phương, thương mại đầu tư, giao thông vận tải và chuỗi cung ứng, chuyển đổi số và trí tuệ nhân tạo, an ninh năng lượng và môi trường, an ninh lương thực và nông nghiệp,","tuyên bố chung nêu tám trụ cột hợp tác gồm quan hệ song phương và đa phương, thương mại đầu tư, giao thông vận tải và chuỗi cung ứng, chuyển đổi số và trí tuệ nhân tạo, an ninh năng lượng và môi trường, an ninh lương thực và nông nghiệp.",False,"t̪wˈiɛn bˈoɜ tʃˈuŋ nˈe1w t̪ˈaːɜm tʃˈu6 kˈo6t̪ hˈəː6p t̪ˈaːɜc ɣˈo2m kwˈaːn hˈe6 sˈɔŋ fˈyəŋ vˌaː2 ɗˈaː fˈyəŋ, tˈyəŋ mˈaː6j ɗˈə2w t̪ˈy, zˈaːw tˈoŋ vˈə6n t̪ˈaː4j vˌaː2 tʃˈuə5j kˈuŋ ˈyɜŋ, tʃwˈiɛ4n ɗˈo4j sˈoɜ vˌaː2 tʃˈiɜ t̪wˈe6 ɲˈən t̪ˈaː6w, ˈaːn nˈiɲ nˈaŋ lˈyə6ŋ vˌaː2 mˈoj tʃˈyə2ŋ, ˈaːn nˈiɲ lˈyəŋ tˈy6c vˌaː2 nˈoŋ ŋˈiɛ6p.","t̪wˈiɛn bˈoɜ tʃˈuŋ nˈe1w t̪ˈaːɜm tʃˈu6 kˈo6t̪ hˈəː6p t̪ˈaːɜc ɣˈo2m kwˈaːn hˈe6 sˈɔŋ fˈyəŋ vˌaː2 ɗˈaː fˈyəŋ, tˈyəŋ mˈaː6j ɗˈə2w t̪ˈy, zˈaːw tˈoŋ vˈə6n t̪ˈaː4j vˌaː2 tʃˈuə5j kˈuŋ ˈyɜŋ, tʃwˈiɛ4n ɗˈo4j sˈoɜ vˌaː2 tʃˈiɜ t̪wˈe6 ɲˈən t̪ˈaː6w, ˈaːn nˈiɲ nˈaŋ lˈyə6ŋ vˌaː2 mˈoj tʃˈyə2ŋ, ˈaːn nˈiɲ lˈyəŋ tˈy6c vˌaː2 nˈoŋ ŋˈiɛ6p,",minor,BBE614E05AD0A815D688C3F4B44F691E32398694BF574A75E1012775F7936351
danhgia_tts_02.txt,danhgia_tts_02-008,Văn bản 8,danhgia_tts_02-008-c005,5,"Tổng Bí thư, Chủ tịch nước Tô Lâm của Việt Nam thăm cấp Nhà nước tới Canada từ ngày 24-25/9/2026 theo lời mời của Toàn quyền Canada Louise Arbour. Trong khuôn khổ chuyến thăm, ông Tô Lâm đã hội đàm với Thủ tướng Canada Mark Carney tại Ottawa và hai bên nhất trí nâng cấp quan hệ lên Đối tác chiến lược. Hai nhà lãnh đạo công bố Tuyên bố chung, chứng kiến lễ trao các văn kiện hợp tác và ký các bản ghi nhớ về năng lượng, môi trường và vận tải biển. Tuyên bố chung nêu tám trụ cột hợp tác gồm quan hệ song phương và đa phương, thương mại-đầu tư, giao thông vận tải và chuỗi cung ứng, chuyển đổi số và trí tuệ nhân tạo, an ninh năng lượng và môi trường, an ninh lương thực và nông nghiệp, quốc phòng-an ninh-hàng hải-thực thi pháp luật, và giáo dục-văn hóa-giao lưu nhân dân. Hai bên nhất trí tăng cường hợp tác kinh tế, thương mại, đầu tư, khoa học-công nghệ, chuyển đổi số, năng lượng sạch, an ninh mạng, thực thi pháp luật và phối hợp tại các diễn đàn khu vực và đa phương, đồng thời hoàn tất đàm phán Hiệp định Thương mại Tự do ASEAN-Canada. Bộ trưởng Ngoại giao hai nước sẽ phối hợp xây dựng kế hoạch hành động để triển khai các mục tiêu của quan hệ Đối tác chiến lược. Tô Lâm mời Thủ tướng Mark Carney thăm chính thức Việt Nam năm 2026 và dự Tuần lễ cấp cao APEC 2027; Thủ tướng Carney nhận lời. Trong chuyến thăm, ông Tô Lâm cũng hội kiến với Toàn quyền Canada Louise Arbour, làm việc với Chủ tịch Thượng viện và Chủ tịch Hạ viện Canada và tiếp Nhóm Nghị sĩ hữu nghị Canada-Việt Nam, trong đó thông báo Quốc hội Việt Nam đã thành lập Nhóm Nghị sĩ hữu nghị Việt Nam-Canada vào tháng 6/2026.","tổng bí thư, chủ tịch nước tô lâm của việt nam thăm cấp nhà nước tới canada từ ngày hai mươi bốn ngày hai mươi lăm tháng chín năm hai nghìn không trăm hai mươi sáu theo lời mời của toàn quyền canada louise arbour. trong khuôn khổ chuyến thăm, ông tô lâm đã hội đàm với thủ tướng canada mark carney tại ottawa và hai bên nhất trí nâng cấp quan hệ lên đối tác chiến lược. hai nhà lãnh đạo công bố tuyên bố chung, chứng kiến lễ trao các văn kiện hợp tác và ký các bản ghi nhớ về năng lượng, môi trường và vận tải biển. tuyên bố chung nêu tám trụ cột hợp tác gồm quan hệ song phương và đa phương, thương mại đầu tư, giao thông vận tải và chuỗi cung ứng, chuyển đổi số và trí tuệ nhân tạo, an ninh năng lượng và môi trường, an ninh lương thực và nông nghiệp, quốc phòng an ninh hàng hải thực thi pháp luật, và giáo dục văn hóa giao lưu nhân dân. hai bên nhất trí tăng cường hợp tác kinh tế, thương mại, đầu tư, khoa học công nghệ, chuyển đổi số, năng lượng sạch, an ninh mạng, thực thi pháp luật và phối hợp tại các diễn đàn khu vực và đa phương, đồng thời hoàn tất đàm phán hiệp định thương mại tự do <en>asean</en> canada. bộ trưởng ngoại giao hai nước sẽ phối hợp xây dựng kế hoạch hành động để triển khai các mục tiêu của quan hệ đối tác chiến lược. tô lâm mời thủ tướng mark carney thăm chính thức việt nam năm hai nghìn không trăm hai mươi sáu và dự tuần lễ cấp cao <en>apec</en> hai nghìn không trăm hai mươi bảy, thủ tướng carney nhận lời. trong chuyến thăm, ông tô lâm cũng hội kiến với toàn quyền canada louise arbour, làm việc với chủ tịch thượng viện và chủ tịch hạ viện canada và tiếp nhóm nghị sĩ hữu nghị canada việt nam, trong đó thông báo quốc hội việt nam đã thành lập nhóm nghị sĩ hữu nghị việt nam canada vào tháng sáu năm hai nghìn không trăm hai mươi sáu.",,"quốc phòng an ninh hàng hải thực thi pháp luật, và giáo dục văn hóa giao lưu nhân dân.","quốc phòng an ninh hàng hải thực thi pháp luật, và giáo dục văn hóa giao lưu nhân dân.",True,"kˈuəɜc fˈɔ2ŋ ˈaːn nˈiɲ hˈaː2ŋ hˈaː4j tˈy6c tˈi fˈaːɜp lwˈə6t̪, vˌaː2 zˈaːɜw zˈu6c vˈan hwˈaːɜ zˈaːw lˈiw ɲˈən zˈən.","kˈuəɜc fˈɔ2ŋ ˈaːn nˈiɲ hˈaː2ŋ hˈaː4j tˈy6c tˈi fˈaːɜp lwˈə6t̪, vˌaː2 zˈaːɜw zˈu6c vˈan hwˈaːɜ zˈaːw lˈiw ɲˈən zˈən.",sentence,BBE614E05AD0A815D688C3F4B44F691E32398694BF574A75E1012775F7936351
danhgia_tts_02.txt,danhgia_tts_02-008,Văn bản 8,danhgia_tts_02-008-c006,6,"Tổng Bí thư, Chủ tịch nước Tô Lâm của Việt Nam thăm cấp Nhà nước tới Canada từ ngày 24-25/9/2026 theo lời mời của Toàn quyền Canada Louise Arbour. Trong khuôn khổ chuyến thăm, ông Tô Lâm đã hội đàm với Thủ tướng Canada Mark Carney tại Ottawa và hai bên nhất trí nâng cấp quan hệ lên Đối tác chiến lược. Hai nhà lãnh đạo công bố Tuyên bố chung, chứng kiến lễ trao các văn kiện hợp tác và ký các bản ghi nhớ về năng lượng, môi trường và vận tải biển. Tuyên bố chung nêu tám trụ cột hợp tác gồm quan hệ song phương và đa phương, thương mại-đầu tư, giao thông vận tải và chuỗi cung ứng, chuyển đổi số và trí tuệ nhân tạo, an ninh năng lượng và môi trường, an ninh lương thực và nông nghiệp, quốc phòng-an ninh-hàng hải-thực thi pháp luật, và giáo dục-văn hóa-giao lưu nhân dân. Hai bên nhất trí tăng cường hợp tác kinh tế, thương mại, đầu tư, khoa học-công nghệ, chuyển đổi số, năng lượng sạch, an ninh mạng, thực thi pháp luật và phối hợp tại các diễn đàn khu vực và đa phương, đồng thời hoàn tất đàm phán Hiệp định Thương mại Tự do ASEAN-Canada. Bộ trưởng Ngoại giao hai nước sẽ phối hợp xây dựng kế hoạch hành động để triển khai các mục tiêu của quan hệ Đối tác chiến lược. Tô Lâm mời Thủ tướng Mark Carney thăm chính thức Việt Nam năm 2026 và dự Tuần lễ cấp cao APEC 2027; Thủ tướng Carney nhận lời. Trong chuyến thăm, ông Tô Lâm cũng hội kiến với Toàn quyền Canada Louise Arbour, làm việc với Chủ tịch Thượng viện và Chủ tịch Hạ viện Canada và tiếp Nhóm Nghị sĩ hữu nghị Canada-Việt Nam, trong đó thông báo Quốc hội Việt Nam đã thành lập Nhóm Nghị sĩ hữu nghị Việt Nam-Canada vào tháng 6/2026.","tổng bí thư, chủ tịch nước tô lâm của việt nam thăm cấp nhà nước tới canada từ ngày hai mươi bốn ngày hai mươi lăm tháng chín năm hai nghìn không trăm hai mươi sáu theo lời mời của toàn quyền canada louise arbour. trong khuôn khổ chuyến thăm, ông tô lâm đã hội đàm với thủ tướng canada mark carney tại ottawa và hai bên nhất trí nâng cấp quan hệ lên đối tác chiến lược. hai nhà lãnh đạo công bố tuyên bố chung, chứng kiến lễ trao các văn kiện hợp tác và ký các bản ghi nhớ về năng lượng, môi trường và vận tải biển. tuyên bố chung nêu tám trụ cột hợp tác gồm quan hệ song phương và đa phương, thương mại đầu tư, giao thông vận tải và chuỗi cung ứng, chuyển đổi số và trí tuệ nhân tạo, an ninh năng lượng và môi trường, an ninh lương thực và nông nghiệp, quốc phòng an ninh hàng hải thực thi pháp luật, và giáo dục văn hóa giao lưu nhân dân. hai bên nhất trí tăng cường hợp tác kinh tế, thương mại, đầu tư, khoa học công nghệ, chuyển đổi số, năng lượng sạch, an ninh mạng, thực thi pháp luật và phối hợp tại các diễn đàn khu vực và đa phương, đồng thời hoàn tất đàm phán hiệp định thương mại tự do <en>asean</en> canada. bộ trưởng ngoại giao hai nước sẽ phối hợp xây dựng kế hoạch hành động để triển khai các mục tiêu của quan hệ đối tác chiến lược. tô lâm mời thủ tướng mark carney thăm chính thức việt nam năm hai nghìn không trăm hai mươi sáu và dự tuần lễ cấp cao <en>apec</en> hai nghìn không trăm hai mươi bảy, thủ tướng carney nhận lời. trong chuyến thăm, ông tô lâm cũng hội kiến với toàn quyền canada louise arbour, làm việc với chủ tịch thượng viện và chủ tịch hạ viện canada và tiếp nhóm nghị sĩ hữu nghị canada việt nam, trong đó thông báo quốc hội việt nam đã thành lập nhóm nghị sĩ hữu nghị việt nam canada vào tháng sáu năm hai nghìn không trăm hai mươi sáu.",,"hai bên nhất trí tăng cường hợp tác kinh tế, thương mại, đầu tư, khoa học công nghệ, chuyển đổi số, năng lượng sạch, an ninh mạng, thực thi pháp luật và phối hợp tại các diễn đàn khu vực và đa phương,","hai bên nhất trí tăng cường hợp tác kinh tế, thương mại, đầu tư, khoa học công nghệ, chuyển đổi số, năng lượng sạch, an ninh mạng, thực thi pháp luật và phối hợp tại các diễn đàn khu vực và đa phương.",False,"hˈaːj bˈen ɲˈəɜt̪ tʃˈiɜ t̪ˈaŋ kˈyə2ŋ hˈəː6p t̪ˈaːɜc kˈiɲ t̪ˈeɜ, tˈyəŋ mˈaː6j, ɗˈə2w t̪ˈy, xwˈaː hˈɔ6k kˈoŋ ŋˈe6, tʃwˈiɛ4n ɗˈo4j sˈoɜ, nˈaŋ lˈyə6ŋ sˈe-6c, ˈaːn nˈiɲ mˈaː6ŋ, tˈy6c tˈi fˈaːɜp lwˈə6t̪ vˌaː2 fˈoɜj hˈəː6p t̪ˈaː6j kˌaːɜc zˈiɛ5n ɗˈaː2n xˈu vˈy6c vˌaː2 ɗˈaː fˈyəŋ.","hˈaːj bˈen ɲˈəɜt̪ tʃˈiɜ t̪ˈaŋ kˈyə2ŋ hˈəː6p t̪ˈaːɜc kˈiɲ t̪ˈeɜ, tˈyəŋ mˈaː6j, ɗˈə2w t̪ˈy, xwˈaː hˈɔ6k kˈoŋ ŋˈe6, tʃwˈiɛ4n ɗˈo4j sˈoɜ, nˈaŋ lˈyə6ŋ sˈe-6c, ˈaːn nˈiɲ mˈaː6ŋ, tˈy6c tˈi fˈaːɜp lwˈə6t̪ vˌaː2 fˈoɜj hˈəː6p t̪ˈaː6j kˌaːɜc zˈiɛ5n ɗˈaː2n xˈu vˈy6c vˌaː2 ɗˈaː fˈyəŋ,",minor,BBE614E05AD0A815D688C3F4B44F691E32398694BF574A75E1012775F7936351
danhgia_tts_02.txt,danhgia_tts_02-008,Văn bản 8,danhgia_tts_02-008-c007,7,"Tổng Bí thư, Chủ tịch nước Tô Lâm của Việt Nam thăm cấp Nhà nước tới Canada từ ngày 24-25/9/2026 theo lời mời của Toàn quyền Canada Louise Arbour. Trong khuôn khổ chuyến thăm, ông Tô Lâm đã hội đàm với Thủ tướng Canada Mark Carney tại Ottawa và hai bên nhất trí nâng cấp quan hệ lên Đối tác chiến lược. Hai nhà lãnh đạo công bố Tuyên bố chung, chứng kiến lễ trao các văn kiện hợp tác và ký các bản ghi nhớ về năng lượng, môi trường và vận tải biển. Tuyên bố chung nêu tám trụ cột hợp tác gồm quan hệ song phương và đa phương, thương mại-đầu tư, giao thông vận tải và chuỗi cung ứng, chuyển đổi số và trí tuệ nhân tạo, an ninh năng lượng và môi trường, an ninh lương thực và nông nghiệp, quốc phòng-an ninh-hàng hải-thực thi pháp luật, và giáo dục-văn hóa-giao lưu nhân dân. Hai bên nhất trí tăng cường hợp tác kinh tế, thương mại, đầu tư, khoa học-công nghệ, chuyển đổi số, năng lượng sạch, an ninh mạng, thực thi pháp luật và phối hợp tại các diễn đàn khu vực và đa phương, đồng thời hoàn tất đàm phán Hiệp định Thương mại Tự do ASEAN-Canada. Bộ trưởng Ngoại giao hai nước sẽ phối hợp xây dựng kế hoạch hành động để triển khai các mục tiêu của quan hệ Đối tác chiến lược. Tô Lâm mời Thủ tướng Mark Carney thăm chính thức Việt Nam năm 2026 và dự Tuần lễ cấp cao APEC 2027; Thủ tướng Carney nhận lời. Trong chuyến thăm, ông Tô Lâm cũng hội kiến với Toàn quyền Canada Louise Arbour, làm việc với Chủ tịch Thượng viện và Chủ tịch Hạ viện Canada và tiếp Nhóm Nghị sĩ hữu nghị Canada-Việt Nam, trong đó thông báo Quốc hội Việt Nam đã thành lập Nhóm Nghị sĩ hữu nghị Việt Nam-Canada vào tháng 6/2026.","tổng bí thư, chủ tịch nước tô lâm của việt nam thăm cấp nhà nước tới canada từ ngày hai mươi bốn ngày hai mươi lăm tháng chín năm hai nghìn không trăm hai mươi sáu theo lời mời của toàn quyền canada louise arbour. trong khuôn khổ chuyến thăm, ông tô lâm đã hội đàm với thủ tướng canada mark carney tại ottawa và hai bên nhất trí nâng cấp quan hệ lên đối tác chiến lược. hai nhà lãnh đạo công bố tuyên bố chung, chứng kiến lễ trao các văn kiện hợp tác và ký các bản ghi nhớ về năng lượng, môi trường và vận tải biển. tuyên bố chung nêu tám trụ cột hợp tác gồm quan hệ song phương và đa phương, thương mại đầu tư, giao thông vận tải và chuỗi cung ứng, chuyển đổi số và trí tuệ nhân tạo, an ninh năng lượng và môi trường, an ninh lương thực và nông nghiệp, quốc phòng an ninh hàng hải thực thi pháp luật, và giáo dục văn hóa giao lưu nhân dân. hai bên nhất trí tăng cường hợp tác kinh tế, thương mại, đầu tư, khoa học công nghệ, chuyển đổi số, năng lượng sạch, an ninh mạng, thực thi pháp luật và phối hợp tại các diễn đàn khu vực và đa phương, đồng thời hoàn tất đàm phán hiệp định thương mại tự do <en>asean</en> canada. bộ trưởng ngoại giao hai nước sẽ phối hợp xây dựng kế hoạch hành động để triển khai các mục tiêu của quan hệ đối tác chiến lược. tô lâm mời thủ tướng mark carney thăm chính thức việt nam năm hai nghìn không trăm hai mươi sáu và dự tuần lễ cấp cao <en>apec</en> hai nghìn không trăm hai mươi bảy, thủ tướng carney nhận lời. trong chuyến thăm, ông tô lâm cũng hội kiến với toàn quyền canada louise arbour, làm việc với chủ tịch thượng viện và chủ tịch hạ viện canada và tiếp nhóm nghị sĩ hữu nghị canada việt nam, trong đó thông báo quốc hội việt nam đã thành lập nhóm nghị sĩ hữu nghị việt nam canada vào tháng sáu năm hai nghìn không trăm hai mươi sáu.",,đồng thời hoàn tất đàm phán hiệp định thương mại tự do <en>asean</en> canada. bộ trưởng ngoại giao hai nước sẽ phối hợp xây dựng kế hoạch hành động để triển khai các mục tiêu của quan hệ đối tác chiến lược.,đồng thời hoàn tất đàm phán hiệp định thương mại tự do <en>asean</en> canada. bộ trưởng ngoại giao hai nước sẽ phối hợp xây dựng kế hoạch hành động để triển khai các mục tiêu của quan hệ đối tác chiến lược.,True,ɗˈo2ŋ tˈəː2j hwˈaː2n t̪ˈəɜt̪ ɗˈaː2m fˈaːɜn hˈiɛ6p ɗˈi6ɲ tˈyəŋ mˈaː6j t̪ˈy6 dˈuː ˈæsiən kˈænədə. bˈo6 tʃˈyə4ŋ ŋwˈaː6j zˈaːw hˈaːj nˈyəɜc sˌɛ5 fˈoɜj hˈəː6p sˈəɪ zˈy6ŋ kˈeɜ hwˈe-6c hˈe-2ɲ ɗˈo6ŋ ɗˌe4 tʃˈiɛ4n xˈaːj kˌaːɜc mˈu6c t̪ˈiɛw kˌuə4 kwˈaːn hˈe6 ɗˈoɜj t̪ˈaːɜc tʃˈiɛɜn lˈyə6c.,ɗˈo2ŋ tˈəː2j hwˈaː2n t̪ˈəɜt̪ ɗˈaː2m fˈaːɜn hˈiɛ6p ɗˈi6ɲ tˈyəŋ mˈaː6j t̪ˈy6 dˈuː ˈæsiən kˈænədə. bˈo6 tʃˈyə4ŋ ŋwˈaː6j zˈaːw hˈaːj nˈyəɜc sˌɛ5 fˈoɜj hˈəː6p sˈəɪ zˈy6ŋ kˈeɜ hwˈe-6c hˈe-2ɲ ɗˈo6ŋ ɗˌe4 tʃˈiɛ4n xˈaːj kˌaːɜc mˈu6c t̪ˈiɛw kˌuə4 kwˈaːn hˈe6 ɗˈoɜj t̪ˈaːɜc tʃˈiɛɜn lˈyə6c.,sentence,BBE614E05AD0A815D688C3F4B44F691E32398694BF574A75E1012775F7936351
danhgia_tts_02.txt,danhgia_tts_02-008,Văn bản 8,danhgia_tts_02-008-c008,8,"Tổng Bí thư, Chủ tịch nước Tô Lâm của Việt Nam thăm cấp Nhà nước tới Canada từ ngày 24-25/9/2026 theo lời mời của Toàn quyền Canada Louise Arbour. Trong khuôn khổ chuyến thăm, ông Tô Lâm đã hội đàm với Thủ tướng Canada Mark Carney tại Ottawa và hai bên nhất trí nâng cấp quan hệ lên Đối tác chiến lược. Hai nhà lãnh đạo công bố Tuyên bố chung, chứng kiến lễ trao các văn kiện hợp tác và ký các bản ghi nhớ về năng lượng, môi trường và vận tải biển. Tuyên bố chung nêu tám trụ cột hợp tác gồm quan hệ song phương và đa phương, thương mại-đầu tư, giao thông vận tải và chuỗi cung ứng, chuyển đổi số và trí tuệ nhân tạo, an ninh năng lượng và môi trường, an ninh lương thực và nông nghiệp, quốc phòng-an ninh-hàng hải-thực thi pháp luật, và giáo dục-văn hóa-giao lưu nhân dân. Hai bên nhất trí tăng cường hợp tác kinh tế, thương mại, đầu tư, khoa học-công nghệ, chuyển đổi số, năng lượng sạch, an ninh mạng, thực thi pháp luật và phối hợp tại các diễn đàn khu vực và đa phương, đồng thời hoàn tất đàm phán Hiệp định Thương mại Tự do ASEAN-Canada. Bộ trưởng Ngoại giao hai nước sẽ phối hợp xây dựng kế hoạch hành động để triển khai các mục tiêu của quan hệ Đối tác chiến lược. Tô Lâm mời Thủ tướng Mark Carney thăm chính thức Việt Nam năm 2026 và dự Tuần lễ cấp cao APEC 2027; Thủ tướng Carney nhận lời. Trong chuyến thăm, ông Tô Lâm cũng hội kiến với Toàn quyền Canada Louise Arbour, làm việc với Chủ tịch Thượng viện và Chủ tịch Hạ viện Canada và tiếp Nhóm Nghị sĩ hữu nghị Canada-Việt Nam, trong đó thông báo Quốc hội Việt Nam đã thành lập Nhóm Nghị sĩ hữu nghị Việt Nam-Canada vào tháng 6/2026.","tổng bí thư, chủ tịch nước tô lâm của việt nam thăm cấp nhà nước tới canada từ ngày hai mươi bốn ngày hai mươi lăm tháng chín năm hai nghìn không trăm hai mươi sáu theo lời mời của toàn quyền canada louise arbour. trong khuôn khổ chuyến thăm, ông tô lâm đã hội đàm với thủ tướng canada mark carney tại ottawa và hai bên nhất trí nâng cấp quan hệ lên đối tác chiến lược. hai nhà lãnh đạo công bố tuyên bố chung, chứng kiến lễ trao các văn kiện hợp tác và ký các bản ghi nhớ về năng lượng, môi trường và vận tải biển. tuyên bố chung nêu tám trụ cột hợp tác gồm quan hệ song phương và đa phương, thương mại đầu tư, giao thông vận tải và chuỗi cung ứng, chuyển đổi số và trí tuệ nhân tạo, an ninh năng lượng và môi trường, an ninh lương thực và nông nghiệp, quốc phòng an ninh hàng hải thực thi pháp luật, và giáo dục văn hóa giao lưu nhân dân. hai bên nhất trí tăng cường hợp tác kinh tế, thương mại, đầu tư, khoa học công nghệ, chuyển đổi số, năng lượng sạch, an ninh mạng, thực thi pháp luật và phối hợp tại các diễn đàn khu vực và đa phương, đồng thời hoàn tất đàm phán hiệp định thương mại tự do <en>asean</en> canada. bộ trưởng ngoại giao hai nước sẽ phối hợp xây dựng kế hoạch hành động để triển khai các mục tiêu của quan hệ đối tác chiến lược. tô lâm mời thủ tướng mark carney thăm chính thức việt nam năm hai nghìn không trăm hai mươi sáu và dự tuần lễ cấp cao <en>apec</en> hai nghìn không trăm hai mươi bảy, thủ tướng carney nhận lời. trong chuyến thăm, ông tô lâm cũng hội kiến với toàn quyền canada louise arbour, làm việc với chủ tịch thượng viện và chủ tịch hạ viện canada và tiếp nhóm nghị sĩ hữu nghị canada việt nam, trong đó thông báo quốc hội việt nam đã thành lập nhóm nghị sĩ hữu nghị việt nam canada vào tháng sáu năm hai nghìn không trăm hai mươi sáu.",,"tô lâm mời thủ tướng mark carney thăm chính thức việt nam năm hai nghìn không trăm hai mươi sáu và dự tuần lễ cấp cao <en>apec</en> hai nghìn không trăm hai mươi bảy, thủ tướng carney nhận lời.","tô lâm mời thủ tướng mark carney thăm chính thức việt nam năm hai nghìn không trăm hai mươi sáu và dự tuần lễ cấp cao <en>apec</en> hai nghìn không trăm hai mươi bảy, thủ tướng carney nhận lời.",True,"t̪ˈo lˈəm mˈəː2j tˈu4 t̪ˈyəɜŋ mˈɑːɹk kˈɑːɹni tˈam tʃˈiɜɲ tˈyɜc vˈiɛ6t̪ nˈaːm nˈam hˈaːj ŋˈi2n xˌoŋ tʃˈam hˈaːj mˈyəj sˈaɜw vˌaː2 zˈy6 t̪wˈə2n lˈe5 kˈəɜp kˈaːw ˈeɪpɛk hˈaːj ŋˈi2n xˌoŋ tʃˈam hˈaːj mˈyəj bˈa4j, tˈu4 t̪ˈyəɜŋ kˈɑːɹni ɲˈə6n lˈəː2j.","t̪ˈo lˈəm mˈəː2j tˈu4 t̪ˈyəɜŋ mˈɑːɹk kˈɑːɹni tˈam tʃˈiɜɲ tˈyɜc vˈiɛ6t̪ nˈaːm nˈam hˈaːj ŋˈi2n xˌoŋ tʃˈam hˈaːj mˈyəj sˈaɜw vˌaː2 zˈy6 t̪wˈə2n lˈe5 kˈəɜp kˈaːw ˈeɪpɛk hˈaːj ŋˈi2n xˌoŋ tʃˈam hˈaːj mˈyəj bˈa4j, tˈu4 t̪ˈyəɜŋ kˈɑːɹni ɲˈə6n lˈəː2j.",sentence,BBE614E05AD0A815D688C3F4B44F691E32398694BF574A75E1012775F7936351
danhgia_tts_02.txt,danhgia_tts_02-008,Văn bản 8,danhgia_tts_02-008-c009,9,"Tổng Bí thư, Chủ tịch nước Tô Lâm của Việt Nam thăm cấp Nhà nước tới Canada từ ngày 24-25/9/2026 theo lời mời của Toàn quyền Canada Louise Arbour. Trong khuôn khổ chuyến thăm, ông Tô Lâm đã hội đàm với Thủ tướng Canada Mark Carney tại Ottawa và hai bên nhất trí nâng cấp quan hệ lên Đối tác chiến lược. Hai nhà lãnh đạo công bố Tuyên bố chung, chứng kiến lễ trao các văn kiện hợp tác và ký các bản ghi nhớ về năng lượng, môi trường và vận tải biển. Tuyên bố chung nêu tám trụ cột hợp tác gồm quan hệ song phương và đa phương, thương mại-đầu tư, giao thông vận tải và chuỗi cung ứng, chuyển đổi số và trí tuệ nhân tạo, an ninh năng lượng và môi trường, an ninh lương thực và nông nghiệp, quốc phòng-an ninh-hàng hải-thực thi pháp luật, và giáo dục-văn hóa-giao lưu nhân dân. Hai bên nhất trí tăng cường hợp tác kinh tế, thương mại, đầu tư, khoa học-công nghệ, chuyển đổi số, năng lượng sạch, an ninh mạng, thực thi pháp luật và phối hợp tại các diễn đàn khu vực và đa phương, đồng thời hoàn tất đàm phán Hiệp định Thương mại Tự do ASEAN-Canada. Bộ trưởng Ngoại giao hai nước sẽ phối hợp xây dựng kế hoạch hành động để triển khai các mục tiêu của quan hệ Đối tác chiến lược. Tô Lâm mời Thủ tướng Mark Carney thăm chính thức Việt Nam năm 2026 và dự Tuần lễ cấp cao APEC 2027; Thủ tướng Carney nhận lời. Trong chuyến thăm, ông Tô Lâm cũng hội kiến với Toàn quyền Canada Louise Arbour, làm việc với Chủ tịch Thượng viện và Chủ tịch Hạ viện Canada và tiếp Nhóm Nghị sĩ hữu nghị Canada-Việt Nam, trong đó thông báo Quốc hội Việt Nam đã thành lập Nhóm Nghị sĩ hữu nghị Việt Nam-Canada vào tháng 6/2026.","tổng bí thư, chủ tịch nước tô lâm của việt nam thăm cấp nhà nước tới canada từ ngày hai mươi bốn ngày hai mươi lăm tháng chín năm hai nghìn không trăm hai mươi sáu theo lời mời của toàn quyền canada louise arbour. trong khuôn khổ chuyến thăm, ông tô lâm đã hội đàm với thủ tướng canada mark carney tại ottawa và hai bên nhất trí nâng cấp quan hệ lên đối tác chiến lược. hai nhà lãnh đạo công bố tuyên bố chung, chứng kiến lễ trao các văn kiện hợp tác và ký các bản ghi nhớ về năng lượng, môi trường và vận tải biển. tuyên bố chung nêu tám trụ cột hợp tác gồm quan hệ song phương và đa phương, thương mại đầu tư, giao thông vận tải và chuỗi cung ứng, chuyển đổi số và trí tuệ nhân tạo, an ninh năng lượng và môi trường, an ninh lương thực và nông nghiệp, quốc phòng an ninh hàng hải thực thi pháp luật, và giáo dục văn hóa giao lưu nhân dân. hai bên nhất trí tăng cường hợp tác kinh tế, thương mại, đầu tư, khoa học công nghệ, chuyển đổi số, năng lượng sạch, an ninh mạng, thực thi pháp luật và phối hợp tại các diễn đàn khu vực và đa phương, đồng thời hoàn tất đàm phán hiệp định thương mại tự do <en>asean</en> canada. bộ trưởng ngoại giao hai nước sẽ phối hợp xây dựng kế hoạch hành động để triển khai các mục tiêu của quan hệ đối tác chiến lược. tô lâm mời thủ tướng mark carney thăm chính thức việt nam năm hai nghìn không trăm hai mươi sáu và dự tuần lễ cấp cao <en>apec</en> hai nghìn không trăm hai mươi bảy, thủ tướng carney nhận lời. trong chuyến thăm, ông tô lâm cũng hội kiến với toàn quyền canada louise arbour, làm việc với chủ tịch thượng viện và chủ tịch hạ viện canada và tiếp nhóm nghị sĩ hữu nghị canada việt nam, trong đó thông báo quốc hội việt nam đã thành lập nhóm nghị sĩ hữu nghị việt nam canada vào tháng sáu năm hai nghìn không trăm hai mươi sáu.",,"trong chuyến thăm, ông tô lâm cũng hội kiến với toàn quyền canada louise arbour, làm việc với chủ tịch thượng viện và chủ tịch hạ viện canada và tiếp nhóm nghị sĩ hữu nghị canada việt nam,","trong chuyến thăm, ông tô lâm cũng hội kiến với toàn quyền canada louise arbour, làm việc với chủ tịch thượng viện và chủ tịch hạ viện canada và tiếp nhóm nghị sĩ hữu nghị canada việt nam.",False,"tʃˈɔŋ tʃwˈiɛɜn tˈam, ˈoŋ t̪ˈo lˈəm kˈu5ŋ hˈo6j kˈiɛɜn vˌəːɜj t̪wˈaː2n kwˈiɛ2n kˈænədə luːwˈiːz ˈɑːɹbɚ, lˈaː2m vˈiɛ6c vˌəːɜj tʃˈu4 t̪ˈi6c tˈyə6ŋ vˈiɛ6n vˌaː2 tʃˈu4 t̪ˈi6c hˈaː6 vˈiɛ6n kˈænədə vˌaː2 t̪ˈiɛɜp ɲˈɔɜm ŋˈi6 sˈi5 hˈi5w ŋˈi6 kˈænədə vˈiɛ6t̪ nˈaːm.","tʃˈɔŋ tʃwˈiɛɜn tˈam, ˈoŋ t̪ˈo lˈəm kˈu5ŋ hˈo6j kˈiɛɜn vˌəːɜj t̪wˈaː2n kwˈiɛ2n kˈænədə luːwˈiːz ˈɑːɹbɚ, lˈaː2m vˈiɛ6c vˌəːɜj tʃˈu4 t̪ˈi6c tˈyə6ŋ vˈiɛ6n vˌaː2 tʃˈu4 t̪ˈi6c hˈaː6 vˈiɛ6n kˈænədə vˌaː2 t̪ˈiɛɜp ɲˈɔɜm ŋˈi6 sˈi5 hˈi5w ŋˈi6 kˈænədə vˈiɛ6t̪ nˈaːm,",minor,BBE614E05AD0A815D688C3F4B44F691E32398694BF574A75E1012775F7936351
danhgia_tts_02.txt,danhgia_tts_02-008,Văn bản 8,danhgia_tts_02-008-c010,10,"Tổng Bí thư, Chủ tịch nước Tô Lâm của Việt Nam thăm cấp Nhà nước tới Canada từ ngày 24-25/9/2026 theo lời mời của Toàn quyền Canada Louise Arbour. Trong khuôn khổ chuyến thăm, ông Tô Lâm đã hội đàm với Thủ tướng Canada Mark Carney tại Ottawa và hai bên nhất trí nâng cấp quan hệ lên Đối tác chiến lược. Hai nhà lãnh đạo công bố Tuyên bố chung, chứng kiến lễ trao các văn kiện hợp tác và ký các bản ghi nhớ về năng lượng, môi trường và vận tải biển. Tuyên bố chung nêu tám trụ cột hợp tác gồm quan hệ song phương và đa phương, thương mại-đầu tư, giao thông vận tải và chuỗi cung ứng, chuyển đổi số và trí tuệ nhân tạo, an ninh năng lượng và môi trường, an ninh lương thực và nông nghiệp, quốc phòng-an ninh-hàng hải-thực thi pháp luật, và giáo dục-văn hóa-giao lưu nhân dân. Hai bên nhất trí tăng cường hợp tác kinh tế, thương mại, đầu tư, khoa học-công nghệ, chuyển đổi số, năng lượng sạch, an ninh mạng, thực thi pháp luật và phối hợp tại các diễn đàn khu vực và đa phương, đồng thời hoàn tất đàm phán Hiệp định Thương mại Tự do ASEAN-Canada. Bộ trưởng Ngoại giao hai nước sẽ phối hợp xây dựng kế hoạch hành động để triển khai các mục tiêu của quan hệ Đối tác chiến lược. Tô Lâm mời Thủ tướng Mark Carney thăm chính thức Việt Nam năm 2026 và dự Tuần lễ cấp cao APEC 2027; Thủ tướng Carney nhận lời. Trong chuyến thăm, ông Tô Lâm cũng hội kiến với Toàn quyền Canada Louise Arbour, làm việc với Chủ tịch Thượng viện và Chủ tịch Hạ viện Canada và tiếp Nhóm Nghị sĩ hữu nghị Canada-Việt Nam, trong đó thông báo Quốc hội Việt Nam đã thành lập Nhóm Nghị sĩ hữu nghị Việt Nam-Canada vào tháng 6/2026.","tổng bí thư, chủ tịch nước tô lâm của việt nam thăm cấp nhà nước tới canada từ ngày hai mươi bốn ngày hai mươi lăm tháng chín năm hai nghìn không trăm hai mươi sáu theo lời mời của toàn quyền canada louise arbour. trong khuôn khổ chuyến thăm, ông tô lâm đã hội đàm với thủ tướng canada mark carney tại ottawa và hai bên nhất trí nâng cấp quan hệ lên đối tác chiến lược. hai nhà lãnh đạo công bố tuyên bố chung, chứng kiến lễ trao các văn kiện hợp tác và ký các bản ghi nhớ về năng lượng, môi trường và vận tải biển. tuyên bố chung nêu tám trụ cột hợp tác gồm quan hệ song phương và đa phương, thương mại đầu tư, giao thông vận tải và chuỗi cung ứng, chuyển đổi số và trí tuệ nhân tạo, an ninh năng lượng và môi trường, an ninh lương thực và nông nghiệp, quốc phòng an ninh hàng hải thực thi pháp luật, và giáo dục văn hóa giao lưu nhân dân. hai bên nhất trí tăng cường hợp tác kinh tế, thương mại, đầu tư, khoa học công nghệ, chuyển đổi số, năng lượng sạch, an ninh mạng, thực thi pháp luật và phối hợp tại các diễn đàn khu vực và đa phương, đồng thời hoàn tất đàm phán hiệp định thương mại tự do <en>asean</en> canada. bộ trưởng ngoại giao hai nước sẽ phối hợp xây dựng kế hoạch hành động để triển khai các mục tiêu của quan hệ đối tác chiến lược. tô lâm mời thủ tướng mark carney thăm chính thức việt nam năm hai nghìn không trăm hai mươi sáu và dự tuần lễ cấp cao <en>apec</en> hai nghìn không trăm hai mươi bảy, thủ tướng carney nhận lời. trong chuyến thăm, ông tô lâm cũng hội kiến với toàn quyền canada louise arbour, làm việc với chủ tịch thượng viện và chủ tịch hạ viện canada và tiếp nhóm nghị sĩ hữu nghị canada việt nam, trong đó thông báo quốc hội việt nam đã thành lập nhóm nghị sĩ hữu nghị việt nam canada vào tháng sáu năm hai nghìn không trăm hai mươi sáu.",,trong đó thông báo quốc hội việt nam đã thành lập nhóm nghị sĩ hữu nghị việt nam canada vào tháng sáu năm hai nghìn không trăm hai mươi sáu.,trong đó thông báo quốc hội việt nam đã thành lập nhóm nghị sĩ hữu nghị việt nam canada vào tháng sáu năm hai nghìn không trăm hai mươi sáu.,True,tʃˈɔŋ ɗˈɔɜ tˈoŋ bˈaːɜw kˈuəɜc hˈo6j vˈiɛ6t̪ nˈaːm ɗˌaː5 tˈe-2ɲ lˈə6p ɲˈɔɜm ŋˈi6 sˈi5 hˈi5w ŋˈi6 vˈiɛ6t̪ nˈaːm kˈænədə vˈaː2w tˈaːɜŋ sˈaɜw nˈam hˈaːj ŋˈi2n xˌoŋ tʃˈam hˈaːj mˈyəj sˈaɜw.,tʃˈɔŋ ɗˈɔɜ tˈoŋ bˈaːɜw kˈuəɜc hˈo6j vˈiɛ6t̪ nˈaːm ɗˌaː5 tˈe-2ɲ lˈə6p ɲˈɔɜm ŋˈi6 sˈi5 hˈi5w ŋˈi6 vˈiɛ6t̪ nˈaːm kˈænədə vˈaː2w tˈaːɜŋ sˈaɜw nˈam hˈaːj ŋˈi2n xˌoŋ tʃˈam hˈaːj mˈyəj sˈaɜw.,,BBE614E05AD0A815D688C3F4B44F691E32398694BF574A75E1012775F7936351
danhgia_tts_02.txt,danhgia_tts_02-009,Văn bản 9,danhgia_tts_02-009-c001,1,"Anushka Saxena, chuyên gia về Trung Quốc tại Takshashila Institution, nhận định rằng khi Tập Cận Bình gặp Donald Trump tại Nhà Trắng, vị thế của Trung Quốc trong đàm phán với Hoa Kỳ mạnh hơn bao giờ hết nhờ kiểm soát chuỗi cung ứng then chốt và thị trường rộng lớn. Bà cho rằng nhờ những đòn bẩy đó cùng các sai lầm chính sách đối ngoại của Trump, Tập đã giành lợi thế trong cuộc chiến thương mại và buộc Hoa Kỳ nhượng bộ nhiều mặt, trong khi các nhượng bộ của Trung Quốc mang tính tạm thời và dễ đảo ngược. Saxena nêu các nhượng bộ của Hoa Kỳ mang tính thể chế và lâu dài, bao gồm giảm thuế quan, rút lui khỏi khu vực Ấn Độ Dương - Thái Bình Dương, hạ nhiệt hỗ trợ Đài Loan và gần như chấm dứt kiểm soát xuất khẩu đối với AI và bán dẫn, đồng thời chỉ trích các bước đi như hạ thấp vai trò Quad, hủy Aukus, đóng cửa USAID và thu nhỏ cơ quan an ninh mạng. Bà cũng cảnh báo rằng việc Tập sa thải nhiều tướng lĩnh hàng đầu của Quân đội Giải phóng Nhân dân Trung Quốc có thể làm suy yếu lãnh đạo quân sự và khả năng hiện đại hóa, nhưng chưa rõ Trump có tận dụng được mâu thuẫn nội bộ này hay không.","anushka saxena, chuyên gia về trung quốc tại takshashila institution, nhận định rằng khi tập cận bình gặp donald trump tại nhà trắng, vị thế của trung quốc trong đàm phán với hoa kỳ mạnh hơn bao giờ hết nhờ kiểm soát chuỗi cung ứng then chốt và thị trường rộng lớn. bà cho rằng nhờ những đòn bẩy đó cùng các sai lầm chính sách đối ngoại của trump, tập đã giành lợi thế trong cuộc chiến thương mại và buộc hoa kỳ nhượng bộ nhiều mặt, trong khi các nhượng bộ của trung quốc mang tính tạm thời và dễ đảo ngược. saxena nêu các nhượng bộ của hoa kỳ mang tính thể chế và lâu dài, bao gồm giảm thuế quan, rút lui khỏi khu vực ấn độ dương, thái bình dương, hạ nhiệt hỗ trợ đài loan và gần như chấm dứt kiểm soát xuất khẩu đối với <en>a i</en> và bán dẫn, đồng thời chỉ trích các bước đi như hạ thấp vai trò quad, hủy aukus, đóng cửa u ét a i đê và thu nhỏ cơ quan an ninh mạng. bà cũng cảnh báo rằng việc tập sa thải nhiều tướng lĩnh hàng đầu của quân đội giải phóng nhân dân trung quốc có thể làm suy yếu lãnh đạo quân sự và khả năng hiện đại hóa, nhưng chưa rõ trump có tận dụng được mâu thuẫn nội bộ này hay không.",,"anushka saxena, chuyên gia về trung quốc tại takshashila institution, nhận định rằng khi tập cận bình gặp donald trump tại nhà trắng,","anushka saxena, chuyên gia về trung quốc tại takshashila institution, nhận định rằng khi tập cận bình gặp donald trump tại nhà trắng.",False,"ˈænʌʃkə sæksˈiːnə, tʃwˈiɛn zˈaː vˈe2 tʃˈuŋ kˈuəɜc t̪ˈaː6j tˌækʃɐʃˈɪlə ˌɪnstɪtˈuːʃən, ɲˈə6n ɗˈi6ɲ ɹˈa2ŋ xˌi t̪ˈə6p kˈə6n bˈi2ɲ ɣˈa6p dˈɑːnəld tɹˈʌmp t̪ˈaː6j ɲˈaː2 tʃˈaɜŋ.","ˈænʌʃkə sæksˈiːnə, tʃwˈiɛn zˈaː vˈe2 tʃˈuŋ kˈuəɜc t̪ˈaː6j tˌækʃɐʃˈɪlə ˌɪnstɪtˈuːʃən, ɲˈə6n ɗˈi6ɲ ɹˈa2ŋ xˌi t̪ˈə6p kˈə6n bˈi2ɲ ɣˈa6p dˈɑːnəld tɹˈʌmp t̪ˈaː6j ɲˈaː2 tʃˈaɜŋ,",minor,BBE614E05AD0A815D688C3F4B44F691E32398694BF574A75E1012775F7936351
danhgia_tts_02.txt,danhgia_tts_02-009,Văn bản 9,danhgia_tts_02-009-c002,2,"Anushka Saxena, chuyên gia về Trung Quốc tại Takshashila Institution, nhận định rằng khi Tập Cận Bình gặp Donald Trump tại Nhà Trắng, vị thế của Trung Quốc trong đàm phán với Hoa Kỳ mạnh hơn bao giờ hết nhờ kiểm soát chuỗi cung ứng then chốt và thị trường rộng lớn. Bà cho rằng nhờ những đòn bẩy đó cùng các sai lầm chính sách đối ngoại của Trump, Tập đã giành lợi thế trong cuộc chiến thương mại và buộc Hoa Kỳ nhượng bộ nhiều mặt, trong khi các nhượng bộ của Trung Quốc mang tính tạm thời và dễ đảo ngược. Saxena nêu các nhượng bộ của Hoa Kỳ mang tính thể chế và lâu dài, bao gồm giảm thuế quan, rút lui khỏi khu vực Ấn Độ Dương - Thái Bình Dương, hạ nhiệt hỗ trợ Đài Loan và gần như chấm dứt kiểm soát xuất khẩu đối với AI và bán dẫn, đồng thời chỉ trích các bước đi như hạ thấp vai trò Quad, hủy Aukus, đóng cửa USAID và thu nhỏ cơ quan an ninh mạng. Bà cũng cảnh báo rằng việc Tập sa thải nhiều tướng lĩnh hàng đầu của Quân đội Giải phóng Nhân dân Trung Quốc có thể làm suy yếu lãnh đạo quân sự và khả năng hiện đại hóa, nhưng chưa rõ Trump có tận dụng được mâu thuẫn nội bộ này hay không.","anushka saxena, chuyên gia về trung quốc tại takshashila institution, nhận định rằng khi tập cận bình gặp donald trump tại nhà trắng, vị thế của trung quốc trong đàm phán với hoa kỳ mạnh hơn bao giờ hết nhờ kiểm soát chuỗi cung ứng then chốt và thị trường rộng lớn. bà cho rằng nhờ những đòn bẩy đó cùng các sai lầm chính sách đối ngoại của trump, tập đã giành lợi thế trong cuộc chiến thương mại và buộc hoa kỳ nhượng bộ nhiều mặt, trong khi các nhượng bộ của trung quốc mang tính tạm thời và dễ đảo ngược. saxena nêu các nhượng bộ của hoa kỳ mang tính thể chế và lâu dài, bao gồm giảm thuế quan, rút lui khỏi khu vực ấn độ dương, thái bình dương, hạ nhiệt hỗ trợ đài loan và gần như chấm dứt kiểm soát xuất khẩu đối với <en>a i</en> và bán dẫn, đồng thời chỉ trích các bước đi như hạ thấp vai trò quad, hủy aukus, đóng cửa u ét a i đê và thu nhỏ cơ quan an ninh mạng. bà cũng cảnh báo rằng việc tập sa thải nhiều tướng lĩnh hàng đầu của quân đội giải phóng nhân dân trung quốc có thể làm suy yếu lãnh đạo quân sự và khả năng hiện đại hóa, nhưng chưa rõ trump có tận dụng được mâu thuẫn nội bộ này hay không.",,vị thế của trung quốc trong đàm phán với hoa kỳ mạnh hơn bao giờ hết nhờ kiểm soát chuỗi cung ứng then chốt và thị trường rộng lớn.,vị thế của trung quốc trong đàm phán với hoa kỳ mạnh hơn bao giờ hết nhờ kiểm soát chuỗi cung ứng then chốt và thị trường rộng lớn.,True,vˈi6 tˈeɜ kˌuə4 tʃˈuŋ kˈuəɜc tʃˈɔŋ ɗˈaː2m fˈaːɜn vˌəːɜj hwˈaː kˈi2 mˈe-6ɲ hˈəːn bˈaːw zˈəː2 hˈeɜt̪ ɲˈəː2 kˈiɛ4m swˈaːɜt̪ tʃˈuə5j kˈuŋ ˈyɜŋ tˈɛn tʃˈoɜt̪ vˌaː2 tˈi6 tʃˈyə2ŋ ɹˈo6ŋ lˈəːɜn.,vˈi6 tˈeɜ kˌuə4 tʃˈuŋ kˈuəɜc tʃˈɔŋ ɗˈaː2m fˈaːɜn vˌəːɜj hwˈaː kˈi2 mˈe-6ɲ hˈəːn bˈaːw zˈəː2 hˈeɜt̪ ɲˈəː2 kˈiɛ4m swˈaːɜt̪ tʃˈuə5j kˈuŋ ˈyɜŋ tˈɛn tʃˈoɜt̪ vˌaː2 tˈi6 tʃˈyə2ŋ ɹˈo6ŋ lˈəːɜn.,sentence,BBE614E05AD0A815D688C3F4B44F691E32398694BF574A75E1012775F7936351
danhgia_tts_02.txt,danhgia_tts_02-009,Văn bản 9,danhgia_tts_02-009-c003,3,"Anushka Saxena, chuyên gia về Trung Quốc tại Takshashila Institution, nhận định rằng khi Tập Cận Bình gặp Donald Trump tại Nhà Trắng, vị thế của Trung Quốc trong đàm phán với Hoa Kỳ mạnh hơn bao giờ hết nhờ kiểm soát chuỗi cung ứng then chốt và thị trường rộng lớn. Bà cho rằng nhờ những đòn bẩy đó cùng các sai lầm chính sách đối ngoại của Trump, Tập đã giành lợi thế trong cuộc chiến thương mại và buộc Hoa Kỳ nhượng bộ nhiều mặt, trong khi các nhượng bộ của Trung Quốc mang tính tạm thời và dễ đảo ngược. Saxena nêu các nhượng bộ của Hoa Kỳ mang tính thể chế và lâu dài, bao gồm giảm thuế quan, rút lui khỏi khu vực Ấn Độ Dương - Thái Bình Dương, hạ nhiệt hỗ trợ Đài Loan và gần như chấm dứt kiểm soát xuất khẩu đối với AI và bán dẫn, đồng thời chỉ trích các bước đi như hạ thấp vai trò Quad, hủy Aukus, đóng cửa USAID và thu nhỏ cơ quan an ninh mạng. Bà cũng cảnh báo rằng việc Tập sa thải nhiều tướng lĩnh hàng đầu của Quân đội Giải phóng Nhân dân Trung Quốc có thể làm suy yếu lãnh đạo quân sự và khả năng hiện đại hóa, nhưng chưa rõ Trump có tận dụng được mâu thuẫn nội bộ này hay không.","anushka saxena, chuyên gia về trung quốc tại takshashila institution, nhận định rằng khi tập cận bình gặp donald trump tại nhà trắng, vị thế của trung quốc trong đàm phán với hoa kỳ mạnh hơn bao giờ hết nhờ kiểm soát chuỗi cung ứng then chốt và thị trường rộng lớn. bà cho rằng nhờ những đòn bẩy đó cùng các sai lầm chính sách đối ngoại của trump, tập đã giành lợi thế trong cuộc chiến thương mại và buộc hoa kỳ nhượng bộ nhiều mặt, trong khi các nhượng bộ của trung quốc mang tính tạm thời và dễ đảo ngược. saxena nêu các nhượng bộ của hoa kỳ mang tính thể chế và lâu dài, bao gồm giảm thuế quan, rút lui khỏi khu vực ấn độ dương, thái bình dương, hạ nhiệt hỗ trợ đài loan và gần như chấm dứt kiểm soát xuất khẩu đối với <en>a i</en> và bán dẫn, đồng thời chỉ trích các bước đi như hạ thấp vai trò quad, hủy aukus, đóng cửa u ét a i đê và thu nhỏ cơ quan an ninh mạng. bà cũng cảnh báo rằng việc tập sa thải nhiều tướng lĩnh hàng đầu của quân đội giải phóng nhân dân trung quốc có thể làm suy yếu lãnh đạo quân sự và khả năng hiện đại hóa, nhưng chưa rõ trump có tận dụng được mâu thuẫn nội bộ này hay không.",,"bà cho rằng nhờ những đòn bẩy đó cùng các sai lầm chính sách đối ngoại của trump, tập đã giành lợi thế trong cuộc chiến thương mại và buộc hoa kỳ nhượng bộ nhiều mặt, trong khi các nhượng bộ của trung quốc mang tính tạm thời và dễ đảo ngược.","bà cho rằng nhờ những đòn bẩy đó cùng các sai lầm chính sách đối ngoại của trump, tập đã giành lợi thế trong cuộc chiến thương mại và buộc hoa kỳ nhượng bộ nhiều mặt, trong khi các nhượng bộ của trung quốc mang tính tạm thời và dễ đảo ngược.",True,"bˈaː2 tʃˌɔ ɹˈa2ŋ ɲˈəː2 ɲˌy5ŋ ɗˈɔ2n bˈəɪ4 ɗˈɔɜ kˈu2ŋ kˌaːɜc sˈaːj lˈə2m tʃˈiɜɲ sˈe-ɜc ɗˈoɜj ŋwˈaː6j kˌuə4 tɹˈʌmp, t̪ˈə6p ɗˌaː5 zˈe-2ɲ lˈəː6j tˈeɜ tʃˈɔŋ kˈuə6c tʃˈiɛɜn tˈyəŋ mˈaː6j vˌaː2 bˈuə6c hwˈaː kˈi2 ɲˈyə6ŋ bˈo6 ɲˈiɛ2w mˈa6t̪, tʃˈɔŋ xˌi kˌaːɜc ɲˈyə6ŋ bˈo6 kˌuə4 tʃˈuŋ kˈuəɜc mˈaːŋ t̪ˈiɜɲ t̪ˈaː6m tˈəː2j vˌaː2 zˈe5 ɗˈaː4w ŋˈyə6c.","bˈaː2 tʃˌɔ ɹˈa2ŋ ɲˈəː2 ɲˌy5ŋ ɗˈɔ2n bˈəɪ4 ɗˈɔɜ kˈu2ŋ kˌaːɜc sˈaːj lˈə2m tʃˈiɜɲ sˈe-ɜc ɗˈoɜj ŋwˈaː6j kˌuə4 tɹˈʌmp, t̪ˈə6p ɗˌaː5 zˈe-2ɲ lˈəː6j tˈeɜ tʃˈɔŋ kˈuə6c tʃˈiɛɜn tˈyəŋ mˈaː6j vˌaː2 bˈuə6c hwˈaː kˈi2 ɲˈyə6ŋ bˈo6 ɲˈiɛ2w mˈa6t̪, tʃˈɔŋ xˌi kˌaːɜc ɲˈyə6ŋ bˈo6 kˌuə4 tʃˈuŋ kˈuəɜc mˈaːŋ t̪ˈiɜɲ t̪ˈaː6m tˈəː2j vˌaː2 zˈe5 ɗˈaː4w ŋˈyə6c.",sentence,BBE614E05AD0A815D688C3F4B44F691E32398694BF574A75E1012775F7936351
danhgia_tts_02.txt,danhgia_tts_02-009,Văn bản 9,danhgia_tts_02-009-c004,4,"Anushka Saxena, chuyên gia về Trung Quốc tại Takshashila Institution, nhận định rằng khi Tập Cận Bình gặp Donald Trump tại Nhà Trắng, vị thế của Trung Quốc trong đàm phán với Hoa Kỳ mạnh hơn bao giờ hết nhờ kiểm soát chuỗi cung ứng then chốt và thị trường rộng lớn. Bà cho rằng nhờ những đòn bẩy đó cùng các sai lầm chính sách đối ngoại của Trump, Tập đã giành lợi thế trong cuộc chiến thương mại và buộc Hoa Kỳ nhượng bộ nhiều mặt, trong khi các nhượng bộ của Trung Quốc mang tính tạm thời và dễ đảo ngược. Saxena nêu các nhượng bộ của Hoa Kỳ mang tính thể chế và lâu dài, bao gồm giảm thuế quan, rút lui khỏi khu vực Ấn Độ Dương - Thái Bình Dương, hạ nhiệt hỗ trợ Đài Loan và gần như chấm dứt kiểm soát xuất khẩu đối với AI và bán dẫn, đồng thời chỉ trích các bước đi như hạ thấp vai trò Quad, hủy Aukus, đóng cửa USAID và thu nhỏ cơ quan an ninh mạng. Bà cũng cảnh báo rằng việc Tập sa thải nhiều tướng lĩnh hàng đầu của Quân đội Giải phóng Nhân dân Trung Quốc có thể làm suy yếu lãnh đạo quân sự và khả năng hiện đại hóa, nhưng chưa rõ Trump có tận dụng được mâu thuẫn nội bộ này hay không.","anushka saxena, chuyên gia về trung quốc tại takshashila institution, nhận định rằng khi tập cận bình gặp donald trump tại nhà trắng, vị thế của trung quốc trong đàm phán với hoa kỳ mạnh hơn bao giờ hết nhờ kiểm soát chuỗi cung ứng then chốt và thị trường rộng lớn. bà cho rằng nhờ những đòn bẩy đó cùng các sai lầm chính sách đối ngoại của trump, tập đã giành lợi thế trong cuộc chiến thương mại và buộc hoa kỳ nhượng bộ nhiều mặt, trong khi các nhượng bộ của trung quốc mang tính tạm thời và dễ đảo ngược. saxena nêu các nhượng bộ của hoa kỳ mang tính thể chế và lâu dài, bao gồm giảm thuế quan, rút lui khỏi khu vực ấn độ dương, thái bình dương, hạ nhiệt hỗ trợ đài loan và gần như chấm dứt kiểm soát xuất khẩu đối với <en>a i</en> và bán dẫn, đồng thời chỉ trích các bước đi như hạ thấp vai trò quad, hủy aukus, đóng cửa u ét a i đê và thu nhỏ cơ quan an ninh mạng. bà cũng cảnh báo rằng việc tập sa thải nhiều tướng lĩnh hàng đầu của quân đội giải phóng nhân dân trung quốc có thể làm suy yếu lãnh đạo quân sự và khả năng hiện đại hóa, nhưng chưa rõ trump có tận dụng được mâu thuẫn nội bộ này hay không.",,"saxena nêu các nhượng bộ của hoa kỳ mang tính thể chế và lâu dài, bao gồm giảm thuế quan, rút lui khỏi khu vực ấn độ dương, thái bình dương, hạ nhiệt hỗ trợ đài loan và gần như chấm dứt kiểm soát xuất khẩu đối với <en>a i</en> và bán dẫn,","saxena nêu các nhượng bộ của hoa kỳ mang tính thể chế và lâu dài, bao gồm giảm thuế quan, rút lui khỏi khu vực ấn độ dương, thái bình dương, hạ nhiệt hỗ trợ đài loan và gần như chấm dứt kiểm soát xuất khẩu đối với <en>a i</en> và bán dẫn.",False,"sæksˈiːnə nˈe1w kˌaːɜc ɲˈyə6ŋ bˈo6 kˌuə4 hwˈaː kˈi2 mˈaːŋ t̪ˈiɜɲ tˈe4 tʃˈeɜ vˌaː2 lˈə1w zˈaː2j, bˈaːw ɣˈo2m zˈaː4m twˈeɜ kwˈaːn, ɹˈuɜt̪ lˈuj xˈɔ4j xˈu vˈy6c ˈəɜn ɗˈo6 zˈyəŋ, tˈaːɜj bˈi2ɲ zˈyəŋ, hˈaː6 ɲˈiɛ6t̪ hˈo5 tʃˈəː6 ɗˈaː2j lwˈaːn vˌaː2 ɣˈə2n ɲˌy tʃˈəɜm zˈyɜt̪ kˈiɛ4m swˈaːɜt̪ swˈəɜt̪ xˈə4w ɗˈoɜj vˌəːɜj ˈeɪ ˈaɪ vˌaː2 bˈaːɜn zˈə5n.","sæksˈiːnə nˈe1w kˌaːɜc ɲˈyə6ŋ bˈo6 kˌuə4 hwˈaː kˈi2 mˈaːŋ t̪ˈiɜɲ tˈe4 tʃˈeɜ vˌaː2 lˈə1w zˈaː2j, bˈaːw ɣˈo2m zˈaː4m twˈeɜ kwˈaːn, ɹˈuɜt̪ lˈuj xˈɔ4j xˈu vˈy6c ˈəɜn ɗˈo6 zˈyəŋ, tˈaːɜj bˈi2ɲ zˈyəŋ, hˈaː6 ɲˈiɛ6t̪ hˈo5 tʃˈəː6 ɗˈaː2j lwˈaːn vˌaː2 ɣˈə2n ɲˌy tʃˈəɜm zˈyɜt̪ kˈiɛ4m swˈaːɜt̪ swˈəɜt̪ xˈə4w ɗˈoɜj vˌəːɜj ˈeɪ ˈaɪ vˌaː2 bˈaːɜn zˈə5n,",minor,BBE614E05AD0A815D688C3F4B44F691E32398694BF574A75E1012775F7936351
danhgia_tts_02.txt,danhgia_tts_02-009,Văn bản 9,danhgia_tts_02-009-c005,5,"Anushka Saxena, chuyên gia về Trung Quốc tại Takshashila Institution, nhận định rằng khi Tập Cận Bình gặp Donald Trump tại Nhà Trắng, vị thế của Trung Quốc trong đàm phán với Hoa Kỳ mạnh hơn bao giờ hết nhờ kiểm soát chuỗi cung ứng then chốt và thị trường rộng lớn. Bà cho rằng nhờ những đòn bẩy đó cùng các sai lầm chính sách đối ngoại của Trump, Tập đã giành lợi thế trong cuộc chiến thương mại và buộc Hoa Kỳ nhượng bộ nhiều mặt, trong khi các nhượng bộ của Trung Quốc mang tính tạm thời và dễ đảo ngược. Saxena nêu các nhượng bộ của Hoa Kỳ mang tính thể chế và lâu dài, bao gồm giảm thuế quan, rút lui khỏi khu vực Ấn Độ Dương - Thái Bình Dương, hạ nhiệt hỗ trợ Đài Loan và gần như chấm dứt kiểm soát xuất khẩu đối với AI và bán dẫn, đồng thời chỉ trích các bước đi như hạ thấp vai trò Quad, hủy Aukus, đóng cửa USAID và thu nhỏ cơ quan an ninh mạng. Bà cũng cảnh báo rằng việc Tập sa thải nhiều tướng lĩnh hàng đầu của Quân đội Giải phóng Nhân dân Trung Quốc có thể làm suy yếu lãnh đạo quân sự và khả năng hiện đại hóa, nhưng chưa rõ Trump có tận dụng được mâu thuẫn nội bộ này hay không.","anushka saxena, chuyên gia về trung quốc tại takshashila institution, nhận định rằng khi tập cận bình gặp donald trump tại nhà trắng, vị thế của trung quốc trong đàm phán với hoa kỳ mạnh hơn bao giờ hết nhờ kiểm soát chuỗi cung ứng then chốt và thị trường rộng lớn. bà cho rằng nhờ những đòn bẩy đó cùng các sai lầm chính sách đối ngoại của trump, tập đã giành lợi thế trong cuộc chiến thương mại và buộc hoa kỳ nhượng bộ nhiều mặt, trong khi các nhượng bộ của trung quốc mang tính tạm thời và dễ đảo ngược. saxena nêu các nhượng bộ của hoa kỳ mang tính thể chế và lâu dài, bao gồm giảm thuế quan, rút lui khỏi khu vực ấn độ dương, thái bình dương, hạ nhiệt hỗ trợ đài loan và gần như chấm dứt kiểm soát xuất khẩu đối với <en>a i</en> và bán dẫn, đồng thời chỉ trích các bước đi như hạ thấp vai trò quad, hủy aukus, đóng cửa u ét a i đê và thu nhỏ cơ quan an ninh mạng. bà cũng cảnh báo rằng việc tập sa thải nhiều tướng lĩnh hàng đầu của quân đội giải phóng nhân dân trung quốc có thể làm suy yếu lãnh đạo quân sự và khả năng hiện đại hóa, nhưng chưa rõ trump có tận dụng được mâu thuẫn nội bộ này hay không.",,"đồng thời chỉ trích các bước đi như hạ thấp vai trò quad, hủy aukus, đóng cửa u ét a i đê và thu nhỏ cơ quan an ninh mạng.","đồng thời chỉ trích các bước đi như hạ thấp vai trò quad, hủy aukus, đóng cửa u ét a i đê và thu nhỏ cơ quan an ninh mạng.",True,"ɗˈo2ŋ tˈəː2j tʃˈi4 tʃˈiɜc kˌaːɜc bˈyəɜc ɗˈi ɲˌy hˈaː6 tˈəɜp vˈaːj tʃˈɔ2 kwˈɑːd, hwˈi4 ˈɔːkəs, ɗˈɔɜŋ kˈyə4 ˈu ˈɛɜt̪ ˈaː ˈi ɗˈe vˌaː2 tˈu ɲˈɔ4 kˈəː kwˈaːn ˈaːn nˈiɲ mˈaː6ŋ.","ɗˈo2ŋ tˈəː2j tʃˈi4 tʃˈiɜc kˌaːɜc bˈyəɜc ɗˈi ɲˌy hˈaː6 tˈəɜp vˈaːj tʃˈɔ2 kwˈɑːd, hwˈi4 ˈɔːkəs, ɗˈɔɜŋ kˈyə4 ˈu ˈɛɜt̪ ˈaː ˈi ɗˈe vˌaː2 tˈu ɲˈɔ4 kˈəː kwˈaːn ˈaːn nˈiɲ mˈaː6ŋ.",sentence,BBE614E05AD0A815D688C3F4B44F691E32398694BF574A75E1012775F7936351
danhgia_tts_02.txt,danhgia_tts_02-009,Văn bản 9,danhgia_tts_02-009-c006,6,"Anushka Saxena, chuyên gia về Trung Quốc tại Takshashila Institution, nhận định rằng khi Tập Cận Bình gặp Donald Trump tại Nhà Trắng, vị thế của Trung Quốc trong đàm phán với Hoa Kỳ mạnh hơn bao giờ hết nhờ kiểm soát chuỗi cung ứng then chốt và thị trường rộng lớn. Bà cho rằng nhờ những đòn bẩy đó cùng các sai lầm chính sách đối ngoại của Trump, Tập đã giành lợi thế trong cuộc chiến thương mại và buộc Hoa Kỳ nhượng bộ nhiều mặt, trong khi các nhượng bộ của Trung Quốc mang tính tạm thời và dễ đảo ngược. Saxena nêu các nhượng bộ của Hoa Kỳ mang tính thể chế và lâu dài, bao gồm giảm thuế quan, rút lui khỏi khu vực Ấn Độ Dương - Thái Bình Dương, hạ nhiệt hỗ trợ Đài Loan và gần như chấm dứt kiểm soát xuất khẩu đối với AI và bán dẫn, đồng thời chỉ trích các bước đi như hạ thấp vai trò Quad, hủy Aukus, đóng cửa USAID và thu nhỏ cơ quan an ninh mạng. Bà cũng cảnh báo rằng việc Tập sa thải nhiều tướng lĩnh hàng đầu của Quân đội Giải phóng Nhân dân Trung Quốc có thể làm suy yếu lãnh đạo quân sự và khả năng hiện đại hóa, nhưng chưa rõ Trump có tận dụng được mâu thuẫn nội bộ này hay không.","anushka saxena, chuyên gia về trung quốc tại takshashila institution, nhận định rằng khi tập cận bình gặp donald trump tại nhà trắng, vị thế của trung quốc trong đàm phán với hoa kỳ mạnh hơn bao giờ hết nhờ kiểm soát chuỗi cung ứng then chốt và thị trường rộng lớn. bà cho rằng nhờ những đòn bẩy đó cùng các sai lầm chính sách đối ngoại của trump, tập đã giành lợi thế trong cuộc chiến thương mại và buộc hoa kỳ nhượng bộ nhiều mặt, trong khi các nhượng bộ của trung quốc mang tính tạm thời và dễ đảo ngược. saxena nêu các nhượng bộ của hoa kỳ mang tính thể chế và lâu dài, bao gồm giảm thuế quan, rút lui khỏi khu vực ấn độ dương, thái bình dương, hạ nhiệt hỗ trợ đài loan và gần như chấm dứt kiểm soát xuất khẩu đối với <en>a i</en> và bán dẫn, đồng thời chỉ trích các bước đi như hạ thấp vai trò quad, hủy aukus, đóng cửa u ét a i đê và thu nhỏ cơ quan an ninh mạng. bà cũng cảnh báo rằng việc tập sa thải nhiều tướng lĩnh hàng đầu của quân đội giải phóng nhân dân trung quốc có thể làm suy yếu lãnh đạo quân sự và khả năng hiện đại hóa, nhưng chưa rõ trump có tận dụng được mâu thuẫn nội bộ này hay không.",,"bà cũng cảnh báo rằng việc tập sa thải nhiều tướng lĩnh hàng đầu của quân đội giải phóng nhân dân trung quốc có thể làm suy yếu lãnh đạo quân sự và khả năng hiện đại hóa, nhưng chưa rõ trump có tận dụng được mâu thuẫn nội bộ này hay không.","bà cũng cảnh báo rằng việc tập sa thải nhiều tướng lĩnh hàng đầu của quân đội giải phóng nhân dân trung quốc có thể làm suy yếu lãnh đạo quân sự và khả năng hiện đại hóa, nhưng chưa rõ trump có tận dụng được mâu thuẫn nội bộ này hay không.",True,"bˈaː2 kˈu5ŋ kˈe-4ɲ bˈaːɜw ɹˈa2ŋ vˈiɛ6c t̪ˈə6p sˈaː tˈaː4j ɲˈiɛ2w t̪ˈyəɜŋ lˈi5ɲ hˈaː2ŋ ɗˈə2w kˌuə4 kwˈən ɗˈo6j zˈaː4j fˈɔɜŋ ɲˈən zˈən tʃˈuŋ kˈuəɜc kˈɔɜ tˈe4 lˈaː2m swˈi ˈiɛɜw lˈe-5ɲ ɗˈaː6w kwˈən sˈy6 vˌaː2 xˈaː4 nˈaŋ hˈiɛ6n ɗˈaː6j hwˈaːɜ, ɲˌyŋ tʃˌyə ɹˈɔ5 tɹˈʌmp kˈɔɜ t̪ˈə6n zˈu6ŋ ɗˌyə6c mˈə1w twˈə5n nˈo6j bˈo6 nˈa2j hˈaj xˌoŋ.","bˈaː2 kˈu5ŋ kˈe-4ɲ bˈaːɜw ɹˈa2ŋ vˈiɛ6c t̪ˈə6p sˈaː tˈaː4j ɲˈiɛ2w t̪ˈyəɜŋ lˈi5ɲ hˈaː2ŋ ɗˈə2w kˌuə4 kwˈən ɗˈo6j zˈaː4j fˈɔɜŋ ɲˈən zˈən tʃˈuŋ kˈuəɜc kˈɔɜ tˈe4 lˈaː2m swˈi ˈiɛɜw lˈe-5ɲ ɗˈaː6w kwˈən sˈy6 vˌaː2 xˈaː4 nˈaŋ hˈiɛ6n ɗˈaː6j hwˈaːɜ, ɲˌyŋ tʃˌyə ɹˈɔ5 tɹˈʌmp kˈɔɜ t̪ˈə6n zˈu6ŋ ɗˌyə6c mˈə1w twˈə5n nˈo6j bˈo6 nˈa2j hˈaj xˌoŋ.",,BBE614E05AD0A815D688C3F4B44F691E32398694BF574A75E1012775F7936351
danhgia_tts_02.txt,danhgia_tts_02-010,Văn bản 10,danhgia_tts_02-010-c001,1,"Ngày 24 tháng 9 năm 2026 tại Washington, trong khuôn khổ hội đàm giữa Tổng thống Hoa Kỳ Donald Trump và Chủ tịch Trung Quốc Tập Cận Bình, nhiều nhóm dân sự và nhà hoạt động đã biểu tình gần Nhà Trắng và các địa điểm liên quan. Các nhóm gồm những người lưu vong Trung Quốc, tổ chức Pháp Luân Công và sinh viên Tây Tạng giương cờ, treo băng rôn và tập trung ở phía tây Nhà Trắng và gần đại sứ quán Trung Quốc. Một số người biểu tình mặc trang phục Winnie the Pooh, vẫy cờ Đài Loan, giơ biểu ngữ kêu gọi tự do tôn giáo và chấm dứt những gì họ gọi là độc tài, trong khi một số mặc áo trắng ghi ""Chấm dứt Đảng Cộng sản Trung Quốc"" và treo băng rôn cáo buộc các tội ác chống nhân loại của Đảng. Khoảng 200 người ủng hộ Tập Cận Bình tụ tập bên ngoài khách sạn Waldorf Astoria, nơi ông lưu trú, vẫy cờ Trung Quốc và Mỹ và hô khẩu hiệu chào mừng. Nhà hoạt động Vương Đan, người Trung Quốc, cho rằng hội đàm khó mang lại kết quả thực chất và nhấn mạnh cần tôn trọng ý nguyện của 23 triệu người Đài Loan, đồng thời kêu gọi Đài Loan tăng cường phòng bị vì Đảng Cộng sản Trung Quốc có thể áp đặt ý chí lên Đài Loan. Maya Wang, Phó Giám đốc khu vực châu Á của Human Rights Watch, cho biết tổ chức này có kỳ vọng thấp về kết quả cuộc gặp giữa Tổng thống Mỹ Donald Trump và Tập Cận Bình vì nhân quyền khó sẽ nằm trong chương trình nghị sự.","ngày hai mươi bốn tháng chín năm hai nghìn không trăm hai mươi sáu tại washington, trong khuôn khổ hội đàm giữa tổng thống hoa kỳ donald trump và chủ tịch trung quốc tập cận bình, nhiều nhóm dân sự và nhà hoạt động đã biểu tình gần nhà trắng và các địa điểm liên quan. các nhóm gồm những người lưu vong trung quốc, tổ chức pháp luân công và sinh viên tây tạng giương cờ, treo băng rôn và tập trung ở phía tây nhà trắng và gần đại sứ quán trung quốc. một số người biểu tình mặc trang phục winnie the pooh, vẫy cờ đài loan, giơ biểu ngữ kêu gọi tự do tôn giáo và chấm dứt những gì họ gọi là độc tài, trong khi một số mặc áo trắng ghi chấm dứt đảng cộng sản trung quốc và treo băng rôn cáo buộc các tội ác chống nhân loại của đảng. khoảng hai trăm người ủng hộ tập cận bình tụ tập bên ngoài khách sạn waldorf astoria, nơi ông lưu trú, vẫy cờ trung quốc và mỹ và hô khẩu hiệu chào mừng. nhà hoạt động vương đan, người trung quốc, cho rằng hội đàm khó mang lại kết quả thực chất và nhấn mạnh cần tôn trọng ý nguyện của hai mươi ba triệu người đài loan, đồng thời kêu gọi đài loan tăng cường phòng bị vì đảng cộng sản trung quốc có thể áp đặt ý chí lên đài loan. maya wang, phó giám đốc khu vực châu á của human rights watch, cho biết tổ chức này có kỳ vọng thấp về kết quả cuộc gặp giữa tổng thống mỹ donald trump và tập cận bình vì nhân quyền khó sẽ nằm trong chương trình nghị sự.",,"ngày hai mươi bốn tháng chín năm hai nghìn không trăm hai mươi sáu tại washington, trong khuôn khổ hội đàm giữa tổng thống hoa kỳ donald trump và chủ tịch trung quốc tập cận bình,","ngày hai mươi bốn tháng chín năm hai nghìn không trăm hai mươi sáu tại washington, trong khuôn khổ hội đàm giữa tổng thống hoa kỳ donald trump và chủ tịch trung quốc tập cận bình.",False,"ŋˈa2j hˈaːj mˈyəj bˈoɜn tˈaːɜŋ tʃˈiɜn nˈam hˈaːj ŋˈi2n xˌoŋ tʃˈam hˈaːj mˈyəj sˈaɜw t̪ˈaː6j wˈɑːʃɪŋtən, tʃˈɔŋ xˈuən xˈo4 hˈo6j ɗˈaː2m zˈyə5 t̪ˈo4ŋ tˈoɜŋ hwˈaː kˈi2 dˈɑːnəld tɹˈʌmp vˌaː2 tʃˈu4 t̪ˈi6c tʃˈuŋ kˈuəɜc t̪ˈə6p kˈə6n bˈi2ɲ.","ŋˈa2j hˈaːj mˈyəj bˈoɜn tˈaːɜŋ tʃˈiɜn nˈam hˈaːj ŋˈi2n xˌoŋ tʃˈam hˈaːj mˈyəj sˈaɜw t̪ˈaː6j wˈɑːʃɪŋtən, tʃˈɔŋ xˈuən xˈo4 hˈo6j ɗˈaː2m zˈyə5 t̪ˈo4ŋ tˈoɜŋ hwˈaː kˈi2 dˈɑːnəld tɹˈʌmp vˌaː2 tʃˈu4 t̪ˈi6c tʃˈuŋ kˈuəɜc t̪ˈə6p kˈə6n bˈi2ɲ,",minor,BBE614E05AD0A815D688C3F4B44F691E32398694BF574A75E1012775F7936351
danhgia_tts_02.txt,danhgia_tts_02-010,Văn bản 10,danhgia_tts_02-010-c002,2,"Ngày 24 tháng 9 năm 2026 tại Washington, trong khuôn khổ hội đàm giữa Tổng thống Hoa Kỳ Donald Trump và Chủ tịch Trung Quốc Tập Cận Bình, nhiều nhóm dân sự và nhà hoạt động đã biểu tình gần Nhà Trắng và các địa điểm liên quan. Các nhóm gồm những người lưu vong Trung Quốc, tổ chức Pháp Luân Công và sinh viên Tây Tạng giương cờ, treo băng rôn và tập trung ở phía tây Nhà Trắng và gần đại sứ quán Trung Quốc. Một số người biểu tình mặc trang phục Winnie the Pooh, vẫy cờ Đài Loan, giơ biểu ngữ kêu gọi tự do tôn giáo và chấm dứt những gì họ gọi là độc tài, trong khi một số mặc áo trắng ghi ""Chấm dứt Đảng Cộng sản Trung Quốc"" và treo băng rôn cáo buộc các tội ác chống nhân loại của Đảng. Khoảng 200 người ủng hộ Tập Cận Bình tụ tập bên ngoài khách sạn Waldorf Astoria, nơi ông lưu trú, vẫy cờ Trung Quốc và Mỹ và hô khẩu hiệu chào mừng. Nhà hoạt động Vương Đan, người Trung Quốc, cho rằng hội đàm khó mang lại kết quả thực chất và nhấn mạnh cần tôn trọng ý nguyện của 23 triệu người Đài Loan, đồng thời kêu gọi Đài Loan tăng cường phòng bị vì Đảng Cộng sản Trung Quốc có thể áp đặt ý chí lên Đài Loan. Maya Wang, Phó Giám đốc khu vực châu Á của Human Rights Watch, cho biết tổ chức này có kỳ vọng thấp về kết quả cuộc gặp giữa Tổng thống Mỹ Donald Trump và Tập Cận Bình vì nhân quyền khó sẽ nằm trong chương trình nghị sự.","ngày hai mươi bốn tháng chín năm hai nghìn không trăm hai mươi sáu tại washington, trong khuôn khổ hội đàm giữa tổng thống hoa kỳ donald trump và chủ tịch trung quốc tập cận bình, nhiều nhóm dân sự và nhà hoạt động đã biểu tình gần nhà trắng và các địa điểm liên quan. các nhóm gồm những người lưu vong trung quốc, tổ chức pháp luân công và sinh viên tây tạng giương cờ, treo băng rôn và tập trung ở phía tây nhà trắng và gần đại sứ quán trung quốc. một số người biểu tình mặc trang phục winnie the pooh, vẫy cờ đài loan, giơ biểu ngữ kêu gọi tự do tôn giáo và chấm dứt những gì họ gọi là độc tài, trong khi một số mặc áo trắng ghi chấm dứt đảng cộng sản trung quốc và treo băng rôn cáo buộc các tội ác chống nhân loại của đảng. khoảng hai trăm người ủng hộ tập cận bình tụ tập bên ngoài khách sạn waldorf astoria, nơi ông lưu trú, vẫy cờ trung quốc và mỹ và hô khẩu hiệu chào mừng. nhà hoạt động vương đan, người trung quốc, cho rằng hội đàm khó mang lại kết quả thực chất và nhấn mạnh cần tôn trọng ý nguyện của hai mươi ba triệu người đài loan, đồng thời kêu gọi đài loan tăng cường phòng bị vì đảng cộng sản trung quốc có thể áp đặt ý chí lên đài loan. maya wang, phó giám đốc khu vực châu á của human rights watch, cho biết tổ chức này có kỳ vọng thấp về kết quả cuộc gặp giữa tổng thống mỹ donald trump và tập cận bình vì nhân quyền khó sẽ nằm trong chương trình nghị sự.",,nhiều nhóm dân sự và nhà hoạt động đã biểu tình gần nhà trắng và các địa điểm liên quan.,nhiều nhóm dân sự và nhà hoạt động đã biểu tình gần nhà trắng và các địa điểm liên quan.,True,ɲˈiɛ2w ɲˈɔɜm zˈən sˈy6 vˌaː2 ɲˈaː2 hwˈaː6t̪ ɗˈo6ŋ ɗˌaː5 bˈiɛ4w t̪ˈi2ɲ ɣˈə2n ɲˈaː2 tʃˈaɜŋ vˌaː2 kˌaːɜc ɗˈiə6 ɗˈiɛ4m lˈiɛn kwˈaːn.,ɲˈiɛ2w ɲˈɔɜm zˈən sˈy6 vˌaː2 ɲˈaː2 hwˈaː6t̪ ɗˈo6ŋ ɗˌaː5 bˈiɛ4w t̪ˈi2ɲ ɣˈə2n ɲˈaː2 tʃˈaɜŋ vˌaː2 kˌaːɜc ɗˈiə6 ɗˈiɛ4m lˈiɛn kwˈaːn.,sentence,BBE614E05AD0A815D688C3F4B44F691E32398694BF574A75E1012775F7936351
danhgia_tts_02.txt,danhgia_tts_02-010,Văn bản 10,danhgia_tts_02-010-c003,3,"Ngày 24 tháng 9 năm 2026 tại Washington, trong khuôn khổ hội đàm giữa Tổng thống Hoa Kỳ Donald Trump và Chủ tịch Trung Quốc Tập Cận Bình, nhiều nhóm dân sự và nhà hoạt động đã biểu tình gần Nhà Trắng và các địa điểm liên quan. Các nhóm gồm những người lưu vong Trung Quốc, tổ chức Pháp Luân Công và sinh viên Tây Tạng giương cờ, treo băng rôn và tập trung ở phía tây Nhà Trắng và gần đại sứ quán Trung Quốc. Một số người biểu tình mặc trang phục Winnie the Pooh, vẫy cờ Đài Loan, giơ biểu ngữ kêu gọi tự do tôn giáo và chấm dứt những gì họ gọi là độc tài, trong khi một số mặc áo trắng ghi ""Chấm dứt Đảng Cộng sản Trung Quốc"" và treo băng rôn cáo buộc các tội ác chống nhân loại của Đảng. Khoảng 200 người ủng hộ Tập Cận Bình tụ tập bên ngoài khách sạn Waldorf Astoria, nơi ông lưu trú, vẫy cờ Trung Quốc và Mỹ và hô khẩu hiệu chào mừng. Nhà hoạt động Vương Đan, người Trung Quốc, cho rằng hội đàm khó mang lại kết quả thực chất và nhấn mạnh cần tôn trọng ý nguyện của 23 triệu người Đài Loan, đồng thời kêu gọi Đài Loan tăng cường phòng bị vì Đảng Cộng sản Trung Quốc có thể áp đặt ý chí lên Đài Loan. Maya Wang, Phó Giám đốc khu vực châu Á của Human Rights Watch, cho biết tổ chức này có kỳ vọng thấp về kết quả cuộc gặp giữa Tổng thống Mỹ Donald Trump và Tập Cận Bình vì nhân quyền khó sẽ nằm trong chương trình nghị sự.","ngày hai mươi bốn tháng chín năm hai nghìn không trăm hai mươi sáu tại washington, trong khuôn khổ hội đàm giữa tổng thống hoa kỳ donald trump và chủ tịch trung quốc tập cận bình, nhiều nhóm dân sự và nhà hoạt động đã biểu tình gần nhà trắng và các địa điểm liên quan. các nhóm gồm những người lưu vong trung quốc, tổ chức pháp luân công và sinh viên tây tạng giương cờ, treo băng rôn và tập trung ở phía tây nhà trắng và gần đại sứ quán trung quốc. một số người biểu tình mặc trang phục winnie the pooh, vẫy cờ đài loan, giơ biểu ngữ kêu gọi tự do tôn giáo và chấm dứt những gì họ gọi là độc tài, trong khi một số mặc áo trắng ghi chấm dứt đảng cộng sản trung quốc và treo băng rôn cáo buộc các tội ác chống nhân loại của đảng. khoảng hai trăm người ủng hộ tập cận bình tụ tập bên ngoài khách sạn waldorf astoria, nơi ông lưu trú, vẫy cờ trung quốc và mỹ và hô khẩu hiệu chào mừng. nhà hoạt động vương đan, người trung quốc, cho rằng hội đàm khó mang lại kết quả thực chất và nhấn mạnh cần tôn trọng ý nguyện của hai mươi ba triệu người đài loan, đồng thời kêu gọi đài loan tăng cường phòng bị vì đảng cộng sản trung quốc có thể áp đặt ý chí lên đài loan. maya wang, phó giám đốc khu vực châu á của human rights watch, cho biết tổ chức này có kỳ vọng thấp về kết quả cuộc gặp giữa tổng thống mỹ donald trump và tập cận bình vì nhân quyền khó sẽ nằm trong chương trình nghị sự.",,"các nhóm gồm những người lưu vong trung quốc, tổ chức pháp luân công và sinh viên tây tạng giương cờ, treo băng rôn và tập trung ở phía tây nhà trắng và gần đại sứ quán trung quốc.","các nhóm gồm những người lưu vong trung quốc, tổ chức pháp luân công và sinh viên tây tạng giương cờ, treo băng rôn và tập trung ở phía tây nhà trắng và gần đại sứ quán trung quốc.",True,"kˌaːɜc ɲˈɔɜm ɣˈo2m ɲˌy5ŋ ŋˈyə2j lˈiw vˈɔŋ tʃˈuŋ kˈuəɜc, t̪ˈo4 tʃˈyɜc fˈaːɜp lwˈən kˈoŋ vˌaː2 sˈiɲ vˈiɛn t̪ˈəɪ t̪ˈaː6ŋ zˈyəŋ kˈəː2, tʃˈɛw bˈaŋ ɹˈon vˌaː2 t̪ˈə6p tʃˈuŋ ˈəː4 fˈiəɜ t̪ˈəɪ ɲˈaː2 tʃˈaɜŋ vˌaː2 ɣˈə2n ɗˈaː6j sˈyɜ kwˈaːɜn tʃˈuŋ kˈuəɜc.","kˌaːɜc ɲˈɔɜm ɣˈo2m ɲˌy5ŋ ŋˈyə2j lˈiw vˈɔŋ tʃˈuŋ kˈuəɜc, t̪ˈo4 tʃˈyɜc fˈaːɜp lwˈən kˈoŋ vˌaː2 sˈiɲ vˈiɛn t̪ˈəɪ t̪ˈaː6ŋ zˈyəŋ kˈəː2, tʃˈɛw bˈaŋ ɹˈon vˌaː2 t̪ˈə6p tʃˈuŋ ˈəː4 fˈiəɜ t̪ˈəɪ ɲˈaː2 tʃˈaɜŋ vˌaː2 ɣˈə2n ɗˈaː6j sˈyɜ kwˈaːɜn tʃˈuŋ kˈuəɜc.",sentence,BBE614E05AD0A815D688C3F4B44F691E32398694BF574A75E1012775F7936351
danhgia_tts_02.txt,danhgia_tts_02-010,Văn bản 10,danhgia_tts_02-010-c004,4,"Ngày 24 tháng 9 năm 2026 tại Washington, trong khuôn khổ hội đàm giữa Tổng thống Hoa Kỳ Donald Trump và Chủ tịch Trung Quốc Tập Cận Bình, nhiều nhóm dân sự và nhà hoạt động đã biểu tình gần Nhà Trắng và các địa điểm liên quan. Các nhóm gồm những người lưu vong Trung Quốc, tổ chức Pháp Luân Công và sinh viên Tây Tạng giương cờ, treo băng rôn và tập trung ở phía tây Nhà Trắng và gần đại sứ quán Trung Quốc. Một số người biểu tình mặc trang phục Winnie the Pooh, vẫy cờ Đài Loan, giơ biểu ngữ kêu gọi tự do tôn giáo và chấm dứt những gì họ gọi là độc tài, trong khi một số mặc áo trắng ghi ""Chấm dứt Đảng Cộng sản Trung Quốc"" và treo băng rôn cáo buộc các tội ác chống nhân loại của Đảng. Khoảng 200 người ủng hộ Tập Cận Bình tụ tập bên ngoài khách sạn Waldorf Astoria, nơi ông lưu trú, vẫy cờ Trung Quốc và Mỹ và hô khẩu hiệu chào mừng. Nhà hoạt động Vương Đan, người Trung Quốc, cho rằng hội đàm khó mang lại kết quả thực chất và nhấn mạnh cần tôn trọng ý nguyện của 23 triệu người Đài Loan, đồng thời kêu gọi Đài Loan tăng cường phòng bị vì Đảng Cộng sản Trung Quốc có thể áp đặt ý chí lên Đài Loan. Maya Wang, Phó Giám đốc khu vực châu Á của Human Rights Watch, cho biết tổ chức này có kỳ vọng thấp về kết quả cuộc gặp giữa Tổng thống Mỹ Donald Trump và Tập Cận Bình vì nhân quyền khó sẽ nằm trong chương trình nghị sự.","ngày hai mươi bốn tháng chín năm hai nghìn không trăm hai mươi sáu tại washington, trong khuôn khổ hội đàm giữa tổng thống hoa kỳ donald trump và chủ tịch trung quốc tập cận bình, nhiều nhóm dân sự và nhà hoạt động đã biểu tình gần nhà trắng và các địa điểm liên quan. các nhóm gồm những người lưu vong trung quốc, tổ chức pháp luân công và sinh viên tây tạng giương cờ, treo băng rôn và tập trung ở phía tây nhà trắng và gần đại sứ quán trung quốc. một số người biểu tình mặc trang phục winnie the pooh, vẫy cờ đài loan, giơ biểu ngữ kêu gọi tự do tôn giáo và chấm dứt những gì họ gọi là độc tài, trong khi một số mặc áo trắng ghi chấm dứt đảng cộng sản trung quốc và treo băng rôn cáo buộc các tội ác chống nhân loại của đảng. khoảng hai trăm người ủng hộ tập cận bình tụ tập bên ngoài khách sạn waldorf astoria, nơi ông lưu trú, vẫy cờ trung quốc và mỹ và hô khẩu hiệu chào mừng. nhà hoạt động vương đan, người trung quốc, cho rằng hội đàm khó mang lại kết quả thực chất và nhấn mạnh cần tôn trọng ý nguyện của hai mươi ba triệu người đài loan, đồng thời kêu gọi đài loan tăng cường phòng bị vì đảng cộng sản trung quốc có thể áp đặt ý chí lên đài loan. maya wang, phó giám đốc khu vực châu á của human rights watch, cho biết tổ chức này có kỳ vọng thấp về kết quả cuộc gặp giữa tổng thống mỹ donald trump và tập cận bình vì nhân quyền khó sẽ nằm trong chương trình nghị sự.",,"một số người biểu tình mặc trang phục winnie the pooh, vẫy cờ đài loan, giơ biểu ngữ kêu gọi tự do tôn giáo và chấm dứt những gì họ gọi là độc tài,","một số người biểu tình mặc trang phục winnie the pooh, vẫy cờ đài loan, giơ biểu ngữ kêu gọi tự do tôn giáo và chấm dứt những gì họ gọi là độc tài.",False,"mˈo6t̪ sˈoɜ ŋˈyə2j bˈiɛ4w t̪ˈi2ɲ mˈa6c tʃˈaːŋ fˈu6c wˈɪni ðə pˈuː, vˈəɪ5 kˈəː2 ɗˈaː2j lwˈaːn, zˈəː bˈiɛ4w ŋˈy5 kˈe1w ɣˈɔ6j t̪ˈy6 zˈɔ t̪ˈon zˈaːɜw vˌaː2 tʃˈəɜm zˈyɜt̪ ɲˌy5ŋ zˈi2 hˈɔ6 ɣˈɔ6j lˌaː2 ɗˈo6k t̪ˈaː2j.","mˈo6t̪ sˈoɜ ŋˈyə2j bˈiɛ4w t̪ˈi2ɲ mˈa6c tʃˈaːŋ fˈu6c wˈɪni ðə pˈuː, vˈəɪ5 kˈəː2 ɗˈaː2j lwˈaːn, zˈəː bˈiɛ4w ŋˈy5 kˈe1w ɣˈɔ6j t̪ˈy6 zˈɔ t̪ˈon zˈaːɜw vˌaː2 tʃˈəɜm zˈyɜt̪ ɲˌy5ŋ zˈi2 hˈɔ6 ɣˈɔ6j lˌaː2 ɗˈo6k t̪ˈaː2j,",minor,BBE614E05AD0A815D688C3F4B44F691E32398694BF574A75E1012775F7936351
danhgia_tts_02.txt,danhgia_tts_02-010,Văn bản 10,danhgia_tts_02-010-c005,5,"Ngày 24 tháng 9 năm 2026 tại Washington, trong khuôn khổ hội đàm giữa Tổng thống Hoa Kỳ Donald Trump và Chủ tịch Trung Quốc Tập Cận Bình, nhiều nhóm dân sự và nhà hoạt động đã biểu tình gần Nhà Trắng và các địa điểm liên quan. Các nhóm gồm những người lưu vong Trung Quốc, tổ chức Pháp Luân Công và sinh viên Tây Tạng giương cờ, treo băng rôn và tập trung ở phía tây Nhà Trắng và gần đại sứ quán Trung Quốc. Một số người biểu tình mặc trang phục Winnie the Pooh, vẫy cờ Đài Loan, giơ biểu ngữ kêu gọi tự do tôn giáo và chấm dứt những gì họ gọi là độc tài, trong khi một số mặc áo trắng ghi ""Chấm dứt Đảng Cộng sản Trung Quốc"" và treo băng rôn cáo buộc các tội ác chống nhân loại của Đảng. Khoảng 200 người ủng hộ Tập Cận Bình tụ tập bên ngoài khách sạn Waldorf Astoria, nơi ông lưu trú, vẫy cờ Trung Quốc và Mỹ và hô khẩu hiệu chào mừng. Nhà hoạt động Vương Đan, người Trung Quốc, cho rằng hội đàm khó mang lại kết quả thực chất và nhấn mạnh cần tôn trọng ý nguyện của 23 triệu người Đài Loan, đồng thời kêu gọi Đài Loan tăng cường phòng bị vì Đảng Cộng sản Trung Quốc có thể áp đặt ý chí lên Đài Loan. Maya Wang, Phó Giám đốc khu vực châu Á của Human Rights Watch, cho biết tổ chức này có kỳ vọng thấp về kết quả cuộc gặp giữa Tổng thống Mỹ Donald Trump và Tập Cận Bình vì nhân quyền khó sẽ nằm trong chương trình nghị sự.","ngày hai mươi bốn tháng chín năm hai nghìn không trăm hai mươi sáu tại washington, trong khuôn khổ hội đàm giữa tổng thống hoa kỳ donald trump và chủ tịch trung quốc tập cận bình, nhiều nhóm dân sự và nhà hoạt động đã biểu tình gần nhà trắng và các địa điểm liên quan. các nhóm gồm những người lưu vong trung quốc, tổ chức pháp luân công và sinh viên tây tạng giương cờ, treo băng rôn và tập trung ở phía tây nhà trắng và gần đại sứ quán trung quốc. một số người biểu tình mặc trang phục winnie the pooh, vẫy cờ đài loan, giơ biểu ngữ kêu gọi tự do tôn giáo và chấm dứt những gì họ gọi là độc tài, trong khi một số mặc áo trắng ghi chấm dứt đảng cộng sản trung quốc và treo băng rôn cáo buộc các tội ác chống nhân loại của đảng. khoảng hai trăm người ủng hộ tập cận bình tụ tập bên ngoài khách sạn waldorf astoria, nơi ông lưu trú, vẫy cờ trung quốc và mỹ và hô khẩu hiệu chào mừng. nhà hoạt động vương đan, người trung quốc, cho rằng hội đàm khó mang lại kết quả thực chất và nhấn mạnh cần tôn trọng ý nguyện của hai mươi ba triệu người đài loan, đồng thời kêu gọi đài loan tăng cường phòng bị vì đảng cộng sản trung quốc có thể áp đặt ý chí lên đài loan. maya wang, phó giám đốc khu vực châu á của human rights watch, cho biết tổ chức này có kỳ vọng thấp về kết quả cuộc gặp giữa tổng thống mỹ donald trump và tập cận bình vì nhân quyền khó sẽ nằm trong chương trình nghị sự.",,trong khi một số mặc áo trắng ghi chấm dứt đảng cộng sản trung quốc và treo băng rôn cáo buộc các tội ác chống nhân loại của đảng.,trong khi một số mặc áo trắng ghi chấm dứt đảng cộng sản trung quốc và treo băng rôn cáo buộc các tội ác chống nhân loại của đảng.,True,tʃˈɔŋ xˌi mˈo6t̪ sˈoɜ mˈa6c ˈaːɜw tʃˈaɜŋ ɣˈi tʃˈəɜm zˈyɜt̪ ɗˈaː4ŋ kˈo6ŋ sˈaː4n tʃˈuŋ kˈuəɜc vˌaː2 tʃˈɛw bˈaŋ ɹˈon kˈaːɜw bˈuə6c kˌaːɜc t̪ˈo6j ˈaːɜc tʃˈoɜŋ ɲˈən lwˈaː6j kˌuə4 ɗˈaː4ŋ.,tʃˈɔŋ xˌi mˈo6t̪ sˈoɜ mˈa6c ˈaːɜw tʃˈaɜŋ ɣˈi tʃˈəɜm zˈyɜt̪ ɗˈaː4ŋ kˈo6ŋ sˈaː4n tʃˈuŋ kˈuəɜc vˌaː2 tʃˈɛw bˈaŋ ɹˈon kˈaːɜw bˈuə6c kˌaːɜc t̪ˈo6j ˈaːɜc tʃˈoɜŋ ɲˈən lwˈaː6j kˌuə4 ɗˈaː4ŋ.,sentence,BBE614E05AD0A815D688C3F4B44F691E32398694BF574A75E1012775F7936351
danhgia_tts_02.txt,danhgia_tts_02-010,Văn bản 10,danhgia_tts_02-010-c006,6,"Ngày 24 tháng 9 năm 2026 tại Washington, trong khuôn khổ hội đàm giữa Tổng thống Hoa Kỳ Donald Trump và Chủ tịch Trung Quốc Tập Cận Bình, nhiều nhóm dân sự và nhà hoạt động đã biểu tình gần Nhà Trắng và các địa điểm liên quan. Các nhóm gồm những người lưu vong Trung Quốc, tổ chức Pháp Luân Công và sinh viên Tây Tạng giương cờ, treo băng rôn và tập trung ở phía tây Nhà Trắng và gần đại sứ quán Trung Quốc. Một số người biểu tình mặc trang phục Winnie the Pooh, vẫy cờ Đài Loan, giơ biểu ngữ kêu gọi tự do tôn giáo và chấm dứt những gì họ gọi là độc tài, trong khi một số mặc áo trắng ghi ""Chấm dứt Đảng Cộng sản Trung Quốc"" và treo băng rôn cáo buộc các tội ác chống nhân loại của Đảng. Khoảng 200 người ủng hộ Tập Cận Bình tụ tập bên ngoài khách sạn Waldorf Astoria, nơi ông lưu trú, vẫy cờ Trung Quốc và Mỹ và hô khẩu hiệu chào mừng. Nhà hoạt động Vương Đan, người Trung Quốc, cho rằng hội đàm khó mang lại kết quả thực chất và nhấn mạnh cần tôn trọng ý nguyện của 23 triệu người Đài Loan, đồng thời kêu gọi Đài Loan tăng cường phòng bị vì Đảng Cộng sản Trung Quốc có thể áp đặt ý chí lên Đài Loan. Maya Wang, Phó Giám đốc khu vực châu Á của Human Rights Watch, cho biết tổ chức này có kỳ vọng thấp về kết quả cuộc gặp giữa Tổng thống Mỹ Donald Trump và Tập Cận Bình vì nhân quyền khó sẽ nằm trong chương trình nghị sự.","ngày hai mươi bốn tháng chín năm hai nghìn không trăm hai mươi sáu tại washington, trong khuôn khổ hội đàm giữa tổng thống hoa kỳ donald trump và chủ tịch trung quốc tập cận bình, nhiều nhóm dân sự và nhà hoạt động đã biểu tình gần nhà trắng và các địa điểm liên quan. các nhóm gồm những người lưu vong trung quốc, tổ chức pháp luân công và sinh viên tây tạng giương cờ, treo băng rôn và tập trung ở phía tây nhà trắng và gần đại sứ quán trung quốc. một số người biểu tình mặc trang phục winnie the pooh, vẫy cờ đài loan, giơ biểu ngữ kêu gọi tự do tôn giáo và chấm dứt những gì họ gọi là độc tài, trong khi một số mặc áo trắng ghi chấm dứt đảng cộng sản trung quốc và treo băng rôn cáo buộc các tội ác chống nhân loại của đảng. khoảng hai trăm người ủng hộ tập cận bình tụ tập bên ngoài khách sạn waldorf astoria, nơi ông lưu trú, vẫy cờ trung quốc và mỹ và hô khẩu hiệu chào mừng. nhà hoạt động vương đan, người trung quốc, cho rằng hội đàm khó mang lại kết quả thực chất và nhấn mạnh cần tôn trọng ý nguyện của hai mươi ba triệu người đài loan, đồng thời kêu gọi đài loan tăng cường phòng bị vì đảng cộng sản trung quốc có thể áp đặt ý chí lên đài loan. maya wang, phó giám đốc khu vực châu á của human rights watch, cho biết tổ chức này có kỳ vọng thấp về kết quả cuộc gặp giữa tổng thống mỹ donald trump và tập cận bình vì nhân quyền khó sẽ nằm trong chương trình nghị sự.",,"khoảng hai trăm người ủng hộ tập cận bình tụ tập bên ngoài khách sạn waldorf astoria, nơi ông lưu trú, vẫy cờ trung quốc và mỹ và hô khẩu hiệu chào mừng.","khoảng hai trăm người ủng hộ tập cận bình tụ tập bên ngoài khách sạn waldorf astoria, nơi ông lưu trú, vẫy cờ trung quốc và mỹ và hô khẩu hiệu chào mừng.",True,"xwˌaː4ŋ hˈaːj tʃˈam ŋˈyə2j ˈu4ŋ hˈo6 t̪ˈə6p kˈə6n bˈi2ɲ t̪ˈu6 t̪ˈə6p bˈen ŋwˈaː2j xˈe-ɜc sˈaː6n wˈɔldɔːɹf ɐstˈɔːɹiə, nˈəːj ˈoŋ lˈiw tʃˈuɜ, vˈəɪ5 kˈəː2 tʃˈuŋ kˈuəɜc vˌaː2 mˈi5 vˌaː2 hˈo xˈə4w hˈiɛ6w tʃˈaː2w mˈy2ŋ.","xwˌaː4ŋ hˈaːj tʃˈam ŋˈyə2j ˈu4ŋ hˈo6 t̪ˈə6p kˈə6n bˈi2ɲ t̪ˈu6 t̪ˈə6p bˈen ŋwˈaː2j xˈe-ɜc sˈaː6n wˈɔldɔːɹf ɐstˈɔːɹiə, nˈəːj ˈoŋ lˈiw tʃˈuɜ, vˈəɪ5 kˈəː2 tʃˈuŋ kˈuəɜc vˌaː2 mˈi5 vˌaː2 hˈo xˈə4w hˈiɛ6w tʃˈaː2w mˈy2ŋ.",sentence,BBE614E05AD0A815D688C3F4B44F691E32398694BF574A75E1012775F7936351
danhgia_tts_02.txt,danhgia_tts_02-010,Văn bản 10,danhgia_tts_02-010-c007,7,"Ngày 24 tháng 9 năm 2026 tại Washington, trong khuôn khổ hội đàm giữa Tổng thống Hoa Kỳ Donald Trump và Chủ tịch Trung Quốc Tập Cận Bình, nhiều nhóm dân sự và nhà hoạt động đã biểu tình gần Nhà Trắng và các địa điểm liên quan. Các nhóm gồm những người lưu vong Trung Quốc, tổ chức Pháp Luân Công và sinh viên Tây Tạng giương cờ, treo băng rôn và tập trung ở phía tây Nhà Trắng và gần đại sứ quán Trung Quốc. Một số người biểu tình mặc trang phục Winnie the Pooh, vẫy cờ Đài Loan, giơ biểu ngữ kêu gọi tự do tôn giáo và chấm dứt những gì họ gọi là độc tài, trong khi một số mặc áo trắng ghi ""Chấm dứt Đảng Cộng sản Trung Quốc"" và treo băng rôn cáo buộc các tội ác chống nhân loại của Đảng. Khoảng 200 người ủng hộ Tập Cận Bình tụ tập bên ngoài khách sạn Waldorf Astoria, nơi ông lưu trú, vẫy cờ Trung Quốc và Mỹ và hô khẩu hiệu chào mừng. Nhà hoạt động Vương Đan, người Trung Quốc, cho rằng hội đàm khó mang lại kết quả thực chất và nhấn mạnh cần tôn trọng ý nguyện của 23 triệu người Đài Loan, đồng thời kêu gọi Đài Loan tăng cường phòng bị vì Đảng Cộng sản Trung Quốc có thể áp đặt ý chí lên Đài Loan. Maya Wang, Phó Giám đốc khu vực châu Á của Human Rights Watch, cho biết tổ chức này có kỳ vọng thấp về kết quả cuộc gặp giữa Tổng thống Mỹ Donald Trump và Tập Cận Bình vì nhân quyền khó sẽ nằm trong chương trình nghị sự.","ngày hai mươi bốn tháng chín năm hai nghìn không trăm hai mươi sáu tại washington, trong khuôn khổ hội đàm giữa tổng thống hoa kỳ donald trump và chủ tịch trung quốc tập cận bình, nhiều nhóm dân sự và nhà hoạt động đã biểu tình gần nhà trắng và các địa điểm liên quan. các nhóm gồm những người lưu vong trung quốc, tổ chức pháp luân công và sinh viên tây tạng giương cờ, treo băng rôn và tập trung ở phía tây nhà trắng và gần đại sứ quán trung quốc. một số người biểu tình mặc trang phục winnie the pooh, vẫy cờ đài loan, giơ biểu ngữ kêu gọi tự do tôn giáo và chấm dứt những gì họ gọi là độc tài, trong khi một số mặc áo trắng ghi chấm dứt đảng cộng sản trung quốc và treo băng rôn cáo buộc các tội ác chống nhân loại của đảng. khoảng hai trăm người ủng hộ tập cận bình tụ tập bên ngoài khách sạn waldorf astoria, nơi ông lưu trú, vẫy cờ trung quốc và mỹ và hô khẩu hiệu chào mừng. nhà hoạt động vương đan, người trung quốc, cho rằng hội đàm khó mang lại kết quả thực chất và nhấn mạnh cần tôn trọng ý nguyện của hai mươi ba triệu người đài loan, đồng thời kêu gọi đài loan tăng cường phòng bị vì đảng cộng sản trung quốc có thể áp đặt ý chí lên đài loan. maya wang, phó giám đốc khu vực châu á của human rights watch, cho biết tổ chức này có kỳ vọng thấp về kết quả cuộc gặp giữa tổng thống mỹ donald trump và tập cận bình vì nhân quyền khó sẽ nằm trong chương trình nghị sự.",,"nhà hoạt động vương đan, người trung quốc, cho rằng hội đàm khó mang lại kết quả thực chất và nhấn mạnh cần tôn trọng ý nguyện của hai mươi ba triệu người đài loan,","nhà hoạt động vương đan, người trung quốc, cho rằng hội đàm khó mang lại kết quả thực chất và nhấn mạnh cần tôn trọng ý nguyện của hai mươi ba triệu người đài loan.",False,"ɲˈaː2 hwˈaː6t̪ ɗˈo6ŋ vˈyəŋ ɗˈaːn, ŋˈyə2j tʃˈuŋ kˈuəɜc, tʃˌɔ ɹˈa2ŋ hˈo6j ɗˈaː2m xˈɔɜ mˈaːŋ lˈaː6j kˈeɜt̪ kwˈaː4 tˈy6c tʃˈəɜt̪ vˌaː2 ɲˈəɜn mˈe-6ɲ kˈə2n t̪ˈon tʃˈɔ6ŋ ˈiɜ ŋwˈiɛ6n kˌuə4 hˈaːj mˈyəj bˈaː tʃˈiɛ6w ŋˈyə2j ɗˈaː2j lwˈaːn.","ɲˈaː2 hwˈaː6t̪ ɗˈo6ŋ vˈyəŋ ɗˈaːn, ŋˈyə2j tʃˈuŋ kˈuəɜc, tʃˌɔ ɹˈa2ŋ hˈo6j ɗˈaː2m xˈɔɜ mˈaːŋ lˈaː6j kˈeɜt̪ kwˈaː4 tˈy6c tʃˈəɜt̪ vˌaː2 ɲˈəɜn mˈe-6ɲ kˈə2n t̪ˈon tʃˈɔ6ŋ ˈiɜ ŋwˈiɛ6n kˌuə4 hˈaːj mˈyəj bˈaː tʃˈiɛ6w ŋˈyə2j ɗˈaː2j lwˈaːn,",minor,BBE614E05AD0A815D688C3F4B44F691E32398694BF574A75E1012775F7936351
danhgia_tts_02.txt,danhgia_tts_02-010,Văn bản 10,danhgia_tts_02-010-c008,8,"Ngày 24 tháng 9 năm 2026 tại Washington, trong khuôn khổ hội đàm giữa Tổng thống Hoa Kỳ Donald Trump và Chủ tịch Trung Quốc Tập Cận Bình, nhiều nhóm dân sự và nhà hoạt động đã biểu tình gần Nhà Trắng và các địa điểm liên quan. Các nhóm gồm những người lưu vong Trung Quốc, tổ chức Pháp Luân Công và sinh viên Tây Tạng giương cờ, treo băng rôn và tập trung ở phía tây Nhà Trắng và gần đại sứ quán Trung Quốc. Một số người biểu tình mặc trang phục Winnie the Pooh, vẫy cờ Đài Loan, giơ biểu ngữ kêu gọi tự do tôn giáo và chấm dứt những gì họ gọi là độc tài, trong khi một số mặc áo trắng ghi ""Chấm dứt Đảng Cộng sản Trung Quốc"" và treo băng rôn cáo buộc các tội ác chống nhân loại của Đảng. Khoảng 200 người ủng hộ Tập Cận Bình tụ tập bên ngoài khách sạn Waldorf Astoria, nơi ông lưu trú, vẫy cờ Trung Quốc và Mỹ và hô khẩu hiệu chào mừng. Nhà hoạt động Vương Đan, người Trung Quốc, cho rằng hội đàm khó mang lại kết quả thực chất và nhấn mạnh cần tôn trọng ý nguyện của 23 triệu người Đài Loan, đồng thời kêu gọi Đài Loan tăng cường phòng bị vì Đảng Cộng sản Trung Quốc có thể áp đặt ý chí lên Đài Loan. Maya Wang, Phó Giám đốc khu vực châu Á của Human Rights Watch, cho biết tổ chức này có kỳ vọng thấp về kết quả cuộc gặp giữa Tổng thống Mỹ Donald Trump và Tập Cận Bình vì nhân quyền khó sẽ nằm trong chương trình nghị sự.","ngày hai mươi bốn tháng chín năm hai nghìn không trăm hai mươi sáu tại washington, trong khuôn khổ hội đàm giữa tổng thống hoa kỳ donald trump và chủ tịch trung quốc tập cận bình, nhiều nhóm dân sự và nhà hoạt động đã biểu tình gần nhà trắng và các địa điểm liên quan. các nhóm gồm những người lưu vong trung quốc, tổ chức pháp luân công và sinh viên tây tạng giương cờ, treo băng rôn và tập trung ở phía tây nhà trắng và gần đại sứ quán trung quốc. một số người biểu tình mặc trang phục winnie the pooh, vẫy cờ đài loan, giơ biểu ngữ kêu gọi tự do tôn giáo và chấm dứt những gì họ gọi là độc tài, trong khi một số mặc áo trắng ghi chấm dứt đảng cộng sản trung quốc và treo băng rôn cáo buộc các tội ác chống nhân loại của đảng. khoảng hai trăm người ủng hộ tập cận bình tụ tập bên ngoài khách sạn waldorf astoria, nơi ông lưu trú, vẫy cờ trung quốc và mỹ và hô khẩu hiệu chào mừng. nhà hoạt động vương đan, người trung quốc, cho rằng hội đàm khó mang lại kết quả thực chất và nhấn mạnh cần tôn trọng ý nguyện của hai mươi ba triệu người đài loan, đồng thời kêu gọi đài loan tăng cường phòng bị vì đảng cộng sản trung quốc có thể áp đặt ý chí lên đài loan. maya wang, phó giám đốc khu vực châu á của human rights watch, cho biết tổ chức này có kỳ vọng thấp về kết quả cuộc gặp giữa tổng thống mỹ donald trump và tập cận bình vì nhân quyền khó sẽ nằm trong chương trình nghị sự.",,đồng thời kêu gọi đài loan tăng cường phòng bị vì đảng cộng sản trung quốc có thể áp đặt ý chí lên đài loan.,đồng thời kêu gọi đài loan tăng cường phòng bị vì đảng cộng sản trung quốc có thể áp đặt ý chí lên đài loan.,True,ɗˈo2ŋ tˈəː2j kˈe1w ɣˈɔ6j ɗˈaː2j lwˈaːn t̪ˈaŋ kˈyə2ŋ fˈɔ2ŋ bˌi6 vˌi2 ɗˈaː4ŋ kˈo6ŋ sˈaː4n tʃˈuŋ kˈuəɜc kˈɔɜ tˈe4 ˈaːɜp ɗˈa6t̪ ˈiɜ tʃˈiɜ lˈen ɗˈaː2j lwˈaːn.,ɗˈo2ŋ tˈəː2j kˈe1w ɣˈɔ6j ɗˈaː2j lwˈaːn t̪ˈaŋ kˈyə2ŋ fˈɔ2ŋ bˌi6 vˌi2 ɗˈaː4ŋ kˈo6ŋ sˈaː4n tʃˈuŋ kˈuəɜc kˈɔɜ tˈe4 ˈaːɜp ɗˈa6t̪ ˈiɜ tʃˈiɜ lˈen ɗˈaː2j lwˈaːn.,sentence,BBE614E05AD0A815D688C3F4B44F691E32398694BF574A75E1012775F7936351
danhgia_tts_02.txt,danhgia_tts_02-010,Văn bản 10,danhgia_tts_02-010-c009,9,"Ngày 24 tháng 9 năm 2026 tại Washington, trong khuôn khổ hội đàm giữa Tổng thống Hoa Kỳ Donald Trump và Chủ tịch Trung Quốc Tập Cận Bình, nhiều nhóm dân sự và nhà hoạt động đã biểu tình gần Nhà Trắng và các địa điểm liên quan. Các nhóm gồm những người lưu vong Trung Quốc, tổ chức Pháp Luân Công và sinh viên Tây Tạng giương cờ, treo băng rôn và tập trung ở phía tây Nhà Trắng và gần đại sứ quán Trung Quốc. Một số người biểu tình mặc trang phục Winnie the Pooh, vẫy cờ Đài Loan, giơ biểu ngữ kêu gọi tự do tôn giáo và chấm dứt những gì họ gọi là độc tài, trong khi một số mặc áo trắng ghi ""Chấm dứt Đảng Cộng sản Trung Quốc"" và treo băng rôn cáo buộc các tội ác chống nhân loại của Đảng. Khoảng 200 người ủng hộ Tập Cận Bình tụ tập bên ngoài khách sạn Waldorf Astoria, nơi ông lưu trú, vẫy cờ Trung Quốc và Mỹ và hô khẩu hiệu chào mừng. Nhà hoạt động Vương Đan, người Trung Quốc, cho rằng hội đàm khó mang lại kết quả thực chất và nhấn mạnh cần tôn trọng ý nguyện của 23 triệu người Đài Loan, đồng thời kêu gọi Đài Loan tăng cường phòng bị vì Đảng Cộng sản Trung Quốc có thể áp đặt ý chí lên Đài Loan. Maya Wang, Phó Giám đốc khu vực châu Á của Human Rights Watch, cho biết tổ chức này có kỳ vọng thấp về kết quả cuộc gặp giữa Tổng thống Mỹ Donald Trump và Tập Cận Bình vì nhân quyền khó sẽ nằm trong chương trình nghị sự.","ngày hai mươi bốn tháng chín năm hai nghìn không trăm hai mươi sáu tại washington, trong khuôn khổ hội đàm giữa tổng thống hoa kỳ donald trump và chủ tịch trung quốc tập cận bình, nhiều nhóm dân sự và nhà hoạt động đã biểu tình gần nhà trắng và các địa điểm liên quan. các nhóm gồm những người lưu vong trung quốc, tổ chức pháp luân công và sinh viên tây tạng giương cờ, treo băng rôn và tập trung ở phía tây nhà trắng và gần đại sứ quán trung quốc. một số người biểu tình mặc trang phục winnie the pooh, vẫy cờ đài loan, giơ biểu ngữ kêu gọi tự do tôn giáo và chấm dứt những gì họ gọi là độc tài, trong khi một số mặc áo trắng ghi chấm dứt đảng cộng sản trung quốc và treo băng rôn cáo buộc các tội ác chống nhân loại của đảng. khoảng hai trăm người ủng hộ tập cận bình tụ tập bên ngoài khách sạn waldorf astoria, nơi ông lưu trú, vẫy cờ trung quốc và mỹ và hô khẩu hiệu chào mừng. nhà hoạt động vương đan, người trung quốc, cho rằng hội đàm khó mang lại kết quả thực chất và nhấn mạnh cần tôn trọng ý nguyện của hai mươi ba triệu người đài loan, đồng thời kêu gọi đài loan tăng cường phòng bị vì đảng cộng sản trung quốc có thể áp đặt ý chí lên đài loan. maya wang, phó giám đốc khu vực châu á của human rights watch, cho biết tổ chức này có kỳ vọng thấp về kết quả cuộc gặp giữa tổng thống mỹ donald trump và tập cận bình vì nhân quyền khó sẽ nằm trong chương trình nghị sự.",,"maya wang, phó giám đốc khu vực châu á của human rights watch, cho biết tổ chức này có kỳ vọng thấp về kết quả cuộc gặp giữa tổng thống mỹ donald trump và tập cận bình vì nhân quyền khó sẽ nằm trong chương trình nghị sự.","maya wang, phó giám đốc khu vực châu á của human rights watch, cho biết tổ chức này có kỳ vọng thấp về kết quả cuộc gặp giữa tổng thống mỹ donald trump và tập cận bình vì nhân quyền khó sẽ nằm trong chương trình nghị sự.",True,"mˈaɪə wˈæŋɡ, fˈɔɜ zˈaːɜm ɗˈoɜk xˈu vˈy6c tʃˈə1w ˈaːɜ kˌuə4 hjˈuːmən ɹˈaɪts wˈɑːtʃ, tʃˌɔ bˈiɛɜt̪ t̪ˈo4 tʃˈyɜc nˈa2j kˈɔɜ kˈi2 vˈɔ6ŋ tˈəɜp vˈe2 kˈeɜt̪ kwˈaː4 kˈuə6c ɣˈa6p zˈyə5 t̪ˈo4ŋ tˈoɜŋ mˈi5 dˈɑːnəld tɹˈʌmp vˌaː2 t̪ˈə6p kˈə6n bˈi2ɲ vˌi2 ɲˈən kwˈiɛ2n xˈɔɜ sˌɛ5 nˈa2m tʃˈɔŋ tʃˈyəŋ tʃˈi2ɲ ŋˈi6 sˈy6.","mˈaɪə wˈæŋɡ, fˈɔɜ zˈaːɜm ɗˈoɜk xˈu vˈy6c tʃˈə1w ˈaːɜ kˌuə4 hjˈuːmən ɹˈaɪts wˈɑːtʃ, tʃˌɔ bˈiɛɜt̪ t̪ˈo4 tʃˈyɜc nˈa2j kˈɔɜ kˈi2 vˈɔ6ŋ tˈəɜp vˈe2 kˈeɜt̪ kwˈaː4 kˈuə6c ɣˈa6p zˈyə5 t̪ˈo4ŋ tˈoɜŋ mˈi5 dˈɑːnəld tɹˈʌmp vˌaː2 t̪ˈə6p kˈə6n bˈi2ɲ vˌi2 ɲˈən kwˈiɛ2n xˈɔɜ sˌɛ5 nˈa2m tʃˈɔŋ tʃˈyəŋ tʃˈi2ɲ ŋˈi6 sˈy6.",,BBE614E05AD0A815D688C3F4B44F691E32398694BF574A75E1012775F7936351
danhgia_tts_02.txt,danhgia_tts_02-011,Văn bản 11,danhgia_tts_02-011-c001,1,"Xiaomi đã giới thiệu dòng điện thoại Pro 18 tại Snapdragon Summit ở Hawaii, trong đó 18 Pro Max chạy phiên bản cao cấp hơn của chip Qualcomm Snapdragon 8 Elite Gen 6. Điểm nổi bật là màn hình tập trung vào quyền riêng tư, tương tự công nghệ của Samsung, cho phép bật theo ứng dụng, chặn thông báo, chế độ chia màn hình và cửa sổ nổi khi nhìn từ góc xiên, có kích hoạt theo vị trí và phát hiện người nhìn qua camera trước. Màn hình chính là LTPO AMOLED 2K, biến thiên 1-120Hz, độ sáng đỉnh 4.000 nits; 18 Pro có màn 6,4 inch, 18 Pro Max 6,9 inch, kèm màn hình phụ phía sau, cụm camera 200MP + 200MP + 50MP, pin 7.000mAh và 8.500mAh, sạc 100W có dây, 50W không dây và 27W sạc ngược. Giá khởi điểm 5.999 nhân dân tệ ($894) cho 18 Pro và 6.999 nhân dân tệ ($1.043) cho 18 Pro Max; Xiaomi dự kiến ra mắt toàn cầu vào cuối năm nay.","xiaomi đã giới thiệu dòng điện thoại pro mười tám tại snapdragon summit ở hawaii, trong đó mười tám pro max chạy phiên bản cao cấp hơn của chip qualcomm snapdragon tám elite gen sáu. điểm nổi bật là màn hình tập trung vào quyền riêng tư, tương tự công nghệ của samsung, cho phép bật theo ứng dụng, chặn thông báo, chế độ chia màn hình và cửa sổ nổi khi nhìn từ góc xiên, có kích hoạt theo vị trí và phát hiện người nhìn qua camera trước. màn hình chính là lờ tê phê ô a mờ ô lờ e đê hai ca, biến thiên một một trăm hai mươi héc, độ sáng đỉnh bốn nghìn nits, mười tám pro có màn sáu phẩy bốn inch, mười tám pro max sáu phẩy chín inch, kèm màn hình phụ phía sau, cụm camera hai trăm mp cộng hai trăm mp cộng năm mươi mp, pin bảy nghìn mi li am pe giờ và tám nghìn năm trăm mi li am pe giờ, sạc một trăm oát có dây, năm mươi oát không dây và hai mươi bảy oát sạc ngược. giá khởi điểm năm nghìn chín trăm chín mươi chín nhân dân tệ, tám trăm chín mươi bốn <en>u s d</en>, cho mười tám pro và sáu nghìn chín trăm chín mươi chín nhân dân tệ, một nghìn không trăm bốn mươi ba <en>u s d</en>, cho mười tám pro max, xiaomi dự kiến ra mắt toàn cầu vào cuối năm nay.",,"xiaomi đã giới thiệu dòng điện thoại pro mười tám tại snapdragon summit ở hawaii, trong đó mười tám pro max chạy phiên bản cao cấp hơn của chip qualcomm snapdragon tám elite gen sáu.","xiaomi đã giới thiệu dòng điện thoại pro mười tám tại snapdragon summit ở hawaii, trong đó mười tám pro max chạy phiên bản cao cấp hơn của chip qualcomm snapdragon tám elite gen sáu.",True,"zˌaɪəˈoʊmi ɗˌaː5 zˈəːɜj tˈiɛ6w zˈɔ2ŋ ɗˈiɛ6n twˈaː6j pɹˈoʊ mˈyə2j t̪ˈaːɜm t̪ˈaː6j snˈæpdɹæɡən sˈʌmɪt ˈəː4 həwˈaɪiː, tʃˈɔŋ ɗˈɔɜ mˈyə2j t̪ˈaːɜm pɹˈoʊ mˈæks tʃˈa6j fˈiɛn bˈaː4n kˈaːw kˈəɜp hˈəːn kˌuə4 tʃˈɪp kwˈɔlkɑːm snˈæpdɹæɡən t̪ˈaːɜm ɪlˈiːt dʒˈɛn sˈaɜw.","zˌaɪəˈoʊmi ɗˌaː5 zˈəːɜj tˈiɛ6w zˈɔ2ŋ ɗˈiɛ6n twˈaː6j pɹˈoʊ mˈyə2j t̪ˈaːɜm t̪ˈaː6j snˈæpdɹæɡən sˈʌmɪt ˈəː4 həwˈaɪiː, tʃˈɔŋ ɗˈɔɜ mˈyə2j t̪ˈaːɜm pɹˈoʊ mˈæks tʃˈa6j fˈiɛn bˈaː4n kˈaːw kˈəɜp hˈəːn kˌuə4 tʃˈɪp kwˈɔlkɑːm snˈæpdɹæɡən t̪ˈaːɜm ɪlˈiːt dʒˈɛn sˈaɜw.",sentence,BBE614E05AD0A815D688C3F4B44F691E32398694BF574A75E1012775F7936351
danhgia_tts_02.txt,danhgia_tts_02-011,Văn bản 11,danhgia_tts_02-011-c002,2,"Xiaomi đã giới thiệu dòng điện thoại Pro 18 tại Snapdragon Summit ở Hawaii, trong đó 18 Pro Max chạy phiên bản cao cấp hơn của chip Qualcomm Snapdragon 8 Elite Gen 6. Điểm nổi bật là màn hình tập trung vào quyền riêng tư, tương tự công nghệ của Samsung, cho phép bật theo ứng dụng, chặn thông báo, chế độ chia màn hình và cửa sổ nổi khi nhìn từ góc xiên, có kích hoạt theo vị trí và phát hiện người nhìn qua camera trước. Màn hình chính là LTPO AMOLED 2K, biến thiên 1-120Hz, độ sáng đỉnh 4.000 nits; 18 Pro có màn 6,4 inch, 18 Pro Max 6,9 inch, kèm màn hình phụ phía sau, cụm camera 200MP + 200MP + 50MP, pin 7.000mAh và 8.500mAh, sạc 100W có dây, 50W không dây và 27W sạc ngược. Giá khởi điểm 5.999 nhân dân tệ ($894) cho 18 Pro và 6.999 nhân dân tệ ($1.043) cho 18 Pro Max; Xiaomi dự kiến ra mắt toàn cầu vào cuối năm nay.","xiaomi đã giới thiệu dòng điện thoại pro mười tám tại snapdragon summit ở hawaii, trong đó mười tám pro max chạy phiên bản cao cấp hơn của chip qualcomm snapdragon tám elite gen sáu. điểm nổi bật là màn hình tập trung vào quyền riêng tư, tương tự công nghệ của samsung, cho phép bật theo ứng dụng, chặn thông báo, chế độ chia màn hình và cửa sổ nổi khi nhìn từ góc xiên, có kích hoạt theo vị trí và phát hiện người nhìn qua camera trước. màn hình chính là lờ tê phê ô a mờ ô lờ e đê hai ca, biến thiên một một trăm hai mươi héc, độ sáng đỉnh bốn nghìn nits, mười tám pro có màn sáu phẩy bốn inch, mười tám pro max sáu phẩy chín inch, kèm màn hình phụ phía sau, cụm camera hai trăm mp cộng hai trăm mp cộng năm mươi mp, pin bảy nghìn mi li am pe giờ và tám nghìn năm trăm mi li am pe giờ, sạc một trăm oát có dây, năm mươi oát không dây và hai mươi bảy oát sạc ngược. giá khởi điểm năm nghìn chín trăm chín mươi chín nhân dân tệ, tám trăm chín mươi bốn <en>u s d</en>, cho mười tám pro và sáu nghìn chín trăm chín mươi chín nhân dân tệ, một nghìn không trăm bốn mươi ba <en>u s d</en>, cho mười tám pro max, xiaomi dự kiến ra mắt toàn cầu vào cuối năm nay.",,"điểm nổi bật là màn hình tập trung vào quyền riêng tư, tương tự công nghệ của samsung, cho phép bật theo ứng dụng, chặn thông báo, chế độ chia màn hình và cửa sổ nổi khi nhìn từ góc xiên, có kích hoạt theo vị trí và phát hiện người nhìn qua camera trước.","điểm nổi bật là màn hình tập trung vào quyền riêng tư, tương tự công nghệ của samsung, cho phép bật theo ứng dụng, chặn thông báo, chế độ chia màn hình và cửa sổ nổi khi nhìn từ góc xiên, có kích hoạt theo vị trí và phát hiện người nhìn qua camera trước.",True,"ɗˈiɛ4m nˈo4j bˈə6t̪ lˌaː2 mˈaː2n hˈi2ɲ t̪ˈə6p tʃˈuŋ vˈaː2w kwˈiɛ2n ɹˈiɛŋ t̪ˈy, t̪ˈyəŋ t̪ˈy6 kˈoŋ ŋˈe6 kˌuə4 sˈæmsʌŋ, tʃˌɔ fˈɛɜp bˈə6t̪ tˈɛw ˈyɜŋ zˈu6ŋ, tʃˈa6n tˈoŋ bˈaːɜw, tʃˈeɜ ɗˈo6 tʃˈiə mˈaː2n hˈi2ɲ vˌaː2 kˈyə4 sˈo4 nˈo4j xˌi ɲˈi2n t̪ˌy2 ɣˈɔɜk sˈiɛn, kˈɔɜ kˈiɜc hwˈaː6t̪ tˈɛw vˈi6 tʃˈiɜ vˌaː2 fˈaːɜt̪ hˈiɛ6n ŋˈyə2j ɲˈi2n kwˈaː kˈæmɹə tʃˈyəɜc.","ɗˈiɛ4m nˈo4j bˈə6t̪ lˌaː2 mˈaː2n hˈi2ɲ t̪ˈə6p tʃˈuŋ vˈaː2w kwˈiɛ2n ɹˈiɛŋ t̪ˈy, t̪ˈyəŋ t̪ˈy6 kˈoŋ ŋˈe6 kˌuə4 sˈæmsʌŋ, tʃˌɔ fˈɛɜp bˈə6t̪ tˈɛw ˈyɜŋ zˈu6ŋ, tʃˈa6n tˈoŋ bˈaːɜw, tʃˈeɜ ɗˈo6 tʃˈiə mˈaː2n hˈi2ɲ vˌaː2 kˈyə4 sˈo4 nˈo4j xˌi ɲˈi2n t̪ˌy2 ɣˈɔɜk sˈiɛn, kˈɔɜ kˈiɜc hwˈaː6t̪ tˈɛw vˈi6 tʃˈiɜ vˌaː2 fˈaːɜt̪ hˈiɛ6n ŋˈyə2j ɲˈi2n kwˈaː kˈæmɹə tʃˈyəɜc.",sentence,BBE614E05AD0A815D688C3F4B44F691E32398694BF574A75E1012775F7936351
danhgia_tts_02.txt,danhgia_tts_02-011,Văn bản 11,danhgia_tts_02-011-c003,3,"Xiaomi đã giới thiệu dòng điện thoại Pro 18 tại Snapdragon Summit ở Hawaii, trong đó 18 Pro Max chạy phiên bản cao cấp hơn của chip Qualcomm Snapdragon 8 Elite Gen 6. Điểm nổi bật là màn hình tập trung vào quyền riêng tư, tương tự công nghệ của Samsung, cho phép bật theo ứng dụng, chặn thông báo, chế độ chia màn hình và cửa sổ nổi khi nhìn từ góc xiên, có kích hoạt theo vị trí và phát hiện người nhìn qua camera trước. Màn hình chính là LTPO AMOLED 2K, biến thiên 1-120Hz, độ sáng đỉnh 4.000 nits; 18 Pro có màn 6,4 inch, 18 Pro Max 6,9 inch, kèm màn hình phụ phía sau, cụm camera 200MP + 200MP + 50MP, pin 7.000mAh và 8.500mAh, sạc 100W có dây, 50W không dây và 27W sạc ngược. Giá khởi điểm 5.999 nhân dân tệ ($894) cho 18 Pro và 6.999 nhân dân tệ ($1.043) cho 18 Pro Max; Xiaomi dự kiến ra mắt toàn cầu vào cuối năm nay.","xiaomi đã giới thiệu dòng điện thoại pro mười tám tại snapdragon summit ở hawaii, trong đó mười tám pro max chạy phiên bản cao cấp hơn của chip qualcomm snapdragon tám elite gen sáu. điểm nổi bật là màn hình tập trung vào quyền riêng tư, tương tự công nghệ của samsung, cho phép bật theo ứng dụng, chặn thông báo, chế độ chia màn hình và cửa sổ nổi khi nhìn từ góc xiên, có kích hoạt theo vị trí và phát hiện người nhìn qua camera trước. màn hình chính là lờ tê phê ô a mờ ô lờ e đê hai ca, biến thiên một một trăm hai mươi héc, độ sáng đỉnh bốn nghìn nits, mười tám pro có màn sáu phẩy bốn inch, mười tám pro max sáu phẩy chín inch, kèm màn hình phụ phía sau, cụm camera hai trăm mp cộng hai trăm mp cộng năm mươi mp, pin bảy nghìn mi li am pe giờ và tám nghìn năm trăm mi li am pe giờ, sạc một trăm oát có dây, năm mươi oát không dây và hai mươi bảy oát sạc ngược. giá khởi điểm năm nghìn chín trăm chín mươi chín nhân dân tệ, tám trăm chín mươi bốn <en>u s d</en>, cho mười tám pro và sáu nghìn chín trăm chín mươi chín nhân dân tệ, một nghìn không trăm bốn mươi ba <en>u s d</en>, cho mười tám pro max, xiaomi dự kiến ra mắt toàn cầu vào cuối năm nay.",,"màn hình chính là lờ tê phê ô a mờ ô lờ e đê hai ca, biến thiên một một trăm hai mươi héc, độ sáng đỉnh bốn nghìn nits, mười tám pro có màn sáu phẩy bốn inch, mười tám pro max sáu phẩy chín inch, kèm màn hình phụ phía sau,","màn hình chính là lờ tê phê ô a mờ ô lờ e đê hai ca, biến thiên một một trăm hai mươi héc, độ sáng đỉnh bốn nghìn nits, mười tám pro có màn sáu phẩy bốn inch, mười tám pro max sáu phẩy chín inch, kèm màn hình phụ phía sau.",False,"mˈaː2n hˈi2ɲ tʃˈiɜɲ lˌaː2 lˈəː2 t̪ˈe fˈe ˈo ˈaː mˈəː2 ˈo lˈəː2 ˈɛ ɗˈe hˈaːj kˈaː, bˈiɛɜn tˈiɛn mˈo6t̪ mˈo6t̪ tʃˈam hˈaːj mˈyəj hˈɛɜc, ɗˈo6 sˈaːɜŋ ɗˈi4ɲ bˈoɜn ŋˈi2n nˈɪts, mˈyə2j t̪ˈaːɜm pɹˈoʊ kˈɔɜ mˈaː2n sˈaɜw fˈəɪ4 bˈoɜn ˈɪntʃ, mˈyə2j t̪ˈaːɜm pɹˈoʊ mˈæks sˈaɜw fˈəɪ4 tʃˈiɜn ˈɪntʃ, kˈɛ2m mˈaː2n hˈi2ɲ fˈu6 fˈiəɜ sˈaw.","mˈaː2n hˈi2ɲ tʃˈiɜɲ lˌaː2 lˈəː2 t̪ˈe fˈe ˈo ˈaː mˈəː2 ˈo lˈəː2 ˈɛ ɗˈe hˈaːj kˈaː, bˈiɛɜn tˈiɛn mˈo6t̪ mˈo6t̪ tʃˈam hˈaːj mˈyəj hˈɛɜc, ɗˈo6 sˈaːɜŋ ɗˈi4ɲ bˈoɜn ŋˈi2n nˈɪts, mˈyə2j t̪ˈaːɜm pɹˈoʊ kˈɔɜ mˈaː2n sˈaɜw fˈəɪ4 bˈoɜn ˈɪntʃ, mˈyə2j t̪ˈaːɜm pɹˈoʊ mˈæks sˈaɜw fˈəɪ4 tʃˈiɜn ˈɪntʃ, kˈɛ2m mˈaː2n hˈi2ɲ fˈu6 fˈiəɜ sˈaw,",minor,BBE614E05AD0A815D688C3F4B44F691E32398694BF574A75E1012775F7936351
danhgia_tts_02.txt,danhgia_tts_02-011,Văn bản 11,danhgia_tts_02-011-c004,4,"Xiaomi đã giới thiệu dòng điện thoại Pro 18 tại Snapdragon Summit ở Hawaii, trong đó 18 Pro Max chạy phiên bản cao cấp hơn của chip Qualcomm Snapdragon 8 Elite Gen 6. Điểm nổi bật là màn hình tập trung vào quyền riêng tư, tương tự công nghệ của Samsung, cho phép bật theo ứng dụng, chặn thông báo, chế độ chia màn hình và cửa sổ nổi khi nhìn từ góc xiên, có kích hoạt theo vị trí và phát hiện người nhìn qua camera trước. Màn hình chính là LTPO AMOLED 2K, biến thiên 1-120Hz, độ sáng đỉnh 4.000 nits; 18 Pro có màn 6,4 inch, 18 Pro Max 6,9 inch, kèm màn hình phụ phía sau, cụm camera 200MP + 200MP + 50MP, pin 7.000mAh và 8.500mAh, sạc 100W có dây, 50W không dây và 27W sạc ngược. Giá khởi điểm 5.999 nhân dân tệ ($894) cho 18 Pro và 6.999 nhân dân tệ ($1.043) cho 18 Pro Max; Xiaomi dự kiến ra mắt toàn cầu vào cuối năm nay.","xiaomi đã giới thiệu dòng điện thoại pro mười tám tại snapdragon summit ở hawaii, trong đó mười tám pro max chạy phiên bản cao cấp hơn của chip qualcomm snapdragon tám elite gen sáu. điểm nổi bật là màn hình tập trung vào quyền riêng tư, tương tự công nghệ của samsung, cho phép bật theo ứng dụng, chặn thông báo, chế độ chia màn hình và cửa sổ nổi khi nhìn từ góc xiên, có kích hoạt theo vị trí và phát hiện người nhìn qua camera trước. màn hình chính là lờ tê phê ô a mờ ô lờ e đê hai ca, biến thiên một một trăm hai mươi héc, độ sáng đỉnh bốn nghìn nits, mười tám pro có màn sáu phẩy bốn inch, mười tám pro max sáu phẩy chín inch, kèm màn hình phụ phía sau, cụm camera hai trăm mp cộng hai trăm mp cộng năm mươi mp, pin bảy nghìn mi li am pe giờ và tám nghìn năm trăm mi li am pe giờ, sạc một trăm oát có dây, năm mươi oát không dây và hai mươi bảy oát sạc ngược. giá khởi điểm năm nghìn chín trăm chín mươi chín nhân dân tệ, tám trăm chín mươi bốn <en>u s d</en>, cho mười tám pro và sáu nghìn chín trăm chín mươi chín nhân dân tệ, một nghìn không trăm bốn mươi ba <en>u s d</en>, cho mười tám pro max, xiaomi dự kiến ra mắt toàn cầu vào cuối năm nay.",,"cụm camera hai trăm mp cộng hai trăm mp cộng năm mươi mp, pin bảy nghìn mi li am pe giờ và tám nghìn năm trăm mi li am pe giờ, sạc một trăm oát có dây, năm mươi oát không dây và hai mươi bảy oát sạc ngược.","cụm camera hai trăm mp cộng hai trăm mp cộng năm mươi mp, pin bảy nghìn mi li am pe giờ và tám nghìn năm trăm mi li am pe giờ, sạc một trăm oát có dây, năm mươi oát không dây và hai mươi bảy oát sạc ngược.",True,"kˈu6m kˈæmɹə hˈaːj tʃˈam ˌɛmpˈiː kˈo6ŋ hˈaːj tʃˈam ˌɛmpˈiː kˈo6ŋ nˈam mˈyəj ˌɛmpˈiː, pˈɪn bˈa4j ŋˈi2n mˈi lˈi ˈaːm pˈɛ zˈəː2 vˌaː2 t̪ˈaːɜm ŋˈi2n nˈam tʃˈam mˈi lˈi ˈaːm pˈɛ zˈəː2, sˈaː6c mˈo6t̪ tʃˈam wˈaːɜt̪ kˈɔɜ zˈəɪ, nˈam mˈyəj wˈaːɜt̪ xˌoŋ zˈəɪ vˌaː2 hˈaːj mˈyəj bˈa4j wˈaːɜt̪ sˈaː6c ŋˈyə6c.","kˈu6m kˈæmɹə hˈaːj tʃˈam ˌɛmpˈiː kˈo6ŋ hˈaːj tʃˈam ˌɛmpˈiː kˈo6ŋ nˈam mˈyəj ˌɛmpˈiː, pˈɪn bˈa4j ŋˈi2n mˈi lˈi ˈaːm pˈɛ zˈəː2 vˌaː2 t̪ˈaːɜm ŋˈi2n nˈam tʃˈam mˈi lˈi ˈaːm pˈɛ zˈəː2, sˈaː6c mˈo6t̪ tʃˈam wˈaːɜt̪ kˈɔɜ zˈəɪ, nˈam mˈyəj wˈaːɜt̪ xˌoŋ zˈəɪ vˌaː2 hˈaːj mˈyəj bˈa4j wˈaːɜt̪ sˈaː6c ŋˈyə6c.",sentence,BBE614E05AD0A815D688C3F4B44F691E32398694BF574A75E1012775F7936351
danhgia_tts_02.txt,danhgia_tts_02-011,Văn bản 11,danhgia_tts_02-011-c005,5,"Xiaomi đã giới thiệu dòng điện thoại Pro 18 tại Snapdragon Summit ở Hawaii, trong đó 18 Pro Max chạy phiên bản cao cấp hơn của chip Qualcomm Snapdragon 8 Elite Gen 6. Điểm nổi bật là màn hình tập trung vào quyền riêng tư, tương tự công nghệ của Samsung, cho phép bật theo ứng dụng, chặn thông báo, chế độ chia màn hình và cửa sổ nổi khi nhìn từ góc xiên, có kích hoạt theo vị trí và phát hiện người nhìn qua camera trước. Màn hình chính là LTPO AMOLED 2K, biến thiên 1-120Hz, độ sáng đỉnh 4.000 nits; 18 Pro có màn 6,4 inch, 18 Pro Max 6,9 inch, kèm màn hình phụ phía sau, cụm camera 200MP + 200MP + 50MP, pin 7.000mAh và 8.500mAh, sạc 100W có dây, 50W không dây và 27W sạc ngược. Giá khởi điểm 5.999 nhân dân tệ ($894) cho 18 Pro và 6.999 nhân dân tệ ($1.043) cho 18 Pro Max; Xiaomi dự kiến ra mắt toàn cầu vào cuối năm nay.","xiaomi đã giới thiệu dòng điện thoại pro mười tám tại snapdragon summit ở hawaii, trong đó mười tám pro max chạy phiên bản cao cấp hơn của chip qualcomm snapdragon tám elite gen sáu. điểm nổi bật là màn hình tập trung vào quyền riêng tư, tương tự công nghệ của samsung, cho phép bật theo ứng dụng, chặn thông báo, chế độ chia màn hình và cửa sổ nổi khi nhìn từ góc xiên, có kích hoạt theo vị trí và phát hiện người nhìn qua camera trước. màn hình chính là lờ tê phê ô a mờ ô lờ e đê hai ca, biến thiên một một trăm hai mươi héc, độ sáng đỉnh bốn nghìn nits, mười tám pro có màn sáu phẩy bốn inch, mười tám pro max sáu phẩy chín inch, kèm màn hình phụ phía sau, cụm camera hai trăm mp cộng hai trăm mp cộng năm mươi mp, pin bảy nghìn mi li am pe giờ và tám nghìn năm trăm mi li am pe giờ, sạc một trăm oát có dây, năm mươi oát không dây và hai mươi bảy oát sạc ngược. giá khởi điểm năm nghìn chín trăm chín mươi chín nhân dân tệ, tám trăm chín mươi bốn <en>u s d</en>, cho mười tám pro và sáu nghìn chín trăm chín mươi chín nhân dân tệ, một nghìn không trăm bốn mươi ba <en>u s d</en>, cho mười tám pro max, xiaomi dự kiến ra mắt toàn cầu vào cuối năm nay.",,"giá khởi điểm năm nghìn chín trăm chín mươi chín nhân dân tệ, tám trăm chín mươi bốn <en>u s d</en>, cho mười tám pro và sáu nghìn chín trăm chín mươi chín nhân dân tệ, một nghìn không trăm bốn mươi ba <en>u s d</en>, cho mười tám pro max,","giá khởi điểm năm nghìn chín trăm chín mươi chín nhân dân tệ, tám trăm chín mươi bốn <en>u s d</en>, cho mười tám pro và sáu nghìn chín trăm chín mươi chín nhân dân tệ, một nghìn không trăm bốn mươi ba <en>u s d</en>, cho mười tám pro max.",False,"zˈaːɜ xˈəː4j ɗˈiɛ4m nˈam ŋˈi2n tʃˈiɜn tʃˈam tʃˈiɜn mˈyəj tʃˈiɜn ɲˈən zˈən t̪ˈe6, t̪ˈaːɜm tʃˈam tʃˈiɜn mˈyəj bˈoɜn jˈuː ˈɛs dˈiː, tʃˌɔ mˈyə2j t̪ˈaːɜm pɹˈoʊ vˌaː2 sˈaɜw ŋˈi2n tʃˈiɜn tʃˈam tʃˈiɜn mˈyəj tʃˈiɜn ɲˈən zˈən t̪ˈe6, mˈo6t̪ ŋˈi2n xˌoŋ tʃˈam bˈoɜn mˈyəj bˈaː jˈuː ˈɛs dˈiː, tʃˌɔ mˈyə2j t̪ˈaːɜm pɹˈoʊ mˈæks.","zˈaːɜ xˈəː4j ɗˈiɛ4m nˈam ŋˈi2n tʃˈiɜn tʃˈam tʃˈiɜn mˈyəj tʃˈiɜn ɲˈən zˈən t̪ˈe6, t̪ˈaːɜm tʃˈam tʃˈiɜn mˈyəj bˈoɜn jˈuː ˈɛs dˈiː, tʃˌɔ mˈyə2j t̪ˈaːɜm pɹˈoʊ vˌaː2 sˈaɜw ŋˈi2n tʃˈiɜn tʃˈam tʃˈiɜn mˈyəj tʃˈiɜn ɲˈən zˈən t̪ˈe6, mˈo6t̪ ŋˈi2n xˌoŋ tʃˈam bˈoɜn mˈyəj bˈaː jˈuː ˈɛs dˈiː, tʃˌɔ mˈyə2j t̪ˈaːɜm pɹˈoʊ mˈæks,",minor,BBE614E05AD0A815D688C3F4B44F691E32398694BF574A75E1012775F7936351
danhgia_tts_02.txt,danhgia_tts_02-011,Văn bản 11,danhgia_tts_02-011-c006,6,"Xiaomi đã giới thiệu dòng điện thoại Pro 18 tại Snapdragon Summit ở Hawaii, trong đó 18 Pro Max chạy phiên bản cao cấp hơn của chip Qualcomm Snapdragon 8 Elite Gen 6. Điểm nổi bật là màn hình tập trung vào quyền riêng tư, tương tự công nghệ của Samsung, cho phép bật theo ứng dụng, chặn thông báo, chế độ chia màn hình và cửa sổ nổi khi nhìn từ góc xiên, có kích hoạt theo vị trí và phát hiện người nhìn qua camera trước. Màn hình chính là LTPO AMOLED 2K, biến thiên 1-120Hz, độ sáng đỉnh 4.000 nits; 18 Pro có màn 6,4 inch, 18 Pro Max 6,9 inch, kèm màn hình phụ phía sau, cụm camera 200MP + 200MP + 50MP, pin 7.000mAh và 8.500mAh, sạc 100W có dây, 50W không dây và 27W sạc ngược. Giá khởi điểm 5.999 nhân dân tệ ($894) cho 18 Pro và 6.999 nhân dân tệ ($1.043) cho 18 Pro Max; Xiaomi dự kiến ra mắt toàn cầu vào cuối năm nay.","xiaomi đã giới thiệu dòng điện thoại pro mười tám tại snapdragon summit ở hawaii, trong đó mười tám pro max chạy phiên bản cao cấp hơn của chip qualcomm snapdragon tám elite gen sáu. điểm nổi bật là màn hình tập trung vào quyền riêng tư, tương tự công nghệ của samsung, cho phép bật theo ứng dụng, chặn thông báo, chế độ chia màn hình và cửa sổ nổi khi nhìn từ góc xiên, có kích hoạt theo vị trí và phát hiện người nhìn qua camera trước. màn hình chính là lờ tê phê ô a mờ ô lờ e đê hai ca, biến thiên một một trăm hai mươi héc, độ sáng đỉnh bốn nghìn nits, mười tám pro có màn sáu phẩy bốn inch, mười tám pro max sáu phẩy chín inch, kèm màn hình phụ phía sau, cụm camera hai trăm mp cộng hai trăm mp cộng năm mươi mp, pin bảy nghìn mi li am pe giờ và tám nghìn năm trăm mi li am pe giờ, sạc một trăm oát có dây, năm mươi oát không dây và hai mươi bảy oát sạc ngược. giá khởi điểm năm nghìn chín trăm chín mươi chín nhân dân tệ, tám trăm chín mươi bốn <en>u s d</en>, cho mười tám pro và sáu nghìn chín trăm chín mươi chín nhân dân tệ, một nghìn không trăm bốn mươi ba <en>u s d</en>, cho mười tám pro max, xiaomi dự kiến ra mắt toàn cầu vào cuối năm nay.",,xiaomi dự kiến ra mắt toàn cầu vào cuối năm nay.,xiaomi dự kiến ra mắt toàn cầu vào cuối năm nay.,True,zˌaɪəˈoʊmi zˈy6 kˈiɛɜn ɹˈaː mˈaɜt̪ t̪wˈaː2n kˈə2w vˈaː2w kˈuəɜj nˈam nˈaj.,zˌaɪəˈoʊmi zˈy6 kˈiɛɜn ɹˈaː mˈaɜt̪ t̪wˈaː2n kˈə2w vˈaː2w kˈuəɜj nˈam nˈaj.,,BBE614E05AD0A815D688C3F4B44F691E32398694BF574A75E1012775F7936351
danhgia_tts_02.txt,danhgia_tts_02-012,Văn bản 12,danhgia_tts_02-012-c001,1,"Vương Hỗ Ninh, Ủy viên Bộ Chính trị Ban Chấp hành Trung ương Đảng Cộng sản Trung Quốc và Chủ tịch Ủy ban Toàn quốc Hội nghị Hiệp thương Chính trị Nhân dân Trung Quốc, chủ trì và phát biểu tại cuộc họp Hội đồng Chủ tịch lần thứ 56 của Ủy ban Toàn quốc Hội nghị Hiệp thương Chính trị Nhân dân Trung Quốc khóa 14 ở Bắc Kinh ngày 24 tháng 9 năm 2026. Ông kêu gọi các ủy viên thực hiện trách nhiệm và phát huy vai trò theo các nhiệm vụ trung tâm của Đảng và nhà nước, tư vấn về mở rộng và tăng cường sản xuất tiên tiến, nâng cao tự chủ chuỗi công nghiệp và phát triển cụm sản xuất tiên tiến. Ông cũng yêu cầu tiến hành nghiên cứu và đề xuất chính sách về phát triển nông nghiệp và hiện đại hóa nông thôn, tập hợp trí tuệ về giáo dục đáp ứng kỳ vọng và thúc đẩy phát triển tích hợp giáo dục, khoa học công nghệ và nhân tài. Cuộc họp đã xem xét và thông qua dự thảo chương trình và thời gian cho kỳ họp thứ 19 của Ủy ban Thường vụ Ủy ban Toàn quốc khóa 14, dự kiến tổ chức vào đầu tháng 11.","vương hỗ ninh, ủy viên bộ chính trị ban chấp hành trung ương đảng cộng sản trung quốc và chủ tịch ủy ban toàn quốc hội nghị hiệp thương chính trị nhân dân trung quốc, chủ trì và phát biểu tại cuộc họp hội đồng chủ tịch lần thứ năm mươi sáu của ủy ban toàn quốc hội nghị hiệp thương chính trị nhân dân trung quốc khóa mười bốn ở bắc kinh ngày hai mươi bốn tháng chín năm hai nghìn không trăm hai mươi sáu. ông kêu gọi các ủy viên thực hiện trách nhiệm và phát huy vai trò theo các nhiệm vụ trung tâm của đảng và nhà nước, tư vấn về mở rộng và tăng cường sản xuất tiên tiến, nâng cao tự chủ chuỗi công nghiệp và phát triển cụm sản xuất tiên tiến. ông cũng yêu cầu tiến hành nghiên cứu và đề xuất chính sách về phát triển nông nghiệp và hiện đại hóa nông thôn, tập hợp trí tuệ về giáo dục đáp ứng kỳ vọng và thúc đẩy phát triển tích hợp giáo dục, khoa học công nghệ và nhân tài. cuộc họp đã xem xét và thông qua dự thảo chương trình và thời gian cho kỳ họp thứ mười chín của ủy ban thường vụ ủy ban toàn quốc khóa mười bốn, dự kiến tổ chức vào đầu tháng mười một.",,"vương hỗ ninh, ủy viên bộ chính trị ban chấp hành trung ương đảng cộng sản trung quốc và chủ tịch ủy ban toàn quốc hội nghị hiệp thương chính trị nhân dân trung quốc,","vương hỗ ninh, ủy viên bộ chính trị ban chấp hành trung ương đảng cộng sản trung quốc và chủ tịch ủy ban toàn quốc hội nghị hiệp thương chính trị nhân dân trung quốc.",False,"vˈyəŋ hˈo5 nˈiɲ, wˈi4 vˈiɛn bˈo6 tʃˈiɜɲ tʃˈi6 bˈaːn tʃˈəɜp hˈe-2ɲ tʃˈuŋ ˈyəŋ ɗˈaː4ŋ kˈo6ŋ sˈaː4n tʃˈuŋ kˈuəɜc vˌaː2 tʃˈu4 t̪ˈi6c wˈi4 bˈaːn t̪wˈaː2n kˈuəɜc hˈo6j ŋˈi6 hˈiɛ6p tˈyəŋ tʃˈiɜɲ tʃˈi6 ɲˈən zˈən tʃˈuŋ kˈuəɜc.","vˈyəŋ hˈo5 nˈiɲ, wˈi4 vˈiɛn bˈo6 tʃˈiɜɲ tʃˈi6 bˈaːn tʃˈəɜp hˈe-2ɲ tʃˈuŋ ˈyəŋ ɗˈaː4ŋ kˈo6ŋ sˈaː4n tʃˈuŋ kˈuəɜc vˌaː2 tʃˈu4 t̪ˈi6c wˈi4 bˈaːn t̪wˈaː2n kˈuəɜc hˈo6j ŋˈi6 hˈiɛ6p tˈyəŋ tʃˈiɜɲ tʃˈi6 ɲˈən zˈən tʃˈuŋ kˈuəɜc,",minor,BBE614E05AD0A815D688C3F4B44F691E32398694BF574A75E1012775F7936351
danhgia_tts_02.txt,danhgia_tts_02-012,Văn bản 12,danhgia_tts_02-012-c002,2,"Vương Hỗ Ninh, Ủy viên Bộ Chính trị Ban Chấp hành Trung ương Đảng Cộng sản Trung Quốc và Chủ tịch Ủy ban Toàn quốc Hội nghị Hiệp thương Chính trị Nhân dân Trung Quốc, chủ trì và phát biểu tại cuộc họp Hội đồng Chủ tịch lần thứ 56 của Ủy ban Toàn quốc Hội nghị Hiệp thương Chính trị Nhân dân Trung Quốc khóa 14 ở Bắc Kinh ngày 24 tháng 9 năm 2026. Ông kêu gọi các ủy viên thực hiện trách nhiệm và phát huy vai trò theo các nhiệm vụ trung tâm của Đảng và nhà nước, tư vấn về mở rộng và tăng cường sản xuất tiên tiến, nâng cao tự chủ chuỗi công nghiệp và phát triển cụm sản xuất tiên tiến. Ông cũng yêu cầu tiến hành nghiên cứu và đề xuất chính sách về phát triển nông nghiệp và hiện đại hóa nông thôn, tập hợp trí tuệ về giáo dục đáp ứng kỳ vọng và thúc đẩy phát triển tích hợp giáo dục, khoa học công nghệ và nhân tài. Cuộc họp đã xem xét và thông qua dự thảo chương trình và thời gian cho kỳ họp thứ 19 của Ủy ban Thường vụ Ủy ban Toàn quốc khóa 14, dự kiến tổ chức vào đầu tháng 11.","vương hỗ ninh, ủy viên bộ chính trị ban chấp hành trung ương đảng cộng sản trung quốc và chủ tịch ủy ban toàn quốc hội nghị hiệp thương chính trị nhân dân trung quốc, chủ trì và phát biểu tại cuộc họp hội đồng chủ tịch lần thứ năm mươi sáu của ủy ban toàn quốc hội nghị hiệp thương chính trị nhân dân trung quốc khóa mười bốn ở bắc kinh ngày hai mươi bốn tháng chín năm hai nghìn không trăm hai mươi sáu. ông kêu gọi các ủy viên thực hiện trách nhiệm và phát huy vai trò theo các nhiệm vụ trung tâm của đảng và nhà nước, tư vấn về mở rộng và tăng cường sản xuất tiên tiến, nâng cao tự chủ chuỗi công nghiệp và phát triển cụm sản xuất tiên tiến. ông cũng yêu cầu tiến hành nghiên cứu và đề xuất chính sách về phát triển nông nghiệp và hiện đại hóa nông thôn, tập hợp trí tuệ về giáo dục đáp ứng kỳ vọng và thúc đẩy phát triển tích hợp giáo dục, khoa học công nghệ và nhân tài. cuộc họp đã xem xét và thông qua dự thảo chương trình và thời gian cho kỳ họp thứ mười chín của ủy ban thường vụ ủy ban toàn quốc khóa mười bốn, dự kiến tổ chức vào đầu tháng mười một.",,chủ trì và phát biểu tại cuộc họp hội đồng chủ tịch lần thứ năm mươi sáu của ủy ban toàn quốc hội nghị hiệp thương chính trị nhân dân trung quốc khóa mười bốn ở bắc kinh ngày hai mươi bốn tháng chín năm hai nghìn không trăm hai mươi sáu.,chủ trì và phát biểu tại cuộc họp hội đồng chủ tịch lần thứ năm mươi sáu của ủy ban toàn quốc hội nghị hiệp thương chính trị nhân dân trung quốc khóa mười bốn ở bắc kinh ngày hai mươi bốn tháng chín năm hai nghìn không trăm hai mươi sáu.,True,tʃˈu4 tʃˈi2 vˌaː2 fˈaːɜt̪ bˈiɛ4w t̪ˈaː6j kˈuə6c hˈɔ6p hˈo6j ɗˈo2ŋ tʃˈu4 t̪ˈi6c lˈə2n tˈyɜ nˈam mˈyəj sˈaɜw kˌuə4 wˈi4 bˈaːn t̪wˈaː2n kˈuəɜc hˈo6j ŋˈi6 hˈiɛ6p tˈyəŋ tʃˈiɜɲ tʃˈi6 ɲˈən zˈən tʃˈuŋ kˈuəɜc xwˈaːɜ mˈyə2j bˈoɜn ˈəː4 bˈaɜc kˈiɲ ŋˈa2j hˈaːj mˈyəj bˈoɜn tˈaːɜŋ tʃˈiɜn nˈam hˈaːj ŋˈi2n xˌoŋ tʃˈam hˈaːj mˈyəj sˈaɜw.,tʃˈu4 tʃˈi2 vˌaː2 fˈaːɜt̪ bˈiɛ4w t̪ˈaː6j kˈuə6c hˈɔ6p hˈo6j ɗˈo2ŋ tʃˈu4 t̪ˈi6c lˈə2n tˈyɜ nˈam mˈyəj sˈaɜw kˌuə4 wˈi4 bˈaːn t̪wˈaː2n kˈuəɜc hˈo6j ŋˈi6 hˈiɛ6p tˈyəŋ tʃˈiɜɲ tʃˈi6 ɲˈən zˈən tʃˈuŋ kˈuəɜc xwˈaːɜ mˈyə2j bˈoɜn ˈəː4 bˈaɜc kˈiɲ ŋˈa2j hˈaːj mˈyəj bˈoɜn tˈaːɜŋ tʃˈiɜn nˈam hˈaːj ŋˈi2n xˌoŋ tʃˈam hˈaːj mˈyəj sˈaɜw.,sentence,BBE614E05AD0A815D688C3F4B44F691E32398694BF574A75E1012775F7936351
danhgia_tts_02.txt,danhgia_tts_02-012,Văn bản 12,danhgia_tts_02-012-c003,3,"Vương Hỗ Ninh, Ủy viên Bộ Chính trị Ban Chấp hành Trung ương Đảng Cộng sản Trung Quốc và Chủ tịch Ủy ban Toàn quốc Hội nghị Hiệp thương Chính trị Nhân dân Trung Quốc, chủ trì và phát biểu tại cuộc họp Hội đồng Chủ tịch lần thứ 56 của Ủy ban Toàn quốc Hội nghị Hiệp thương Chính trị Nhân dân Trung Quốc khóa 14 ở Bắc Kinh ngày 24 tháng 9 năm 2026. Ông kêu gọi các ủy viên thực hiện trách nhiệm và phát huy vai trò theo các nhiệm vụ trung tâm của Đảng và nhà nước, tư vấn về mở rộng và tăng cường sản xuất tiên tiến, nâng cao tự chủ chuỗi công nghiệp và phát triển cụm sản xuất tiên tiến. Ông cũng yêu cầu tiến hành nghiên cứu và đề xuất chính sách về phát triển nông nghiệp và hiện đại hóa nông thôn, tập hợp trí tuệ về giáo dục đáp ứng kỳ vọng và thúc đẩy phát triển tích hợp giáo dục, khoa học công nghệ và nhân tài. Cuộc họp đã xem xét và thông qua dự thảo chương trình và thời gian cho kỳ họp thứ 19 của Ủy ban Thường vụ Ủy ban Toàn quốc khóa 14, dự kiến tổ chức vào đầu tháng 11.","vương hỗ ninh, ủy viên bộ chính trị ban chấp hành trung ương đảng cộng sản trung quốc và chủ tịch ủy ban toàn quốc hội nghị hiệp thương chính trị nhân dân trung quốc, chủ trì và phát biểu tại cuộc họp hội đồng chủ tịch lần thứ năm mươi sáu của ủy ban toàn quốc hội nghị hiệp thương chính trị nhân dân trung quốc khóa mười bốn ở bắc kinh ngày hai mươi bốn tháng chín năm hai nghìn không trăm hai mươi sáu. ông kêu gọi các ủy viên thực hiện trách nhiệm và phát huy vai trò theo các nhiệm vụ trung tâm của đảng và nhà nước, tư vấn về mở rộng và tăng cường sản xuất tiên tiến, nâng cao tự chủ chuỗi công nghiệp và phát triển cụm sản xuất tiên tiến. ông cũng yêu cầu tiến hành nghiên cứu và đề xuất chính sách về phát triển nông nghiệp và hiện đại hóa nông thôn, tập hợp trí tuệ về giáo dục đáp ứng kỳ vọng và thúc đẩy phát triển tích hợp giáo dục, khoa học công nghệ và nhân tài. cuộc họp đã xem xét và thông qua dự thảo chương trình và thời gian cho kỳ họp thứ mười chín của ủy ban thường vụ ủy ban toàn quốc khóa mười bốn, dự kiến tổ chức vào đầu tháng mười một.",,"ông kêu gọi các ủy viên thực hiện trách nhiệm và phát huy vai trò theo các nhiệm vụ trung tâm của đảng và nhà nước, tư vấn về mở rộng và tăng cường sản xuất tiên tiến, nâng cao tự chủ chuỗi công nghiệp và phát triển cụm sản xuất tiên tiến.","ông kêu gọi các ủy viên thực hiện trách nhiệm và phát huy vai trò theo các nhiệm vụ trung tâm của đảng và nhà nước, tư vấn về mở rộng và tăng cường sản xuất tiên tiến, nâng cao tự chủ chuỗi công nghiệp và phát triển cụm sản xuất tiên tiến.",True,"ˈoŋ kˈe1w ɣˈɔ6j kˌaːɜc wˈi4 vˈiɛn tˈy6c hˈiɛ6n tʃˈe-ɜc ɲˈiɛ6m vˌaː2 fˈaːɜt̪ hwˈi vˈaːj tʃˈɔ2 tˈɛw kˌaːɜc ɲˈiɛ6m vˈu6 tʃˈuŋ t̪ˈəm kˌuə4 ɗˈaː4ŋ vˌaː2 ɲˈaː2 nˈyəɜc, t̪ˈy vˈəɜn vˈe2 mˈəː4 ɹˈo6ŋ vˌaː2 t̪ˈaŋ kˈyə2ŋ sˈaː4n swˈəɜt̪ t̪ˈiɛn t̪ˈiɛɜn, nˈəŋ kˈaːw t̪ˈy6 tʃˈu4 tʃˈuə5j kˈoŋ ŋˈiɛ6p vˌaː2 fˈaːɜt̪ tʃˈiɛ4n kˈu6m sˈaː4n swˈəɜt̪ t̪ˈiɛn t̪ˈiɛɜn.","ˈoŋ kˈe1w ɣˈɔ6j kˌaːɜc wˈi4 vˈiɛn tˈy6c hˈiɛ6n tʃˈe-ɜc ɲˈiɛ6m vˌaː2 fˈaːɜt̪ hwˈi vˈaːj tʃˈɔ2 tˈɛw kˌaːɜc ɲˈiɛ6m vˈu6 tʃˈuŋ t̪ˈəm kˌuə4 ɗˈaː4ŋ vˌaː2 ɲˈaː2 nˈyəɜc, t̪ˈy vˈəɜn vˈe2 mˈəː4 ɹˈo6ŋ vˌaː2 t̪ˈaŋ kˈyə2ŋ sˈaː4n swˈəɜt̪ t̪ˈiɛn t̪ˈiɛɜn, nˈəŋ kˈaːw t̪ˈy6 tʃˈu4 tʃˈuə5j kˈoŋ ŋˈiɛ6p vˌaː2 fˈaːɜt̪ tʃˈiɛ4n kˈu6m sˈaː4n swˈəɜt̪ t̪ˈiɛn t̪ˈiɛɜn.",sentence,BBE614E05AD0A815D688C3F4B44F691E32398694BF574A75E1012775F7936351
danhgia_tts_02.txt,danhgia_tts_02-012,Văn bản 12,danhgia_tts_02-012-c004,4,"Vương Hỗ Ninh, Ủy viên Bộ Chính trị Ban Chấp hành Trung ương Đảng Cộng sản Trung Quốc và Chủ tịch Ủy ban Toàn quốc Hội nghị Hiệp thương Chính trị Nhân dân Trung Quốc, chủ trì và phát biểu tại cuộc họp Hội đồng Chủ tịch lần thứ 56 của Ủy ban Toàn quốc Hội nghị Hiệp thương Chính trị Nhân dân Trung Quốc khóa 14 ở Bắc Kinh ngày 24 tháng 9 năm 2026. Ông kêu gọi các ủy viên thực hiện trách nhiệm và phát huy vai trò theo các nhiệm vụ trung tâm của Đảng và nhà nước, tư vấn về mở rộng và tăng cường sản xuất tiên tiến, nâng cao tự chủ chuỗi công nghiệp và phát triển cụm sản xuất tiên tiến. Ông cũng yêu cầu tiến hành nghiên cứu và đề xuất chính sách về phát triển nông nghiệp và hiện đại hóa nông thôn, tập hợp trí tuệ về giáo dục đáp ứng kỳ vọng và thúc đẩy phát triển tích hợp giáo dục, khoa học công nghệ và nhân tài. Cuộc họp đã xem xét và thông qua dự thảo chương trình và thời gian cho kỳ họp thứ 19 của Ủy ban Thường vụ Ủy ban Toàn quốc khóa 14, dự kiến tổ chức vào đầu tháng 11.","vương hỗ ninh, ủy viên bộ chính trị ban chấp hành trung ương đảng cộng sản trung quốc và chủ tịch ủy ban toàn quốc hội nghị hiệp thương chính trị nhân dân trung quốc, chủ trì và phát biểu tại cuộc họp hội đồng chủ tịch lần thứ năm mươi sáu của ủy ban toàn quốc hội nghị hiệp thương chính trị nhân dân trung quốc khóa mười bốn ở bắc kinh ngày hai mươi bốn tháng chín năm hai nghìn không trăm hai mươi sáu. ông kêu gọi các ủy viên thực hiện trách nhiệm và phát huy vai trò theo các nhiệm vụ trung tâm của đảng và nhà nước, tư vấn về mở rộng và tăng cường sản xuất tiên tiến, nâng cao tự chủ chuỗi công nghiệp và phát triển cụm sản xuất tiên tiến. ông cũng yêu cầu tiến hành nghiên cứu và đề xuất chính sách về phát triển nông nghiệp và hiện đại hóa nông thôn, tập hợp trí tuệ về giáo dục đáp ứng kỳ vọng và thúc đẩy phát triển tích hợp giáo dục, khoa học công nghệ và nhân tài. cuộc họp đã xem xét và thông qua dự thảo chương trình và thời gian cho kỳ họp thứ mười chín của ủy ban thường vụ ủy ban toàn quốc khóa mười bốn, dự kiến tổ chức vào đầu tháng mười một.",,"ông cũng yêu cầu tiến hành nghiên cứu và đề xuất chính sách về phát triển nông nghiệp và hiện đại hóa nông thôn, tập hợp trí tuệ về giáo dục đáp ứng kỳ vọng và thúc đẩy phát triển tích hợp giáo dục, khoa học công nghệ và nhân tài.","ông cũng yêu cầu tiến hành nghiên cứu và đề xuất chính sách về phát triển nông nghiệp và hiện đại hóa nông thôn, tập hợp trí tuệ về giáo dục đáp ứng kỳ vọng và thúc đẩy phát triển tích hợp giáo dục, khoa học công nghệ và nhân tài.",True,"ˈoŋ kˈu5ŋ ˈiɛw kˈə2w t̪ˈiɛɜn hˈe-2ɲ ŋˈiɛn kˈiɜw vˌaː2 ɗˈe2 swˈəɜt̪ tʃˈiɜɲ sˈe-ɜc vˈe2 fˈaːɜt̪ tʃˈiɛ4n nˈoŋ ŋˈiɛ6p vˌaː2 hˈiɛ6n ɗˈaː6j hwˈaːɜ nˈoŋ tˈon, t̪ˈə6p hˈəː6p tʃˈiɜ t̪wˈe6 vˈe2 zˈaːɜw zˈu6c ɗˈaːɜp ˈyɜŋ kˈi2 vˈɔ6ŋ vˌaː2 tˈuɜc ɗˈəɪ4 fˈaːɜt̪ tʃˈiɛ4n t̪ˈiɜc hˈəː6p zˈaːɜw zˈu6c, xwˈaː hˈɔ6k kˈoŋ ŋˈe6 vˌaː2 ɲˈən t̪ˈaː2j.","ˈoŋ kˈu5ŋ ˈiɛw kˈə2w t̪ˈiɛɜn hˈe-2ɲ ŋˈiɛn kˈiɜw vˌaː2 ɗˈe2 swˈəɜt̪ tʃˈiɜɲ sˈe-ɜc vˈe2 fˈaːɜt̪ tʃˈiɛ4n nˈoŋ ŋˈiɛ6p vˌaː2 hˈiɛ6n ɗˈaː6j hwˈaːɜ nˈoŋ tˈon, t̪ˈə6p hˈəː6p tʃˈiɜ t̪wˈe6 vˈe2 zˈaːɜw zˈu6c ɗˈaːɜp ˈyɜŋ kˈi2 vˈɔ6ŋ vˌaː2 tˈuɜc ɗˈəɪ4 fˈaːɜt̪ tʃˈiɛ4n t̪ˈiɜc hˈəː6p zˈaːɜw zˈu6c, xwˈaː hˈɔ6k kˈoŋ ŋˈe6 vˌaː2 ɲˈən t̪ˈaː2j.",sentence,BBE614E05AD0A815D688C3F4B44F691E32398694BF574A75E1012775F7936351
danhgia_tts_02.txt,danhgia_tts_02-012,Văn bản 12,danhgia_tts_02-012-c005,5,"Vương Hỗ Ninh, Ủy viên Bộ Chính trị Ban Chấp hành Trung ương Đảng Cộng sản Trung Quốc và Chủ tịch Ủy ban Toàn quốc Hội nghị Hiệp thương Chính trị Nhân dân Trung Quốc, chủ trì và phát biểu tại cuộc họp Hội đồng Chủ tịch lần thứ 56 của Ủy ban Toàn quốc Hội nghị Hiệp thương Chính trị Nhân dân Trung Quốc khóa 14 ở Bắc Kinh ngày 24 tháng 9 năm 2026. Ông kêu gọi các ủy viên thực hiện trách nhiệm và phát huy vai trò theo các nhiệm vụ trung tâm của Đảng và nhà nước, tư vấn về mở rộng và tăng cường sản xuất tiên tiến, nâng cao tự chủ chuỗi công nghiệp và phát triển cụm sản xuất tiên tiến. Ông cũng yêu cầu tiến hành nghiên cứu và đề xuất chính sách về phát triển nông nghiệp và hiện đại hóa nông thôn, tập hợp trí tuệ về giáo dục đáp ứng kỳ vọng và thúc đẩy phát triển tích hợp giáo dục, khoa học công nghệ và nhân tài. Cuộc họp đã xem xét và thông qua dự thảo chương trình và thời gian cho kỳ họp thứ 19 của Ủy ban Thường vụ Ủy ban Toàn quốc khóa 14, dự kiến tổ chức vào đầu tháng 11.","vương hỗ ninh, ủy viên bộ chính trị ban chấp hành trung ương đảng cộng sản trung quốc và chủ tịch ủy ban toàn quốc hội nghị hiệp thương chính trị nhân dân trung quốc, chủ trì và phát biểu tại cuộc họp hội đồng chủ tịch lần thứ năm mươi sáu của ủy ban toàn quốc hội nghị hiệp thương chính trị nhân dân trung quốc khóa mười bốn ở bắc kinh ngày hai mươi bốn tháng chín năm hai nghìn không trăm hai mươi sáu. ông kêu gọi các ủy viên thực hiện trách nhiệm và phát huy vai trò theo các nhiệm vụ trung tâm của đảng và nhà nước, tư vấn về mở rộng và tăng cường sản xuất tiên tiến, nâng cao tự chủ chuỗi công nghiệp và phát triển cụm sản xuất tiên tiến. ông cũng yêu cầu tiến hành nghiên cứu và đề xuất chính sách về phát triển nông nghiệp và hiện đại hóa nông thôn, tập hợp trí tuệ về giáo dục đáp ứng kỳ vọng và thúc đẩy phát triển tích hợp giáo dục, khoa học công nghệ và nhân tài. cuộc họp đã xem xét và thông qua dự thảo chương trình và thời gian cho kỳ họp thứ mười chín của ủy ban thường vụ ủy ban toàn quốc khóa mười bốn, dự kiến tổ chức vào đầu tháng mười một.",,"cuộc họp đã xem xét và thông qua dự thảo chương trình và thời gian cho kỳ họp thứ mười chín của ủy ban thường vụ ủy ban toàn quốc khóa mười bốn, dự kiến tổ chức vào đầu tháng mười một.","cuộc họp đã xem xét và thông qua dự thảo chương trình và thời gian cho kỳ họp thứ mười chín của ủy ban thường vụ ủy ban toàn quốc khóa mười bốn, dự kiến tổ chức vào đầu tháng mười một.",True,"kˈuə6c hˈɔ6p ɗˌaː5 sˈɛm sˈɛɜt̪ vˌaː2 tˈoŋ kwˈaː zˈy6 tˈaː4w tʃˈyəŋ tʃˈi2ɲ vˌaː2 tˈəː2j zˈaːn tʃˌɔ kˈi2 hˈɔ6p tˈyɜ mˈyə2j tʃˈiɜn kˌuə4 wˈi4 bˈaːn tˈyə2ŋ vˈu6 wˈi4 bˈaːn t̪wˈaː2n kˈuəɜc xwˈaːɜ mˈyə2j bˈoɜn, zˈy6 kˈiɛɜn t̪ˈo4 tʃˈyɜc vˈaː2w ɗˈə2w tˈaːɜŋ mˈyə2j mˈo6t̪.","kˈuə6c hˈɔ6p ɗˌaː5 sˈɛm sˈɛɜt̪ vˌaː2 tˈoŋ kwˈaː zˈy6 tˈaː4w tʃˈyəŋ tʃˈi2ɲ vˌaː2 tˈəː2j zˈaːn tʃˌɔ kˈi2 hˈɔ6p tˈyɜ mˈyə2j tʃˈiɜn kˌuə4 wˈi4 bˈaːn tˈyə2ŋ vˈu6 wˈi4 bˈaːn t̪wˈaː2n kˈuəɜc xwˈaːɜ mˈyə2j bˈoɜn, zˈy6 kˈiɛɜn t̪ˈo4 tʃˈyɜc vˈaː2w ɗˈə2w tˈaːɜŋ mˈyə2j mˈo6t̪.",,BBE614E05AD0A815D688C3F4B44F691E32398694BF574A75E1012775F7936351
danhgia_tts_02.txt,danhgia_tts_02-013,Văn bản 13,danhgia_tts_02-013-c001,1,"Thủ tướng Campuchia Hun Manet đã quyết định triển khai chương trình trợ cấp tiền mặt của chính phủ nhằm hỗ trợ các gia đình nghèo, dễ bị tổn thương và dễ gặp rủi ro chịu ảnh hưởng từ áp lực tăng giá dầu và khí đốt. Chương trình sẽ bắt đầu phát tiền vào ngày 25 tháng 9 năm 2026 và thực hiện 4 đợt trong năm 2026, với các ngày cụ thể là 25/9, 16/10, 16/11 và 16/12. Mức trợ cấp bổ sung là 60.000 riel cho mỗi hộ và 5.000 riel cho mỗi thành viên nếu cư trú tại thủ đô Phnom Penh; 48.000 riel cho mỗi hộ và 5.000 riel cho mỗi thành viên nếu cư trú ở các đô thị ngoài thủ đô; và 40.000 riel cho mỗi hộ cùng 5.000 riel cho mỗi thành viên nếu cư trú ở nông thôn. Chương trình dự kiến sẽ chi trả cho khoảng 4,6 triệu hộ có thẻ trợ cấp hợp lệ trên toàn quốc.","thủ tướng campuchia hun manet đã quyết định triển khai chương trình trợ cấp tiền mặt của chính phủ nhằm hỗ trợ các gia đình nghèo, dễ bị tổn thương và dễ gặp rủi ro chịu ảnh hưởng từ áp lực tăng giá dầu và khí đốt. chương trình sẽ bắt đầu phát tiền vào ngày hai mươi lăm tháng chín năm hai nghìn không trăm hai mươi sáu và thực hiện bốn đợt trong năm hai nghìn không trăm hai mươi sáu, với các ngày cụ thể là hai mươi lăm trên chín, mười sáu trên mười, mười sáu trên mười một và mười sáu trên mười hai. mức trợ cấp bổ sung là sáu mươi nghìn riel cho mỗi hộ và năm nghìn riel cho mỗi thành viên nếu cư trú tại thủ đô phnom penh, bốn mươi tám nghìn riel cho mỗi hộ và năm nghìn riel cho mỗi thành viên nếu cư trú ở các đô thị ngoài thủ đô, và bốn mươi nghìn riel cho mỗi hộ cùng năm nghìn riel cho mỗi thành viên nếu cư trú ở nông thôn. chương trình dự kiến sẽ chi trả cho khoảng bốn phẩy sáu triệu hộ có thẻ trợ cấp hợp lệ trên toàn quốc.",,"thủ tướng campuchia hun manet đã quyết định triển khai chương trình trợ cấp tiền mặt của chính phủ nhằm hỗ trợ các gia đình nghèo, dễ bị tổn thương và dễ gặp rủi ro chịu ảnh hưởng từ áp lực tăng giá dầu và khí đốt.","thủ tướng campuchia hun manet đã quyết định triển khai chương trình trợ cấp tiền mặt của chính phủ nhằm hỗ trợ các gia đình nghèo, dễ bị tổn thương và dễ gặp rủi ro chịu ảnh hưởng từ áp lực tăng giá dầu và khí đốt.",True,"tˈu4 t̪ˈyəɜŋ kæmpˈʌkiə hˈun mˈænɪt ɗˌaː5 kwˈiɛɜt̪ ɗˈi6ɲ tʃˈiɛ4n xˈaːj tʃˈyəŋ tʃˈi2ɲ tʃˈəː6 kˈəɜp t̪ˈiɛ2n mˈa6t̪ kˌuə4 tʃˈiɜɲ fˈu4 ɲˈa2m hˈo5 tʃˈəː6 kˌaːɜc zˈaː ɗˈi2ɲ ŋˈɛ2w, zˈe5 bˌi6 t̪ˈo4n tˈyəŋ vˌaː2 zˈe5 ɣˈa6p ɹˈu4j ɹˈɔ tʃˈi6w ˈe-4ɲ hˈyə4ŋ t̪ˌy2 ˈaːɜp lˈy6c t̪ˈaŋ zˈaːɜ zˈə2w vˌaː2 xˈiɜ ɗˈoɜt̪.","tˈu4 t̪ˈyəɜŋ kæmpˈʌkiə hˈun mˈænɪt ɗˌaː5 kwˈiɛɜt̪ ɗˈi6ɲ tʃˈiɛ4n xˈaːj tʃˈyəŋ tʃˈi2ɲ tʃˈəː6 kˈəɜp t̪ˈiɛ2n mˈa6t̪ kˌuə4 tʃˈiɜɲ fˈu4 ɲˈa2m hˈo5 tʃˈəː6 kˌaːɜc zˈaː ɗˈi2ɲ ŋˈɛ2w, zˈe5 bˌi6 t̪ˈo4n tˈyəŋ vˌaː2 zˈe5 ɣˈa6p ɹˈu4j ɹˈɔ tʃˈi6w ˈe-4ɲ hˈyə4ŋ t̪ˌy2 ˈaːɜp lˈy6c t̪ˈaŋ zˈaːɜ zˈə2w vˌaː2 xˈiɜ ɗˈoɜt̪.",sentence,BBE614E05AD0A815D688C3F4B44F691E32398694BF574A75E1012775F7936351
danhgia_tts_02.txt,danhgia_tts_02-013,Văn bản 13,danhgia_tts_02-013-c002,2,"Thủ tướng Campuchia Hun Manet đã quyết định triển khai chương trình trợ cấp tiền mặt của chính phủ nhằm hỗ trợ các gia đình nghèo, dễ bị tổn thương và dễ gặp rủi ro chịu ảnh hưởng từ áp lực tăng giá dầu và khí đốt. Chương trình sẽ bắt đầu phát tiền vào ngày 25 tháng 9 năm 2026 và thực hiện 4 đợt trong năm 2026, với các ngày cụ thể là 25/9, 16/10, 16/11 và 16/12. Mức trợ cấp bổ sung là 60.000 riel cho mỗi hộ và 5.000 riel cho mỗi thành viên nếu cư trú tại thủ đô Phnom Penh; 48.000 riel cho mỗi hộ và 5.000 riel cho mỗi thành viên nếu cư trú ở các đô thị ngoài thủ đô; và 40.000 riel cho mỗi hộ cùng 5.000 riel cho mỗi thành viên nếu cư trú ở nông thôn. Chương trình dự kiến sẽ chi trả cho khoảng 4,6 triệu hộ có thẻ trợ cấp hợp lệ trên toàn quốc.","thủ tướng campuchia hun manet đã quyết định triển khai chương trình trợ cấp tiền mặt của chính phủ nhằm hỗ trợ các gia đình nghèo, dễ bị tổn thương và dễ gặp rủi ro chịu ảnh hưởng từ áp lực tăng giá dầu và khí đốt. chương trình sẽ bắt đầu phát tiền vào ngày hai mươi lăm tháng chín năm hai nghìn không trăm hai mươi sáu và thực hiện bốn đợt trong năm hai nghìn không trăm hai mươi sáu, với các ngày cụ thể là hai mươi lăm trên chín, mười sáu trên mười, mười sáu trên mười một và mười sáu trên mười hai. mức trợ cấp bổ sung là sáu mươi nghìn riel cho mỗi hộ và năm nghìn riel cho mỗi thành viên nếu cư trú tại thủ đô phnom penh, bốn mươi tám nghìn riel cho mỗi hộ và năm nghìn riel cho mỗi thành viên nếu cư trú ở các đô thị ngoài thủ đô, và bốn mươi nghìn riel cho mỗi hộ cùng năm nghìn riel cho mỗi thành viên nếu cư trú ở nông thôn. chương trình dự kiến sẽ chi trả cho khoảng bốn phẩy sáu triệu hộ có thẻ trợ cấp hợp lệ trên toàn quốc.",,"chương trình sẽ bắt đầu phát tiền vào ngày hai mươi lăm tháng chín năm hai nghìn không trăm hai mươi sáu và thực hiện bốn đợt trong năm hai nghìn không trăm hai mươi sáu, với các ngày cụ thể là hai mươi lăm trên chín, mười sáu trên mười,","chương trình sẽ bắt đầu phát tiền vào ngày hai mươi lăm tháng chín năm hai nghìn không trăm hai mươi sáu và thực hiện bốn đợt trong năm hai nghìn không trăm hai mươi sáu, với các ngày cụ thể là hai mươi lăm trên chín, mười sáu trên mười.",False,"tʃˈyəŋ tʃˈi2ɲ sˌɛ5 bˈaɜt̪ ɗˈə2w fˈaːɜt̪ t̪ˈiɛ2n vˈaː2w ŋˈa2j hˈaːj mˈyəj lˈam tˈaːɜŋ tʃˈiɜn nˈam hˈaːj ŋˈi2n xˌoŋ tʃˈam hˈaːj mˈyəj sˈaɜw vˌaː2 tˈy6c hˈiɛ6n bˈoɜn ɗˈəː6t̪ tʃˈɔŋ nˈam hˈaːj ŋˈi2n xˌoŋ tʃˈam hˈaːj mˈyəj sˈaɜw, vˌəːɜj kˌaːɜc ŋˈa2j kˈu6 tˈe4 lˌaː2 hˈaːj mˈyəj lˈam tʃˈen tʃˈiɜn, mˈyə2j sˈaɜw tʃˈen mˈyə2j.","tʃˈyəŋ tʃˈi2ɲ sˌɛ5 bˈaɜt̪ ɗˈə2w fˈaːɜt̪ t̪ˈiɛ2n vˈaː2w ŋˈa2j hˈaːj mˈyəj lˈam tˈaːɜŋ tʃˈiɜn nˈam hˈaːj ŋˈi2n xˌoŋ tʃˈam hˈaːj mˈyəj sˈaɜw vˌaː2 tˈy6c hˈiɛ6n bˈoɜn ɗˈəː6t̪ tʃˈɔŋ nˈam hˈaːj ŋˈi2n xˌoŋ tʃˈam hˈaːj mˈyəj sˈaɜw, vˌəːɜj kˌaːɜc ŋˈa2j kˈu6 tˈe4 lˌaː2 hˈaːj mˈyəj lˈam tʃˈen tʃˈiɜn, mˈyə2j sˈaɜw tʃˈen mˈyə2j,",minor,BBE614E05AD0A815D688C3F4B44F691E32398694BF574A75E1012775F7936351
danhgia_tts_02.txt,danhgia_tts_02-013,Văn bản 13,danhgia_tts_02-013-c003,3,"Thủ tướng Campuchia Hun Manet đã quyết định triển khai chương trình trợ cấp tiền mặt của chính phủ nhằm hỗ trợ các gia đình nghèo, dễ bị tổn thương và dễ gặp rủi ro chịu ảnh hưởng từ áp lực tăng giá dầu và khí đốt. Chương trình sẽ bắt đầu phát tiền vào ngày 25 tháng 9 năm 2026 và thực hiện 4 đợt trong năm 2026, với các ngày cụ thể là 25/9, 16/10, 16/11 và 16/12. Mức trợ cấp bổ sung là 60.000 riel cho mỗi hộ và 5.000 riel cho mỗi thành viên nếu cư trú tại thủ đô Phnom Penh; 48.000 riel cho mỗi hộ và 5.000 riel cho mỗi thành viên nếu cư trú ở các đô thị ngoài thủ đô; và 40.000 riel cho mỗi hộ cùng 5.000 riel cho mỗi thành viên nếu cư trú ở nông thôn. Chương trình dự kiến sẽ chi trả cho khoảng 4,6 triệu hộ có thẻ trợ cấp hợp lệ trên toàn quốc.","thủ tướng campuchia hun manet đã quyết định triển khai chương trình trợ cấp tiền mặt của chính phủ nhằm hỗ trợ các gia đình nghèo, dễ bị tổn thương và dễ gặp rủi ro chịu ảnh hưởng từ áp lực tăng giá dầu và khí đốt. chương trình sẽ bắt đầu phát tiền vào ngày hai mươi lăm tháng chín năm hai nghìn không trăm hai mươi sáu và thực hiện bốn đợt trong năm hai nghìn không trăm hai mươi sáu, với các ngày cụ thể là hai mươi lăm trên chín, mười sáu trên mười, mười sáu trên mười một và mười sáu trên mười hai. mức trợ cấp bổ sung là sáu mươi nghìn riel cho mỗi hộ và năm nghìn riel cho mỗi thành viên nếu cư trú tại thủ đô phnom penh, bốn mươi tám nghìn riel cho mỗi hộ và năm nghìn riel cho mỗi thành viên nếu cư trú ở các đô thị ngoài thủ đô, và bốn mươi nghìn riel cho mỗi hộ cùng năm nghìn riel cho mỗi thành viên nếu cư trú ở nông thôn. chương trình dự kiến sẽ chi trả cho khoảng bốn phẩy sáu triệu hộ có thẻ trợ cấp hợp lệ trên toàn quốc.",,mười sáu trên mười một và mười sáu trên mười hai.,mười sáu trên mười một và mười sáu trên mười hai.,True,mˈyə2j sˈaɜw tʃˈen mˈyə2j mˈo6t̪ vˌaː2 mˈyə2j sˈaɜw tʃˈen mˈyə2j hˈaːj.,mˈyə2j sˈaɜw tʃˈen mˈyə2j mˈo6t̪ vˌaː2 mˈyə2j sˈaɜw tʃˈen mˈyə2j hˈaːj.,sentence,BBE614E05AD0A815D688C3F4B44F691E32398694BF574A75E1012775F7936351
danhgia_tts_02.txt,danhgia_tts_02-013,Văn bản 13,danhgia_tts_02-013-c004,4,"Thủ tướng Campuchia Hun Manet đã quyết định triển khai chương trình trợ cấp tiền mặt của chính phủ nhằm hỗ trợ các gia đình nghèo, dễ bị tổn thương và dễ gặp rủi ro chịu ảnh hưởng từ áp lực tăng giá dầu và khí đốt. Chương trình sẽ bắt đầu phát tiền vào ngày 25 tháng 9 năm 2026 và thực hiện 4 đợt trong năm 2026, với các ngày cụ thể là 25/9, 16/10, 16/11 và 16/12. Mức trợ cấp bổ sung là 60.000 riel cho mỗi hộ và 5.000 riel cho mỗi thành viên nếu cư trú tại thủ đô Phnom Penh; 48.000 riel cho mỗi hộ và 5.000 riel cho mỗi thành viên nếu cư trú ở các đô thị ngoài thủ đô; và 40.000 riel cho mỗi hộ cùng 5.000 riel cho mỗi thành viên nếu cư trú ở nông thôn. Chương trình dự kiến sẽ chi trả cho khoảng 4,6 triệu hộ có thẻ trợ cấp hợp lệ trên toàn quốc.","thủ tướng campuchia hun manet đã quyết định triển khai chương trình trợ cấp tiền mặt của chính phủ nhằm hỗ trợ các gia đình nghèo, dễ bị tổn thương và dễ gặp rủi ro chịu ảnh hưởng từ áp lực tăng giá dầu và khí đốt. chương trình sẽ bắt đầu phát tiền vào ngày hai mươi lăm tháng chín năm hai nghìn không trăm hai mươi sáu và thực hiện bốn đợt trong năm hai nghìn không trăm hai mươi sáu, với các ngày cụ thể là hai mươi lăm trên chín, mười sáu trên mười, mười sáu trên mười một và mười sáu trên mười hai. mức trợ cấp bổ sung là sáu mươi nghìn riel cho mỗi hộ và năm nghìn riel cho mỗi thành viên nếu cư trú tại thủ đô phnom penh, bốn mươi tám nghìn riel cho mỗi hộ và năm nghìn riel cho mỗi thành viên nếu cư trú ở các đô thị ngoài thủ đô, và bốn mươi nghìn riel cho mỗi hộ cùng năm nghìn riel cho mỗi thành viên nếu cư trú ở nông thôn. chương trình dự kiến sẽ chi trả cho khoảng bốn phẩy sáu triệu hộ có thẻ trợ cấp hợp lệ trên toàn quốc.",,"mức trợ cấp bổ sung là sáu mươi nghìn riel cho mỗi hộ và năm nghìn riel cho mỗi thành viên nếu cư trú tại thủ đô phnom penh, bốn mươi tám nghìn riel cho mỗi hộ và năm nghìn riel cho mỗi thành viên nếu cư trú ở các đô thị ngoài thủ đô,","mức trợ cấp bổ sung là sáu mươi nghìn riel cho mỗi hộ và năm nghìn riel cho mỗi thành viên nếu cư trú tại thủ đô phnom penh, bốn mươi tám nghìn riel cho mỗi hộ và năm nghìn riel cho mỗi thành viên nếu cư trú ở các đô thị ngoài thủ đô.",False,"mˈyɜc tʃˈəː6 kˈəɜp bˈo4 sˈuŋ lˌaː2 sˈaɜw mˈyəj ŋˈi2n ɹˈiːl tʃˌɔ mˌo5j hˈo6 vˌaː2 nˈam ŋˈi2n ɹˈiːl tʃˌɔ mˌo5j tˈe-2ɲ vˈiɛn nˌeɜw kˈy tʃˈuɜ t̪ˈaː6j tˈu4 ɗˈo pnˈɑːm pˈɛn, bˈoɜn mˈyəj t̪ˈaːɜm ŋˈi2n ɹˈiːl tʃˌɔ mˌo5j hˈo6 vˌaː2 nˈam ŋˈi2n ɹˈiːl tʃˌɔ mˌo5j tˈe-2ɲ vˈiɛn nˌeɜw kˈy tʃˈuɜ ˈəː4 kˌaːɜc ɗˈo tˈi6 ŋwˈaː2j tˈu4 ɗˈo.","mˈyɜc tʃˈəː6 kˈəɜp bˈo4 sˈuŋ lˌaː2 sˈaɜw mˈyəj ŋˈi2n ɹˈiːl tʃˌɔ mˌo5j hˈo6 vˌaː2 nˈam ŋˈi2n ɹˈiːl tʃˌɔ mˌo5j tˈe-2ɲ vˈiɛn nˌeɜw kˈy tʃˈuɜ t̪ˈaː6j tˈu4 ɗˈo pnˈɑːm pˈɛn, bˈoɜn mˈyəj t̪ˈaːɜm ŋˈi2n ɹˈiːl tʃˌɔ mˌo5j hˈo6 vˌaː2 nˈam ŋˈi2n ɹˈiːl tʃˌɔ mˌo5j tˈe-2ɲ vˈiɛn nˌeɜw kˈy tʃˈuɜ ˈəː4 kˌaːɜc ɗˈo tˈi6 ŋwˈaː2j tˈu4 ɗˈo,",minor,BBE614E05AD0A815D688C3F4B44F691E32398694BF574A75E1012775F7936351
danhgia_tts_02.txt,danhgia_tts_02-013,Văn bản 13,danhgia_tts_02-013-c005,5,"Thủ tướng Campuchia Hun Manet đã quyết định triển khai chương trình trợ cấp tiền mặt của chính phủ nhằm hỗ trợ các gia đình nghèo, dễ bị tổn thương và dễ gặp rủi ro chịu ảnh hưởng từ áp lực tăng giá dầu và khí đốt. Chương trình sẽ bắt đầu phát tiền vào ngày 25 tháng 9 năm 2026 và thực hiện 4 đợt trong năm 2026, với các ngày cụ thể là 25/9, 16/10, 16/11 và 16/12. Mức trợ cấp bổ sung là 60.000 riel cho mỗi hộ và 5.000 riel cho mỗi thành viên nếu cư trú tại thủ đô Phnom Penh; 48.000 riel cho mỗi hộ và 5.000 riel cho mỗi thành viên nếu cư trú ở các đô thị ngoài thủ đô; và 40.000 riel cho mỗi hộ cùng 5.000 riel cho mỗi thành viên nếu cư trú ở nông thôn. Chương trình dự kiến sẽ chi trả cho khoảng 4,6 triệu hộ có thẻ trợ cấp hợp lệ trên toàn quốc.","thủ tướng campuchia hun manet đã quyết định triển khai chương trình trợ cấp tiền mặt của chính phủ nhằm hỗ trợ các gia đình nghèo, dễ bị tổn thương và dễ gặp rủi ro chịu ảnh hưởng từ áp lực tăng giá dầu và khí đốt. chương trình sẽ bắt đầu phát tiền vào ngày hai mươi lăm tháng chín năm hai nghìn không trăm hai mươi sáu và thực hiện bốn đợt trong năm hai nghìn không trăm hai mươi sáu, với các ngày cụ thể là hai mươi lăm trên chín, mười sáu trên mười, mười sáu trên mười một và mười sáu trên mười hai. mức trợ cấp bổ sung là sáu mươi nghìn riel cho mỗi hộ và năm nghìn riel cho mỗi thành viên nếu cư trú tại thủ đô phnom penh, bốn mươi tám nghìn riel cho mỗi hộ và năm nghìn riel cho mỗi thành viên nếu cư trú ở các đô thị ngoài thủ đô, và bốn mươi nghìn riel cho mỗi hộ cùng năm nghìn riel cho mỗi thành viên nếu cư trú ở nông thôn. chương trình dự kiến sẽ chi trả cho khoảng bốn phẩy sáu triệu hộ có thẻ trợ cấp hợp lệ trên toàn quốc.",,và bốn mươi nghìn riel cho mỗi hộ cùng năm nghìn riel cho mỗi thành viên nếu cư trú ở nông thôn. chương trình dự kiến sẽ chi trả cho khoảng bốn phẩy sáu triệu hộ có thẻ trợ cấp hợp lệ trên toàn quốc.,và bốn mươi nghìn riel cho mỗi hộ cùng năm nghìn riel cho mỗi thành viên nếu cư trú ở nông thôn. chương trình dự kiến sẽ chi trả cho khoảng bốn phẩy sáu triệu hộ có thẻ trợ cấp hợp lệ trên toàn quốc.,True,vˌaː2 bˈoɜn mˈyəj ŋˈi2n ɹˈiːl tʃˌɔ mˌo5j hˈo6 kˈu2ŋ nˈam ŋˈi2n ɹˈiːl tʃˌɔ mˌo5j tˈe-2ɲ vˈiɛn nˌeɜw kˈy tʃˈuɜ ˈəː4 nˈoŋ tˈon. tʃˈyəŋ tʃˈi2ɲ zˈy6 kˈiɛɜn sˌɛ5 tʃˈi tʃˈaː4 tʃˌɔ xwˌaː4ŋ bˈoɜn fˈəɪ4 sˈaɜw tʃˈiɛ6w hˈo6 kˈɔɜ tˈɛ4 tʃˈəː6 kˈəɜp hˈəː6p lˈe6 tʃˈen t̪wˈaː2n kˈuəɜc.,vˌaː2 bˈoɜn mˈyəj ŋˈi2n ɹˈiːl tʃˌɔ mˌo5j hˈo6 kˈu2ŋ nˈam ŋˈi2n ɹˈiːl tʃˌɔ mˌo5j tˈe-2ɲ vˈiɛn nˌeɜw kˈy tʃˈuɜ ˈəː4 nˈoŋ tˈon. tʃˈyəŋ tʃˈi2ɲ zˈy6 kˈiɛɜn sˌɛ5 tʃˈi tʃˈaː4 tʃˌɔ xwˌaː4ŋ bˈoɜn fˈəɪ4 sˈaɜw tʃˈiɛ6w hˈo6 kˈɔɜ tˈɛ4 tʃˈəː6 kˈəɜp hˈəː6p lˈe6 tʃˈen t̪wˈaː2n kˈuəɜc.,,BBE614E05AD0A815D688C3F4B44F691E32398694BF574A75E1012775F7936351
danhgia_tts_02.txt,danhgia_tts_02-014,Văn bản 14,danhgia_tts_02-014-c001,1,"Thượng tướng, Phó Thủ tướng, Bộ trưởng Bộ Nội vụ Campuchia Sar Sokha và Thiếu tướng, Thứ trưởng Bộ Công an Việt Nam Nguyễn Văn Long đã có cuộc gặp song phương vào sáng ngày 23 tháng 9 năm 2026 tại khách sạn Sofitel ở Phnom Penh, trong khuôn khổ diễn đàn quốc tế về lừa đảo công nghệ. Hai bên đánh giá cao kết quả hợp tác trong việc phòng ngừa, ngăn chặn và triệt phá các vụ lừa đảo công nghệ, nêu rõ đã cùng nhau xử lý 4 vụ lừa đảo công nghệ và 5 vụ buôn bán ma túy quy mô lớn. Phía Việt Nam đề nghị mở rộng trao đổi thông tin, điều tra và bắt giữ nghi phạm vượt biên, đồng thời xin Campuchia tiếp tục bảo vệ công dân Việt Nam, trong đó có người nhập cư, doanh nhân và du khách. Sar Sokha cảm ơn phía Việt Nam, đánh giá cao hiệu quả hợp tác, đề nghị tăng cường an ninh và thực thi pháp luật tại các cửa khẩu, hỗ trợ dự án phục hồi pháp lý cho người nghiện và đào tạo lực lượng, đồng thời kêu gọi các tỉnh giáp biên tiếp tục phối hợp.","thượng tướng, phó thủ tướng, bộ trưởng bộ nội vụ campuchia sar sokha và thiếu tướng, thứ trưởng bộ công an việt nam nguyễn văn long đã có cuộc gặp song phương vào sáng ngày hai mươi ba tháng chín năm hai nghìn không trăm hai mươi sáu tại khách sạn sofitel ở phnom penh, trong khuôn khổ diễn đàn quốc tế về lừa đảo công nghệ. hai bên đánh giá cao kết quả hợp tác trong việc phòng ngừa, ngăn chặn và triệt phá các vụ lừa đảo công nghệ, nêu rõ đã cùng nhau xử lý bốn vụ lừa đảo công nghệ và năm vụ buôn bán ma túy quy mô lớn. phía việt nam đề nghị mở rộng trao đổi thông tin, điều tra và bắt giữ nghi phạm vượt biên, đồng thời xin campuchia tiếp tục bảo vệ công dân việt nam, trong đó có người nhập cư, doanh nhân và du khách. sar sokha cảm ơn phía việt nam, đánh giá cao hiệu quả hợp tác, đề nghị tăng cường an ninh và thực thi pháp luật tại các cửa khẩu, hỗ trợ dự án phục hồi pháp lý cho người nghiện và đào tạo lực lượng, đồng thời kêu gọi các tỉnh giáp biên tiếp tục phối hợp.",,"thượng tướng, phó thủ tướng, bộ trưởng bộ nội vụ campuchia sar sokha và thiếu tướng,","thượng tướng, phó thủ tướng, bộ trưởng bộ nội vụ campuchia sar sokha và thiếu tướng.",False,"tˈyə6ŋ t̪ˈyəɜŋ, fˈɔɜ tˈu4 t̪ˈyəɜŋ, bˈo6 tʃˈyə4ŋ bˈo6 nˈo6j vˈu6 kæmpˈʌkiə sˈɑːɹ sˈɑːkə vˌaː2 tˈiɛɜw t̪ˈyəɜŋ.","tˈyə6ŋ t̪ˈyəɜŋ, fˈɔɜ tˈu4 t̪ˈyəɜŋ, bˈo6 tʃˈyə4ŋ bˈo6 nˈo6j vˈu6 kæmpˈʌkiə sˈɑːɹ sˈɑːkə vˌaː2 tˈiɛɜw t̪ˈyəɜŋ,",minor,BBE614E05AD0A815D688C3F4B44F691E32398694BF574A75E1012775F7936351
danhgia_tts_02.txt,danhgia_tts_02-014,Văn bản 14,danhgia_tts_02-014-c002,2,"Thượng tướng, Phó Thủ tướng, Bộ trưởng Bộ Nội vụ Campuchia Sar Sokha và Thiếu tướng, Thứ trưởng Bộ Công an Việt Nam Nguyễn Văn Long đã có cuộc gặp song phương vào sáng ngày 23 tháng 9 năm 2026 tại khách sạn Sofitel ở Phnom Penh, trong khuôn khổ diễn đàn quốc tế về lừa đảo công nghệ. Hai bên đánh giá cao kết quả hợp tác trong việc phòng ngừa, ngăn chặn và triệt phá các vụ lừa đảo công nghệ, nêu rõ đã cùng nhau xử lý 4 vụ lừa đảo công nghệ và 5 vụ buôn bán ma túy quy mô lớn. Phía Việt Nam đề nghị mở rộng trao đổi thông tin, điều tra và bắt giữ nghi phạm vượt biên, đồng thời xin Campuchia tiếp tục bảo vệ công dân Việt Nam, trong đó có người nhập cư, doanh nhân và du khách. Sar Sokha cảm ơn phía Việt Nam, đánh giá cao hiệu quả hợp tác, đề nghị tăng cường an ninh và thực thi pháp luật tại các cửa khẩu, hỗ trợ dự án phục hồi pháp lý cho người nghiện và đào tạo lực lượng, đồng thời kêu gọi các tỉnh giáp biên tiếp tục phối hợp.","thượng tướng, phó thủ tướng, bộ trưởng bộ nội vụ campuchia sar sokha và thiếu tướng, thứ trưởng bộ công an việt nam nguyễn văn long đã có cuộc gặp song phương vào sáng ngày hai mươi ba tháng chín năm hai nghìn không trăm hai mươi sáu tại khách sạn sofitel ở phnom penh, trong khuôn khổ diễn đàn quốc tế về lừa đảo công nghệ. hai bên đánh giá cao kết quả hợp tác trong việc phòng ngừa, ngăn chặn và triệt phá các vụ lừa đảo công nghệ, nêu rõ đã cùng nhau xử lý bốn vụ lừa đảo công nghệ và năm vụ buôn bán ma túy quy mô lớn. phía việt nam đề nghị mở rộng trao đổi thông tin, điều tra và bắt giữ nghi phạm vượt biên, đồng thời xin campuchia tiếp tục bảo vệ công dân việt nam, trong đó có người nhập cư, doanh nhân và du khách. sar sokha cảm ơn phía việt nam, đánh giá cao hiệu quả hợp tác, đề nghị tăng cường an ninh và thực thi pháp luật tại các cửa khẩu, hỗ trợ dự án phục hồi pháp lý cho người nghiện và đào tạo lực lượng, đồng thời kêu gọi các tỉnh giáp biên tiếp tục phối hợp.",,"thứ trưởng bộ công an việt nam nguyễn văn long đã có cuộc gặp song phương vào sáng ngày hai mươi ba tháng chín năm hai nghìn không trăm hai mươi sáu tại khách sạn sofitel ở phnom penh, trong khuôn khổ diễn đàn quốc tế về lừa đảo công nghệ.","thứ trưởng bộ công an việt nam nguyễn văn long đã có cuộc gặp song phương vào sáng ngày hai mươi ba tháng chín năm hai nghìn không trăm hai mươi sáu tại khách sạn sofitel ở phnom penh, trong khuôn khổ diễn đàn quốc tế về lừa đảo công nghệ.",True,"tˈyɜ tʃˈyə4ŋ bˈo6 kˈoŋ ˈaːn vˈiɛ6t̪ nˈaːm ŋwˈiɛ5n vˈan lˈɔŋ ɗˌaː5 kˈɔɜ kˈuə6c ɣˈa6p sˈɔŋ fˈyəŋ vˈaː2w sˈaːɜŋ ŋˈa2j hˈaːj mˈyəj bˈaː tˈaːɜŋ tʃˈiɜn nˈam hˈaːj ŋˈi2n xˌoŋ tʃˈam hˈaːj mˈyəj sˈaɜw t̪ˈaː6j xˈe-ɜc sˈaː6n sˈɑːfɪɾəl ˈəː4 pnˈɑːm pˈɛn, tʃˈɔŋ xˈuən xˈo4 zˈiɛ5n ɗˈaː2n kˈuəɜc t̪ˈeɜ vˈe2 lˈyə2 ɗˈaː4w kˈoŋ ŋˈe6.","tˈyɜ tʃˈyə4ŋ bˈo6 kˈoŋ ˈaːn vˈiɛ6t̪ nˈaːm ŋwˈiɛ5n vˈan lˈɔŋ ɗˌaː5 kˈɔɜ kˈuə6c ɣˈa6p sˈɔŋ fˈyəŋ vˈaː2w sˈaːɜŋ ŋˈa2j hˈaːj mˈyəj bˈaː tˈaːɜŋ tʃˈiɜn nˈam hˈaːj ŋˈi2n xˌoŋ tʃˈam hˈaːj mˈyəj sˈaɜw t̪ˈaː6j xˈe-ɜc sˈaː6n sˈɑːfɪɾəl ˈəː4 pnˈɑːm pˈɛn, tʃˈɔŋ xˈuən xˈo4 zˈiɛ5n ɗˈaː2n kˈuəɜc t̪ˈeɜ vˈe2 lˈyə2 ɗˈaː4w kˈoŋ ŋˈe6.",sentence,BBE614E05AD0A815D688C3F4B44F691E32398694BF574A75E1012775F7936351
danhgia_tts_02.txt,danhgia_tts_02-014,Văn bản 14,danhgia_tts_02-014-c003,3,"Thượng tướng, Phó Thủ tướng, Bộ trưởng Bộ Nội vụ Campuchia Sar Sokha và Thiếu tướng, Thứ trưởng Bộ Công an Việt Nam Nguyễn Văn Long đã có cuộc gặp song phương vào sáng ngày 23 tháng 9 năm 2026 tại khách sạn Sofitel ở Phnom Penh, trong khuôn khổ diễn đàn quốc tế về lừa đảo công nghệ. Hai bên đánh giá cao kết quả hợp tác trong việc phòng ngừa, ngăn chặn và triệt phá các vụ lừa đảo công nghệ, nêu rõ đã cùng nhau xử lý 4 vụ lừa đảo công nghệ và 5 vụ buôn bán ma túy quy mô lớn. Phía Việt Nam đề nghị mở rộng trao đổi thông tin, điều tra và bắt giữ nghi phạm vượt biên, đồng thời xin Campuchia tiếp tục bảo vệ công dân Việt Nam, trong đó có người nhập cư, doanh nhân và du khách. Sar Sokha cảm ơn phía Việt Nam, đánh giá cao hiệu quả hợp tác, đề nghị tăng cường an ninh và thực thi pháp luật tại các cửa khẩu, hỗ trợ dự án phục hồi pháp lý cho người nghiện và đào tạo lực lượng, đồng thời kêu gọi các tỉnh giáp biên tiếp tục phối hợp.","thượng tướng, phó thủ tướng, bộ trưởng bộ nội vụ campuchia sar sokha và thiếu tướng, thứ trưởng bộ công an việt nam nguyễn văn long đã có cuộc gặp song phương vào sáng ngày hai mươi ba tháng chín năm hai nghìn không trăm hai mươi sáu tại khách sạn sofitel ở phnom penh, trong khuôn khổ diễn đàn quốc tế về lừa đảo công nghệ. hai bên đánh giá cao kết quả hợp tác trong việc phòng ngừa, ngăn chặn và triệt phá các vụ lừa đảo công nghệ, nêu rõ đã cùng nhau xử lý bốn vụ lừa đảo công nghệ và năm vụ buôn bán ma túy quy mô lớn. phía việt nam đề nghị mở rộng trao đổi thông tin, điều tra và bắt giữ nghi phạm vượt biên, đồng thời xin campuchia tiếp tục bảo vệ công dân việt nam, trong đó có người nhập cư, doanh nhân và du khách. sar sokha cảm ơn phía việt nam, đánh giá cao hiệu quả hợp tác, đề nghị tăng cường an ninh và thực thi pháp luật tại các cửa khẩu, hỗ trợ dự án phục hồi pháp lý cho người nghiện và đào tạo lực lượng, đồng thời kêu gọi các tỉnh giáp biên tiếp tục phối hợp.",,"hai bên đánh giá cao kết quả hợp tác trong việc phòng ngừa, ngăn chặn và triệt phá các vụ lừa đảo công nghệ, nêu rõ đã cùng nhau xử lý bốn vụ lừa đảo công nghệ và năm vụ buôn bán ma túy quy mô lớn.","hai bên đánh giá cao kết quả hợp tác trong việc phòng ngừa, ngăn chặn và triệt phá các vụ lừa đảo công nghệ, nêu rõ đã cùng nhau xử lý bốn vụ lừa đảo công nghệ và năm vụ buôn bán ma túy quy mô lớn.",True,"hˈaːj bˈen ɗˈe-ɜɲ zˈaːɜ kˈaːw kˈeɜt̪ kwˈaː4 hˈəː6p t̪ˈaːɜc tʃˈɔŋ vˈiɛ6c fˈɔ2ŋ ŋˈyə2, ŋˈan tʃˈa6n vˌaː2 tʃˈiɛ6t̪ fˈaːɜ kˌaːɜc vˈu6 lˈyə2 ɗˈaː4w kˈoŋ ŋˈe6, nˈe1w ɹˈɔ5 ɗˌaː5 kˈu2ŋ ɲˈaw sˈy4 lˈiɜ bˈoɜn vˈu6 lˈyə2 ɗˈaː4w kˈoŋ ŋˈe6 vˌaː2 nˈam vˈu6 bˈuən bˈaːɜn mˈaː t̪wˈiɜ kwˈi mˈo lˈəːɜn.","hˈaːj bˈen ɗˈe-ɜɲ zˈaːɜ kˈaːw kˈeɜt̪ kwˈaː4 hˈəː6p t̪ˈaːɜc tʃˈɔŋ vˈiɛ6c fˈɔ2ŋ ŋˈyə2, ŋˈan tʃˈa6n vˌaː2 tʃˈiɛ6t̪ fˈaːɜ kˌaːɜc vˈu6 lˈyə2 ɗˈaː4w kˈoŋ ŋˈe6, nˈe1w ɹˈɔ5 ɗˌaː5 kˈu2ŋ ɲˈaw sˈy4 lˈiɜ bˈoɜn vˈu6 lˈyə2 ɗˈaː4w kˈoŋ ŋˈe6 vˌaː2 nˈam vˈu6 bˈuən bˈaːɜn mˈaː t̪wˈiɜ kwˈi mˈo lˈəːɜn.",sentence,BBE614E05AD0A815D688C3F4B44F691E32398694BF574A75E1012775F7936351
danhgia_tts_02.txt,danhgia_tts_02-014,Văn bản 14,danhgia_tts_02-014-c004,4,"Thượng tướng, Phó Thủ tướng, Bộ trưởng Bộ Nội vụ Campuchia Sar Sokha và Thiếu tướng, Thứ trưởng Bộ Công an Việt Nam Nguyễn Văn Long đã có cuộc gặp song phương vào sáng ngày 23 tháng 9 năm 2026 tại khách sạn Sofitel ở Phnom Penh, trong khuôn khổ diễn đàn quốc tế về lừa đảo công nghệ. Hai bên đánh giá cao kết quả hợp tác trong việc phòng ngừa, ngăn chặn và triệt phá các vụ lừa đảo công nghệ, nêu rõ đã cùng nhau xử lý 4 vụ lừa đảo công nghệ và 5 vụ buôn bán ma túy quy mô lớn. Phía Việt Nam đề nghị mở rộng trao đổi thông tin, điều tra và bắt giữ nghi phạm vượt biên, đồng thời xin Campuchia tiếp tục bảo vệ công dân Việt Nam, trong đó có người nhập cư, doanh nhân và du khách. Sar Sokha cảm ơn phía Việt Nam, đánh giá cao hiệu quả hợp tác, đề nghị tăng cường an ninh và thực thi pháp luật tại các cửa khẩu, hỗ trợ dự án phục hồi pháp lý cho người nghiện và đào tạo lực lượng, đồng thời kêu gọi các tỉnh giáp biên tiếp tục phối hợp.","thượng tướng, phó thủ tướng, bộ trưởng bộ nội vụ campuchia sar sokha và thiếu tướng, thứ trưởng bộ công an việt nam nguyễn văn long đã có cuộc gặp song phương vào sáng ngày hai mươi ba tháng chín năm hai nghìn không trăm hai mươi sáu tại khách sạn sofitel ở phnom penh, trong khuôn khổ diễn đàn quốc tế về lừa đảo công nghệ. hai bên đánh giá cao kết quả hợp tác trong việc phòng ngừa, ngăn chặn và triệt phá các vụ lừa đảo công nghệ, nêu rõ đã cùng nhau xử lý bốn vụ lừa đảo công nghệ và năm vụ buôn bán ma túy quy mô lớn. phía việt nam đề nghị mở rộng trao đổi thông tin, điều tra và bắt giữ nghi phạm vượt biên, đồng thời xin campuchia tiếp tục bảo vệ công dân việt nam, trong đó có người nhập cư, doanh nhân và du khách. sar sokha cảm ơn phía việt nam, đánh giá cao hiệu quả hợp tác, đề nghị tăng cường an ninh và thực thi pháp luật tại các cửa khẩu, hỗ trợ dự án phục hồi pháp lý cho người nghiện và đào tạo lực lượng, đồng thời kêu gọi các tỉnh giáp biên tiếp tục phối hợp.",,"phía việt nam đề nghị mở rộng trao đổi thông tin, điều tra và bắt giữ nghi phạm vượt biên, đồng thời xin campuchia tiếp tục bảo vệ công dân việt nam, trong đó có người nhập cư, doanh nhân và du khách.","phía việt nam đề nghị mở rộng trao đổi thông tin, điều tra và bắt giữ nghi phạm vượt biên, đồng thời xin campuchia tiếp tục bảo vệ công dân việt nam, trong đó có người nhập cư, doanh nhân và du khách.",True,"fˈiəɜ vˈiɛ6t̪ nˈaːm ɗˈe2 ŋˈi6 mˈəː4 ɹˈo6ŋ tʃˈaːw ɗˈo4j tˈoŋ t̪ˈin, ɗˈiɛ2w tʃˈaː vˌaː2 bˈaɜt̪ zˈy5 ŋˈi fˈaː6m vˈyə6t̪ bˈiɛn, ɗˈo2ŋ tˈəː2j sˈin kæmpˈʌkiə t̪ˈiɛɜp t̪ˈu6c bˈaː4w vˈe6 kˈoŋ zˈən vˈiɛ6t̪ nˈaːm, tʃˈɔŋ ɗˈɔɜ kˈɔɜ ŋˈyə2j ɲˈə6p kˈy, zwˈe-ɲ ɲˈən vˌaː2 zˈu xˈe-ɜc.","fˈiəɜ vˈiɛ6t̪ nˈaːm ɗˈe2 ŋˈi6 mˈəː4 ɹˈo6ŋ tʃˈaːw ɗˈo4j tˈoŋ t̪ˈin, ɗˈiɛ2w tʃˈaː vˌaː2 bˈaɜt̪ zˈy5 ŋˈi fˈaː6m vˈyə6t̪ bˈiɛn, ɗˈo2ŋ tˈəː2j sˈin kæmpˈʌkiə t̪ˈiɛɜp t̪ˈu6c bˈaː4w vˈe6 kˈoŋ zˈən vˈiɛ6t̪ nˈaːm, tʃˈɔŋ ɗˈɔɜ kˈɔɜ ŋˈyə2j ɲˈə6p kˈy, zwˈe-ɲ ɲˈən vˌaː2 zˈu xˈe-ɜc.",sentence,BBE614E05AD0A815D688C3F4B44F691E32398694BF574A75E1012775F7936351
danhgia_tts_02.txt,danhgia_tts_02-014,Văn bản 14,danhgia_tts_02-014-c005,5,"Thượng tướng, Phó Thủ tướng, Bộ trưởng Bộ Nội vụ Campuchia Sar Sokha và Thiếu tướng, Thứ trưởng Bộ Công an Việt Nam Nguyễn Văn Long đã có cuộc gặp song phương vào sáng ngày 23 tháng 9 năm 2026 tại khách sạn Sofitel ở Phnom Penh, trong khuôn khổ diễn đàn quốc tế về lừa đảo công nghệ. Hai bên đánh giá cao kết quả hợp tác trong việc phòng ngừa, ngăn chặn và triệt phá các vụ lừa đảo công nghệ, nêu rõ đã cùng nhau xử lý 4 vụ lừa đảo công nghệ và 5 vụ buôn bán ma túy quy mô lớn. Phía Việt Nam đề nghị mở rộng trao đổi thông tin, điều tra và bắt giữ nghi phạm vượt biên, đồng thời xin Campuchia tiếp tục bảo vệ công dân Việt Nam, trong đó có người nhập cư, doanh nhân và du khách. Sar Sokha cảm ơn phía Việt Nam, đánh giá cao hiệu quả hợp tác, đề nghị tăng cường an ninh và thực thi pháp luật tại các cửa khẩu, hỗ trợ dự án phục hồi pháp lý cho người nghiện và đào tạo lực lượng, đồng thời kêu gọi các tỉnh giáp biên tiếp tục phối hợp.","thượng tướng, phó thủ tướng, bộ trưởng bộ nội vụ campuchia sar sokha và thiếu tướng, thứ trưởng bộ công an việt nam nguyễn văn long đã có cuộc gặp song phương vào sáng ngày hai mươi ba tháng chín năm hai nghìn không trăm hai mươi sáu tại khách sạn sofitel ở phnom penh, trong khuôn khổ diễn đàn quốc tế về lừa đảo công nghệ. hai bên đánh giá cao kết quả hợp tác trong việc phòng ngừa, ngăn chặn và triệt phá các vụ lừa đảo công nghệ, nêu rõ đã cùng nhau xử lý bốn vụ lừa đảo công nghệ và năm vụ buôn bán ma túy quy mô lớn. phía việt nam đề nghị mở rộng trao đổi thông tin, điều tra và bắt giữ nghi phạm vượt biên, đồng thời xin campuchia tiếp tục bảo vệ công dân việt nam, trong đó có người nhập cư, doanh nhân và du khách. sar sokha cảm ơn phía việt nam, đánh giá cao hiệu quả hợp tác, đề nghị tăng cường an ninh và thực thi pháp luật tại các cửa khẩu, hỗ trợ dự án phục hồi pháp lý cho người nghiện và đào tạo lực lượng, đồng thời kêu gọi các tỉnh giáp biên tiếp tục phối hợp.",,"sar sokha cảm ơn phía việt nam, đánh giá cao hiệu quả hợp tác, đề nghị tăng cường an ninh và thực thi pháp luật tại các cửa khẩu, hỗ trợ dự án phục hồi pháp lý cho người nghiện và đào tạo lực lượng, đồng thời kêu gọi các tỉnh giáp biên tiếp tục phối hợp.","sar sokha cảm ơn phía việt nam, đánh giá cao hiệu quả hợp tác, đề nghị tăng cường an ninh và thực thi pháp luật tại các cửa khẩu, hỗ trợ dự án phục hồi pháp lý cho người nghiện và đào tạo lực lượng, đồng thời kêu gọi các tỉnh giáp biên tiếp tục phối hợp.",True,"sˈɑːɹ sˈɑːkə kˈaː4m ˈəːn fˈiəɜ vˈiɛ6t̪ nˈaːm, ɗˈe-ɜɲ zˈaːɜ kˈaːw hˈiɛ6w kwˈaː4 hˈəː6p t̪ˈaːɜc, ɗˈe2 ŋˈi6 t̪ˈaŋ kˈyə2ŋ ˈaːn nˈiɲ vˌaː2 tˈy6c tˈi fˈaːɜp lwˈə6t̪ t̪ˈaː6j kˌaːɜc kˈyə4 xˈə4w, hˈo5 tʃˈəː6 zˈy6 ˈaːɜn fˈu6c hˈo2j fˈaːɜp lˈiɜ tʃˌɔ ŋˈyə2j ŋˈiɛ6n vˌaː2 ɗˈaː2w t̪ˈaː6w lˈy6c lˈyə6ŋ, ɗˈo2ŋ tˈəː2j kˈe1w ɣˈɔ6j kˌaːɜc t̪ˈi4ɲ zˈaːɜp bˈiɛn t̪ˈiɛɜp t̪ˈu6c fˈoɜj hˈəː6p.","sˈɑːɹ sˈɑːkə kˈaː4m ˈəːn fˈiəɜ vˈiɛ6t̪ nˈaːm, ɗˈe-ɜɲ zˈaːɜ kˈaːw hˈiɛ6w kwˈaː4 hˈəː6p t̪ˈaːɜc, ɗˈe2 ŋˈi6 t̪ˈaŋ kˈyə2ŋ ˈaːn nˈiɲ vˌaː2 tˈy6c tˈi fˈaːɜp lwˈə6t̪ t̪ˈaː6j kˌaːɜc kˈyə4 xˈə4w, hˈo5 tʃˈəː6 zˈy6 ˈaːɜn fˈu6c hˈo2j fˈaːɜp lˈiɜ tʃˌɔ ŋˈyə2j ŋˈiɛ6n vˌaː2 ɗˈaː2w t̪ˈaː6w lˈy6c lˈyə6ŋ, ɗˈo2ŋ tˈəː2j kˈe1w ɣˈɔ6j kˌaːɜc t̪ˈi4ɲ zˈaːɜp bˈiɛn t̪ˈiɛɜp t̪ˈu6c fˈoɜj hˈəː6p.",,BBE614E05AD0A815D688C3F4B44F691E32398694BF574A75E1012775F7936351
danhgia_tts_02.txt,danhgia_tts_02-015,Văn bản 15,danhgia_tts_02-015-c001,1,"Tổng thống Ukraine Volodymyr Oleksandrovych Zelenskyy thông báo tại các cuộc thảo luận chung của Đại hội đồng Liên Hợp Quốc ở New York rằng Ukraine đã chuyển hai tù binh Triều Tiên cho Hàn Quốc. Ông cho biết một trong hai người nhận ra rằng khi bị bắt đã cố tự sát và bị sốc vì không chết, đồng thời nói rằng cách họ nuôi dưỡng con người ở Triều Tiên như vậy. Zelenskyy cũng nhắc rằng Tổng thống Nga Vladimir Vladimirovich Putin đã hứa với đại diện Mỹ rằng ông sẽ chiếm lĩnh vùng Donetsk và cần thêm vài tháng, có lẽ đã hứa như vậy 17 hoặc 18 lần. Bài báo nhắc lại rằng ngày 11 tháng 1 năm 2025 lực lượng đặc nhiệm và lính dù của Quân đội Ukraine bắt hai binh sĩ Triều Tiên bị thương ở vùng Kursk, đưa về Kiev để điều trị và làm việc với Cơ quan An ninh Ukraine.","tổng thống ukraine volodymyr oleksandrovych zelenskyy thông báo tại các cuộc thảo luận chung của đại hội đồng liên hợp quốc ở new york rằng ukraine đã chuyển hai tù binh triều tiên cho hàn quốc. ông cho biết một trong hai người nhận ra rằng khi bị bắt đã cố tự sát và bị sốc vì không chết, đồng thời nói rằng cách họ nuôi dưỡng con người ở triều tiên như vậy. zelenskyy cũng nhắc rằng tổng thống nga vladimir vladimirovich putin đã hứa với đại diện mỹ rằng ông sẽ chiếm lĩnh vùng donetsk và cần thêm vài tháng, có lẽ đã hứa như vậy mười bảy hoặc mười tám lần. bài báo nhắc lại rằng ngày mười một tháng một năm hai nghìn không trăm hai mươi lăm lực lượng đặc nhiệm và lính dù của quân đội ukraine bắt hai binh sĩ triều tiên bị thương ở vùng kursk, đưa về kiev để điều trị và làm việc với cơ quan an ninh ukraine.",,tổng thống ukraine volodymyr oleksandrovych zelenskyy thông báo tại các cuộc thảo luận chung của đại hội đồng liên hợp quốc ở new york rằng ukraine đã chuyển hai tù binh triều tiên cho hàn quốc.,tổng thống ukraine volodymyr oleksandrovych zelenskyy thông báo tại các cuộc thảo luận chung của đại hội đồng liên hợp quốc ở new york rằng ukraine đã chuyển hai tù binh triều tiên cho hàn quốc.,True,t̪ˈo4ŋ tˈoɜŋ juːkɹˈeɪn vˈɑːlədˌɪmɚ ˈoʊlksændɚ ˈɑːv ˈɪtʃ zˈɛlənskɪi tˈoŋ bˈaːɜw t̪ˈaː6j kˌaːɜc kˈuə6c tˈaː4w lwˈə6n tʃˈuŋ kˌuə4 ɗˈaː6j hˈo6j ɗˈo2ŋ lˈiɛn hˈəː6p kˈuəɜc ˈəː4 nˈuː jˈɔːɹk ɹˈa2ŋ juːkɹˈeɪn ɗˌaː5 tʃwˈiɛ4n hˈaːj t̪ˈu2 bˈiɲ tʃˈiɛ2w t̪ˈiɛn tʃˌɔ hˈaː2n kˈuəɜc.,t̪ˈo4ŋ tˈoɜŋ juːkɹˈeɪn vˈɑːlədˌɪmɚ ˈoʊlksændɚ ˈɑːv ˈɪtʃ zˈɛlənskɪi tˈoŋ bˈaːɜw t̪ˈaː6j kˌaːɜc kˈuə6c tˈaː4w lwˈə6n tʃˈuŋ kˌuə4 ɗˈaː6j hˈo6j ɗˈo2ŋ lˈiɛn hˈəː6p kˈuəɜc ˈəː4 nˈuː jˈɔːɹk ɹˈa2ŋ juːkɹˈeɪn ɗˌaː5 tʃwˈiɛ4n hˈaːj t̪ˈu2 bˈiɲ tʃˈiɛ2w t̪ˈiɛn tʃˌɔ hˈaː2n kˈuəɜc.,sentence,BBE614E05AD0A815D688C3F4B44F691E32398694BF574A75E1012775F7936351
danhgia_tts_02.txt,danhgia_tts_02-015,Văn bản 15,danhgia_tts_02-015-c002,2,"Tổng thống Ukraine Volodymyr Oleksandrovych Zelenskyy thông báo tại các cuộc thảo luận chung của Đại hội đồng Liên Hợp Quốc ở New York rằng Ukraine đã chuyển hai tù binh Triều Tiên cho Hàn Quốc. Ông cho biết một trong hai người nhận ra rằng khi bị bắt đã cố tự sát và bị sốc vì không chết, đồng thời nói rằng cách họ nuôi dưỡng con người ở Triều Tiên như vậy. Zelenskyy cũng nhắc rằng Tổng thống Nga Vladimir Vladimirovich Putin đã hứa với đại diện Mỹ rằng ông sẽ chiếm lĩnh vùng Donetsk và cần thêm vài tháng, có lẽ đã hứa như vậy 17 hoặc 18 lần. Bài báo nhắc lại rằng ngày 11 tháng 1 năm 2025 lực lượng đặc nhiệm và lính dù của Quân đội Ukraine bắt hai binh sĩ Triều Tiên bị thương ở vùng Kursk, đưa về Kiev để điều trị và làm việc với Cơ quan An ninh Ukraine.","tổng thống ukraine volodymyr oleksandrovych zelenskyy thông báo tại các cuộc thảo luận chung của đại hội đồng liên hợp quốc ở new york rằng ukraine đã chuyển hai tù binh triều tiên cho hàn quốc. ông cho biết một trong hai người nhận ra rằng khi bị bắt đã cố tự sát và bị sốc vì không chết, đồng thời nói rằng cách họ nuôi dưỡng con người ở triều tiên như vậy. zelenskyy cũng nhắc rằng tổng thống nga vladimir vladimirovich putin đã hứa với đại diện mỹ rằng ông sẽ chiếm lĩnh vùng donetsk và cần thêm vài tháng, có lẽ đã hứa như vậy mười bảy hoặc mười tám lần. bài báo nhắc lại rằng ngày mười một tháng một năm hai nghìn không trăm hai mươi lăm lực lượng đặc nhiệm và lính dù của quân đội ukraine bắt hai binh sĩ triều tiên bị thương ở vùng kursk, đưa về kiev để điều trị và làm việc với cơ quan an ninh ukraine.",,"ông cho biết một trong hai người nhận ra rằng khi bị bắt đã cố tự sát và bị sốc vì không chết, đồng thời nói rằng cách họ nuôi dưỡng con người ở triều tiên như vậy.","ông cho biết một trong hai người nhận ra rằng khi bị bắt đã cố tự sát và bị sốc vì không chết, đồng thời nói rằng cách họ nuôi dưỡng con người ở triều tiên như vậy.",True,"ˈoŋ tʃˌɔ bˈiɛɜt̪ mˈo6t̪ tʃˈɔŋ hˈaːj ŋˈyə2j ɲˈə6n ɹˈaː ɹˈa2ŋ xˌi bˌi6 bˈaɜt̪ ɗˌaː5 kˈoɜ t̪ˈy6 sˈaːɜt̪ vˌaː2 bˌi6 sˈoɜk vˌi2 xˌoŋ tʃˈeɜt̪, ɗˈo2ŋ tˈəː2j nˈɔɜj ɹˈa2ŋ kˈe-ɜc hˈɔ6 nˈuəj zˈyə5ŋ kˌɔn ŋˈyə2j ˈəː4 tʃˈiɛ2w t̪ˈiɛn ɲˌy vˈəɪ6.","ˈoŋ tʃˌɔ bˈiɛɜt̪ mˈo6t̪ tʃˈɔŋ hˈaːj ŋˈyə2j ɲˈə6n ɹˈaː ɹˈa2ŋ xˌi bˌi6 bˈaɜt̪ ɗˌaː5 kˈoɜ t̪ˈy6 sˈaːɜt̪ vˌaː2 bˌi6 sˈoɜk vˌi2 xˌoŋ tʃˈeɜt̪, ɗˈo2ŋ tˈəː2j nˈɔɜj ɹˈa2ŋ kˈe-ɜc hˈɔ6 nˈuəj zˈyə5ŋ kˌɔn ŋˈyə2j ˈəː4 tʃˈiɛ2w t̪ˈiɛn ɲˌy vˈəɪ6.",sentence,BBE614E05AD0A815D688C3F4B44F691E32398694BF574A75E1012775F7936351
danhgia_tts_02.txt,danhgia_tts_02-015,Văn bản 15,danhgia_tts_02-015-c003,3,"Tổng thống Ukraine Volodymyr Oleksandrovych Zelenskyy thông báo tại các cuộc thảo luận chung của Đại hội đồng Liên Hợp Quốc ở New York rằng Ukraine đã chuyển hai tù binh Triều Tiên cho Hàn Quốc. Ông cho biết một trong hai người nhận ra rằng khi bị bắt đã cố tự sát và bị sốc vì không chết, đồng thời nói rằng cách họ nuôi dưỡng con người ở Triều Tiên như vậy. Zelenskyy cũng nhắc rằng Tổng thống Nga Vladimir Vladimirovich Putin đã hứa với đại diện Mỹ rằng ông sẽ chiếm lĩnh vùng Donetsk và cần thêm vài tháng, có lẽ đã hứa như vậy 17 hoặc 18 lần. Bài báo nhắc lại rằng ngày 11 tháng 1 năm 2025 lực lượng đặc nhiệm và lính dù của Quân đội Ukraine bắt hai binh sĩ Triều Tiên bị thương ở vùng Kursk, đưa về Kiev để điều trị và làm việc với Cơ quan An ninh Ukraine.","tổng thống ukraine volodymyr oleksandrovych zelenskyy thông báo tại các cuộc thảo luận chung của đại hội đồng liên hợp quốc ở new york rằng ukraine đã chuyển hai tù binh triều tiên cho hàn quốc. ông cho biết một trong hai người nhận ra rằng khi bị bắt đã cố tự sát và bị sốc vì không chết, đồng thời nói rằng cách họ nuôi dưỡng con người ở triều tiên như vậy. zelenskyy cũng nhắc rằng tổng thống nga vladimir vladimirovich putin đã hứa với đại diện mỹ rằng ông sẽ chiếm lĩnh vùng donetsk và cần thêm vài tháng, có lẽ đã hứa như vậy mười bảy hoặc mười tám lần. bài báo nhắc lại rằng ngày mười một tháng một năm hai nghìn không trăm hai mươi lăm lực lượng đặc nhiệm và lính dù của quân đội ukraine bắt hai binh sĩ triều tiên bị thương ở vùng kursk, đưa về kiev để điều trị và làm việc với cơ quan an ninh ukraine.",,"zelenskyy cũng nhắc rằng tổng thống nga vladimir vladimirovich putin đã hứa với đại diện mỹ rằng ông sẽ chiếm lĩnh vùng donetsk và cần thêm vài tháng, có lẽ đã hứa như vậy mười bảy hoặc mười tám lần.","zelenskyy cũng nhắc rằng tổng thống nga vladimir vladimirovich putin đã hứa với đại diện mỹ rằng ông sẽ chiếm lĩnh vùng donetsk và cần thêm vài tháng, có lẽ đã hứa như vậy mười bảy hoặc mười tám lần.",True,"zˈɛlənskɪi kˈu5ŋ ɲˈaɜc ɹˈa2ŋ t̪ˈo4ŋ tˈoɜŋ ŋˈaː vlˈædɪmˌɪɹ vlˌædɪmɪɹˈoʊvɪtʃ pjˈuːtɪn ɗˌaː5 hˈyəɜ vˌəːɜj ɗˈaː6j zˈiɛ6n mˈi5 ɹˈa2ŋ ˈoŋ sˌɛ5 tʃˈiɛɜm lˈi5ɲ vˈu2ŋ dɑːnˈɛtsk vˌaː2 kˈə2n tˈem vˈaː2j tˈaːɜŋ, kˈɔɜ lˈɛ5 ɗˌaː5 hˈyəɜ ɲˌy vˈəɪ6 mˈyə2j bˈa4j hwˌa6c mˈyə2j t̪ˈaːɜm lˈə2n.","zˈɛlənskɪi kˈu5ŋ ɲˈaɜc ɹˈa2ŋ t̪ˈo4ŋ tˈoɜŋ ŋˈaː vlˈædɪmˌɪɹ vlˌædɪmɪɹˈoʊvɪtʃ pjˈuːtɪn ɗˌaː5 hˈyəɜ vˌəːɜj ɗˈaː6j zˈiɛ6n mˈi5 ɹˈa2ŋ ˈoŋ sˌɛ5 tʃˈiɛɜm lˈi5ɲ vˈu2ŋ dɑːnˈɛtsk vˌaː2 kˈə2n tˈem vˈaː2j tˈaːɜŋ, kˈɔɜ lˈɛ5 ɗˌaː5 hˈyəɜ ɲˌy vˈəɪ6 mˈyə2j bˈa4j hwˌa6c mˈyə2j t̪ˈaːɜm lˈə2n.",sentence,BBE614E05AD0A815D688C3F4B44F691E32398694BF574A75E1012775F7936351
danhgia_tts_02.txt,danhgia_tts_02-015,Văn bản 15,danhgia_tts_02-015-c004,4,"Tổng thống Ukraine Volodymyr Oleksandrovych Zelenskyy thông báo tại các cuộc thảo luận chung của Đại hội đồng Liên Hợp Quốc ở New York rằng Ukraine đã chuyển hai tù binh Triều Tiên cho Hàn Quốc. Ông cho biết một trong hai người nhận ra rằng khi bị bắt đã cố tự sát và bị sốc vì không chết, đồng thời nói rằng cách họ nuôi dưỡng con người ở Triều Tiên như vậy. Zelenskyy cũng nhắc rằng Tổng thống Nga Vladimir Vladimirovich Putin đã hứa với đại diện Mỹ rằng ông sẽ chiếm lĩnh vùng Donetsk và cần thêm vài tháng, có lẽ đã hứa như vậy 17 hoặc 18 lần. Bài báo nhắc lại rằng ngày 11 tháng 1 năm 2025 lực lượng đặc nhiệm và lính dù của Quân đội Ukraine bắt hai binh sĩ Triều Tiên bị thương ở vùng Kursk, đưa về Kiev để điều trị và làm việc với Cơ quan An ninh Ukraine.","tổng thống ukraine volodymyr oleksandrovych zelenskyy thông báo tại các cuộc thảo luận chung của đại hội đồng liên hợp quốc ở new york rằng ukraine đã chuyển hai tù binh triều tiên cho hàn quốc. ông cho biết một trong hai người nhận ra rằng khi bị bắt đã cố tự sát và bị sốc vì không chết, đồng thời nói rằng cách họ nuôi dưỡng con người ở triều tiên như vậy. zelenskyy cũng nhắc rằng tổng thống nga vladimir vladimirovich putin đã hứa với đại diện mỹ rằng ông sẽ chiếm lĩnh vùng donetsk và cần thêm vài tháng, có lẽ đã hứa như vậy mười bảy hoặc mười tám lần. bài báo nhắc lại rằng ngày mười một tháng một năm hai nghìn không trăm hai mươi lăm lực lượng đặc nhiệm và lính dù của quân đội ukraine bắt hai binh sĩ triều tiên bị thương ở vùng kursk, đưa về kiev để điều trị và làm việc với cơ quan an ninh ukraine.",,"bài báo nhắc lại rằng ngày mười một tháng một năm hai nghìn không trăm hai mươi lăm lực lượng đặc nhiệm và lính dù của quân đội ukraine bắt hai binh sĩ triều tiên bị thương ở vùng kursk, đưa về kiev để điều trị và làm việc với cơ quan an ninh ukraine.","bài báo nhắc lại rằng ngày mười một tháng một năm hai nghìn không trăm hai mươi lăm lực lượng đặc nhiệm và lính dù của quân đội ukraine bắt hai binh sĩ triều tiên bị thương ở vùng kursk, đưa về kiev để điều trị và làm việc với cơ quan an ninh ukraine.",True,"bˈaː2j bˈaːɜw ɲˈaɜc lˈaː6j ɹˈa2ŋ ŋˈa2j mˈyə2j mˈo6t̪ tˈaːɜŋ mˈo6t̪ nˈam hˈaːj ŋˈi2n xˌoŋ tʃˈam hˈaːj mˈyəj lˈam lˈy6c lˈyə6ŋ ɗˈa6c ɲˈiɛ6m vˌaː2 lˈiɜɲ zˌu2 kˌuə4 kwˈən ɗˈo6j juːkɹˈeɪn bˈaɜt̪ hˈaːj bˈiɲ sˈi5 tʃˈiɛ2w t̪ˈiɛn bˌi6 tˈyəŋ ˈəː4 vˈu2ŋ kˈɜːsk, ɗˈyə vˈe2 kˈiːɛf ɗˌe4 ɗˈiɛ2w tʃˈi6 vˌaː2 lˈaː2m vˈiɛ6c vˌəːɜj kˈəː kwˈaːn ˈaːn nˈiɲ juːkɹˈeɪn.","bˈaː2j bˈaːɜw ɲˈaɜc lˈaː6j ɹˈa2ŋ ŋˈa2j mˈyə2j mˈo6t̪ tˈaːɜŋ mˈo6t̪ nˈam hˈaːj ŋˈi2n xˌoŋ tʃˈam hˈaːj mˈyəj lˈam lˈy6c lˈyə6ŋ ɗˈa6c ɲˈiɛ6m vˌaː2 lˈiɜɲ zˌu2 kˌuə4 kwˈən ɗˈo6j juːkɹˈeɪn bˈaɜt̪ hˈaːj bˈiɲ sˈi5 tʃˈiɛ2w t̪ˈiɛn bˌi6 tˈyəŋ ˈəː4 vˈu2ŋ kˈɜːsk, ɗˈyə vˈe2 kˈiːɛf ɗˌe4 ɗˈiɛ2w tʃˈi6 vˌaː2 lˈaː2m vˈiɛ6c vˌəːɜj kˈəː kwˈaːn ˈaːn nˈiɲ juːkɹˈeɪn.",,BBE614E05AD0A815D688C3F4B44F691E32398694BF574A75E1012775F7936351
danhgia_tts_02.txt,danhgia_tts_02-016,Văn bản 16,danhgia_tts_02-016-c001,1,"Công ty khởi nghiệp Lion Robotics của Hàn Quốc thông báo bài báo về robot đi bốn chân RAIBO2 hoàn thành marathon đã được đăng trên tạp chí Nature. RAIBO2 đã chạy 42,195 km trong 4 giờ 19 phút 52 giây tại giải marathon Gatsam ở Sangju, tỉnh Gyeongsang Bắc, Hàn Quốc vào tháng 11 năm 2024 mà không cần thay hoặc sạc pin. Nghiên cứu cho biết đây là lần đầu tiên một robot đi bộ hoàn thành cự ly marathon thực tế và lập kỷ lục thế giới cho robot đi bốn chân. Bài báo nhấn mạnh việc tích hợp cơ khí, mạch điện, động cơ và điều khiển đi bằng AI cùng nền tảng mô phỏng RAISIM giúp giảm tổn hao năng lượng, cho phép robot di chuyển khoảng 65 km với một lần sạc. Nhóm nghiên cứu cũng chỉ ra robot tiêu thụ ít năng lượng hơn con người khoảng 32% và thu hồi năng lượng khi xuống dốc. Bài báo có các tác giả cùng thứ nhất là tiến sĩ Lee Chung-in và sinh viên Yeom Dong-hoon, Park Jeong-su của KAIST, với giáo sư Hwangbo Je-min của Hàn Quốc là tác giả liên hệ. Lion Robotics đang chuyển kết quả nghiên cứu sang sản phẩm thương mại và dự định áp dụng công nghệ này cho tìm kiếm cứu hộ, trinh sát, tuần tra cơ sở công nghiệp và nhiệm vụ quốc phòng.","công ty khởi nghiệp lion robotics của hàn quốc thông báo bài báo về robot đi bốn chân rờ a i bê ô hai hoàn thành marathon đã được đăng trên tạp chí nature. rờ a i bê ô hai đã chạy bốn mươi hai nghìn một trăm chín mươi lăm ki lô mét trong bốn giờ mười chín phút năm mươi hai giây tại giải marathon gatsam ở sangju, tỉnh gyeongsang bắc, hàn quốc vào tháng mười một năm hai nghìn không trăm hai mươi bốn mà không cần thay hoặc sạc pin. nghiên cứu cho biết đây là lần đầu tiên một robot đi bộ hoàn thành cự ly marathon thực tế và lập kỷ lục thế giới cho robot đi bốn chân. bài báo nhấn mạnh việc tích hợp cơ khí, mạch điện, động cơ và điều khiển đi bằng <en>a i</en> cùng nền tảng mô phỏng rờ a i ét i mờ giúp giảm tổn hao năng lượng, cho phép robot di chuyển khoảng sáu mươi lăm ki lô mét với một lần sạc. nhóm nghiên cứu cũng chỉ ra robot tiêu thụ ít năng lượng hơn con người khoảng ba mươi hai phần trăm và thu hồi năng lượng khi xuống dốc. bài báo có các tác giả cùng thứ nhất là tiến sĩ lee chung in và sinh viên yeom dong hoon, park jeong su của ca a i ét tê, với giáo sư hwangbo je min của hàn quốc là tác giả liên hệ. lion robotics đang chuyển kết quả nghiên cứu sang sản phẩm thương mại và dự định áp dụng công nghệ này cho tìm kiếm cứu hộ, trinh sát, tuần tra cơ sở công nghiệp và nhiệm vụ quốc phòng.",,công ty khởi nghiệp lion robotics của hàn quốc thông báo bài báo về robot đi bốn chân rờ a i bê ô hai hoàn thành marathon đã được đăng trên tạp chí nature.,công ty khởi nghiệp lion robotics của hàn quốc thông báo bài báo về robot đi bốn chân rờ a i bê ô hai hoàn thành marathon đã được đăng trên tạp chí nature.,True,kˈoŋ t̪ˈi xˈəː4j ŋˈiɛ6p lˈaɪən ɹoʊbˈɑːɾɪks kˌuə4 hˈaː2n kˈuəɜc tˈoŋ bˈaːɜw bˈaː2j bˈaːɜw vˈe2 ɹˈoʊbɑːt ɗˈi bˈoɜn tʃˈən ɹˈəː2 ˈaː ˈi bˈe ˈo hˈaːj hwˈaː2n tˈe-2ɲ mˈæɹəθˌɑːn ɗˌaː5 ɗˌyə6c ɗˈaŋ tʃˈen t̪ˈaː6p tʃˈiɜ nˈeɪtʃɚ.,kˈoŋ t̪ˈi xˈəː4j ŋˈiɛ6p lˈaɪən ɹoʊbˈɑːɾɪks kˌuə4 hˈaː2n kˈuəɜc tˈoŋ bˈaːɜw bˈaː2j bˈaːɜw vˈe2 ɹˈoʊbɑːt ɗˈi bˈoɜn tʃˈən ɹˈəː2 ˈaː ˈi bˈe ˈo hˈaːj hwˈaː2n tˈe-2ɲ mˈæɹəθˌɑːn ɗˌaː5 ɗˌyə6c ɗˈaŋ tʃˈen t̪ˈaː6p tʃˈiɜ nˈeɪtʃɚ.,sentence,BBE614E05AD0A815D688C3F4B44F691E32398694BF574A75E1012775F7936351
danhgia_tts_02.txt,danhgia_tts_02-016,Văn bản 16,danhgia_tts_02-016-c002,2,"Công ty khởi nghiệp Lion Robotics của Hàn Quốc thông báo bài báo về robot đi bốn chân RAIBO2 hoàn thành marathon đã được đăng trên tạp chí Nature. RAIBO2 đã chạy 42,195 km trong 4 giờ 19 phút 52 giây tại giải marathon Gatsam ở Sangju, tỉnh Gyeongsang Bắc, Hàn Quốc vào tháng 11 năm 2024 mà không cần thay hoặc sạc pin. Nghiên cứu cho biết đây là lần đầu tiên một robot đi bộ hoàn thành cự ly marathon thực tế và lập kỷ lục thế giới cho robot đi bốn chân. Bài báo nhấn mạnh việc tích hợp cơ khí, mạch điện, động cơ và điều khiển đi bằng AI cùng nền tảng mô phỏng RAISIM giúp giảm tổn hao năng lượng, cho phép robot di chuyển khoảng 65 km với một lần sạc. Nhóm nghiên cứu cũng chỉ ra robot tiêu thụ ít năng lượng hơn con người khoảng 32% và thu hồi năng lượng khi xuống dốc. Bài báo có các tác giả cùng thứ nhất là tiến sĩ Lee Chung-in và sinh viên Yeom Dong-hoon, Park Jeong-su của KAIST, với giáo sư Hwangbo Je-min của Hàn Quốc là tác giả liên hệ. Lion Robotics đang chuyển kết quả nghiên cứu sang sản phẩm thương mại và dự định áp dụng công nghệ này cho tìm kiếm cứu hộ, trinh sát, tuần tra cơ sở công nghiệp và nhiệm vụ quốc phòng.","công ty khởi nghiệp lion robotics của hàn quốc thông báo bài báo về robot đi bốn chân rờ a i bê ô hai hoàn thành marathon đã được đăng trên tạp chí nature. rờ a i bê ô hai đã chạy bốn mươi hai nghìn một trăm chín mươi lăm ki lô mét trong bốn giờ mười chín phút năm mươi hai giây tại giải marathon gatsam ở sangju, tỉnh gyeongsang bắc, hàn quốc vào tháng mười một năm hai nghìn không trăm hai mươi bốn mà không cần thay hoặc sạc pin. nghiên cứu cho biết đây là lần đầu tiên một robot đi bộ hoàn thành cự ly marathon thực tế và lập kỷ lục thế giới cho robot đi bốn chân. bài báo nhấn mạnh việc tích hợp cơ khí, mạch điện, động cơ và điều khiển đi bằng <en>a i</en> cùng nền tảng mô phỏng rờ a i ét i mờ giúp giảm tổn hao năng lượng, cho phép robot di chuyển khoảng sáu mươi lăm ki lô mét với một lần sạc. nhóm nghiên cứu cũng chỉ ra robot tiêu thụ ít năng lượng hơn con người khoảng ba mươi hai phần trăm và thu hồi năng lượng khi xuống dốc. bài báo có các tác giả cùng thứ nhất là tiến sĩ lee chung in và sinh viên yeom dong hoon, park jeong su của ca a i ét tê, với giáo sư hwangbo je min của hàn quốc là tác giả liên hệ. lion robotics đang chuyển kết quả nghiên cứu sang sản phẩm thương mại và dự định áp dụng công nghệ này cho tìm kiếm cứu hộ, trinh sát, tuần tra cơ sở công nghiệp và nhiệm vụ quốc phòng.",,"rờ a i bê ô hai đã chạy bốn mươi hai nghìn một trăm chín mươi lăm ki lô mét trong bốn giờ mười chín phút năm mươi hai giây tại giải marathon gatsam ở sangju, tỉnh gyeongsang bắc,","rờ a i bê ô hai đã chạy bốn mươi hai nghìn một trăm chín mươi lăm ki lô mét trong bốn giờ mười chín phút năm mươi hai giây tại giải marathon gatsam ở sangju, tỉnh gyeongsang bắc.",False,"ɹˈəː2 ˈaː ˈi bˈe ˈo hˈaːj ɗˌaː5 tʃˈa6j bˈoɜn mˈyəj hˈaːj ŋˈi2n mˈo6t̪ tʃˈam tʃˈiɜn mˈyəj lˈam kˈi lˈo mˈɛɜt̪ tʃˈɔŋ bˈoɜn zˈəː2 mˈyə2j tʃˈiɜn fˈuɜt̪ nˈam mˈyəj hˈaːj zˈəɪ t̪ˈaː6j zˈaː4j mˈæɹəθˌɑːn ɣˈaː tsˈæm ˈəː4 sˈæŋdʒuː, t̪ˈi4ɲ dʒjˈoʊŋsæŋ bˈaɜc.","ɹˈəː2 ˈaː ˈi bˈe ˈo hˈaːj ɗˌaː5 tʃˈa6j bˈoɜn mˈyəj hˈaːj ŋˈi2n mˈo6t̪ tʃˈam tʃˈiɜn mˈyəj lˈam kˈi lˈo mˈɛɜt̪ tʃˈɔŋ bˈoɜn zˈəː2 mˈyə2j tʃˈiɜn fˈuɜt̪ nˈam mˈyəj hˈaːj zˈəɪ t̪ˈaː6j zˈaː4j mˈæɹəθˌɑːn ɣˈaː tsˈæm ˈəː4 sˈæŋdʒuː, t̪ˈi4ɲ dʒjˈoʊŋsæŋ bˈaɜc,",minor,BBE614E05AD0A815D688C3F4B44F691E32398694BF574A75E1012775F7936351
danhgia_tts_02.txt,danhgia_tts_02-016,Văn bản 16,danhgia_tts_02-016-c003,3,"Công ty khởi nghiệp Lion Robotics của Hàn Quốc thông báo bài báo về robot đi bốn chân RAIBO2 hoàn thành marathon đã được đăng trên tạp chí Nature. RAIBO2 đã chạy 42,195 km trong 4 giờ 19 phút 52 giây tại giải marathon Gatsam ở Sangju, tỉnh Gyeongsang Bắc, Hàn Quốc vào tháng 11 năm 2024 mà không cần thay hoặc sạc pin. Nghiên cứu cho biết đây là lần đầu tiên một robot đi bộ hoàn thành cự ly marathon thực tế và lập kỷ lục thế giới cho robot đi bốn chân. Bài báo nhấn mạnh việc tích hợp cơ khí, mạch điện, động cơ và điều khiển đi bằng AI cùng nền tảng mô phỏng RAISIM giúp giảm tổn hao năng lượng, cho phép robot di chuyển khoảng 65 km với một lần sạc. Nhóm nghiên cứu cũng chỉ ra robot tiêu thụ ít năng lượng hơn con người khoảng 32% và thu hồi năng lượng khi xuống dốc. Bài báo có các tác giả cùng thứ nhất là tiến sĩ Lee Chung-in và sinh viên Yeom Dong-hoon, Park Jeong-su của KAIST, với giáo sư Hwangbo Je-min của Hàn Quốc là tác giả liên hệ. Lion Robotics đang chuyển kết quả nghiên cứu sang sản phẩm thương mại và dự định áp dụng công nghệ này cho tìm kiếm cứu hộ, trinh sát, tuần tra cơ sở công nghiệp và nhiệm vụ quốc phòng.","công ty khởi nghiệp lion robotics của hàn quốc thông báo bài báo về robot đi bốn chân rờ a i bê ô hai hoàn thành marathon đã được đăng trên tạp chí nature. rờ a i bê ô hai đã chạy bốn mươi hai nghìn một trăm chín mươi lăm ki lô mét trong bốn giờ mười chín phút năm mươi hai giây tại giải marathon gatsam ở sangju, tỉnh gyeongsang bắc, hàn quốc vào tháng mười một năm hai nghìn không trăm hai mươi bốn mà không cần thay hoặc sạc pin. nghiên cứu cho biết đây là lần đầu tiên một robot đi bộ hoàn thành cự ly marathon thực tế và lập kỷ lục thế giới cho robot đi bốn chân. bài báo nhấn mạnh việc tích hợp cơ khí, mạch điện, động cơ và điều khiển đi bằng <en>a i</en> cùng nền tảng mô phỏng rờ a i ét i mờ giúp giảm tổn hao năng lượng, cho phép robot di chuyển khoảng sáu mươi lăm ki lô mét với một lần sạc. nhóm nghiên cứu cũng chỉ ra robot tiêu thụ ít năng lượng hơn con người khoảng ba mươi hai phần trăm và thu hồi năng lượng khi xuống dốc. bài báo có các tác giả cùng thứ nhất là tiến sĩ lee chung in và sinh viên yeom dong hoon, park jeong su của ca a i ét tê, với giáo sư hwangbo je min của hàn quốc là tác giả liên hệ. lion robotics đang chuyển kết quả nghiên cứu sang sản phẩm thương mại và dự định áp dụng công nghệ này cho tìm kiếm cứu hộ, trinh sát, tuần tra cơ sở công nghiệp và nhiệm vụ quốc phòng.",,hàn quốc vào tháng mười một năm hai nghìn không trăm hai mươi bốn mà không cần thay hoặc sạc pin. nghiên cứu cho biết đây là lần đầu tiên một robot đi bộ hoàn thành cự ly marathon thực tế và lập kỷ lục thế giới cho robot đi bốn chân.,hàn quốc vào tháng mười một năm hai nghìn không trăm hai mươi bốn mà không cần thay hoặc sạc pin. nghiên cứu cho biết đây là lần đầu tiên một robot đi bộ hoàn thành cự ly marathon thực tế và lập kỷ lục thế giới cho robot đi bốn chân.,True,hˈaː2n kˈuəɜc vˈaː2w tˈaːɜŋ mˈyə2j mˈo6t̪ nˈam hˈaːj ŋˈi2n xˌoŋ tʃˈam hˈaːj mˈyəj bˈoɜn mˌaː2 xˌoŋ kˈə2n tˈaj hwˌa6c sˈaː6c pˈɪn. ŋˈiɛn kˈiɜw tʃˌɔ bˈiɛɜt̪ ɗˈəɪ lˌaː2 lˈə2n ɗˈə2w t̪ˈiɛn mˈo6t̪ ɹˈoʊbɑːt ɗˈi bˈo6 hwˈaː2n tˈe-2ɲ kˈy6 lˈi mˈæɹəθˌɑːn tˈy6c t̪ˈeɜ vˌaː2 lˈə6p kˈi4 lˈu6c tˈeɜ zˈəːɜj tʃˌɔ ɹˈoʊbɑːt ɗˈi bˈoɜn tʃˈən.,hˈaː2n kˈuəɜc vˈaː2w tˈaːɜŋ mˈyə2j mˈo6t̪ nˈam hˈaːj ŋˈi2n xˌoŋ tʃˈam hˈaːj mˈyəj bˈoɜn mˌaː2 xˌoŋ kˈə2n tˈaj hwˌa6c sˈaː6c pˈɪn. ŋˈiɛn kˈiɜw tʃˌɔ bˈiɛɜt̪ ɗˈəɪ lˌaː2 lˈə2n ɗˈə2w t̪ˈiɛn mˈo6t̪ ɹˈoʊbɑːt ɗˈi bˈo6 hwˈaː2n tˈe-2ɲ kˈy6 lˈi mˈæɹəθˌɑːn tˈy6c t̪ˈeɜ vˌaː2 lˈə6p kˈi4 lˈu6c tˈeɜ zˈəːɜj tʃˌɔ ɹˈoʊbɑːt ɗˈi bˈoɜn tʃˈən.,sentence,BBE614E05AD0A815D688C3F4B44F691E32398694BF574A75E1012775F7936351
danhgia_tts_02.txt,danhgia_tts_02-016,Văn bản 16,danhgia_tts_02-016-c004,4,"Công ty khởi nghiệp Lion Robotics của Hàn Quốc thông báo bài báo về robot đi bốn chân RAIBO2 hoàn thành marathon đã được đăng trên tạp chí Nature. RAIBO2 đã chạy 42,195 km trong 4 giờ 19 phút 52 giây tại giải marathon Gatsam ở Sangju, tỉnh Gyeongsang Bắc, Hàn Quốc vào tháng 11 năm 2024 mà không cần thay hoặc sạc pin. Nghiên cứu cho biết đây là lần đầu tiên một robot đi bộ hoàn thành cự ly marathon thực tế và lập kỷ lục thế giới cho robot đi bốn chân. Bài báo nhấn mạnh việc tích hợp cơ khí, mạch điện, động cơ và điều khiển đi bằng AI cùng nền tảng mô phỏng RAISIM giúp giảm tổn hao năng lượng, cho phép robot di chuyển khoảng 65 km với một lần sạc. Nhóm nghiên cứu cũng chỉ ra robot tiêu thụ ít năng lượng hơn con người khoảng 32% và thu hồi năng lượng khi xuống dốc. Bài báo có các tác giả cùng thứ nhất là tiến sĩ Lee Chung-in và sinh viên Yeom Dong-hoon, Park Jeong-su của KAIST, với giáo sư Hwangbo Je-min của Hàn Quốc là tác giả liên hệ. Lion Robotics đang chuyển kết quả nghiên cứu sang sản phẩm thương mại và dự định áp dụng công nghệ này cho tìm kiếm cứu hộ, trinh sát, tuần tra cơ sở công nghiệp và nhiệm vụ quốc phòng.","công ty khởi nghiệp lion robotics của hàn quốc thông báo bài báo về robot đi bốn chân rờ a i bê ô hai hoàn thành marathon đã được đăng trên tạp chí nature. rờ a i bê ô hai đã chạy bốn mươi hai nghìn một trăm chín mươi lăm ki lô mét trong bốn giờ mười chín phút năm mươi hai giây tại giải marathon gatsam ở sangju, tỉnh gyeongsang bắc, hàn quốc vào tháng mười một năm hai nghìn không trăm hai mươi bốn mà không cần thay hoặc sạc pin. nghiên cứu cho biết đây là lần đầu tiên một robot đi bộ hoàn thành cự ly marathon thực tế và lập kỷ lục thế giới cho robot đi bốn chân. bài báo nhấn mạnh việc tích hợp cơ khí, mạch điện, động cơ và điều khiển đi bằng <en>a i</en> cùng nền tảng mô phỏng rờ a i ét i mờ giúp giảm tổn hao năng lượng, cho phép robot di chuyển khoảng sáu mươi lăm ki lô mét với một lần sạc. nhóm nghiên cứu cũng chỉ ra robot tiêu thụ ít năng lượng hơn con người khoảng ba mươi hai phần trăm và thu hồi năng lượng khi xuống dốc. bài báo có các tác giả cùng thứ nhất là tiến sĩ lee chung in và sinh viên yeom dong hoon, park jeong su của ca a i ét tê, với giáo sư hwangbo je min của hàn quốc là tác giả liên hệ. lion robotics đang chuyển kết quả nghiên cứu sang sản phẩm thương mại và dự định áp dụng công nghệ này cho tìm kiếm cứu hộ, trinh sát, tuần tra cơ sở công nghiệp và nhiệm vụ quốc phòng.",,"bài báo nhấn mạnh việc tích hợp cơ khí, mạch điện, động cơ và điều khiển đi bằng <en>a i</en> cùng nền tảng mô phỏng rờ a i ét i mờ giúp giảm tổn hao năng lượng, cho phép robot di chuyển khoảng sáu mươi lăm ki lô mét với một lần sạc.","bài báo nhấn mạnh việc tích hợp cơ khí, mạch điện, động cơ và điều khiển đi bằng <en>a i</en> cùng nền tảng mô phỏng rờ a i ét i mờ giúp giảm tổn hao năng lượng, cho phép robot di chuyển khoảng sáu mươi lăm ki lô mét với một lần sạc.",True,"bˈaː2j bˈaːɜw ɲˈəɜn mˈe-6ɲ vˈiɛ6c t̪ˈiɜc hˈəː6p kˈəː xˈiɜ, mˈe-6c ɗˈiɛ6n, ɗˈo6ŋ kˈəː vˌaː2 ɗˈiɛ2w xˈiɛ4n ɗˈi bˈa2ŋ ˈeɪ ˈaɪ kˈu2ŋ nˈe2n t̪ˈaː4ŋ mˈo fˈɔ4ŋ ɹˈəː2 ˈaː ˈi ˈɛɜt̪ ˈi mˈəː2 zˈuɜp zˈaː4m t̪ˈo4n hˈaːw nˈaŋ lˈyə6ŋ, tʃˌɔ fˈɛɜp ɹˈoʊbɑːt zˈi tʃwˈiɛ4n xwˌaː4ŋ sˈaɜw mˈyəj lˈam kˈi lˈo mˈɛɜt̪ vˌəːɜj mˈo6t̪ lˈə2n sˈaː6c.","bˈaː2j bˈaːɜw ɲˈəɜn mˈe-6ɲ vˈiɛ6c t̪ˈiɜc hˈəː6p kˈəː xˈiɜ, mˈe-6c ɗˈiɛ6n, ɗˈo6ŋ kˈəː vˌaː2 ɗˈiɛ2w xˈiɛ4n ɗˈi bˈa2ŋ ˈeɪ ˈaɪ kˈu2ŋ nˈe2n t̪ˈaː4ŋ mˈo fˈɔ4ŋ ɹˈəː2 ˈaː ˈi ˈɛɜt̪ ˈi mˈəː2 zˈuɜp zˈaː4m t̪ˈo4n hˈaːw nˈaŋ lˈyə6ŋ, tʃˌɔ fˈɛɜp ɹˈoʊbɑːt zˈi tʃwˈiɛ4n xwˌaː4ŋ sˈaɜw mˈyəj lˈam kˈi lˈo mˈɛɜt̪ vˌəːɜj mˈo6t̪ lˈə2n sˈaː6c.",sentence,BBE614E05AD0A815D688C3F4B44F691E32398694BF574A75E1012775F7936351
danhgia_tts_02.txt,danhgia_tts_02-016,Văn bản 16,danhgia_tts_02-016-c005,5,"Công ty khởi nghiệp Lion Robotics của Hàn Quốc thông báo bài báo về robot đi bốn chân RAIBO2 hoàn thành marathon đã được đăng trên tạp chí Nature. RAIBO2 đã chạy 42,195 km trong 4 giờ 19 phút 52 giây tại giải marathon Gatsam ở Sangju, tỉnh Gyeongsang Bắc, Hàn Quốc vào tháng 11 năm 2024 mà không cần thay hoặc sạc pin. Nghiên cứu cho biết đây là lần đầu tiên một robot đi bộ hoàn thành cự ly marathon thực tế và lập kỷ lục thế giới cho robot đi bốn chân. Bài báo nhấn mạnh việc tích hợp cơ khí, mạch điện, động cơ và điều khiển đi bằng AI cùng nền tảng mô phỏng RAISIM giúp giảm tổn hao năng lượng, cho phép robot di chuyển khoảng 65 km với một lần sạc. Nhóm nghiên cứu cũng chỉ ra robot tiêu thụ ít năng lượng hơn con người khoảng 32% và thu hồi năng lượng khi xuống dốc. Bài báo có các tác giả cùng thứ nhất là tiến sĩ Lee Chung-in và sinh viên Yeom Dong-hoon, Park Jeong-su của KAIST, với giáo sư Hwangbo Je-min của Hàn Quốc là tác giả liên hệ. Lion Robotics đang chuyển kết quả nghiên cứu sang sản phẩm thương mại và dự định áp dụng công nghệ này cho tìm kiếm cứu hộ, trinh sát, tuần tra cơ sở công nghiệp và nhiệm vụ quốc phòng.","công ty khởi nghiệp lion robotics của hàn quốc thông báo bài báo về robot đi bốn chân rờ a i bê ô hai hoàn thành marathon đã được đăng trên tạp chí nature. rờ a i bê ô hai đã chạy bốn mươi hai nghìn một trăm chín mươi lăm ki lô mét trong bốn giờ mười chín phút năm mươi hai giây tại giải marathon gatsam ở sangju, tỉnh gyeongsang bắc, hàn quốc vào tháng mười một năm hai nghìn không trăm hai mươi bốn mà không cần thay hoặc sạc pin. nghiên cứu cho biết đây là lần đầu tiên một robot đi bộ hoàn thành cự ly marathon thực tế và lập kỷ lục thế giới cho robot đi bốn chân. bài báo nhấn mạnh việc tích hợp cơ khí, mạch điện, động cơ và điều khiển đi bằng <en>a i</en> cùng nền tảng mô phỏng rờ a i ét i mờ giúp giảm tổn hao năng lượng, cho phép robot di chuyển khoảng sáu mươi lăm ki lô mét với một lần sạc. nhóm nghiên cứu cũng chỉ ra robot tiêu thụ ít năng lượng hơn con người khoảng ba mươi hai phần trăm và thu hồi năng lượng khi xuống dốc. bài báo có các tác giả cùng thứ nhất là tiến sĩ lee chung in và sinh viên yeom dong hoon, park jeong su của ca a i ét tê, với giáo sư hwangbo je min của hàn quốc là tác giả liên hệ. lion robotics đang chuyển kết quả nghiên cứu sang sản phẩm thương mại và dự định áp dụng công nghệ này cho tìm kiếm cứu hộ, trinh sát, tuần tra cơ sở công nghiệp và nhiệm vụ quốc phòng.",,nhóm nghiên cứu cũng chỉ ra robot tiêu thụ ít năng lượng hơn con người khoảng ba mươi hai phần trăm và thu hồi năng lượng khi xuống dốc.,nhóm nghiên cứu cũng chỉ ra robot tiêu thụ ít năng lượng hơn con người khoảng ba mươi hai phần trăm và thu hồi năng lượng khi xuống dốc.,True,ɲˈɔɜm ŋˈiɛn kˈiɜw kˈu5ŋ tʃˈi4 ɹˈaː ɹˈoʊbɑːt t̪ˈiɛw tˈu6 ˈiɜt̪ nˈaŋ lˈyə6ŋ hˈəːn kˌɔn ŋˈyə2j xwˌaː4ŋ bˈaː mˈyəj hˈaːj fˈə2n tʃˈam vˌaː2 tˈu hˈo2j nˈaŋ lˈyə6ŋ xˌi sˈuəɜŋ zˈoɜk.,ɲˈɔɜm ŋˈiɛn kˈiɜw kˈu5ŋ tʃˈi4 ɹˈaː ɹˈoʊbɑːt t̪ˈiɛw tˈu6 ˈiɜt̪ nˈaŋ lˈyə6ŋ hˈəːn kˌɔn ŋˈyə2j xwˌaː4ŋ bˈaː mˈyəj hˈaːj fˈə2n tʃˈam vˌaː2 tˈu hˈo2j nˈaŋ lˈyə6ŋ xˌi sˈuəɜŋ zˈoɜk.,sentence,BBE614E05AD0A815D688C3F4B44F691E32398694BF574A75E1012775F7936351
danhgia_tts_02.txt,danhgia_tts_02-016,Văn bản 16,danhgia_tts_02-016-c006,6,"Công ty khởi nghiệp Lion Robotics của Hàn Quốc thông báo bài báo về robot đi bốn chân RAIBO2 hoàn thành marathon đã được đăng trên tạp chí Nature. RAIBO2 đã chạy 42,195 km trong 4 giờ 19 phút 52 giây tại giải marathon Gatsam ở Sangju, tỉnh Gyeongsang Bắc, Hàn Quốc vào tháng 11 năm 2024 mà không cần thay hoặc sạc pin. Nghiên cứu cho biết đây là lần đầu tiên một robot đi bộ hoàn thành cự ly marathon thực tế và lập kỷ lục thế giới cho robot đi bốn chân. Bài báo nhấn mạnh việc tích hợp cơ khí, mạch điện, động cơ và điều khiển đi bằng AI cùng nền tảng mô phỏng RAISIM giúp giảm tổn hao năng lượng, cho phép robot di chuyển khoảng 65 km với một lần sạc. Nhóm nghiên cứu cũng chỉ ra robot tiêu thụ ít năng lượng hơn con người khoảng 32% và thu hồi năng lượng khi xuống dốc. Bài báo có các tác giả cùng thứ nhất là tiến sĩ Lee Chung-in và sinh viên Yeom Dong-hoon, Park Jeong-su của KAIST, với giáo sư Hwangbo Je-min của Hàn Quốc là tác giả liên hệ. Lion Robotics đang chuyển kết quả nghiên cứu sang sản phẩm thương mại và dự định áp dụng công nghệ này cho tìm kiếm cứu hộ, trinh sát, tuần tra cơ sở công nghiệp và nhiệm vụ quốc phòng.","công ty khởi nghiệp lion robotics của hàn quốc thông báo bài báo về robot đi bốn chân rờ a i bê ô hai hoàn thành marathon đã được đăng trên tạp chí nature. rờ a i bê ô hai đã chạy bốn mươi hai nghìn một trăm chín mươi lăm ki lô mét trong bốn giờ mười chín phút năm mươi hai giây tại giải marathon gatsam ở sangju, tỉnh gyeongsang bắc, hàn quốc vào tháng mười một năm hai nghìn không trăm hai mươi bốn mà không cần thay hoặc sạc pin. nghiên cứu cho biết đây là lần đầu tiên một robot đi bộ hoàn thành cự ly marathon thực tế và lập kỷ lục thế giới cho robot đi bốn chân. bài báo nhấn mạnh việc tích hợp cơ khí, mạch điện, động cơ và điều khiển đi bằng <en>a i</en> cùng nền tảng mô phỏng rờ a i ét i mờ giúp giảm tổn hao năng lượng, cho phép robot di chuyển khoảng sáu mươi lăm ki lô mét với một lần sạc. nhóm nghiên cứu cũng chỉ ra robot tiêu thụ ít năng lượng hơn con người khoảng ba mươi hai phần trăm và thu hồi năng lượng khi xuống dốc. bài báo có các tác giả cùng thứ nhất là tiến sĩ lee chung in và sinh viên yeom dong hoon, park jeong su của ca a i ét tê, với giáo sư hwangbo je min của hàn quốc là tác giả liên hệ. lion robotics đang chuyển kết quả nghiên cứu sang sản phẩm thương mại và dự định áp dụng công nghệ này cho tìm kiếm cứu hộ, trinh sát, tuần tra cơ sở công nghiệp và nhiệm vụ quốc phòng.",,"bài báo có các tác giả cùng thứ nhất là tiến sĩ lee chung in và sinh viên yeom dong hoon, park jeong su của ca a i ét tê, với giáo sư hwangbo je min của hàn quốc là tác giả liên hệ.","bài báo có các tác giả cùng thứ nhất là tiến sĩ lee chung in và sinh viên yeom dong hoon, park jeong su của ca a i ét tê, với giáo sư hwangbo je min của hàn quốc là tác giả liên hệ.",True,"bˈaː2j bˈaːɜw kˈɔɜ kˌaːɜc t̪ˈaːɜc zˈaː4 kˈu2ŋ tˈyɜ ɲˈəɜt̪ lˌaː2 t̪ˈiɛɜn sˈi5 lˈiː tʃˈuŋ ˈin vˌaː2 sˈiɲ vˈiɛn jˈoʊm zˈɔŋ hˈuːn, pˈɑːɹk dʒɪˈɑːŋ sˈu kˌuə4 kˈaː ˈaː ˈi ˈɛɜt̪ t̪ˈe, vˌəːɜj zˈaːɜw sˈy ˈeɪtʃ wˈæŋɡboʊ dʒˈiː mˈɪn kˌuə4 hˈaː2n kˈuəɜc lˌaː2 t̪ˈaːɜc zˈaː4 lˈiɛn hˈe6.","bˈaː2j bˈaːɜw kˈɔɜ kˌaːɜc t̪ˈaːɜc zˈaː4 kˈu2ŋ tˈyɜ ɲˈəɜt̪ lˌaː2 t̪ˈiɛɜn sˈi5 lˈiː tʃˈuŋ ˈin vˌaː2 sˈiɲ vˈiɛn jˈoʊm zˈɔŋ hˈuːn, pˈɑːɹk dʒɪˈɑːŋ sˈu kˌuə4 kˈaː ˈaː ˈi ˈɛɜt̪ t̪ˈe, vˌəːɜj zˈaːɜw sˈy ˈeɪtʃ wˈæŋɡboʊ dʒˈiː mˈɪn kˌuə4 hˈaː2n kˈuəɜc lˌaː2 t̪ˈaːɜc zˈaː4 lˈiɛn hˈe6.",sentence,BBE614E05AD0A815D688C3F4B44F691E32398694BF574A75E1012775F7936351
danhgia_tts_02.txt,danhgia_tts_02-016,Văn bản 16,danhgia_tts_02-016-c007,7,"Công ty khởi nghiệp Lion Robotics của Hàn Quốc thông báo bài báo về robot đi bốn chân RAIBO2 hoàn thành marathon đã được đăng trên tạp chí Nature. RAIBO2 đã chạy 42,195 km trong 4 giờ 19 phút 52 giây tại giải marathon Gatsam ở Sangju, tỉnh Gyeongsang Bắc, Hàn Quốc vào tháng 11 năm 2024 mà không cần thay hoặc sạc pin. Nghiên cứu cho biết đây là lần đầu tiên một robot đi bộ hoàn thành cự ly marathon thực tế và lập kỷ lục thế giới cho robot đi bốn chân. Bài báo nhấn mạnh việc tích hợp cơ khí, mạch điện, động cơ và điều khiển đi bằng AI cùng nền tảng mô phỏng RAISIM giúp giảm tổn hao năng lượng, cho phép robot di chuyển khoảng 65 km với một lần sạc. Nhóm nghiên cứu cũng chỉ ra robot tiêu thụ ít năng lượng hơn con người khoảng 32% và thu hồi năng lượng khi xuống dốc. Bài báo có các tác giả cùng thứ nhất là tiến sĩ Lee Chung-in và sinh viên Yeom Dong-hoon, Park Jeong-su của KAIST, với giáo sư Hwangbo Je-min của Hàn Quốc là tác giả liên hệ. Lion Robotics đang chuyển kết quả nghiên cứu sang sản phẩm thương mại và dự định áp dụng công nghệ này cho tìm kiếm cứu hộ, trinh sát, tuần tra cơ sở công nghiệp và nhiệm vụ quốc phòng.","công ty khởi nghiệp lion robotics của hàn quốc thông báo bài báo về robot đi bốn chân rờ a i bê ô hai hoàn thành marathon đã được đăng trên tạp chí nature. rờ a i bê ô hai đã chạy bốn mươi hai nghìn một trăm chín mươi lăm ki lô mét trong bốn giờ mười chín phút năm mươi hai giây tại giải marathon gatsam ở sangju, tỉnh gyeongsang bắc, hàn quốc vào tháng mười một năm hai nghìn không trăm hai mươi bốn mà không cần thay hoặc sạc pin. nghiên cứu cho biết đây là lần đầu tiên một robot đi bộ hoàn thành cự ly marathon thực tế và lập kỷ lục thế giới cho robot đi bốn chân. bài báo nhấn mạnh việc tích hợp cơ khí, mạch điện, động cơ và điều khiển đi bằng <en>a i</en> cùng nền tảng mô phỏng rờ a i ét i mờ giúp giảm tổn hao năng lượng, cho phép robot di chuyển khoảng sáu mươi lăm ki lô mét với một lần sạc. nhóm nghiên cứu cũng chỉ ra robot tiêu thụ ít năng lượng hơn con người khoảng ba mươi hai phần trăm và thu hồi năng lượng khi xuống dốc. bài báo có các tác giả cùng thứ nhất là tiến sĩ lee chung in và sinh viên yeom dong hoon, park jeong su của ca a i ét tê, với giáo sư hwangbo je min của hàn quốc là tác giả liên hệ. lion robotics đang chuyển kết quả nghiên cứu sang sản phẩm thương mại và dự định áp dụng công nghệ này cho tìm kiếm cứu hộ, trinh sát, tuần tra cơ sở công nghiệp và nhiệm vụ quốc phòng.",,"lion robotics đang chuyển kết quả nghiên cứu sang sản phẩm thương mại và dự định áp dụng công nghệ này cho tìm kiếm cứu hộ, trinh sát, tuần tra cơ sở công nghiệp và nhiệm vụ quốc phòng.","lion robotics đang chuyển kết quả nghiên cứu sang sản phẩm thương mại và dự định áp dụng công nghệ này cho tìm kiếm cứu hộ, trinh sát, tuần tra cơ sở công nghiệp và nhiệm vụ quốc phòng.",True,"lˈaɪən ɹoʊbˈɑːɾɪks ɗˌaːŋ tʃwˈiɛ4n kˈeɜt̪ kwˈaː4 ŋˈiɛn kˈiɜw sˈaːŋ sˈaː4n fˈə4m tˈyəŋ mˈaː6j vˌaː2 zˈy6 ɗˈi6ɲ ˈaːɜp zˈu6ŋ kˈoŋ ŋˈe6 nˈa2j tʃˌɔ t̪ˈi2m kˈiɛɜm kˈiɜw hˈo6, tʃˈiɲ sˈaːɜt̪, t̪wˈə2n tʃˈaː kˈəː sˈəː4 kˈoŋ ŋˈiɛ6p vˌaː2 ɲˈiɛ6m vˈu6 kˈuəɜc fˈɔ2ŋ.","lˈaɪən ɹoʊbˈɑːɾɪks ɗˌaːŋ tʃwˈiɛ4n kˈeɜt̪ kwˈaː4 ŋˈiɛn kˈiɜw sˈaːŋ sˈaː4n fˈə4m tˈyəŋ mˈaː6j vˌaː2 zˈy6 ɗˈi6ɲ ˈaːɜp zˈu6ŋ kˈoŋ ŋˈe6 nˈa2j tʃˌɔ t̪ˈi2m kˈiɛɜm kˈiɜw hˈo6, tʃˈiɲ sˈaːɜt̪, t̪wˈə2n tʃˈaː kˈəː sˈəː4 kˈoŋ ŋˈiɛ6p vˌaː2 ɲˈiɛ6m vˈu6 kˈuəɜc fˈɔ2ŋ.",,BBE614E05AD0A815D688C3F4B44F691E32398694BF574A75E1012775F7936351
